iso3c,year,gdpcurrmer,country.name,r10,r10label,r10labellong
AGO,1989,10201780976.6696,Angola,AFR,AFR,Africa
AGO,1990,11229515599.3048,Angola,AFR,AFR,Africa
AGO,1991,12704558516.5916,Angola,AFR,AFR,Africa
AGO,1992,15114352005.3033,Angola,AFR,AFR,Africa
AGO,1993,11051939101.56,Angola,AFR,AFR,Africa
AGO,1994,3390500000,Angola,AFR,AFR,Africa
AGO,1995,5561222222.22222,Angola,AFR,AFR,Africa
AGO,1996,7526963963.96396,Angola,AFR,AFR,Africa
AGO,1997,7648377412.83277,Angola,AFR,AFR,Africa
AGO,1998,6506229607.29432,Angola,AFR,AFR,Africa
AGO,1999,6152922942.98032,Angola,AFR,AFR,Africa
AGO,2000,9129594818.60749,Angola,AFR,AFR,Africa
AGO,2001,8936079252.77131,Angola,AFR,AFR,Africa
AGO,2002,15285592487.4237,Angola,AFR,AFR,Africa
AGO,2003,17812704626.2324,Angola,AFR,AFR,Africa
AGO,2004,23552057820.4599,Angola,AFR,AFR,Africa
AGO,2005,36970901025.2032,Angola,AFR,AFR,Africa
AGO,2006,52381025105.2177,Angola,AFR,AFR,Africa
AGO,2007,65266415706.9741,Angola,AFR,AFR,Africa
AGO,2008,88538664888.1983,Angola,AFR,AFR,Africa
AGO,2009,70307196477.0815,Angola,AFR,AFR,Africa
AGO,2010,81699526880.8079,Angola,AFR,AFR,Africa
AGO,2011,109436566876.419,Angola,AFR,AFR,Africa
AGO,2012,124998210652.243,Angola,AFR,AFR,Africa
AGO,2013,133401582620.494,Angola,AFR,AFR,Africa
AGO,2014,137244439121.374,Angola,AFR,AFR,Africa
AGO,2015,87219300384.5072,Angola,AFR,AFR,Africa
AGO,2016,49840491178.1518,Angola,AFR,AFR,Africa
AGO,2017,68972769395.6274,Angola,AFR,AFR,Africa
AGO,2018,77792944471.9494,Angola,AFR,AFR,Africa
AGO,2019,69309110145.7687,Angola,AFR,AFR,Africa
BDI,1989,1113924130.41149,Burundi,AFR,AFR,Africa
BDI,1990,1132101252.51817,Burundi,AFR,AFR,Africa
BDI,1991,1167398478.3459,Burundi,AFR,AFR,Africa
BDI,1992,1083037670.60484,Burundi,AFR,AFR,Africa
BDI,1993,938632612.026359,Burundi,AFR,AFR,Africa
BDI,1994,925030590.153683,Burundi,AFR,AFR,Africa
BDI,1995,1000428393.88528,Burundi,AFR,AFR,Africa
BDI,1996,869033856.317093,Burundi,AFR,AFR,Africa
BDI,1997,972896267.915425,Burundi,AFR,AFR,Africa
BDI,1998,893770739.54206,Burundi,AFR,AFR,Africa
BDI,1999,808077223.365746,Burundi,AFR,AFR,Africa
BDI,2000,870486065.883137,Burundi,AFR,AFR,Africa
BDI,2001,876794723.068586,Burundi,AFR,AFR,Africa
BDI,2002,825394519.71933,Burundi,AFR,AFR,Africa
BDI,2003,784654423.620476,Burundi,AFR,AFR,Africa
BDI,2004,915257323.3961,Burundi,AFR,AFR,Africa
BDI,2005,1117113080.08074,Burundi,AFR,AFR,Africa
BDI,2006,1273375078.44844,Burundi,AFR,AFR,Africa
BDI,2007,1356199386.79629,Burundi,AFR,AFR,Africa
BDI,2008,1611835856.59275,Burundi,AFR,AFR,Africa
BDI,2009,1781455140.34202,Burundi,AFR,AFR,Africa
BDI,2010,2032135191.46211,Burundi,AFR,AFR,Africa
BDI,2011,2235820808.72908,Burundi,AFR,AFR,Africa
BDI,2012,2333341334.45753,Burundi,AFR,AFR,Africa
BDI,2013,2451606631.76696,Burundi,AFR,AFR,Africa
BDI,2014,2705783330.38796,Burundi,AFR,AFR,Africa
BDI,2015,3104003545.60675,Burundi,AFR,AFR,Africa
BDI,2016,2644487777.23693,Burundi,AFR,AFR,Africa
BDI,2017,2723586962.18686,Burundi,AFR,AFR,Africa
BDI,2018,2667182198.97925,Burundi,AFR,AFR,Africa
BDI,2019,2576518879.39881,Burundi,AFR,AFR,Africa
BEN,1989,1502294413.87362,Benin,AFR,AFR,Africa
BEN,1990,1959965330.47596,Benin,AFR,AFR,Africa
BEN,1991,1986437797.87672,Benin,AFR,AFR,Africa
BEN,1992,1695315305.70308,Benin,AFR,AFR,Africa
BEN,1993,2274558078.74486,Benin,AFR,AFR,Africa
BEN,1994,1598075944.85876,Benin,AFR,AFR,Africa
BEN,1995,2169627138.34967,Benin,AFR,AFR,Africa
BEN,1996,2361116448.13525,Benin,AFR,AFR,Africa
BEN,1997,2268301645.09367,Benin,AFR,AFR,Africa
BEN,1998,2455092688.14767,Benin,AFR,AFR,Africa
BEN,1999,3677393996.83788,Benin,AFR,AFR,Africa
BEN,2000,3519991440.32367,Benin,AFR,AFR,Africa
BEN,2001,3666222633.8361,Benin,AFR,AFR,Africa
BEN,2002,4194342689.26284,Benin,AFR,AFR,Africa
BEN,2003,5349258092.89147,Benin,AFR,AFR,Africa
BEN,2004,6190270377.07583,Benin,AFR,AFR,Africa
BEN,2005,6567654958.75337,Benin,AFR,AFR,Africa
BEN,2006,7034111316.29951,Benin,AFR,AFR,Africa
BEN,2007,8169048374.70846,Benin,AFR,AFR,Africa
BEN,2008,9787734516.74186,Benin,AFR,AFR,Africa
BEN,2009,9738626509.93368,Benin,AFR,AFR,Africa
BEN,2010,9535345011.48728,Benin,AFR,AFR,Africa
BEN,2011,10693321370.0352,Benin,AFR,AFR,Africa
BEN,2012,11141358105.9864,Benin,AFR,AFR,Africa
BEN,2013,12517845127.6766,Benin,AFR,AFR,Africa
BEN,2014,13284527850.2627,Benin,AFR,AFR,Africa
BEN,2015,11388160997.1088,Benin,AFR,AFR,Africa
BEN,2016,11821065852.127,Benin,AFR,AFR,Africa
BEN,2017,12701655845.9622,Benin,AFR,AFR,Africa
BEN,2018,14262408079.7005,Benin,AFR,AFR,Africa
BEN,2019,14391686309.0337,Benin,AFR,AFR,Africa
BFA,1989,2615587729.97265,Burkina Faso,AFR,AFR,Africa
BFA,1990,3101300779.08364,Burkina Faso,AFR,AFR,Africa
BFA,1991,3135045586.20845,Burkina Faso,AFR,AFR,Africa
BFA,1992,3356692508.3457,Burkina Faso,AFR,AFR,Africa
BFA,1993,3199536459.58343,Burkina Faso,AFR,AFR,Africa
BFA,1994,1895290638.27038,Burkina Faso,AFR,AFR,Africa
BFA,1995,2379517975.75103,Burkina Faso,AFR,AFR,Africa
BFA,1996,2586550594.03222,Burkina Faso,AFR,AFR,Africa
BFA,1997,2447669100.46978,Burkina Faso,AFR,AFR,Africa
BFA,1998,2804902369.20398,Burkina Faso,AFR,AFR,Africa
BFA,1999,3389566710.90266,Burkina Faso,AFR,AFR,Africa
BFA,2000,2968370087.46649,Burkina Faso,AFR,AFR,Africa
BFA,2001,3190371079.81411,Burkina Faso,AFR,AFR,Africa
BFA,2002,3622350065.5903,Burkina Faso,AFR,AFR,Africa
BFA,2003,4740768141.265,Burkina Faso,AFR,AFR,Africa
BFA,2004,5451688534.59524,Burkina Faso,AFR,AFR,Africa
BFA,2005,6146353177.43367,Burkina Faso,AFR,AFR,Africa
BFA,2006,6547419821.69486,Burkina Faso,AFR,AFR,Africa
BFA,2007,7625722829.17892,Burkina Faso,AFR,AFR,Africa
BFA,2008,9451435480.94322,Burkina Faso,AFR,AFR,Africa
BFA,2009,9450696866.48276,Burkina Faso,AFR,AFR,Africa
BFA,2010,10109619736.1442,Burkina Faso,AFR,AFR,Africa
BFA,2011,12080295984.7682,Burkina Faso,AFR,AFR,Africa
BFA,2012,12561015145.3925,Burkina Faso,AFR,AFR,Africa
BFA,2013,13444300489.8634,Burkina Faso,AFR,AFR,Africa
BFA,2014,13943016080.2646,Burkina Faso,AFR,AFR,Africa
BFA,2015,11832159315.9778,Burkina Faso,AFR,AFR,Africa
BFA,2016,12833363043.9719,Burkina Faso,AFR,AFR,Africa
BFA,2017,14106955625.3571,Burkina Faso,AFR,AFR,Africa
BFA,2018,15890066209.8959,Burkina Faso,AFR,AFR,Africa
BFA,2019,16178161666.1334,Burkina Faso,AFR,AFR,Africa
BWA,1989,3083822367.10683,Botswana,AFR,AFR,Africa
BWA,1990,3790636664.02546,Botswana,AFR,AFR,Africa
BWA,1991,3942877353.59054,Botswana,AFR,AFR,Africa
BWA,1992,4146464586.61674,Botswana,AFR,AFR,Africa
BWA,1993,4160129174.70569,Botswana,AFR,AFR,Africa
BWA,1994,4259258810.89328,Botswana,AFR,AFR,Africa
BWA,1995,4730599690.73974,Botswana,AFR,AFR,Africa
BWA,1996,4847757703.86629,Botswana,AFR,AFR,Africa
BWA,1997,5020265168.28901,Botswana,AFR,AFR,Africa
BWA,1998,4790481509.17679,Botswana,AFR,AFR,Africa
BWA,1999,5484263050.39562,Botswana,AFR,AFR,Africa
BWA,2000,5788329609.15755,Botswana,AFR,AFR,Africa
BWA,2001,5489608299.66445,Botswana,AFR,AFR,Africa
BWA,2002,5438864269.39361,Botswana,AFR,AFR,Africa
BWA,2003,7511582173.37724,Botswana,AFR,AFR,Africa
BWA,2004,8957467706.5354,Botswana,AFR,AFR,Africa
BWA,2005,9918907108.09702,Botswana,AFR,AFR,Africa
BWA,2006,9919158482.41085,Botswana,AFR,AFR,Africa
BWA,2007,10567270655.5027,Botswana,AFR,AFR,Africa
BWA,2008,10730828592.459,Botswana,AFR,AFR,Africa
BWA,2009,10118459713.7024,Botswana,AFR,AFR,Africa
BWA,2010,12637273429.1339,Botswana,AFR,AFR,Africa
BWA,2011,15110642875.5965,Botswana,AFR,AFR,Africa
BWA,2012,13907464500.1489,Botswana,AFR,AFR,Africa
BWA,2013,14271738366.7917,Botswana,AFR,AFR,Africa
BWA,2014,15470087926.2484,Botswana,AFR,AFR,Africa
BWA,2015,13530749289.7861,Botswana,AFR,AFR,Africa
BWA,2016,15082636722.856,Botswana,AFR,AFR,Africa
BWA,2017,16105156375.5848,Botswana,AFR,AFR,Africa
BWA,2018,17031943186.1353,Botswana,AFR,AFR,Africa
BWA,2019,16725908661.9419,Botswana,AFR,AFR,Africa
CAF,1989,1233930279.03002,Central African Republic,AFR,AFR,Africa
CAF,1990,1440711459.411,Central African Republic,AFR,AFR,Africa
CAF,1991,1377374987.52052,Central African Republic,AFR,AFR,Africa
CAF,1992,1411917554.45482,Central African Republic,AFR,AFR,Africa
CAF,1993,1278781259.30117,Central African Republic,AFR,AFR,Africa
CAF,1994,851174357.309582,Central African Republic,AFR,AFR,Africa
CAF,1995,1115389673.9125,Central African Republic,AFR,AFR,Africa
CAF,1996,1007791126.56226,Central African Republic,AFR,AFR,Africa
CAF,1997,937741512.447574,Central African Republic,AFR,AFR,Africa
CAF,1998,967338390.360019,Central African Republic,AFR,AFR,Africa
CAF,1999,999477510.686632,Central African Republic,AFR,AFR,Africa
CAF,2000,916777282.651168,Central African Republic,AFR,AFR,Africa
CAF,2001,932648604.420575,Central African Republic,AFR,AFR,Africa
CAF,2002,996068145.608021,Central African Republic,AFR,AFR,Africa
CAF,2003,1142315522.1989,Central African Republic,AFR,AFR,Africa
CAF,2004,1272360516.62022,Central African Republic,AFR,AFR,Africa
CAF,2005,1337894379.62649,Central African Republic,AFR,AFR,Africa
CAF,2006,1461859762.62791,Central African Republic,AFR,AFR,Africa
CAF,2007,1699811293.2576,Central African Republic,AFR,AFR,Africa
CAF,2008,1993407886.56402,Central African Republic,AFR,AFR,Africa
CAF,2009,2067381663.75378,Central African Republic,AFR,AFR,Africa
CAF,2010,2142591539.43526,Central African Republic,AFR,AFR,Africa
CAF,2011,2437982706.57499,Central African Republic,AFR,AFR,Africa
CAF,2012,2510126509.99501,Central African Republic,AFR,AFR,Africa
CAF,2013,1691544110.6915,Central African Republic,AFR,AFR,Africa
CAF,2014,1894813389.88175,Central African Republic,AFR,AFR,Africa
CAF,2015,1695825714.2427,Central African Republic,AFR,AFR,Africa
CAF,2016,1825018144.46187,Central African Republic,AFR,AFR,Africa
CAF,2017,2072349974.15272,Central African Republic,AFR,AFR,Africa
CAF,2018,2220979144.52008,Central African Republic,AFR,AFR,Africa
CAF,2019,2221301350.75537,Central African Republic,AFR,AFR,Africa
CIV,1989,9757410629.74456,Cote d'Ivoire,AFR,AFR,Africa
CIV,1990,10795850584.5874,Cote d'Ivoire,AFR,AFR,Africa
CIV,1991,10492628587.8592,Cote d'Ivoire,AFR,AFR,Africa
CIV,1992,11152971284.4479,Cote d'Ivoire,AFR,AFR,Africa
CIV,1993,11045760268.6156,Cote d'Ivoire,AFR,AFR,Africa
CIV,1994,8313557515.30312,Cote d'Ivoire,AFR,AFR,Africa
CIV,1995,11000146268.6884,Cote d'Ivoire,AFR,AFR,Africa
CIV,1996,18071152820.9832,Cote d'Ivoire,AFR,AFR,Africa
CIV,1997,18047558026.6049,Cote d'Ivoire,AFR,AFR,Africa
CIV,1998,19619654770.0679,Cote d'Ivoire,AFR,AFR,Africa
CIV,1999,18870992455.7304,Cote d'Ivoire,AFR,AFR,Africa
CIV,2000,16577533891.5688,Cote d'Ivoire,AFR,AFR,Africa
CIV,2001,16810537038.4139,Cote d'Ivoire,AFR,AFR,Africa
CIV,2002,18054383333.5221,Cote d'Ivoire,AFR,AFR,Africa
CIV,2003,21251754334.7999,Cote d'Ivoire,AFR,AFR,Africa
CIV,2004,23510575668.5588,Cote d'Ivoire,AFR,AFR,Africa
CIV,2005,24036918719.3374,Cote d'Ivoire,AFR,AFR,Africa
CIV,2006,25281413268.2525,Cote d'Ivoire,AFR,AFR,Africa
CIV,2007,28760090924.2666,Cote d'Ivoire,AFR,AFR,Africa
CIV,2008,34078240260.1872,Cote d'Ivoire,AFR,AFR,Africa
CIV,2009,33886813225.179,Cote d'Ivoire,AFR,AFR,Africa
CIV,2010,34936307964.3213,Cote d'Ivoire,AFR,AFR,Africa
CIV,2011,36693710822.2216,Cote d'Ivoire,AFR,AFR,Africa
CIV,2012,36302302844.0196,Cote d'Ivoire,AFR,AFR,Africa
CIV,2013,42760235496.3898,Cote d'Ivoire,AFR,AFR,Africa
CIV,2014,48843005625.0307,Cote d'Ivoire,AFR,AFR,Africa
CIV,2015,45815005170.6127,Cote d'Ivoire,AFR,AFR,Africa
CIV,2016,48407761031.6758,Cote d'Ivoire,AFR,AFR,Africa
CIV,2017,52512344033.9625,Cote d'Ivoire,AFR,AFR,Africa
CIV,2018,58522477744.7313,Cote d'Ivoire,AFR,AFR,Africa
CIV,2019,59898479821.1946,Cote d'Ivoire,AFR,AFR,Africa
CMR,1989,11012566178.1825,Cameroon,AFR,AFR,Africa
CMR,1990,12314482629.9082,Cameroon,AFR,AFR,Africa
CMR,1991,11840192304.4132,Cameroon,AFR,AFR,Africa
CMR,1992,12071775346.4187,Cameroon,AFR,AFR,Africa
CMR,1993,16181814683.9551,Cameroon,AFR,AFR,Africa
CMR,1994,8902446257.70445,Cameroon,AFR,AFR,Africa
CMR,1995,10864772473.0524,Cameroon,AFR,AFR,Africa
CMR,1996,11093538840.5385,Cameroon,AFR,AFR,Africa
CMR,1997,10789458426.1088,Cameroon,AFR,AFR,Africa
CMR,1998,11298144998.6965,Cameroon,AFR,AFR,Africa
CMR,1999,11565826458.8945,Cameroon,AFR,AFR,Africa
CMR,2000,10566579294.5164,Cameroon,AFR,AFR,Africa
CMR,2001,10953485345.2216,Cameroon,AFR,AFR,Africa
CMR,2002,12417251341.6032,Cameroon,AFR,AFR,Africa
CMR,2003,15970315030.2406,Cameroon,AFR,AFR,Africa
CMR,2004,18826214125.2325,Cameroon,AFR,AFR,Africa
CMR,2005,19509852219.3298,Cameroon,AFR,AFR,Africa
CMR,2006,20910512978.1716,Cameroon,AFR,AFR,Africa
CMR,2007,23928250410.0588,Cameroon,AFR,AFR,Africa
CMR,2008,27715142005.5704,Cameroon,AFR,AFR,Africa
CMR,2009,27932970297.0644,Cameroon,AFR,AFR,Africa
CMR,2010,27507501809.2414,Cameroon,AFR,AFR,Africa
CMR,2011,30630910513.0616,Cameroon,AFR,AFR,Africa
CMR,2012,30155062302.8443,Cameroon,AFR,AFR,Africa
CMR,2013,33728621190.2114,Cameroon,AFR,AFR,Africa
CMR,2014,36386544716.0794,Cameroon,AFR,AFR,Africa
CMR,2015,32210233021.5735,Cameroon,AFR,AFR,Africa
CMR,2016,33814337040.7804,Cameroon,AFR,AFR,Africa
CMR,2017,36098547058.7877,Cameroon,AFR,AFR,Africa
CMR,2018,39973842058.565,Cameroon,AFR,AFR,Africa
CMR,2019,39670976440.3158,Cameroon,AFR,AFR,Africa
COD,1989,9021862775.18112,Democratic Republic of the Congo,AFR,AFR,Africa
COD,1990,9349764580.41173,Democratic Republic of the Congo,AFR,AFR,Africa
COD,1991,9625436872.51075,Democratic Republic of the Congo,AFR,AFR,Africa
COD,1992,8227343907.26679,Democratic Republic of the Congo,AFR,AFR,Africa
COD,1993,10706259936.7425,Democratic Republic of the Congo,AFR,AFR,Africa
COD,1994,5820382248.28202,Democratic Republic of the Congo,AFR,AFR,Africa
COD,1995,5643439376.10491,Democratic Republic of the Congo,AFR,AFR,Africa
COD,1996,5771454939.62404,Democratic Republic of the Congo,AFR,AFR,Africa
COD,1997,6090840548.18784,Democratic Republic of the Congo,AFR,AFR,Africa
COD,1998,6217806273.31082,Democratic Republic of the Congo,AFR,AFR,Africa
COD,1999,4711259427.27273,Democratic Republic of the Congo,AFR,AFR,Africa
COD,2000,19088046305.7971,Democratic Republic of the Congo,AFR,AFR,Africa
COD,2001,7438189100.33333,Democratic Republic of the Congo,AFR,AFR,Africa
COD,2002,8728038525.14034,Democratic Republic of the Congo,AFR,AFR,Africa
COD,2003,8937567059.87754,Democratic Republic of the Congo,AFR,AFR,Africa
COD,2004,10297483481.223,Democratic Republic of the Congo,AFR,AFR,Africa
COD,2005,11964484457.5233,Democratic Republic of the Congo,AFR,AFR,Africa
COD,2006,14451901696.3878,Democratic Republic of the Congo,AFR,AFR,Africa
COD,2007,16737071816.38,Democratic Republic of the Congo,AFR,AFR,Africa
COD,2008,19788515579.0498,Democratic Republic of the Congo,AFR,AFR,Africa
COD,2009,18648372544.7984,Democratic Republic of the Congo,AFR,AFR,Africa
COD,2010,21565721036.3591,Democratic Republic of the Congo,AFR,AFR,Africa
COD,2011,25839749198.8233,Democratic Republic of the Congo,AFR,AFR,Africa
COD,2012,29306235295.3371,Democratic Republic of the Congo,AFR,AFR,Africa
COD,2013,32679745036.2659,Democratic Republic of the Congo,AFR,AFR,Africa
COD,2014,35909040943.885,Democratic Republic of the Congo,AFR,AFR,Africa
COD,2015,37917706485.5896,Democratic Republic of the Congo,AFR,AFR,Africa
COD,2016,37134801548.836,Democratic Republic of the Congo,AFR,AFR,Africa
COD,2017,38019264804.5125,Democratic Republic of the Congo,AFR,AFR,Africa
COD,2018,47568210020.9338,Democratic Republic of the Congo,AFR,AFR,Africa
COD,2019,51775829868.7669,Democratic Republic of the Congo,AFR,AFR,Africa
COG,1989,2389593021.94866,Congo,AFR,AFR,Africa
COG,1990,2798746050.58236,Congo,AFR,AFR,Africa
COG,1991,2724853507.64996,Congo,AFR,AFR,Africa
COG,1992,2933222705.7974,Congo,AFR,AFR,Africa
COG,1993,2684323618.40365,Congo,AFR,AFR,Africa
COG,1994,1769365438.88526,Congo,AFR,AFR,Africa
COG,1995,2116003868.17373,Congo,AFR,AFR,Africa
COG,1996,2540697537.70424,Congo,AFR,AFR,Africa
COG,1997,2322719101.28455,Congo,AFR,AFR,Africa
COG,1998,1949481380.64925,Congo,AFR,AFR,Africa
COG,1999,2354772959.06186,Congo,AFR,AFR,Africa
COG,2000,3227927697.43665,Congo,AFR,AFR,Africa
COG,2001,2796704603.04443,Congo,AFR,AFR,Africa
COG,2002,3034250926.18009,Congo,AFR,AFR,Africa
COG,2003,3503723086.7028,Congo,AFR,AFR,Africa
COG,2004,4656974937.55227,Congo,AFR,AFR,Africa
COG,2005,6650001684.9045,Congo,AFR,AFR,Africa
COG,2006,8072305030.68484,Congo,AFR,AFR,Africa
COG,2007,8782703427.96085,Congo,AFR,AFR,Africa
COG,2008,11649857662.1388,Congo,AFR,AFR,Africa
COG,2009,9723299908.19473,Congo,AFR,AFR,Africa
COG,2010,13148396205.671,Congo,AFR,AFR,Africa
COG,2011,15655383585.9887,Congo,AFR,AFR,Africa
COG,2012,17692911280.5627,Congo,AFR,AFR,Africa
COG,2013,17958720704.4596,Congo,AFR,AFR,Africa
COG,2014,17912907682.0663,Congo,AFR,AFR,Africa
COG,2015,11890259176.6829,Congo,AFR,AFR,Africa
COG,2016,10219341017.1383,Congo,AFR,AFR,Africa
COG,2017,11094823676.5914,Congo,AFR,AFR,Africa
COG,2018,13670038019.8594,Congo,AFR,AFR,Africa
COG,2019,12750338736.1661,Congo,AFR,AFR,Africa
COM,1989,341476768.0797,Comoros,AFR,AFR,Africa
COM,1990,429622178.042984,Comoros,AFR,AFR,Africa
COM,1991,424108769.124465,Comoros,AFR,AFR,Africa
COM,1992,457388651.902444,Comoros,AFR,AFR,Africa
COM,1993,452881475.076956,Comoros,AFR,AFR,Africa
COM,1994,319189184.292569,Comoros,AFR,AFR,Africa
COM,1995,398461796.741693,Comoros,AFR,AFR,Africa
COM,1996,396053806.399557,Comoros,AFR,AFR,Africa
COM,1997,364445600.133152,Comoros,AFR,AFR,Africa
COM,1998,370106745.980287,Comoros,AFR,AFR,Africa
COM,1999,382454989.945311,Comoros,AFR,AFR,Africa
COM,2000,351136579.797929,Comoros,AFR,AFR,Africa
COM,2001,378512024.115338,Comoros,AFR,AFR,Africa
COM,2002,425964681.148945,Comoros,AFR,AFR,Africa
COM,2003,546885223.179133,Comoros,AFR,AFR,Africa
COM,2004,633706110.445225,Comoros,AFR,AFR,Africa
COM,2005,653845169.189708,Comoros,AFR,AFR,Africa
COM,2006,698431794.458549,Comoros,AFR,AFR,Africa
COM,2007,795673153.183435,Comoros,AFR,AFR,Africa
COM,2008,915659107.761637,Comoros,AFR,AFR,Africa
COM,2009,905341173.973674,Comoros,AFR,AFR,Africa
COM,2010,907978731.702118,Comoros,AFR,AFR,Africa
COM,2011,1023086272.69622,Comoros,AFR,AFR,Africa
COM,2012,1015843491.24638,Comoros,AFR,AFR,Africa
COM,2013,1116224107.17123,Comoros,AFR,AFR,Africa
COM,2014,1149587659.74505,Comoros,AFR,AFR,Africa
COM,2015,966029599.801322,Comoros,AFR,AFR,Africa
COM,2016,1012835492.51585,Comoros,AFR,AFR,Africa
COM,2017,1077439756.12224,Comoros,AFR,AFR,Africa
COM,2018,1188797449.96036,Comoros,AFR,AFR,Africa
COM,2019,1195019531.03671,Comoros,AFR,AFR,Africa
CPV,1989,267448570.271348,Cabo Verde,AFR,AFR,Africa
CPV,1990,306890961.188801,Cabo Verde,AFR,AFR,Africa
CPV,1991,319827058.592875,Cabo Verde,AFR,AFR,Africa
CPV,1992,357160985.327413,Cabo Verde,AFR,AFR,Africa
CPV,1993,490417389.682569,Cabo Verde,AFR,AFR,Africa
CPV,1994,406580652.330537,Cabo Verde,AFR,AFR,Africa
CPV,1995,487148993.533109,Cabo Verde,AFR,AFR,Africa
CPV,1996,501979271.869894,Cabo Verde,AFR,AFR,Africa
CPV,1997,490608657.924976,Cabo Verde,AFR,AFR,Africa
CPV,1998,521910560.524868,Cabo Verde,AFR,AFR,Africa
CPV,1999,592416703.058878,Cabo Verde,AFR,AFR,Africa
CPV,2000,539227277.626411,Cabo Verde,AFR,AFR,Africa
CPV,2001,563090488.854022,Cabo Verde,AFR,AFR,Africa
CPV,2002,620507385.702206,Cabo Verde,AFR,AFR,Africa
CPV,2003,813260468.873834,Cabo Verde,AFR,AFR,Africa
CPV,2004,924940012.85542,Cabo Verde,AFR,AFR,Africa
CPV,2005,972241682.104792,Cabo Verde,AFR,AFR,Africa
CPV,2006,1107571459.02306,Cabo Verde,AFR,AFR,Africa
CPV,2007,1649621735.41343,Cabo Verde,AFR,AFR,Africa
CPV,2008,1959620652.50746,Cabo Verde,AFR,AFR,Africa
CPV,2009,1852334581.47534,Cabo Verde,AFR,AFR,Africa
CPV,2010,1824751459.69304,Cabo Verde,AFR,AFR,Africa
CPV,2011,2046817974.90838,Cabo Verde,AFR,AFR,Africa
CPV,2012,1913081206.32052,Cabo Verde,AFR,AFR,Africa
CPV,2013,2028910915.16446,Cabo Verde,AFR,AFR,Africa
CPV,2014,2041930125.42979,Cabo Verde,AFR,AFR,Africa
CPV,2015,1749857628.40716,Cabo Verde,AFR,AFR,Africa
CPV,2016,1849789992.74328,Cabo Verde,AFR,AFR,Africa
CPV,2017,1996741544.61549,Cabo Verde,AFR,AFR,Africa
CPV,2018,2205099509.15921,Cabo Verde,AFR,AFR,Africa
CPV,2019,2266752197.42617,Cabo Verde,AFR,AFR,Africa
DJI,1989,409220087.102818,Djibouti,AFR,AFR,Africa
DJI,1990,452328087.282876,Djibouti,AFR,AFR,Africa
DJI,1991,462421998.525779,Djibouti,AFR,AFR,Africa
DJI,1992,478058304.871118,Djibouti,AFR,AFR,Africa
DJI,1993,466048469.22986,Djibouti,AFR,AFR,Africa
DJI,1994,491689220.744875,Djibouti,AFR,AFR,Africa
DJI,1995,497723960.589913,Djibouti,AFR,AFR,Africa
DJI,1996,494004647.73437,Djibouti,AFR,AFR,Africa
DJI,1997,502675542.001227,Djibouti,AFR,AFR,Africa
DJI,1998,514267869.300758,Djibouti,AFR,AFR,Africa
DJI,1999,536080148.097299,Djibouti,AFR,AFR,Africa
DJI,2000,551230861.856505,Djibouti,AFR,AFR,Africa
DJI,2001,572417440.820162,Djibouti,AFR,AFR,Africa
DJI,2002,591122039.601398,Djibouti,AFR,AFR,Africa
DJI,2003,622044665.515049,Djibouti,AFR,AFR,Africa
DJI,2004,666072101.777505,Djibouti,AFR,AFR,Africa
DJI,2005,708633194.726566,Djibouti,AFR,AFR,Africa
DJI,2006,768873684.032838,Djibouti,AFR,AFR,Africa
DJI,2007,847918929.107984,Djibouti,AFR,AFR,Africa
DJI,2008,999105339.267729,Djibouti,AFR,AFR,Africa
DJI,2009,1049110684.72493,Djibouti,AFR,AFR,Africa
DJI,2010,1128611700.3618,Djibouti,AFR,AFR,Africa
DJI,2011,1239144501.77525,Djibouti,AFR,AFR,Africa
DJI,2012,1353632941.5207,Djibouti,AFR,AFR,Africa
DJI,2013,2042817162.85639,Djibouti,AFR,AFR,Africa
DJI,2014,2214679081.25658,Djibouti,AFR,AFR,Africa
DJI,2015,2424391785.43897,Djibouti,AFR,AFR,Africa
DJI,2016,2604955228.70117,Djibouti,AFR,AFR,Africa
DJI,2017,2762581334.22612,Djibouti,AFR,AFR,Africa
DJI,2018,2913466732.12507,Djibouti,AFR,AFR,Africa
DJI,2019,3088853638.56832,Djibouti,AFR,AFR,Africa
DZA,1989,55634719135.3597,Algeria,AFR,AFR,Africa
DZA,1990,62048505222.3414,Algeria,AFR,AFR,Africa
DZA,1991,45715676428.2766,Algeria,AFR,AFR,Africa
DZA,1992,48003133346.9957,Algeria,AFR,AFR,Africa
DZA,1993,49945585165.7899,Algeria,AFR,AFR,Africa
DZA,1994,42543177031.1723,Algeria,AFR,AFR,Africa
DZA,1995,41764291963.8532,Algeria,AFR,AFR,Africa
DZA,1996,46941553939.5593,Algeria,AFR,AFR,Africa
DZA,1997,48177612042.1507,Algeria,AFR,AFR,Africa
DZA,1998,48187781711.0308,Algeria,AFR,AFR,Africa
DZA,1999,48640671734.9711,Algeria,AFR,AFR,Africa
DZA,2000,54790398813.0005,Algeria,AFR,AFR,Africa
DZA,2001,54744698044.2331,Algeria,AFR,AFR,Africa
DZA,2002,56760355865.0082,Algeria,AFR,AFR,Africa
DZA,2003,67863850333.9526,Algeria,AFR,AFR,Africa
DZA,2004,85332581188.6107,Algeria,AFR,AFR,Africa
DZA,2005,103198211973.242,Algeria,AFR,AFR,Africa
DZA,2006,117027280692.356,Algeria,AFR,AFR,Africa
DZA,2007,134977082623.78,Algeria,AFR,AFR,Africa
DZA,2008,171000699876.747,Algeria,AFR,AFR,Africa
DZA,2009,137211004291.274,Algeria,AFR,AFR,Africa
DZA,2010,161207306304.794,Algeria,AFR,AFR,Africa
DZA,2011,200013097903.17,Algeria,AFR,AFR,Africa
DZA,2012,209059081828.261,Algeria,AFR,AFR,Africa
DZA,2013,209755003250.664,Algeria,AFR,AFR,Africa
DZA,2014,213809980720.787,Algeria,AFR,AFR,Africa
DZA,2015,165979224316.667,Algeria,AFR,AFR,Africa
DZA,2016,160034212613.438,Algeria,AFR,AFR,Africa
DZA,2017,170096989042.831,Algeria,AFR,AFR,Africa
DZA,2018,174910891124.491,Algeria,AFR,AFR,Africa
DZA,2019,171760290068.157,Algeria,AFR,AFR,Africa
EGY,1989,39756299049.9793,Egypt,AFR,AFR,Africa
EGY,1990,42978914311.3504,Egypt,AFR,AFR,Africa
EGY,1991,37387836490.5284,Egypt,AFR,AFR,Africa
EGY,1992,41855986519.4235,Egypt,AFR,AFR,Africa
EGY,1993,46578631452.581,Egypt,AFR,AFR,Africa
EGY,1994,51897983392.6453,Egypt,AFR,AFR,Africa
EGY,1995,60159245060.4541,Egypt,AFR,AFR,Africa
EGY,1996,67629716981.1321,Egypt,AFR,AFR,Africa
EGY,1997,78436578171.0914,Egypt,AFR,AFR,Africa
EGY,1998,84828807556.0803,Egypt,AFR,AFR,Africa
EGY,1999,90710704806.8416,Egypt,AFR,AFR,Africa
EGY,2000,99838543960.0763,Egypt,AFR,AFR,Africa
EGY,2001,96684636118.5984,Egypt,AFR,AFR,Africa
EGY,2002,85146067415.7303,Egypt,AFR,AFR,Africa
EGY,2003,80288461538.4615,Egypt,AFR,AFR,Africa
EGY,2004,78782467532.4675,Egypt,AFR,AFR,Africa
EGY,2005,89600665557.4043,Egypt,AFR,AFR,Africa
EGY,2006,107426086956.522,Egypt,AFR,AFR,Africa
EGY,2007,130437828371.278,Egypt,AFR,AFR,Africa
EGY,2008,162818181818.182,Egypt,AFR,AFR,Africa
EGY,2009,189147005444.646,Egypt,AFR,AFR,Africa
EGY,2010,218983666061.706,Egypt,AFR,AFR,Africa
EGY,2011,235989672977.625,Egypt,AFR,AFR,Africa
EGY,2012,279116666666.667,Egypt,AFR,AFR,Africa
EGY,2013,288434108527.132,Egypt,AFR,AFR,Africa
EGY,2014,305595408895.265,Egypt,AFR,AFR,Africa
EGY,2015,329366576819.407,Egypt,AFR,AFR,Africa
EGY,2016,332441717791.411,Egypt,AFR,AFR,Africa
EGY,2017,248362771739.13,Egypt,AFR,AFR,Africa
EGY,2018,262588632526.73,Egypt,AFR,AFR,Africa
EGY,2019,318678815489.749,Egypt,AFR,AFR,Africa
ERI,1989,477101651.648376,Eritrea,AFR,AFR,Africa
ERI,1990,477101651.648376,Eritrea,AFR,AFR,Africa
ERI,1991,477101651.648376,Eritrea,AFR,AFR,Africa
ERI,1992,477101651.648376,Eritrea,AFR,AFR,Africa
ERI,1993,467872714.755603,Eritrea,AFR,AFR,Africa
ERI,1994,531688311.688312,Eritrea,AFR,AFR,Africa
ERI,1995,578015625,Eritrea,AFR,AFR,Africa
ERI,1996,693535954.190067,Eritrea,AFR,AFR,Africa
ERI,1997,686490090.140141,Eritrea,AFR,AFR,Africa
ERI,1998,745523074.705326,Eritrea,AFR,AFR,Africa
ERI,1999,688918508.948029,Eritrea,AFR,AFR,Africa
ERI,2000,706370815.584416,Eritrea,AFR,AFR,Africa
ERI,2001,752371683.199361,Eritrea,AFR,AFR,Africa
ERI,2002,729321671.445917,Eritrea,AFR,AFR,Africa
ERI,2003,870248293.678303,Eritrea,AFR,AFR,Africa
ERI,2004,1109054005.43971,Eritrea,AFR,AFR,Africa
ERI,2005,1098424709.48675,Eritrea,AFR,AFR,Africa
ERI,2006,1211161879.6748,Eritrea,AFR,AFR,Africa
ERI,2007,1317974491.05691,Eritrea,AFR,AFR,Africa
ERI,2008,1380188800,Eritrea,AFR,AFR,Africa
ERI,2009,1856695551.21951,Eritrea,AFR,AFR,Africa
ERI,2010,1589515447.15447,Eritrea,AFR,AFR,Africa
ERI,2011,2065001626.01626,Eritrea,AFR,AFR,Africa
ERI,2012,NA,Eritrea,AFR,AFR,Africa
ERI,2013,NA,Eritrea,AFR,AFR,Africa
ERI,2014,NA,Eritrea,AFR,AFR,Africa
ERI,2015,NA,Eritrea,AFR,AFR,Africa
ERI,2016,NA,Eritrea,AFR,AFR,Africa
ERI,2017,NA,Eritrea,AFR,AFR,Africa
ERI,2018,NA,Eritrea,AFR,AFR,Africa
ERI,2019,NA,Eritrea,AFR,AFR,Africa
ETH,1989,11476584879.2271,Ethiopia,AFR,AFR,Africa
ETH,1990,12175166763.285,Ethiopia,AFR,AFR,Africa
ETH,1991,13463868357.4879,Ethiopia,AFR,AFR,Africa
ETH,1992,10492993077.6093,Ethiopia,AFR,AFR,Africa
ETH,1993,8830712713.90781,Ethiopia,AFR,AFR,Africa
ETH,1994,6927950564.55657,Ethiopia,AFR,AFR,Africa
ETH,1995,7663984567.90123,Ethiopia,AFR,AFR,Africa
ETH,1996,8547939730.62374,Ethiopia,AFR,AFR,Africa
ETH,1997,8589233419.59411,Ethiopia,AFR,AFR,Africa
ETH,1998,7818205971.60231,Ethiopia,AFR,AFR,Africa
ETH,1999,7700833482.00615,Ethiopia,AFR,AFR,Africa
ETH,2000,8242349955.05111,Ethiopia,AFR,AFR,Africa
ETH,2001,8231326016.47494,Ethiopia,AFR,AFR,Africa
ETH,2002,7850809498.16803,Ethiopia,AFR,AFR,Africa
ETH,2003,8623691300.04079,Ethiopia,AFR,AFR,Africa
ETH,2004,10131187261.4421,Ethiopia,AFR,AFR,Africa
ETH,2005,12401139453.9738,Ethiopia,AFR,AFR,Africa
ETH,2006,15280861834.6024,Ethiopia,AFR,AFR,Africa
ETH,2007,19707616772.7996,Ethiopia,AFR,AFR,Africa
ETH,2008,27066912635.2228,Ethiopia,AFR,AFR,Africa
ETH,2009,32437389116.038,Ethiopia,AFR,AFR,Africa
ETH,2010,29933790334.3418,Ethiopia,AFR,AFR,Africa
ETH,2011,31952763089.33,Ethiopia,AFR,AFR,Africa
ETH,2012,43310721414.0829,Ethiopia,AFR,AFR,Africa
ETH,2013,47648276190.2977,Ethiopia,AFR,AFR,Africa
ETH,2014,55612228233.5179,Ethiopia,AFR,AFR,Africa
ETH,2015,64589329344.6937,Ethiopia,AFR,AFR,Africa
ETH,2016,74296745599.0048,Ethiopia,AFR,AFR,Africa
ETH,2017,81770886908.5198,Ethiopia,AFR,AFR,Africa
ETH,2018,84269196152.0333,Ethiopia,AFR,AFR,Africa
ETH,2019,95912607970.1686,Ethiopia,AFR,AFR,Africa
GAB,1989,4186411457.4569,Gabon,AFR,AFR,Africa
GAB,1990,5952293765.84484,Gabon,AFR,AFR,Africa
GAB,1991,5402919788.23153,Gabon,AFR,AFR,Africa
GAB,1992,5592390832.66829,Gabon,AFR,AFR,Africa
GAB,1993,4378645081.01769,Gabon,AFR,AFR,Africa
GAB,1994,4190819346.82143,Gabon,AFR,AFR,Africa
GAB,1995,4958845649.02823,Gabon,AFR,AFR,Africa
GAB,1996,5694039999.86528,Gabon,AFR,AFR,Africa
GAB,1997,5326817111.31062,Gabon,AFR,AFR,Africa
GAB,1998,4483417313.11823,Gabon,AFR,AFR,Africa
GAB,1999,4662992036.2073,Gabon,AFR,AFR,Africa
GAB,2000,5080483628.30574,Gabon,AFR,AFR,Africa
GAB,2001,5023265411.47748,Gabon,AFR,AFR,Africa
GAB,2002,5335451103.75569,Gabon,AFR,AFR,Africa
GAB,2003,6511903363.53884,Gabon,AFR,AFR,Africa
GAB,2004,7770219003.91662,Gabon,AFR,AFR,Africa
GAB,2005,9582783997.22141,Gabon,AFR,AFR,Africa
GAB,2006,10327598308.5297,Gabon,AFR,AFR,Africa
GAB,2007,12455409574.9408,Gabon,AFR,AFR,Africa
GAB,2008,15571348329.2279,Gabon,AFR,AFR,Africa
GAB,2009,12113699059.4581,Gabon,AFR,AFR,Africa
GAB,2010,14372593013.8124,Gabon,AFR,AFR,Africa
GAB,2011,18210307754.4426,Gabon,AFR,AFR,Africa
GAB,2012,17170464000.7824,Gabon,AFR,AFR,Africa
GAB,2013,17595744803.6041,Gabon,AFR,AFR,Africa
GAB,2014,18203966900.4404,Gabon,AFR,AFR,Africa
GAB,2015,14383107763.1182,Gabon,AFR,AFR,Africa
GAB,2016,14023890263.875,Gabon,AFR,AFR,Africa
GAB,2017,14929487495.759,Gabon,AFR,AFR,Africa
GAB,2018,16867326389.8696,Gabon,AFR,AFR,Africa
GAB,2019,16874405460.1964,Gabon,AFR,AFR,Africa
GHA,1989,5251764269.91812,Ghana,AFR,AFR,Africa
GHA,1990,5889174833.90034,Ghana,AFR,AFR,Africa
GHA,1991,6603130039.87292,Ghana,AFR,AFR,Africa
GHA,1992,6416079341.97329,Ghana,AFR,AFR,Africa
GHA,1993,5968905678.89099,Ghana,AFR,AFR,Africa
GHA,1994,5446370114.57708,Ghana,AFR,AFR,Africa
GHA,1995,6464389656.21299,Ghana,AFR,AFR,Africa
GHA,1996,6932984635.632,Ghana,AFR,AFR,Africa
GHA,1997,6891433840.90915,Ghana,AFR,AFR,Africa
GHA,1998,7482072380.2381,Ghana,AFR,AFR,Africa
GHA,1999,7718110780.94815,Ghana,AFR,AFR,Africa
GHA,2000,4982849054.0291,Ghana,AFR,AFR,Africa
GHA,2001,5314871683.5223,Ghana,AFR,AFR,Africa
GHA,2002,6166197191.76694,Ghana,AFR,AFR,Africa
GHA,2003,7632720680.28119,Ghana,AFR,AFR,Africa
GHA,2004,8881419348.21705,Ghana,AFR,AFR,Africa
GHA,2005,10744562614.7479,Ghana,AFR,AFR,Africa
GHA,2006,20885042153.0199,Ghana,AFR,AFR,Africa
GHA,2007,24827333947.3782,Ghana,AFR,AFR,Africa
GHA,2008,28679383241.0729,Ghana,AFR,AFR,Africa
GHA,2009,26048726185.6746,Ghana,AFR,AFR,Africa
GHA,2010,32197648061.1663,Ghana,AFR,AFR,Africa
GHA,2011,39336668080.559,Ghana,AFR,AFR,Africa
GHA,2012,41271708599.715,Ghana,AFR,AFR,Africa
GHA,2013,62824629066.0408,Ghana,AFR,AFR,Africa
GHA,2014,54783320576.8882,Ghana,AFR,AFR,Africa
GHA,2015,49406014245.4296,Ghana,AFR,AFR,Africa
GHA,2016,56164933479.4044,Ghana,AFR,AFR,Africa
GHA,2017,60405920071.1024,Ghana,AFR,AFR,Africa
GHA,2018,67298913752.0241,Ghana,AFR,AFR,Africa
GHA,2019,68337974418.7681,Ghana,AFR,AFR,Africa
GIN,1989,2432029296.80623,Guinea,AFR,AFR,Africa
GIN,1990,2666750820.49987,Guinea,AFR,AFR,Africa
GIN,1991,3015058205.58401,Guinea,AFR,AFR,Africa
GIN,1992,3284620421.84712,Guinea,AFR,AFR,Africa
GIN,1993,3279096491.81869,Guinea,AFR,AFR,Africa
GIN,1994,3383092769.85285,Guinea,AFR,AFR,Africa
GIN,1995,3693710532.91191,Guinea,AFR,AFR,Africa
GIN,1996,3868968366.14337,Guinea,AFR,AFR,Africa
GIN,1997,3783700461.64359,Guinea,AFR,AFR,Africa
GIN,1998,3588375621.82568,Guinea,AFR,AFR,Africa
GIN,1999,3461282459.96593,Guinea,AFR,AFR,Africa
GIN,2000,2995361112.0538,Guinea,AFR,AFR,Africa
GIN,2001,2829435908.16305,Guinea,AFR,AFR,Africa
GIN,2002,2950198723.60858,Guinea,AFR,AFR,Africa
GIN,2003,3446441784.82252,Guinea,AFR,AFR,Africa
GIN,2004,3635458213.65962,Guinea,AFR,AFR,Africa
GIN,2005,2937071740.39148,Guinea,AFR,AFR,Africa
GIN,2006,4220019242.74824,Guinea,AFR,AFR,Africa
GIN,2007,6281917649.66709,Guinea,AFR,AFR,Africa
GIN,2008,6964179187.53836,Guinea,AFR,AFR,Africa
GIN,2009,6716904516.30084,Guinea,AFR,AFR,Africa
GIN,2010,6853467832.6761,Guinea,AFR,AFR,Africa
GIN,2011,6785137215.23269,Guinea,AFR,AFR,Africa
GIN,2012,7638045225.63676,Guinea,AFR,AFR,Africa
GIN,2013,8376613880.25749,Guinea,AFR,AFR,Africa
GIN,2014,8778473643.01989,Guinea,AFR,AFR,Africa
GIN,2015,8794202394.72245,Guinea,AFR,AFR,Africa
GIN,2016,8595955600.7877,Guinea,AFR,AFR,Africa
GIN,2017,10324668270.876,Guinea,AFR,AFR,Africa
GIN,2018,11857030366.4598,Guinea,AFR,AFR,Africa
GIN,2019,13442861496.5747,Guinea,AFR,AFR,Africa
GMB,1989,284120331.64738,Gambia,AFR,AFR,Africa
GMB,1990,317083688.199874,Gambia,AFR,AFR,Africa
GMB,1991,690311093.172052,Gambia,AFR,AFR,Africa
GMB,1992,714254263.103249,Gambia,AFR,AFR,Africa
GMB,1993,755040935.022498,Gambia,AFR,AFR,Africa
GMB,1994,746493955.008434,Gambia,AFR,AFR,Africa
GMB,1995,785999879.720691,Gambia,AFR,AFR,Africa
GMB,1996,848239405.565637,Gambia,AFR,AFR,Africa
GMB,1997,803633368.735802,Gambia,AFR,AFR,Africa
GMB,1998,840285264.631545,Gambia,AFR,AFR,Africa
GMB,1999,814724055.898334,Gambia,AFR,AFR,Africa
GMB,2000,782913865.987568,Gambia,AFR,AFR,Africa
GMB,2001,687410630.457292,Gambia,AFR,AFR,Africa
GMB,2002,578235309.327198,Gambia,AFR,AFR,Africa
GMB,2003,487038679.355229,Gambia,AFR,AFR,Africa
GMB,2004,961900640.746364,Gambia,AFR,AFR,Africa
GMB,2005,1027701055.56871,Gambia,AFR,AFR,Africa
GMB,2006,1054112487.74083,Gambia,AFR,AFR,Africa
GMB,2007,1279703029.87257,Gambia,AFR,AFR,Africa
GMB,2008,1561766955.73024,Gambia,AFR,AFR,Africa
GMB,2009,1450142497.46262,Gambia,AFR,AFR,Africa
GMB,2010,1543294945.45714,Gambia,AFR,AFR,Africa
GMB,2011,1409693594.05748,Gambia,AFR,AFR,Africa
GMB,2012,1415004743.17939,Gambia,AFR,AFR,Africa
GMB,2013,1375609459.78172,Gambia,AFR,AFR,Africa
GMB,2014,1229461731.70458,Gambia,AFR,AFR,Africa
GMB,2015,1378176605.93705,Gambia,AFR,AFR,Africa
GMB,2016,1484578897.15783,Gambia,AFR,AFR,Africa
GMB,2017,1504909447.77459,Gambia,AFR,AFR,Africa
GMB,2018,1670671340.37966,Gambia,AFR,AFR,Africa
GMB,2019,1813609679.15313,Gambia,AFR,AFR,Africa
GNB,1989,213143016.446378,Guinea-Bissau,AFR,AFR,Africa
GNB,1990,243961995.512687,Guinea-Bissau,AFR,AFR,Africa
GNB,1991,257150374.069711,Guinea-Bissau,AFR,AFR,Africa
GNB,1992,226313443.749086,Guinea-Bissau,AFR,AFR,Africa
GNB,1993,236880821.656388,Guinea-Bissau,AFR,AFR,Africa
GNB,1994,235620043.500927,Guinea-Bissau,AFR,AFR,Africa
GNB,1995,253966922.278198,Guinea-Bissau,AFR,AFR,Africa
GNB,1996,270419779.418107,Guinea-Bissau,AFR,AFR,Africa
GNB,1997,268551010.939623,Guinea-Bissau,AFR,AFR,Africa
GNB,1998,206457553.398034,Guinea-Bissau,AFR,AFR,Africa
GNB,1999,224446663.800548,Guinea-Bissau,AFR,AFR,Africa
GNB,2000,371095522.049254,Guinea-Bissau,AFR,AFR,Africa
GNB,2001,392621389.507611,Guinea-Bissau,AFR,AFR,Africa
GNB,2002,417806651.119856,Guinea-Bissau,AFR,AFR,Africa
GNB,2003,477458577.161635,Guinea-Bissau,AFR,AFR,Africa
GNB,2004,532062894.801533,Guinea-Bissau,AFR,AFR,Africa
GNB,2005,587029096.029113,Guinea-Bissau,AFR,AFR,Africa
GNB,2006,592365659.824007,Guinea-Bissau,AFR,AFR,Africa
GNB,2007,696910784.016302,Guinea-Bissau,AFR,AFR,Africa
GNB,2008,868154627.869806,Guinea-Bissau,AFR,AFR,Africa
GNB,2009,830126428.786134,Guinea-Bissau,AFR,AFR,Africa
GNB,2010,849878489.113364,Guinea-Bissau,AFR,AFR,Africa
GNB,2011,1099818591.95727,Guinea-Bissau,AFR,AFR,Africa
GNB,2012,989271155.126905,Guinea-Bissau,AFR,AFR,Africa
GNB,2013,1046087367.44973,Guinea-Bissau,AFR,AFR,Africa
GNB,2014,1054915581.36774,Guinea-Bissau,AFR,AFR,Africa
GNB,2015,1048229632.99726,Guinea-Bissau,AFR,AFR,Africa
GNB,2016,1179004911.26075,Guinea-Bissau,AFR,AFR,Africa
GNB,2017,1350177012.24771,Guinea-Bissau,AFR,AFR,Africa
GNB,2018,1504630233.68639,Guinea-Bissau,AFR,AFR,Africa
GNB,2019,1439638410.99593,Guinea-Bissau,AFR,AFR,Africa
GNQ,1989,88265974.7260518,Equatorial Guinea,AFR,AFR,Africa
GNQ,1990,112119411.508746,Equatorial Guinea,AFR,AFR,Africa
GNQ,1991,110906028.612022,Equatorial Guinea,AFR,AFR,Africa
GNQ,1992,134707183.973556,Equatorial Guinea,AFR,AFR,Africa
GNQ,1993,136047906.00517,Equatorial Guinea,AFR,AFR,Africa
GNQ,1994,100807002.602709,Equatorial Guinea,AFR,AFR,Africa
GNQ,1995,141853360.895902,Equatorial Guinea,AFR,AFR,Africa
GNQ,1996,232463022.679122,Equatorial Guinea,AFR,AFR,Africa
GNQ,1997,442337870.426546,Equatorial Guinea,AFR,AFR,Africa
GNQ,1998,370687634.697573,Equatorial Guinea,AFR,AFR,Africa
GNQ,1999,621117885.668503,Equatorial Guinea,AFR,AFR,Africa
GNQ,2000,1045998496.43872,Equatorial Guinea,AFR,AFR,Africa
GNQ,2001,1461139022.02954,Equatorial Guinea,AFR,AFR,Africa
GNQ,2002,1806742742.27311,Equatorial Guinea,AFR,AFR,Africa
GNQ,2003,2484745935.09329,Equatorial Guinea,AFR,AFR,Africa
GNQ,2004,4410764338.66733,Equatorial Guinea,AFR,AFR,Africa
GNQ,2005,8217369092.65224,Equatorial Guinea,AFR,AFR,Africa
GNQ,2006,10086528698.8604,Equatorial Guinea,AFR,AFR,Africa
GNQ,2007,13071718758.7373,Equatorial Guinea,AFR,AFR,Africa
GNQ,2008,19749893536.3204,Equatorial Guinea,AFR,AFR,Africa
GNQ,2009,15027795173.2187,Equatorial Guinea,AFR,AFR,Africa
GNQ,2010,16314443428.9392,Equatorial Guinea,AFR,AFR,Africa
GNQ,2011,21357343681.8949,Equatorial Guinea,AFR,AFR,Africa
GNQ,2012,22388344123.9938,Equatorial Guinea,AFR,AFR,Africa
GNQ,2013,21948834290.3521,Equatorial Guinea,AFR,AFR,Africa
GNQ,2014,21765453087.479,Equatorial Guinea,AFR,AFR,Africa
GNQ,2015,13185496881.4052,Equatorial Guinea,AFR,AFR,Africa
GNQ,2016,11240808846.6924,Equatorial Guinea,AFR,AFR,Africa
GNQ,2017,12200913887.6428,Equatorial Guinea,AFR,AFR,Africa
GNQ,2018,13097012124.2261,Equatorial Guinea,AFR,AFR,Africa
GNQ,2019,11364133546.2494,Equatorial Guinea,AFR,AFR,Africa
KEN,1989,8283114648.38116,Kenya,AFR,AFR,Africa
KEN,1990,8572359162.86876,Kenya,AFR,AFR,Africa
KEN,1991,8151488881.9683,Kenya,AFR,AFR,Africa
KEN,1992,8209120678.11342,Kenya,AFR,AFR,Africa
KEN,1993,5751786609.50323,Kenya,AFR,AFR,Africa
KEN,1994,7148148564.04239,Kenya,AFR,AFR,Africa
KEN,1995,9046320196.77295,Kenya,AFR,AFR,Africa
KEN,1996,12045865466.4343,Kenya,AFR,AFR,Africa
KEN,1997,13115764432.7232,Kenya,AFR,AFR,Africa
KEN,1998,14093998843.7334,Kenya,AFR,AFR,Africa
KEN,1999,12896010520.4958,Kenya,AFR,AFR,Africa
KEN,2000,12705350153.4012,Kenya,AFR,AFR,Africa
KEN,2001,12986007425.8781,Kenya,AFR,AFR,Africa
KEN,2002,13147736954.17,Kenya,AFR,AFR,Africa
KEN,2003,14904517649.8476,Kenya,AFR,AFR,Africa
KEN,2004,16095337093.8366,Kenya,AFR,AFR,Africa
KEN,2005,18737895400.78,Kenya,AFR,AFR,Africa
KEN,2006,25825512277.8911,Kenya,AFR,AFR,Africa
KEN,2007,31958195182.2406,Kenya,AFR,AFR,Africa
KEN,2008,35895153327.8497,Kenya,AFR,AFR,Africa
KEN,2009,42347217912.9176,Kenya,AFR,AFR,Africa
KEN,2010,45405615233.0693,Kenya,AFR,AFR,Africa
KEN,2011,46869473165.8905,Kenya,AFR,AFR,Africa
KEN,2012,56396704833.4676,Kenya,AFR,AFR,Africa
KEN,2013,61671440480.6895,Kenya,AFR,AFR,Africa
KEN,2014,68285796662.6532,Kenya,AFR,AFR,Africa
KEN,2015,70120446663.6256,Kenya,AFR,AFR,Africa
KEN,2016,74815143796.3978,Kenya,AFR,AFR,Africa
KEN,2017,82036511258.8324,Kenya,AFR,AFR,Africa
KEN,2018,92202979940.671,Kenya,AFR,AFR,Africa
KEN,2019,100378435824.178,Kenya,AFR,AFR,Africa
LBR,1989,NA,Liberia,AFR,AFR,Africa
LBR,1990,NA,Liberia,AFR,AFR,Africa
LBR,1991,NA,Liberia,AFR,AFR,Africa
LBR,1992,NA,Liberia,AFR,AFR,Africa
LBR,1993,NA,Liberia,AFR,AFR,Africa
LBR,1994,NA,Liberia,AFR,AFR,Africa
LBR,1995,NA,Liberia,AFR,AFR,Africa
LBR,1996,NA,Liberia,AFR,AFR,Africa
LBR,1997,NA,Liberia,AFR,AFR,Africa
LBR,1998,NA,Liberia,AFR,AFR,Africa
LBR,1999,NA,Liberia,AFR,AFR,Africa
LBR,2000,874000000,Liberia,AFR,AFR,Africa
LBR,2001,906000000,Liberia,AFR,AFR,Africa
LBR,2002,927000000,Liberia,AFR,AFR,Africa
LBR,2003,748000000,Liberia,AFR,AFR,Africa
LBR,2004,897000000,Liberia,AFR,AFR,Africa
LBR,2005,949000000,Liberia,AFR,AFR,Africa
LBR,2006,1119000000,Liberia,AFR,AFR,Africa
LBR,2007,1373000000,Liberia,AFR,AFR,Africa
LBR,2008,1726000000,Liberia,AFR,AFR,Africa
LBR,2009,1768000000,Liberia,AFR,AFR,Africa
LBR,2010,1998000000,Liberia,AFR,AFR,Africa
LBR,2011,2398000000,Liberia,AFR,AFR,Africa
LBR,2012,2791614000,Liberia,AFR,AFR,Africa
LBR,2013,3177198100,Liberia,AFR,AFR,Africa
LBR,2014,3225652000,Liberia,AFR,AFR,Africa
LBR,2015,3227075700,Liberia,AFR,AFR,Africa
LBR,2016,3398419600,Liberia,AFR,AFR,Africa
LBR,2017,3390703400,Liberia,AFR,AFR,Africa
LBR,2018,3422754800,Liberia,AFR,AFR,Africa
LBR,2019,3319596500,Liberia,AFR,AFR,Africa
LBY,1989,28904164239.3038,Libya,AFR,AFR,Africa
LBY,1990,28904164239.3038,Libya,AFR,AFR,Africa
LBY,1991,31991785107.6288,Libya,AFR,AFR,Africa
LBY,1992,33887005287.7376,Libya,AFR,AFR,Africa
LBY,1993,30660029871.1515,Libya,AFR,AFR,Africa
LBY,1994,28610532505.4149,Libya,AFR,AFR,Africa
LBY,1995,25541383196.7302,Libya,AFR,AFR,Africa
LBY,1996,27884630117.5758,Libya,AFR,AFR,Africa
LBY,1997,30700890193.3163,Libya,AFR,AFR,Africa
LBY,1998,27251275902.5491,Libya,AFR,AFR,Africa
LBY,1999,35975878804.297,Libya,AFR,AFR,Africa
LBY,2000,38270983031.8246,Libya,AFR,AFR,Africa
LBY,2001,34112079628.5693,Libya,AFR,AFR,Africa
LBY,2002,20481889763.7795,Libya,AFR,AFR,Africa
LBY,2003,26265625000,Libya,AFR,AFR,Africa
LBY,2004,33122307692.3077,Libya,AFR,AFR,Africa
LBY,2005,47334697611.8548,Libya,AFR,AFR,Africa
LBY,2006,60094248771.9918,Libya,AFR,AFR,Africa
LBY,2007,68032985520.2676,Libya,AFR,AFR,Africa
LBY,2008,86710739534.5526,Libya,AFR,AFR,Africa
LBY,2009,60808538330.3417,Libya,AFR,AFR,Africa
LBY,2010,75380800664.4198,Libya,AFR,AFR,Africa
LBY,2011,48169243831.9141,Libya,AFR,AFR,Africa
LBY,2012,92540964665.5578,Libya,AFR,AFR,Africa
LBY,2013,75351117628.308,Libya,AFR,AFR,Africa
LBY,2014,57372352562.4888,Libya,AFR,AFR,Africa
LBY,2015,48717506272.6981,Libya,AFR,AFR,Africa
LBY,2016,49912085228.3487,Libya,AFR,AFR,Africa
LBY,2017,67157451660.2727,Libya,AFR,AFR,Africa
LBY,2018,76686048499.3527,Libya,AFR,AFR,Africa
LBY,2019,69254143968.3398,Libya,AFR,AFR,Africa
LSO,1989,495409138.180352,Lesotho,AFR,AFR,Africa
LSO,1990,596410302.16263,Lesotho,AFR,AFR,Africa
LSO,1991,704325366.718393,Lesotho,AFR,AFR,Africa
LSO,1992,831029813.140829,Lesotho,AFR,AFR,Africa
LSO,1993,835582169.020455,Lesotho,AFR,AFR,Africa
LSO,1994,878250862.834133,Lesotho,AFR,AFR,Africa
LSO,1995,1001894000.27846,Lesotho,AFR,AFR,Africa
LSO,1996,946112456.168268,Lesotho,AFR,AFR,Africa
LSO,1997,998004330.90987,Lesotho,AFR,AFR,Africa
LSO,1998,928460865.117733,Lesotho,AFR,AFR,Africa
LSO,1999,912773656.150185,Lesotho,AFR,AFR,Africa
LSO,2000,887291645.302466,Lesotho,AFR,AFR,Africa
LSO,2001,825706961.238689,Lesotho,AFR,AFR,Africa
LSO,2002,775777263.090784,Lesotho,AFR,AFR,Africa
LSO,2003,1157825409.28048,Lesotho,AFR,AFR,Africa
LSO,2004,1511236655.52047,Lesotho,AFR,AFR,Africa
LSO,2005,1682343439.30976,Lesotho,AFR,AFR,Africa
LSO,2006,1800092519.44933,Lesotho,AFR,AFR,Africa
LSO,2007,1682025303.1603,Lesotho,AFR,AFR,Africa
LSO,2008,1766820422.4798,Lesotho,AFR,AFR,Africa
LSO,2009,1740835819.8008,Lesotho,AFR,AFR,Africa
LSO,2010,2234731973.55119,Lesotho,AFR,AFR,Africa
LSO,2011,2579421686.24912,Lesotho,AFR,AFR,Africa
LSO,2012,2477702252.80078,Lesotho,AFR,AFR,Africa
LSO,2013,2367113170.00373,Lesotho,AFR,AFR,Africa
LSO,2014,2441063169.47922,Lesotho,AFR,AFR,Africa
LSO,2015,2359754087.58169,Lesotho,AFR,AFR,Africa
LSO,2016,2114426468.65681,Lesotho,AFR,AFR,Africa
LSO,2017,2306741598.79677,Lesotho,AFR,AFR,Africa
LSO,2018,2556247155.56945,Lesotho,AFR,AFR,Africa
LSO,2019,2436029587.61009,Lesotho,AFR,AFR,Africa
MAR,1989,26314313191.1826,Morocco,AFR,AFR,Africa
MAR,1990,30179955995.515,Morocco,AFR,AFR,Africa
MAR,1991,32285573573.9185,Morocco,AFR,AFR,Africa
MAR,1992,33711069430.78,Morocco,AFR,AFR,Africa
MAR,1993,31655473663.8348,Morocco,AFR,AFR,Africa
MAR,1994,35604137422.5796,Morocco,AFR,AFR,Africa
MAR,1995,39030285468.3841,Morocco,AFR,AFR,Africa
MAR,1996,43161572352.9793,Morocco,AFR,AFR,Africa
MAR,1997,39147844526.0838,Morocco,AFR,AFR,Africa
MAR,1998,46497609536.2418,Morocco,AFR,AFR,Africa
MAR,1999,46266427862.751,Morocco,AFR,AFR,Africa
MAR,2000,43017455401.4244,Morocco,AFR,AFR,Africa
MAR,2001,43831480206.4535,Morocco,AFR,AFR,Africa
MAR,2002,47077192183.7329,Morocco,AFR,AFR,Africa
MAR,2003,58029361338.6298,Morocco,AFR,AFR,Africa
MAR,2004,66114147932.3903,Morocco,AFR,AFR,Africa
MAR,2005,68852655479.5601,Morocco,AFR,AFR,Africa
MAR,2006,75883820424.0845,Morocco,AFR,AFR,Africa
MAR,2007,86947909744.5993,Morocco,AFR,AFR,Africa
MAR,2008,101822906946.027,Morocco,AFR,AFR,Africa
MAR,2009,101154952243.015,Morocco,AFR,AFR,Africa
MAR,2010,100865325482.244,Morocco,AFR,AFR,Africa
MAR,2011,110080631330.061,Morocco,AFR,AFR,Africa
MAR,2012,106937397478.353,Morocco,AFR,AFR,Africa
MAR,2013,115739288446.799,Morocco,AFR,AFR,Africa
MAR,2014,119130845829.482,Morocco,AFR,AFR,Africa
MAR,2015,110413820681.034,Morocco,AFR,AFR,Africa
MAR,2016,111572946646.535,Morocco,AFR,AFR,Africa
MAR,2017,118540574727.552,Morocco,AFR,AFR,Africa
MAR,2018,127341141871.205,Morocco,AFR,AFR,Africa
MAR,2019,128920265075.525,Morocco,AFR,AFR,Africa
MDG,1989,3175638332.64471,Madagascar,AFR,AFR,Africa
MDG,1990,3931334870.6285,Madagascar,AFR,AFR,Africa
MDG,1991,3254713056.02171,Madagascar,AFR,AFR,Africa
MDG,1992,3714966675.01207,Madagascar,AFR,AFR,Africa
MDG,1993,4063298919.2868,Madagascar,AFR,AFR,Africa
MDG,1994,3522227094.14223,Madagascar,AFR,AFR,Africa
MDG,1995,3838100902.25012,Madagascar,AFR,AFR,Africa
MDG,1996,4931861036.68369,Madagascar,AFR,AFR,Africa
MDG,1997,4262965421.14559,Madagascar,AFR,AFR,Africa
MDG,1998,4401967634.08547,Madagascar,AFR,AFR,Africa
MDG,1999,4277903780.29131,Madagascar,AFR,AFR,Africa
MDG,2000,4629247204.9853,Madagascar,AFR,AFR,Africa
MDG,2001,5438332600.53228,Madagascar,AFR,AFR,Africa
MDG,2002,5351701664.71362,Madagascar,AFR,AFR,Africa
MDG,2003,6372498891.38118,Madagascar,AFR,AFR,Africa
MDG,2004,5064732625.39054,Madagascar,AFR,AFR,Africa
MDG,2005,5859269751.63826,Madagascar,AFR,AFR,Africa
MDG,2006,6395712491.75146,Madagascar,AFR,AFR,Africa
MDG,2007,8524620890.88039,Madagascar,AFR,AFR,Africa
MDG,2008,10725137721.5622,Madagascar,AFR,AFR,Africa
MDG,2009,9616879407.59474,Madagascar,AFR,AFR,Africa
MDG,2010,9982711338.11814,Madagascar,AFR,AFR,Africa
MDG,2011,11551819617.6271,Madagascar,AFR,AFR,Africa
MDG,2012,11578975063.7975,Madagascar,AFR,AFR,Africa
MDG,2013,12423555457.0352,Madagascar,AFR,AFR,Africa
MDG,2014,12522957401.0395,Madagascar,AFR,AFR,Africa
MDG,2015,11323020699.9128,Madagascar,AFR,AFR,Africa
MDG,2016,11848613859.5279,Madagascar,AFR,AFR,Africa
MDG,2017,13176313593.5509,Madagascar,AFR,AFR,Africa
MDG,2018,13760033282.6071,Madagascar,AFR,AFR,Africa
MDG,2019,14104664677.9627,Madagascar,AFR,AFR,Africa
MLI,1989,2181821905.94196,Mali,AFR,AFR,Africa
MLI,1990,2681912149.14767,Mali,AFR,AFR,Africa
MLI,1991,2724131460.10827,Mali,AFR,AFR,Africa
MLI,1992,2830673380.79743,Mali,AFR,AFR,Africa
MLI,1993,2818281080.10984,Mali,AFR,AFR,Africa
MLI,1994,2081846499.03751,Mali,AFR,AFR,Africa
MLI,1995,2706425157.92907,Mali,AFR,AFR,Africa
MLI,1996,2780422047.73085,Mali,AFR,AFR,Africa
MLI,1997,2697105821.83307,Mali,AFR,AFR,Africa
MLI,1998,2920358712.64824,Mali,AFR,AFR,Africa
MLI,1999,3440724707.80834,Mali,AFR,AFR,Africa
MLI,2000,2961484953.73364,Mali,AFR,AFR,Africa
MLI,2001,3468337941.0883,Mali,AFR,AFR,Africa
MLI,2002,3908121309.85681,Mali,AFR,AFR,Africa
MLI,2003,4714071978.28635,Mali,AFR,AFR,Africa
MLI,2004,5454249122.71389,Mali,AFR,AFR,Africa
MLI,2005,6247515892.29694,Mali,AFR,AFR,Africa
MLI,2006,6905934219.29467,Mali,AFR,AFR,Africa
MLI,2007,8156468818.00868,Mali,AFR,AFR,Africa
MLI,2008,9838403090.95859,Mali,AFR,AFR,Africa
MLI,2009,10231962382.7842,Mali,AFR,AFR,Africa
MLI,2010,10689168011.4449,Mali,AFR,AFR,Africa
MLI,2011,12995112698.0102,Mali,AFR,AFR,Africa
MLI,2012,12442035328.035,Mali,AFR,AFR,Africa
MLI,2013,13242690790.0557,Mali,AFR,AFR,Africa
MLI,2014,14364937127.7002,Mali,AFR,AFR,Africa
MLI,2015,13104764378.7114,Mali,AFR,AFR,Africa
MLI,2016,14026048334.2131,Mali,AFR,AFR,Africa
MLI,2017,15365713059.1057,Mali,AFR,AFR,Africa
MLI,2018,17070867577.6666,Mali,AFR,AFR,Africa
MLI,2019,17280250805.2245,Mali,AFR,AFR,Africa
MOZ,1989,3633488385.06275,Mozambique,AFR,AFR,Africa
MOZ,1990,3633488385.06275,Mozambique,AFR,AFR,Africa
MOZ,1991,3633488385.06275,Mozambique,AFR,AFR,Africa
MOZ,1992,2640001311.31689,Mozambique,AFR,AFR,Africa
MOZ,1993,2729524757.99534,Mozambique,AFR,AFR,Africa
MOZ,1994,2796555381.45919,Mozambique,AFR,AFR,Africa
MOZ,1995,2899912130.16659,Mozambique,AFR,AFR,Africa
MOZ,1996,3856799844.1609,Mozambique,AFR,AFR,Africa
MOZ,1997,4648838896.06781,Mozambique,AFR,AFR,Africa
MOZ,1998,5263884908.24241,Mozambique,AFR,AFR,Africa
MOZ,1999,5976402585.91345,Mozambique,AFR,AFR,Africa
MOZ,2000,5656473652.41147,Mozambique,AFR,AFR,Africa
MOZ,2001,5398557896.15748,Mozambique,AFR,AFR,Africa
MOZ,2002,5677013628.85057,Mozambique,AFR,AFR,Africa
MOZ,2003,6303399757.82376,Mozambique,AFR,AFR,Africa
MOZ,2004,7631106170.94621,Mozambique,AFR,AFR,Africa
MOZ,2005,8542083074.14716,Mozambique,AFR,AFR,Africa
MOZ,2006,9176896597.16802,Mozambique,AFR,AFR,Africa
MOZ,2007,10450826527.2066,Mozambique,AFR,AFR,Africa
MOZ,2008,12556173242.7736,Mozambique,AFR,AFR,Africa
MOZ,2009,11914471512.7684,Mozambique,AFR,AFR,Africa
MOZ,2010,11104649065.1649,Mozambique,AFR,AFR,Africa
MOZ,2011,14381552466.6044,Mozambique,AFR,AFR,Africa
MOZ,2012,16350813486.9908,Mozambique,AFR,AFR,Africa
MOZ,2013,16974314296.2182,Mozambique,AFR,AFR,Africa
MOZ,2014,17716091057.2675,Mozambique,AFR,AFR,Africa
MOZ,2015,15950979333.1582,Mozambique,AFR,AFR,Africa
MOZ,2016,11936993086.9579,Mozambique,AFR,AFR,Africa
MOZ,2017,13219079497.7055,Mozambique,AFR,AFR,Africa
MOZ,2018,14845400592.6712,Mozambique,AFR,AFR,Africa
MOZ,2019,15390031039.9957,Mozambique,AFR,AFR,Africa
MRT,1989,1450647019.18099,Mauritania,AFR,AFR,Africa
MRT,1990,1506914407.82047,Mauritania,AFR,AFR,Africa
MRT,1991,2133692609.95576,Mauritania,AFR,AFR,Africa
MRT,1992,2164298425.48412,Mauritania,AFR,AFR,Africa
MRT,1993,1847353160.37444,Mauritania,AFR,AFR,Africa
MRT,1994,1944876755.00708,Mauritania,AFR,AFR,Africa
MRT,1995,2091726047.70039,Mauritania,AFR,AFR,Africa
MRT,1996,2132087061.08121,Mauritania,AFR,AFR,Africa
MRT,1997,2071996518.57055,Mauritania,AFR,AFR,Africa
MRT,1998,2032347629.00637,Mauritania,AFR,AFR,Africa
MRT,1999,1985922807.12919,Mauritania,AFR,AFR,Africa
MRT,2000,1779520861.64321,Mauritania,AFR,AFR,Africa
MRT,2001,1746063580.38174,Mauritania,AFR,AFR,Africa
MRT,2002,1777057503.059,Mauritania,AFR,AFR,Africa
MRT,2003,2051147606.73687,Mauritania,AFR,AFR,Africa
MRT,2004,2362501023.24249,Mauritania,AFR,AFR,Africa
MRT,2005,2936019525.60241,Mauritania,AFR,AFR,Africa
MRT,2006,3919577285.92703,Mauritania,AFR,AFR,Africa
MRT,2007,4346212411.05496,Mauritania,AFR,AFR,Africa
MRT,2008,5206437120.9471,Mauritania,AFR,AFR,Africa
MRT,2009,4714595487.85253,Mauritania,AFR,AFR,Africa
MRT,2010,5628878865.99027,Mauritania,AFR,AFR,Africa
MRT,2011,6764627665.69239,Mauritania,AFR,AFR,Africa
MRT,2012,6728208836.22143,Mauritania,AFR,AFR,Africa
MRT,2013,7223071177.15856,Mauritania,AFR,AFR,Africa
MRT,2014,6592537781.81518,Mauritania,AFR,AFR,Africa
MRT,2015,6166863960.00061,Mauritania,AFR,AFR,Africa
MRT,2016,6398741855.76276,Mauritania,AFR,AFR,Africa
MRT,2017,6800138755.34592,Mauritania,AFR,AFR,Africa
MRT,2018,7473550557.07378,Mauritania,AFR,AFR,Africa
MRT,2019,8066118984.30581,Mauritania,AFR,AFR,Africa
MUS,1989,2181935024.14244,Mauritius,AFR,AFR,Africa
MUS,1990,2653485952.13319,Mauritius,AFR,AFR,Africa
MUS,1991,2856889159.58616,Mauritius,AFR,AFR,Africa
MUS,1992,3224265821.36824,Mauritius,AFR,AFR,Africa
MUS,1993,3263363787.16599,Mauritius,AFR,AFR,Africa
MUS,1994,3558143644.06071,Mauritius,AFR,AFR,Africa
MUS,1995,4040342060.18334,Mauritius,AFR,AFR,Africa
MUS,1996,4421952122.97703,Mauritius,AFR,AFR,Africa
MUS,1997,4187375887.41175,Mauritius,AFR,AFR,Africa
MUS,1998,4169672974.84855,Mauritius,AFR,AFR,Africa
MUS,1999,4343708895.58505,Mauritius,AFR,AFR,Africa
MUS,2000,4663321022.22673,Mauritius,AFR,AFR,Africa
MUS,2001,4613637222.14006,Mauritius,AFR,AFR,Africa
MUS,2002,4841310239.63687,Mauritius,AFR,AFR,Africa
MUS,2003,5816559038.54545,Mauritius,AFR,AFR,Africa
MUS,2004,6578840498.66931,Mauritius,AFR,AFR,Africa
MUS,2005,6488743119.74298,Mauritius,AFR,AFR,Africa
MUS,2006,7028810754.78164,Mauritius,AFR,AFR,Africa
MUS,2007,8150150144.15635,Mauritius,AFR,AFR,Africa
MUS,2008,9990356849.29491,Mauritius,AFR,AFR,Africa
MUS,2009,9128843109.15588,Mauritius,AFR,AFR,Africa
MUS,2010,10003670690.3497,Mauritius,AFR,AFR,Africa
MUS,2011,11518413429.9684,Mauritius,AFR,AFR,Africa
MUS,2012,11668696526.2252,Mauritius,AFR,AFR,Africa
MUS,2013,12292974007.9361,Mauritius,AFR,AFR,Africa
MUS,2014,13074130094.3723,Mauritius,AFR,AFR,Africa
MUS,2015,12007291045.6489,Mauritius,AFR,AFR,Africa
MUS,2016,12594155346.298,Mauritius,AFR,AFR,Africa
MUS,2017,13713505998.0391,Mauritius,AFR,AFR,Africa
MUS,2018,14735695930.9727,Mauritius,AFR,AFR,Africa
MUS,2019,14436347115.2893,Mauritius,AFR,AFR,Africa
MWI,1989,2314204989.72207,Malawi,AFR,AFR,Africa
MWI,1990,2737088195.94459,Malawi,AFR,AFR,Africa
MWI,1991,3206784402.38111,Malawi,AFR,AFR,Africa
MWI,1992,2618837532.19438,Malawi,AFR,AFR,Africa
MWI,1993,3013392429.85585,Malawi,AFR,AFR,Africa
MWI,1994,1719864761.30628,Malawi,AFR,AFR,Africa
MWI,1995,2033701542.3252,Malawi,AFR,AFR,Africa
MWI,1996,3319573821.89376,Malawi,AFR,AFR,Africa
MWI,1997,3875785863.38323,Malawi,AFR,AFR,Africa
MWI,1998,2547609562.74027,Malawi,AFR,AFR,Africa
MWI,1999,2584478943.60105,Malawi,AFR,AFR,Africa
MWI,2000,2537307566.12394,Malawi,AFR,AFR,Africa
MWI,2001,2498008653.13585,Malawi,AFR,AFR,Africa
MWI,2002,5087328437.8737,Malawi,AFR,AFR,Africa
MWI,2003,4669789300.35662,Malawi,AFR,AFR,Africa
MWI,2004,5058726350.48896,Malawi,AFR,AFR,Africa
MWI,2005,5320409651.47544,Malawi,AFR,AFR,Africa
MWI,2006,5818279739.14354,Malawi,AFR,AFR,Africa
MWI,2007,6451210219.11683,Malawi,AFR,AFR,Africa
MWI,2008,7743617352.21427,Malawi,AFR,AFR,Africa
MWI,2009,9009887946.82039,Malawi,AFR,AFR,Africa
MWI,2010,10128323010.6049,Malawi,AFR,AFR,Africa
MWI,2011,11648142958.3651,Malawi,AFR,AFR,Africa
MWI,2012,8773203178.16512,Malawi,AFR,AFR,Africa
MWI,2013,8031571927.62055,Malawi,AFR,AFR,Africa
MWI,2014,8801326169.14547,Malawi,AFR,AFR,Africa
MWI,2015,9219474373.16418,Malawi,AFR,AFR,Africa
MWI,2016,7909868618.46366,Malawi,AFR,AFR,Africa
MWI,2017,8943543677.18899,Malawi,AFR,AFR,Africa
MWI,2018,9880675785.93057,Malawi,AFR,AFR,Africa
MWI,2019,11025371147.1876,Malawi,AFR,AFR,Africa
NAM,1989,2535135314.27329,Namibia,AFR,AFR,Africa
NAM,1990,2789922033.09408,Namibia,AFR,AFR,Africa
NAM,1991,2996869281.48364,Namibia,AFR,AFR,Africa
NAM,1992,3429521498.98741,Namibia,AFR,AFR,Africa
NAM,1993,3251189247.70138,Namibia,AFR,AFR,Africa
NAM,1994,3666503185.43389,Namibia,AFR,AFR,Africa
NAM,1995,3978514206.31168,Namibia,AFR,AFR,Africa
NAM,1996,3989163041.92553,Namibia,AFR,AFR,Africa
NAM,1997,4154990250.56993,Namibia,AFR,AFR,Africa
NAM,1998,3873109748.79035,Namibia,AFR,AFR,Africa
NAM,1999,3868551624.85758,Namibia,AFR,AFR,Africa
NAM,2000,3922231976.43938,Namibia,AFR,AFR,Africa
NAM,2001,3557341284.0188,Namibia,AFR,AFR,Africa
NAM,2002,3349169932.3008,Namibia,AFR,AFR,Africa
NAM,2003,4926439274.97486,Namibia,AFR,AFR,Africa
NAM,2004,6609206506.34686,Namibia,AFR,AFR,Africa
NAM,2005,7248375216.59475,Namibia,AFR,AFR,Africa
NAM,2006,8001779551.06323,Namibia,AFR,AFR,Africa
NAM,2007,8839536893.68443,Namibia,AFR,AFR,Africa
NAM,2008,8607431845.19631,Namibia,AFR,AFR,Africa
NAM,2009,8938847363.87815,Namibia,AFR,AFR,Africa
NAM,2010,11431412421.1316,Namibia,AFR,AFR,Africa
NAM,2011,12523359440.5499,Namibia,AFR,AFR,Africa
NAM,2012,13042053856.9696,Namibia,AFR,AFR,Africa
NAM,2013,12043307277.1235,Namibia,AFR,AFR,Africa
NAM,2014,12435430396.1929,Namibia,AFR,AFR,Africa
NAM,2015,11335161230.1608,Namibia,AFR,AFR,Africa
NAM,2016,10722018975.0783,Namibia,AFR,AFR,Africa
NAM,2017,12895153160.466,Namibia,AFR,AFR,Africa
NAM,2018,13682019171.6627,Namibia,AFR,AFR,Africa
NAM,2019,12541928102.7657,Namibia,AFR,AFR,Africa
NER,1989,2179567111.0004,Niger,AFR,AFR,Africa
NER,1990,3512356508.47435,Niger,AFR,AFR,Africa
NER,1991,3285796877.19799,Niger,AFR,AFR,Africa
NER,1992,3386232582.4161,Niger,AFR,AFR,Africa
NER,1993,3052673843.8613,Niger,AFR,AFR,Africa
NER,1994,1938058176.41585,Niger,AFR,AFR,Africa
NER,1995,2302537562.69931,Niger,AFR,AFR,Africa
NER,1996,2405686938.76483,Niger,AFR,AFR,Africa
NER,1997,2290318908.81986,Niger,AFR,AFR,Africa
NER,1998,2643363520.93135,Niger,AFR,AFR,Africa
NER,1999,2537789819.37694,Niger,AFR,AFR,Africa
NER,2000,2241753192.71257,Niger,AFR,AFR,Africa
NER,2001,2448714703.09612,Niger,AFR,AFR,Africa
NER,2002,2782192880.69187,Niger,AFR,AFR,Africa
NER,2003,3394084731.48601,Niger,AFR,AFR,Africa
NER,2004,3760443735.45875,Niger,AFR,AFR,Africa
NER,2005,4383315967.49998,Niger,AFR,AFR,Africa
NER,2006,4756361253.33358,Niger,AFR,AFR,Africa
NER,2007,5731485046.0864,Niger,AFR,AFR,Africa
NER,2008,7297600218.92394,Niger,AFR,AFR,Africa
NER,2009,7352131304.39631,Niger,AFR,AFR,Africa
NER,2010,7851192498.77154,Niger,AFR,AFR,Africa
NER,2011,8772950783.02414,Niger,AFR,AFR,Africa
NER,2012,9426912639.20382,Niger,AFR,AFR,Africa
NER,2013,10224897440.9239,Niger,AFR,AFR,Africa
NER,2014,10862943546.2851,Niger,AFR,AFR,Africa
NER,2015,9683867926.72766,Niger,AFR,AFR,Africa
NER,2016,10398861980.6524,Niger,AFR,AFR,Africa
NER,2017,11185101444.3729,Niger,AFR,AFR,Africa
NER,2018,12808661487.4035,Niger,AFR,AFR,Africa
NER,2019,12916454870.5458,Niger,AFR,AFR,Africa
NGA,1989,44003061108.4005,Nigeria,AFR,AFR,Africa
NGA,1990,54035795387.8086,Nigeria,AFR,AFR,Africa
NGA,1991,49118434950.4188,Nigeria,AFR,AFR,Africa
NGA,1992,47794954191.501,Nigeria,AFR,AFR,Africa
NGA,1993,27752204787.489,Nigeria,AFR,AFR,Africa
NGA,1994,33833043777.7372,Nigeria,AFR,AFR,Africa
NGA,1995,44062465417.9421,Nigeria,AFR,AFR,Africa
NGA,1996,51075815092.5,Nigeria,AFR,AFR,Africa
NGA,1997,54457835603.1357,Nigeria,AFR,AFR,Africa
NGA,1998,54604050168.1818,Nigeria,AFR,AFR,Africa
NGA,1999,59372679433.1746,Nigeria,AFR,AFR,Africa
NGA,2000,69448962760.8787,Nigeria,AFR,AFR,Africa
NGA,2001,74030562269.9655,Nigeria,AFR,AFR,Africa
NGA,2002,95054094655.3277,Nigeria,AFR,AFR,Africa
NGA,2003,104738980156.958,Nigeria,AFR,AFR,Africa
NGA,2004,135764715375.206,Nigeria,AFR,AFR,Africa
NGA,2005,175670536601.006,Nigeria,AFR,AFR,Africa
NGA,2006,238454952231.572,Nigeria,AFR,AFR,Africa
NGA,2007,278260808841.03,Nigeria,AFR,AFR,Africa
NGA,2008,339476215683.592,Nigeria,AFR,AFR,Africa
NGA,2009,295008767295.038,Nigeria,AFR,AFR,Africa
NGA,2010,366990528103.078,Nigeria,AFR,AFR,Africa
NGA,2011,414466540786.738,Nigeria,AFR,AFR,Africa
NGA,2012,463971000388.612,Nigeria,AFR,AFR,Africa
NGA,2013,520117163617.721,Nigeria,AFR,AFR,Africa
NGA,2014,574183825592.358,Nigeria,AFR,AFR,Africa
NGA,2015,493026782401.561,Nigeria,AFR,AFR,Africa
NGA,2016,404649048648.026,Nigeria,AFR,AFR,Africa
NGA,2017,375745732274.676,Nigeria,AFR,AFR,Africa
NGA,2018,421739210176.152,Nigeria,AFR,AFR,Africa
NGA,2019,474517470742.749,Nigeria,AFR,AFR,Africa
RWA,1989,2405022587.80045,Rwanda,AFR,AFR,Africa
RWA,1990,2550185692.53721,Rwanda,AFR,AFR,Africa
RWA,1991,1911600232.09279,Rwanda,AFR,AFR,Africa
RWA,1992,2029026956.63554,Rwanda,AFR,AFR,Africa
RWA,1993,1971525718.16062,Rwanda,AFR,AFR,Africa
RWA,1994,753636370.454545,Rwanda,AFR,AFR,Africa
RWA,1995,1293535192.21661,Rwanda,AFR,AFR,Africa
RWA,1996,1382334879.40812,Rwanda,AFR,AFR,Africa
RWA,1997,1851558199.35773,Rwanda,AFR,AFR,Africa
RWA,1998,1989343548.29917,Rwanda,AFR,AFR,Africa
RWA,1999,2157024758.12224,Rwanda,AFR,AFR,Africa
RWA,2000,2068762706.74598,Rwanda,AFR,AFR,Africa
RWA,2001,1966548409.54858,Rwanda,AFR,AFR,Africa
RWA,2002,1965932546.35834,Rwanda,AFR,AFR,Africa
RWA,2003,2138185328.15156,Rwanda,AFR,AFR,Africa
RWA,2004,2376464519.64036,Rwanda,AFR,AFR,Africa
RWA,2005,2933765825.28037,Rwanda,AFR,AFR,Africa
RWA,2006,3319711249.44189,Rwanda,AFR,AFR,Africa
RWA,2007,4070391531.29599,Rwanda,AFR,AFR,Africa
RWA,2008,5179804290.63377,Rwanda,AFR,AFR,Africa
RWA,2009,5674428927.60356,Rwanda,AFR,AFR,Africa
RWA,2010,6124693374.47064,Rwanda,AFR,AFR,Africa
RWA,2011,6884907733.00484,Rwanda,AFR,AFR,Africa
RWA,2012,7654782978.58736,Rwanda,AFR,AFR,Africa
RWA,2013,7820052084.03387,Rwanda,AFR,AFR,Africa
RWA,2014,8239042500.28733,Rwanda,AFR,AFR,Africa
RWA,2015,8543869360.36164,Rwanda,AFR,AFR,Africa
RWA,2016,8695318854.11055,Rwanda,AFR,AFR,Africa
RWA,2017,9252833678.08916,Rwanda,AFR,AFR,Africa
RWA,2018,9636510839.30707,Rwanda,AFR,AFR,Africa
RWA,2019,10346675636.3397,Rwanda,AFR,AFR,Africa
SDN,1989,21408111111.1111,Sudan,AFR,AFR,Africa
SDN,1990,33641222222.2222,Sudan,AFR,AFR,Africa
SDN,1991,44171194366.2039,Sudan,AFR,AFR,Africa
SDN,1992,7031933491.84899,Sudan,AFR,AFR,Africa
SDN,1993,8881010081.24942,Sudan,AFR,AFR,Africa
SDN,1994,12793798418.3843,Sudan,AFR,AFR,Africa
SDN,1995,13830369852.313,Sudan,AFR,AFR,Africa
SDN,1996,9018303128.0189,Sudan,AFR,AFR,Africa
SDN,1997,11681179570.9007,Sudan,AFR,AFR,Africa
SDN,1998,11250220602.974,Sudan,AFR,AFR,Africa
SDN,1999,10682027634.7462,Sudan,AFR,AFR,Africa
SDN,2000,12257299147.2936,Sudan,AFR,AFR,Africa
SDN,2001,15716361539.0643,Sudan,AFR,AFR,Africa
SDN,2002,18137126092.2818,Sudan,AFR,AFR,Africa
SDN,2003,21355295732.0535,Sudan,AFR,AFR,Africa
SDN,2004,26646007250.7319,Sudan,AFR,AFR,Africa
SDN,2005,35182707173.8157,Sudan,AFR,AFR,Africa
SDN,2006,45263824686.0898,Sudan,AFR,AFR,Africa
SDN,2007,59440139774.8128,Sudan,AFR,AFR,Africa
SDN,2008,64833088568.394,Sudan,AFR,AFR,Africa
SDN,2009,58315346841.2364,Sudan,AFR,AFR,Africa
SDN,2010,74151157011.5251,Sudan,AFR,AFR,Africa
SDN,2011,78402841444.9524,Sudan,AFR,AFR,Africa
SDN,2012,63196236489.3704,Sudan,AFR,AFR,Africa
SDN,2013,66027147864.7915,Sudan,AFR,AFR,Africa
SDN,2014,76818773784.7605,Sudan,AFR,AFR,Africa
SDN,2015,84984672415.9401,Sudan,AFR,AFR,Africa
SDN,2016,102943515502.994,Sudan,AFR,AFR,Africa
SDN,2017,129718581297.431,Sudan,AFR,AFR,Africa
SDN,2018,32333780383.2924,Sudan,AFR,AFR,Africa
SDN,2019,32338079165.2893,Sudan,AFR,AFR,Africa
SEN,1989,6366039362.80037,Senegal,AFR,AFR,Africa
SEN,1990,7390967361.65927,Senegal,AFR,AFR,Africa
SEN,1991,7255210474.43418,Senegal,AFR,AFR,Africa
SEN,1992,7769817847.278,Senegal,AFR,AFR,Africa
SEN,1993,7367986228.20805,Senegal,AFR,AFR,Africa
SEN,1994,5034588198.68019,Senegal,AFR,AFR,Africa
SEN,1995,6326342634.65422,Senegal,AFR,AFR,Africa
SEN,1996,6559712162.47057,Senegal,AFR,AFR,Africa
SEN,1997,6041478722.24648,Senegal,AFR,AFR,Africa
SEN,1998,6505607913.82443,Senegal,AFR,AFR,Africa
SEN,1999,6592834929.38994,Senegal,AFR,AFR,Africa
SEN,2000,6013185003.70967,Senegal,AFR,AFR,Africa
SEN,2001,6507824826.95024,Senegal,AFR,AFR,Africa
SEN,2002,7006402324.84511,Senegal,AFR,AFR,Africa
SEN,2003,8768721560.57422,Senegal,AFR,AFR,Africa
SEN,2004,10076816661.048,Senegal,AFR,AFR,Africa
SEN,2005,11009033445.2548,Senegal,AFR,AFR,Africa
SEN,2006,11697918245.3507,Senegal,AFR,AFR,Africa
SEN,2007,13994218399.034,Senegal,AFR,AFR,Africa
SEN,2008,16853989611.1933,Senegal,AFR,AFR,Africa
SEN,2009,16145867483.2198,Senegal,AFR,AFR,Africa
SEN,2010,16121315901.8117,Senegal,AFR,AFR,Africa
SEN,2011,17814283649.9367,Senegal,AFR,AFR,Africa
SEN,2012,17660870395.8103,Senegal,AFR,AFR,Africa
SEN,2013,18918667730.5417,Senegal,AFR,AFR,Africa
SEN,2014,19797253445.2673,Senegal,AFR,AFR,Africa
SEN,2015,17774766696.6987,Senegal,AFR,AFR,Africa
SEN,2016,19040312331.1615,Senegal,AFR,AFR,Africa
SEN,2017,20996562958.501,Senegal,AFR,AFR,Africa
SEN,2018,23116701539.5646,Senegal,AFR,AFR,Africa
SEN,2019,23403995984.9306,Senegal,AFR,AFR,Africa
SLE,1989,932978182.014388,Sierra Leone,AFR,AFR,Africa
SLE,1990,649644812.644707,Sierra Leone,AFR,AFR,Africa
SLE,1991,780098205.215036,Sierra Leone,AFR,AFR,Africa
SLE,1992,679997997.597116,Sierra Leone,AFR,AFR,Africa
SLE,1993,768812334.801762,Sierra Leone,AFR,AFR,Africa
SLE,1994,911915970.683484,Sierra Leone,AFR,AFR,Africa
SLE,1995,870758739.40678,Sierra Leone,AFR,AFR,Africa
SLE,1996,941742152.709895,Sierra Leone,AFR,AFR,Africa
SLE,1997,850218033.622007,Sierra Leone,AFR,AFR,Africa
SLE,1998,672375927.347148,Sierra Leone,AFR,AFR,Africa
SLE,1999,669384768.87263,Sierra Leone,AFR,AFR,Africa
SLE,2000,635874002.198748,Sierra Leone,AFR,AFR,Africa
SLE,2001,1074851475.17873,Sierra Leone,AFR,AFR,Africa
SLE,2002,1236235826.58409,Sierra Leone,AFR,AFR,Africa
SLE,2003,1369685676.56203,Sierra Leone,AFR,AFR,Africa
SLE,2004,1430217080.66487,Sierra Leone,AFR,AFR,Africa
SLE,2005,1627058706.47627,Sierra Leone,AFR,AFR,Africa
SLE,2006,1862116164.80343,Sierra Leone,AFR,AFR,Africa
SLE,2007,2126679686.06845,Sierra Leone,AFR,AFR,Africa
SLE,2008,2451896681.91138,Sierra Leone,AFR,AFR,Africa
SLE,2009,2419014960.19967,Sierra Leone,AFR,AFR,Africa
SLE,2010,2578159479.90083,Sierra Leone,AFR,AFR,Africa
SLE,2011,2932274241.9741,Sierra Leone,AFR,AFR,Africa
SLE,2012,3789251962.27583,Sierra Leone,AFR,AFR,Africa
SLE,2013,4920343203.30269,Sierra Leone,AFR,AFR,Africa
SLE,2014,5015180836.19495,Sierra Leone,AFR,AFR,Africa
SLE,2015,4252029353.82191,Sierra Leone,AFR,AFR,Africa
SLE,2016,3862721204.61052,Sierra Leone,AFR,AFR,Africa
SLE,2017,3719443317.52413,Sierra Leone,AFR,AFR,Africa
SLE,2018,4085114542.06831,Sierra Leone,AFR,AFR,Africa
SLE,2019,4076578653.54714,Sierra Leone,AFR,AFR,Africa
SOM,1989,1092392963.1951,Somalia,AFR,AFR,Africa
SOM,1990,917044228.00846,Somalia,AFR,AFR,Africa
SOM,1991,NA,Somalia,AFR,AFR,Africa
SOM,1992,NA,Somalia,AFR,AFR,Africa
SOM,1993,NA,Somalia,AFR,AFR,Africa
SOM,1994,NA,Somalia,AFR,AFR,Africa
SOM,1995,NA,Somalia,AFR,AFR,Africa
SOM,1996,NA,Somalia,AFR,AFR,Africa
SOM,1997,NA,Somalia,AFR,AFR,Africa
SOM,1998,NA,Somalia,AFR,AFR,Africa
SOM,1999,NA,Somalia,AFR,AFR,Africa
SOM,2000,NA,Somalia,AFR,AFR,Africa
SOM,2001,NA,Somalia,AFR,AFR,Africa
SOM,2002,NA,Somalia,AFR,AFR,Africa
SOM,2003,NA,Somalia,AFR,AFR,Africa
SOM,2004,NA,Somalia,AFR,AFR,Africa
SOM,2005,NA,Somalia,AFR,AFR,Africa
SOM,2006,NA,Somalia,AFR,AFR,Africa
SOM,2007,NA,Somalia,AFR,AFR,Africa
SOM,2008,NA,Somalia,AFR,AFR,Africa
SOM,2009,NA,Somalia,AFR,AFR,Africa
SOM,2010,NA,Somalia,AFR,AFR,Africa
SOM,2011,NA,Somalia,AFR,AFR,Africa
SOM,2012,NA,Somalia,AFR,AFR,Africa
SOM,2013,4577000011.76017,Somalia,AFR,AFR,Africa
SOM,2014,5024999991.72061,Somalia,AFR,AFR,Africa
SOM,2015,5335000000,Somalia,AFR,AFR,Africa
SOM,2016,5534000000,Somalia,AFR,AFR,Africa
SOM,2017,5609000000,Somalia,AFR,AFR,Africa
SOM,2018,5856000006.22021,Somalia,AFR,AFR,Africa
SOM,2019,6485000000,Somalia,AFR,AFR,Africa
SSD,1989,NA,South Sudan,AFR,AFR,Africa
SSD,1990,NA,South Sudan,AFR,AFR,Africa
SSD,1991,NA,South Sudan,AFR,AFR,Africa
SSD,1992,NA,South Sudan,AFR,AFR,Africa
SSD,1993,NA,South Sudan,AFR,AFR,Africa
SSD,1994,NA,South Sudan,AFR,AFR,Africa
SSD,1995,NA,South Sudan,AFR,AFR,Africa
SSD,1996,NA,South Sudan,AFR,AFR,Africa
SSD,1997,NA,South Sudan,AFR,AFR,Africa
SSD,1998,NA,South Sudan,AFR,AFR,Africa
SSD,1999,NA,South Sudan,AFR,AFR,Africa
SSD,2000,NA,South Sudan,AFR,AFR,Africa
SSD,2001,NA,South Sudan,AFR,AFR,Africa
SSD,2002,NA,South Sudan,AFR,AFR,Africa
SSD,2003,NA,South Sudan,AFR,AFR,Africa
SSD,2004,NA,South Sudan,AFR,AFR,Africa
SSD,2005,NA,South Sudan,AFR,AFR,Africa
SSD,2006,NA,South Sudan,AFR,AFR,Africa
SSD,2007,NA,South Sudan,AFR,AFR,Africa
SSD,2008,14586253383.0632,South Sudan,AFR,AFR,Africa
SSD,2009,12231264525.0671,South Sudan,AFR,AFR,Africa
SSD,2010,14602072410.9506,South Sudan,AFR,AFR,Africa
SSD,2011,14907308932.7534,South Sudan,AFR,AFR,Africa
SSD,2012,11931472169.4915,South Sudan,AFR,AFR,Africa
SSD,2013,18426469016.9492,South Sudan,AFR,AFR,Africa
SSD,2014,13962212847.4576,South Sudan,AFR,AFR,Africa
SSD,2015,11997800760.2242,South Sudan,AFR,AFR,Africa
SSD,2016,11997800760.2242,South Sudan,AFR,AFR,Africa
SSD,2017,11997800760.2242,South Sudan,AFR,AFR,Africa
SSD,2018,11997800760.2242,South Sudan,AFR,AFR,Africa
SSD,2019,11997800760.2242,South Sudan,AFR,AFR,Africa
STP,1989,NA,Sao Tome and Principe,AFR,AFR,Africa
STP,1990,NA,Sao Tome and Principe,AFR,AFR,Africa
STP,1991,NA,Sao Tome and Principe,AFR,AFR,Africa
STP,1992,NA,Sao Tome and Principe,AFR,AFR,Africa
STP,1993,NA,Sao Tome and Principe,AFR,AFR,Africa
STP,1994,NA,Sao Tome and Principe,AFR,AFR,Africa
STP,1995,NA,Sao Tome and Principe,AFR,AFR,Africa
STP,1996,NA,Sao Tome and Principe,AFR,AFR,Africa
STP,1997,NA,Sao Tome and Principe,AFR,AFR,Africa
STP,1998,NA,Sao Tome and Principe,AFR,AFR,Africa
STP,1999,NA,Sao Tome and Principe,AFR,AFR,Africa
STP,2000,NA,Sao Tome and Principe,AFR,AFR,Africa
STP,2001,75951131.9461768,Sao Tome and Principe,AFR,AFR,Africa
STP,2002,85171073.8777498,Sao Tome and Principe,AFR,AFR,Africa
STP,2003,102085765.483057,Sao Tome and Principe,AFR,AFR,Africa
STP,2004,114582281.98784,Sao Tome and Principe,AFR,AFR,Africa
STP,2005,136450658.08261,Sao Tome and Principe,AFR,AFR,Africa
STP,2006,142775109.816191,Sao Tome and Principe,AFR,AFR,Africa
STP,2007,149146918.888611,Sao Tome and Principe,AFR,AFR,Africa
STP,2008,188021169.26829,Sao Tome and Principe,AFR,AFR,Africa
STP,2009,187821029.428546,Sao Tome and Principe,AFR,AFR,Africa
STP,2010,196652514.267255,Sao Tome and Principe,AFR,AFR,Africa
STP,2011,231489270.144529,Sao Tome and Principe,AFR,AFR,Africa
STP,2012,250680845.747837,Sao Tome and Principe,AFR,AFR,Africa
STP,2013,300554483.611626,Sao Tome and Principe,AFR,AFR,Africa
STP,2014,346528329.183227,Sao Tome and Principe,AFR,AFR,Africa
STP,2015,316066072.343754,Sao Tome and Principe,AFR,AFR,Africa
STP,2016,345495614.979982,Sao Tome and Principe,AFR,AFR,Africa
STP,2017,375614126.193877,Sao Tome and Principe,AFR,AFR,Africa
STP,2018,412253809.728799,Sao Tome and Principe,AFR,AFR,Africa
STP,2019,427425039.684339,Sao Tome and Principe,AFR,AFR,Africa
SWZ,1989,696921409.513751,Eswatini,AFR,AFR,Africa
SWZ,1990,1114694112.47478,Eswatini,AFR,AFR,Africa
SWZ,1991,1156135717.94598,Eswatini,AFR,AFR,Africa
SWZ,1992,1284759852.46684,Eswatini,AFR,AFR,Africa
SWZ,1993,1357189724.73828,Eswatini,AFR,AFR,Africa
SWZ,1994,1419294121.1812,Eswatini,AFR,AFR,Africa
SWZ,1995,1698989463.99106,Eswatini,AFR,AFR,Africa
SWZ,1996,1602741771.57434,Eswatini,AFR,AFR,Africa
SWZ,1997,1716714194.30934,Eswatini,AFR,AFR,Africa
SWZ,1998,1576908808.80611,Eswatini,AFR,AFR,Africa
SWZ,1999,1547888453.75789,Eswatini,AFR,AFR,Africa
SWZ,2000,1738093756.88208,Eswatini,AFR,AFR,Africa
SWZ,2001,1542477308.89408,Eswatini,AFR,AFR,Africa
SWZ,2002,1432221784.41501,Eswatini,AFR,AFR,Africa
SWZ,2003,2197598417.83694,Eswatini,AFR,AFR,Africa
SWZ,2004,2770082791.50412,Eswatini,AFR,AFR,Africa
SWZ,2005,3178112332.09377,Eswatini,AFR,AFR,Africa
SWZ,2006,3291329938.16407,Eswatini,AFR,AFR,Africa
SWZ,2007,3469381231.49049,Eswatini,AFR,AFR,Africa
SWZ,2008,3294084181.23708,Eswatini,AFR,AFR,Africa
SWZ,2009,3580427985.94816,Eswatini,AFR,AFR,Africa
SWZ,2010,4438765109.49036,Eswatini,AFR,AFR,Africa
SWZ,2011,4820478592.33503,Eswatini,AFR,AFR,Africa
SWZ,2012,4886551706.18441,Eswatini,AFR,AFR,Africa
SWZ,2013,4597552948.64649,Eswatini,AFR,AFR,Africa
SWZ,2014,4422986447.48958,Eswatini,AFR,AFR,Africa
SWZ,2015,4063245671.29285,Eswatini,AFR,AFR,Africa
SWZ,2016,3816019222.86268,Eswatini,AFR,AFR,Africa
SWZ,2017,4402969225.92165,Eswatini,AFR,AFR,Africa
SWZ,2018,4666598023.91856,Eswatini,AFR,AFR,Africa
SWZ,2019,4466214522.19539,Eswatini,AFR,AFR,Africa
SYC,1989,324333385.605606,Seychelles,AFR,AFR,Africa
SYC,1990,392163560.879912,Seychelles,AFR,AFR,Africa
SYC,1991,398307144.759003,Seychelles,AFR,AFR,Africa
SYC,1992,461409398.855893,Seychelles,AFR,AFR,Africa
SYC,1993,504230588.114201,Seychelles,AFR,AFR,Africa
SYC,1994,517570058.151034,Seychelles,AFR,AFR,Africa
SYC,1995,540733047.733048,Seychelles,AFR,AFR,Africa
SYC,1996,535250347.089479,Seychelles,AFR,AFR,Africa
SYC,1997,598967022.07205,Seychelles,AFR,AFR,Africa
SYC,1998,647287375.762528,Seychelles,AFR,AFR,Africa
SYC,1999,662838614.880674,Seychelles,AFR,AFR,Africa
SYC,2000,654212432.437162,Seychelles,AFR,AFR,Africa
SYC,2001,662064193.596574,Seychelles,AFR,AFR,Africa
SYC,2002,742134792.367443,Seychelles,AFR,AFR,Africa
SYC,2003,750847276.441706,Seychelles,AFR,AFR,Africa
SYC,2004,893012218.181818,Seychelles,AFR,AFR,Africa
SYC,2005,977899381.818182,Seychelles,AFR,AFR,Africa
SYC,2006,1081441348.62605,Seychelles,AFR,AFR,Africa
SYC,2007,1077308888.16317,Seychelles,AFR,AFR,Africa
SYC,2008,979597364.9333,Seychelles,AFR,AFR,Africa
SYC,2009,851064318.792141,Seychelles,AFR,AFR,Africa
SYC,2010,981918002.869768,Seychelles,AFR,AFR,Africa
SYC,2011,1059249939.59333,Seychelles,AFR,AFR,Africa
SYC,2012,1089880668.37774,Seychelles,AFR,AFR,Africa
SYC,2013,1324915221.7211,Seychelles,AFR,AFR,Africa
SYC,2014,1387576413.85839,Seychelles,AFR,AFR,Africa
SYC,2015,1391427967.33495,Seychelles,AFR,AFR,Africa
SYC,2016,1458954109.81959,Seychelles,AFR,AFR,Africa
SYC,2017,1529773286.49646,Seychelles,AFR,AFR,Africa
SYC,2018,1587813245.28225,Seychelles,AFR,AFR,Africa
SYC,2019,1645090567.04612,Seychelles,AFR,AFR,Africa
TCD,1989,1433686309.83641,Chad,AFR,AFR,Africa
TCD,1990,1738605558.05436,Chad,AFR,AFR,Africa
TCD,1991,1877137983.02923,Chad,AFR,AFR,Africa
TCD,1992,1881847671.47122,Chad,AFR,AFR,Africa
TCD,1993,1463251161.33494,Chad,AFR,AFR,Africa
TCD,1994,1179837963.95379,Chad,AFR,AFR,Africa
TCD,1995,1445919894.86249,Chad,AFR,AFR,Africa
TCD,1996,1607345354.92671,Chad,AFR,AFR,Africa
TCD,1997,1544689575.99186,Chad,AFR,AFR,Africa
TCD,1998,1744794532.49364,Chad,AFR,AFR,Africa
TCD,1999,1534673583.2487,Chad,AFR,AFR,Africa
TCD,2000,1388506771.52623,Chad,AFR,AFR,Africa
TCD,2001,1710843376.39331,Chad,AFR,AFR,Africa
TCD,2002,1997005710.26555,Chad,AFR,AFR,Africa
TCD,2003,2742815070.75867,Chad,AFR,AFR,Africa
TCD,2004,4422855658.38043,Chad,AFR,AFR,Africa
TCD,2005,6649307528.06238,Chad,AFR,AFR,Africa
TCD,2006,7428701455.40565,Chad,AFR,AFR,Africa
TCD,2007,8650137734.71637,Chad,AFR,AFR,Africa
TCD,2008,10393833755.2791,Chad,AFR,AFR,Africa
TCD,2009,9290728312.24383,Chad,AFR,AFR,Africa
TCD,2010,10668103549.3123,Chad,AFR,AFR,Africa
TCD,2011,12172308858.2993,Chad,AFR,AFR,Africa
TCD,2012,12367362746.1307,Chad,AFR,AFR,Africa
TCD,2013,12953534870.304,Chad,AFR,AFR,Africa
TCD,2014,13940767222.1053,Chad,AFR,AFR,Africa
TCD,2015,10950392257.2764,Chad,AFR,AFR,Africa
TCD,2016,10097778097.0969,Chad,AFR,AFR,Africa
TCD,2017,10000394388.1158,Chad,AFR,AFR,Africa
TCD,2018,11239167890.281601,Chad,AFR,AFR,Africa
TCD,2019,11314951088.2451,Chad,AFR,AFR,Africa
TGO,1989,1838552523.37741,Togo,AFR,AFR,Africa
TGO,1990,2212905422.64086,Togo,AFR,AFR,Africa
TGO,1991,2177399825.45509,Togo,AFR,AFR,Africa
TGO,1992,2300598696.19391,Togo,AFR,AFR,Africa
TGO,1993,1676225629.24127,Togo,AFR,AFR,Africa
TGO,1994,1335309429.65899,Togo,AFR,AFR,Africa
TGO,1995,1779348593.14893,Togo,AFR,AFR,Africa
TGO,1996,1991429217.6411,Togo,AFR,AFR,Africa
TGO,1997,2036956850.59888,Togo,AFR,AFR,Africa
TGO,1998,2157078792.4713,Togo,AFR,AFR,Africa
TGO,1999,2142574540.97524,Togo,AFR,AFR,Africa
TGO,2000,2027363116.95413,Togo,AFR,AFR,Africa
TGO,2001,2014516700.52675,Togo,AFR,AFR,Africa
TGO,2002,2319268823.40971,Togo,AFR,AFR,Africa
TGO,2003,2875255592.53666,Togo,AFR,AFR,Africa
TGO,2004,3071152629.2959,Togo,AFR,AFR,Africa
TGO,2005,3100356551.92876,Togo,AFR,AFR,Africa
TGO,2006,3195618966.30736,Togo,AFR,AFR,Africa
TGO,2007,3618281293.07928,Togo,AFR,AFR,Africa
TGO,2008,4516616223.91031,Togo,AFR,AFR,Africa
TGO,2009,4592147227.9068,Togo,AFR,AFR,Africa
TGO,2010,4660369658.37123,Togo,AFR,AFR,Africa
TGO,2011,5262368232.30347,Togo,AFR,AFR,Africa
TGO,2012,5263522037.22724,Togo,AFR,AFR,Africa
TGO,2013,5872790935.48729,Togo,AFR,AFR,Africa
TGO,2014,6217047648.63985,Togo,AFR,AFR,Africa
TGO,2015,5681469374.10362,Togo,AFR,AFR,Africa
TGO,2016,6031632014.86013,Togo,AFR,AFR,Africa
TGO,2017,6395472028.24361,Togo,AFR,AFR,Africa
TGO,2018,7029217931.75029,Togo,AFR,AFR,Africa
TGO,2019,6992656428.93581,Togo,AFR,AFR,Africa
TUN,1989,10101853518.0853,Tunisia,AFR,AFR,Africa
TUN,1990,12290568181.8182,Tunisia,AFR,AFR,Africa
TUN,1991,13074782608.6957,Tunisia,AFR,AFR,Africa
TUN,1992,15496702219.8771,Tunisia,AFR,AFR,Africa
TUN,1993,14608340459.4475,Tunisia,AFR,AFR,Africa
TUN,1994,15633171728.3223,Tunisia,AFR,AFR,Africa
TUN,1995,18030876599.3444,Tunisia,AFR,AFR,Africa
TUN,1996,19587155099.3502,Tunisia,AFR,AFR,Africa
TUN,1997,20746204100.7016,Tunisia,AFR,AFR,Africa
TUN,1998,21802893587.126,Tunisia,AFR,AFR,Africa
TUN,1999,22943202174.9668,Tunisia,AFR,AFR,Africa
TUN,2000,21473522938.6803,Tunisia,AFR,AFR,Africa
TUN,2001,22065840117.4661,Tunisia,AFR,AFR,Africa
TUN,2002,23141611178.8428,Tunisia,AFR,AFR,Africa
TUN,2003,27453895158.9433,Tunisia,AFR,AFR,Africa
TUN,2004,31183893587.4103,Tunisia,AFR,AFR,Africa
TUN,2005,32272178403.5147,Tunisia,AFR,AFR,Africa
TUN,2006,34376664600.5898,Tunisia,AFR,AFR,Africa
TUN,2007,38915343743.2934,Tunisia,AFR,AFR,Africa
TUN,2008,44859452038.1178,Tunisia,AFR,AFR,Africa
TUN,2009,43455740497.3061,Tunisia,AFR,AFR,Africa
TUN,2010,46206091937.9628,Tunisia,AFR,AFR,Africa
TUN,2011,48123314430.4878,Tunisia,AFR,AFR,Africa
TUN,2012,47311411909.7034,Tunisia,AFR,AFR,Africa
TUN,2013,48685436425.0946,Tunisia,AFR,AFR,Africa
TUN,2014,50271812920.612,Tunisia,AFR,AFR,Africa
TUN,2015,45779494041.9295,Tunisia,AFR,AFR,Africa
TUN,2016,44360065796.6202,Tunisia,AFR,AFR,Africa
TUN,2017,42163530590.9462,Tunisia,AFR,AFR,Africa
TUN,2018,42686509835.5287,Tunisia,AFR,AFR,Africa
TUN,2019,41905637658.6053,Tunisia,AFR,AFR,Africa
TZA,1989,4420167588.57625,United Republic of Tanzania,AFR,AFR,Africa
TZA,1990,4258742898.93795,United Republic of Tanzania,AFR,AFR,Africa
TZA,1991,4956587901.61865,United Republic of Tanzania,AFR,AFR,Africa
TZA,1992,4601413521.13102,United Republic of Tanzania,AFR,AFR,Africa
TZA,1993,4257702021.44302,United Republic of Tanzania,AFR,AFR,Africa
TZA,1994,4510847189.15431,United Republic of Tanzania,AFR,AFR,Africa
TZA,1995,5255221043.83861,United Republic of Tanzania,AFR,AFR,Africa
TZA,1996,6496195823.96993,United Republic of Tanzania,AFR,AFR,Africa
TZA,1997,7683852496.84499,United Republic of Tanzania,AFR,AFR,Africa
TZA,1998,12270448546.3584,United Republic of Tanzania,AFR,AFR,Africa
TZA,1999,12711213451.034,United Republic of Tanzania,AFR,AFR,Africa
TZA,2000,13375976353.6994,United Republic of Tanzania,AFR,AFR,Africa
TZA,2001,13581644245.7352,United Republic of Tanzania,AFR,AFR,Africa
TZA,2002,14142035080.2849,United Republic of Tanzania,AFR,AFR,Africa
TZA,2003,15224257698.482,United Republic of Tanzania,AFR,AFR,Africa
TZA,2004,16675948414.7573,United Republic of Tanzania,AFR,AFR,Africa
TZA,2005,18399046025.2688,United Republic of Tanzania,AFR,AFR,Africa
TZA,2006,18649590248.2626,United Republic of Tanzania,AFR,AFR,Africa
TZA,2007,21843529024.9154,United Republic of Tanzania,AFR,AFR,Africa
TZA,2008,27961527622.7154,United Republic of Tanzania,AFR,AFR,Africa
TZA,2009,29081826158.6787,United Republic of Tanzania,AFR,AFR,Africa
TZA,2010,32014247547.5146,United Republic of Tanzania,AFR,AFR,Africa
TZA,2011,34657141720.6759,United Republic of Tanzania,AFR,AFR,Africa
TZA,2012,39650522645.9811,United Republic of Tanzania,AFR,AFR,Africa
TZA,2013,45680532613.7591,United Republic of Tanzania,AFR,AFR,Africa
TZA,2014,49964825081.1078,United Republic of Tanzania,AFR,AFR,Africa
TZA,2015,47378603783.6471,United Republic of Tanzania,AFR,AFR,Africa
TZA,2016,49774004999.2038,United Republic of Tanzania,AFR,AFR,Africa
TZA,2017,53275968094.8533,United Republic of Tanzania,AFR,AFR,Africa
TZA,2018,57003686049.4102,United Republic of Tanzania,AFR,AFR,Africa
TZA,2019,61026765850.3054,United Republic of Tanzania,AFR,AFR,Africa
UGA,1989,5276480789.75396,Uganda,AFR,AFR,Africa
UGA,1990,4304399314.79883,Uganda,AFR,AFR,Africa
UGA,1991,3321729157.61296,Uganda,AFR,AFR,Africa
UGA,1992,2857457760.91789,Uganda,AFR,AFR,Africa
UGA,1993,3220439044.18949,Uganda,AFR,AFR,Africa
UGA,1994,3990430446.71216,Uganda,AFR,AFR,Africa
UGA,1995,5755818844.54988,Uganda,AFR,AFR,Africa
UGA,1996,6044585326.938,Uganda,AFR,AFR,Africa
UGA,1997,6269333313.17108,Uganda,AFR,AFR,Africa
UGA,1998,6584815846.52754,Uganda,AFR,AFR,Africa
UGA,1999,5998563257.94659,Uganda,AFR,AFR,Africa
UGA,2000,6193246837.09687,Uganda,AFR,AFR,Africa
UGA,2001,5840503868.57246,Uganda,AFR,AFR,Africa
UGA,2002,6178563590.89254,Uganda,AFR,AFR,Africa
UGA,2003,6606884273.84919,Uganda,AFR,AFR,Africa
UGA,2004,7939487548.40605,Uganda,AFR,AFR,Africa
UGA,2005,9239221760.48232,Uganda,AFR,AFR,Africa
UGA,2006,9977647685.28515,Uganda,AFR,AFR,Africa
UGA,2007,11902564496.6908,Uganda,AFR,AFR,Africa
UGA,2008,14440404136.5669,Uganda,AFR,AFR,Africa
UGA,2009,25127805566.4511,Uganda,AFR,AFR,Africa
UGA,2010,26673441432.4579,Uganda,AFR,AFR,Africa
UGA,2011,27871725245.1688,Uganda,AFR,AFR,Africa
UGA,2012,27305915907.9939,Uganda,AFR,AFR,Africa
UGA,2013,28915786520.3935,Uganda,AFR,AFR,Africa
UGA,2014,32612397253.2395,Uganda,AFR,AFR,Africa
UGA,2015,32387183733.0207,Uganda,AFR,AFR,Africa
UGA,2016,29203988697.459,Uganda,AFR,AFR,Africa
UGA,2017,30744473839.7439,Uganda,AFR,AFR,Africa
UGA,2018,32927025621.3848,Uganda,AFR,AFR,Africa
UGA,2019,35348155092.292,Uganda,AFR,AFR,Africa
ZAF,1989,108055603481.557,South Africa,AFR,AFR,Africa
ZAF,1990,126048148261.474,South Africa,AFR,AFR,Africa
ZAF,1991,135203698237.977,South Africa,AFR,AFR,Africa
ZAF,1992,146956142398.778,South Africa,AFR,AFR,Africa
ZAF,1993,147194766334.415,South Africa,AFR,AFR,Africa
ZAF,1994,153512697970.738,South Africa,AFR,AFR,Africa
ZAF,1995,171735933897.331,South Africa,AFR,AFR,Africa
ZAF,1996,163234919052.67,South Africa,AFR,AFR,Africa
ZAF,1997,168978069551.36,South Africa,AFR,AFR,Africa
ZAF,1998,152982979945.103,South Africa,AFR,AFR,Africa
ZAF,1999,151516952945.154,South Africa,AFR,AFR,Africa
ZAF,2000,151752749926.331,South Africa,AFR,AFR,Africa
ZAF,2001,135429908544.338,South Africa,AFR,AFR,Africa
ZAF,2002,129087560694.625,South Africa,AFR,AFR,Africa
ZAF,2003,197018960967.972,South Africa,AFR,AFR,Africa
ZAF,2004,255806928394.811,South Africa,AFR,AFR,Africa
ZAF,2005,288867202055.144,South Africa,AFR,AFR,Africa
ZAF,2006,303858667884.835,South Africa,AFR,AFR,Africa
ZAF,2007,333077117253.684,South Africa,AFR,AFR,Africa
ZAF,2008,316131245860.682,South Africa,AFR,AFR,Africa
ZAF,2009,329754054488.855,South Africa,AFR,AFR,Africa
ZAF,2010,417363825016.286,South Africa,AFR,AFR,Africa
ZAF,2011,458199486480.576,South Africa,AFR,AFR,Africa
ZAF,2012,434400545085.811,South Africa,AFR,AFR,Africa
ZAF,2013,400886013595.573,South Africa,AFR,AFR,Africa
ZAF,2014,381198869776.106,South Africa,AFR,AFR,Africa
ZAF,2015,346709790458.563,South Africa,AFR,AFR,Africa
ZAF,2016,323585509674.481,South Africa,AFR,AFR,Africa
ZAF,2017,381448814653.456,South Africa,AFR,AFR,Africa
ZAF,2018,404158882459.024,South Africa,AFR,AFR,Africa
ZAF,2019,388531226582.351,South Africa,AFR,AFR,Africa
ZMB,1989,3994673161.02649,Zambia,AFR,AFR,Africa
ZMB,1990,3285217391.30435,Zambia,AFR,AFR,Africa
ZMB,1991,3376806697.1218,Zambia,AFR,AFR,Africa
ZMB,1992,3181921787.7095,Zambia,AFR,AFR,Africa
ZMB,1993,3273507753.87841,Zambia,AFR,AFR,Africa
ZMB,1994,3656808232.64295,Zambia,AFR,AFR,Africa
ZMB,1995,3806982678.89363,Zambia,AFR,AFR,Africa
ZMB,1996,3597220962.00017,Zambia,AFR,AFR,Africa
ZMB,1997,4303290116.56546,Zambia,AFR,AFR,Africa
ZMB,1998,3537741625.24395,Zambia,AFR,AFR,Africa
ZMB,1999,3404284652.93585,Zambia,AFR,AFR,Africa
ZMB,2000,3600631918.50658,Zambia,AFR,AFR,Africa
ZMB,2001,4094441301.21423,Zambia,AFR,AFR,Africa
ZMB,2002,4193850445.42632,Zambia,AFR,AFR,Africa
ZMB,2003,4901869715.90457,Zambia,AFR,AFR,Africa
ZMB,2004,6221109716.39571,Zambia,AFR,AFR,Africa
ZMB,2005,8331870169.14977,Zambia,AFR,AFR,Africa
ZMB,2006,12756858899.2812,Zambia,AFR,AFR,Africa
ZMB,2007,14056957976.2648,Zambia,AFR,AFR,Africa
ZMB,2008,17910858637.9048,Zambia,AFR,AFR,Africa
ZMB,2009,15328342303.9575,Zambia,AFR,AFR,Africa
ZMB,2010,20265559483.8548,Zambia,AFR,AFR,Africa
ZMB,2011,23459515275.5776,Zambia,AFR,AFR,Africa
ZMB,2012,25503060420.026,Zambia,AFR,AFR,Africa
ZMB,2013,28037239462.7142,Zambia,AFR,AFR,Africa
ZMB,2014,27141023558.0829,Zambia,AFR,AFR,Africa
ZMB,2015,21251216798.7762,Zambia,AFR,AFR,Africa
ZMB,2016,20958412538.3093,Zambia,AFR,AFR,Africa
ZMB,2017,25873601260.8353,Zambia,AFR,AFR,Africa
ZMB,2018,26311506435.0598,Zambia,AFR,AFR,Africa
ZMB,2019,23308667781.2258,Zambia,AFR,AFR,Africa
ZWE,1989,8286322700,Zimbabwe,AFR,AFR,Africa
ZWE,1990,8783816700,Zimbabwe,AFR,AFR,Africa
ZWE,1991,8641481700,Zimbabwe,AFR,AFR,Africa
ZWE,1992,6751472200,Zimbabwe,AFR,AFR,Africa
ZWE,1993,6563813300,Zimbabwe,AFR,AFR,Africa
ZWE,1994,6890675000,Zimbabwe,AFR,AFR,Africa
ZWE,1995,7111270700,Zimbabwe,AFR,AFR,Africa
ZWE,1996,8553146600,Zimbabwe,AFR,AFR,Africa
ZWE,1997,8529571600,Zimbabwe,AFR,AFR,Africa
ZWE,1998,6401968200,Zimbabwe,AFR,AFR,Africa
ZWE,1999,6858013100,Zimbabwe,AFR,AFR,Africa
ZWE,2000,6689957600,Zimbabwe,AFR,AFR,Africa
ZWE,2001,6777384700,Zimbabwe,AFR,AFR,Africa
ZWE,2002,6342116400,Zimbabwe,AFR,AFR,Africa
ZWE,2003,5727591800,Zimbabwe,AFR,AFR,Africa
ZWE,2004,5805598400,Zimbabwe,AFR,AFR,Africa
ZWE,2005,5755215200,Zimbabwe,AFR,AFR,Africa
ZWE,2006,5443896500,Zimbabwe,AFR,AFR,Africa
ZWE,2007,5291950100,Zimbabwe,AFR,AFR,Africa
ZWE,2008,4415702800,Zimbabwe,AFR,AFR,Africa
ZWE,2009,9665793300,Zimbabwe,AFR,AFR,Africa
ZWE,2010,12041655200,Zimbabwe,AFR,AFR,Africa
ZWE,2011,14101920300,Zimbabwe,AFR,AFR,Africa
ZWE,2012,17114849900,Zimbabwe,AFR,AFR,Africa
ZWE,2013,19091020000,Zimbabwe,AFR,AFR,Africa
ZWE,2014,19495519600,Zimbabwe,AFR,AFR,Africa
ZWE,2015,19963120600,Zimbabwe,AFR,AFR,Africa
ZWE,2016,20548678100,Zimbabwe,AFR,AFR,Africa
ZWE,2017,17584890936.6523,Zimbabwe,AFR,AFR,Africa
ZWE,2018,34156069918.0609,Zimbabwe,AFR,AFR,Africa
ZWE,2019,21832234925.5021,Zimbabwe,AFR,AFR,Africa
CHN,1989,347768051311.741,China,EAS,EAS,Eastern Asia
CHN,1990,360857912565.966,China,EAS,EAS,Eastern Asia
CHN,1991,383373318083.624,China,EAS,EAS,Eastern Asia
CHN,1992,426915712715.856,China,EAS,EAS,Eastern Asia
CHN,1993,444731282435.515,China,EAS,EAS,Eastern Asia
CHN,1994,564321876346.387,China,EAS,EAS,Eastern Asia
CHN,1995,734484863889.36,China,EAS,EAS,Eastern Asia
CHN,1996,863749314718.538,China,EAS,EAS,Eastern Asia
CHN,1997,961602019650.615,China,EAS,EAS,Eastern Asia
CHN,1998,1029060706187.88,China,EAS,EAS,Eastern Asia
CHN,1999,1094010482677.39,China,EAS,EAS,Eastern Asia
CHN,2000,1211331627479,China,EAS,EAS,Eastern Asia
CHN,2001,1339400843164.88,China,EAS,EAS,Eastern Asia
CHN,2002,1470557565965.51,China,EAS,EAS,Eastern Asia
CHN,2003,1660280610709.71,China,EAS,EAS,Eastern Asia
CHN,2004,1955346808095.44,China,EAS,EAS,Eastern Asia
CHN,2005,2285961242869.55,China,EAS,EAS,Eastern Asia
CHN,2006,2752118542130.4,China,EAS,EAS,Eastern Asia
CHN,2007,3550327569655.47,China,EAS,EAS,Eastern Asia
CHN,2008,4594336785737.67,China,EAS,EAS,Eastern Asia
CHN,2009,5101691085625.95,China,EAS,EAS,Eastern Asia
CHN,2010,6087191720866.69,China,EAS,EAS,Eastern Asia
CHN,2011,7551545321799.88,China,EAS,EAS,Eastern Asia
CHN,2012,8532185615746.62,China,EAS,EAS,Eastern Asia
CHN,2013,9570470577244.86,China,EAS,EAS,Eastern Asia
CHN,2014,10475624783235.6,China,EAS,EAS,Eastern Asia
CHN,2015,11061573199439.7,China,EAS,EAS,Eastern Asia
CHN,2016,11233314018690.1,China,EAS,EAS,Eastern Asia
CHN,2017,12310491176727.3,China,EAS,EAS,Eastern Asia
CHN,2018,13894907485398.9,China,EAS,EAS,Eastern Asia
CHN,2019,14279968485748,China,EAS,EAS,Eastern Asia
HKG,1989,68790222117.7576,"Hong Kong SAR, China",EAS,EAS,Eastern Asia
HKG,1990,76928784620.8158,"Hong Kong SAR, China",EAS,EAS,Eastern Asia
HKG,1991,88960001715.744,"Hong Kong SAR, China",EAS,EAS,Eastern Asia
HKG,1992,104272503148.988,"Hong Kong SAR, China",EAS,EAS,Eastern Asia
HKG,1993,120354207288.828,"Hong Kong SAR, China",EAS,EAS,Eastern Asia
HKG,1994,135811776884.01,"Hong Kong SAR, China",EAS,EAS,Eastern Asia
HKG,1995,144652289130.669,"Hong Kong SAR, China",EAS,EAS,Eastern Asia
HKG,1996,159718180108.942,"Hong Kong SAR, China",EAS,EAS,Eastern Asia
HKG,1997,177353167213.821,"Hong Kong SAR, China",EAS,EAS,Eastern Asia
HKG,1998,168885436391.806,"Hong Kong SAR, China",EAS,EAS,Eastern Asia
HKG,1999,165768095391.557,"Hong Kong SAR, China",EAS,EAS,Eastern Asia
HKG,2000,171668898538.944,"Hong Kong SAR, China",EAS,EAS,Eastern Asia
HKG,2001,169404327616.605,"Hong Kong SAR, China",EAS,EAS,Eastern Asia
HKG,2002,166348873240.942,"Hong Kong SAR, China",EAS,EAS,Eastern Asia
HKG,2003,161385558801.811,"Hong Kong SAR, China",EAS,EAS,Eastern Asia
HKG,2004,169099768875.193,"Hong Kong SAR, China",EAS,EAS,Eastern Asia
HKG,2005,181569303960.226,"Hong Kong SAR, China",EAS,EAS,Eastern Asia
HKG,2006,193535434591.37,"Hong Kong SAR, China",EAS,EAS,Eastern Asia
HKG,2007,211596953544.762,"Hong Kong SAR, China",EAS,EAS,Eastern Asia
HKG,2008,219278739753.002,"Hong Kong SAR, China",EAS,EAS,Eastern Asia
HKG,2009,214047795659.045,"Hong Kong SAR, China",EAS,EAS,Eastern Asia
HKG,2010,228638678536.952,"Hong Kong SAR, China",EAS,EAS,Eastern Asia
HKG,2011,248513617677.287,"Hong Kong SAR, China",EAS,EAS,Eastern Asia
HKG,2012,262628877166.217,"Hong Kong SAR, China",EAS,EAS,Eastern Asia
HKG,2013,275696879834.966,"Hong Kong SAR, China",EAS,EAS,Eastern Asia
HKG,2014,291459983449.58,"Hong Kong SAR, China",EAS,EAS,Eastern Asia
HKG,2015,309385622601.348,"Hong Kong SAR, China",EAS,EAS,Eastern Asia
HKG,2016,320860317562.562,"Hong Kong SAR, China",EAS,EAS,Eastern Asia
HKG,2017,341273289534.466,"Hong Kong SAR, China",EAS,EAS,Eastern Asia
HKG,2018,361731070995.726,"Hong Kong SAR, China",EAS,EAS,Eastern Asia
HKG,2019,363074560517.276,"Hong Kong SAR, China",EAS,EAS,Eastern Asia
KOR,1989,246927292765.02,"Korea, Rep.",EAS,EAS,Eastern Asia
KOR,1990,283367525714.932,"Korea, Rep.",EAS,EAS,Eastern Asia
KOR,1991,330648530715.211,"Korea, Rep.",EAS,EAS,Eastern Asia
KOR,1992,355525267405.367,"Korea, Rep.",EAS,EAS,Eastern Asia
KOR,1993,392666101884.959,"Korea, Rep.",EAS,EAS,Eastern Asia
KOR,1994,463617399962.661,"Korea, Rep.",EAS,EAS,Eastern Asia
KOR,1995,566583427334.137,"Korea, Rep.",EAS,EAS,Eastern Asia
KOR,1996,610169556840.077,"Korea, Rep.",EAS,EAS,Eastern Asia
KOR,1997,569754543829.957,"Korea, Rep.",EAS,EAS,Eastern Asia
KOR,1998,383330931042.356,"Korea, Rep.",EAS,EAS,Eastern Asia
KOR,1999,497512659612.052,"Korea, Rep.",EAS,EAS,Eastern Asia
KOR,2000,576178114168.494,"Korea, Rep.",EAS,EAS,Eastern Asia
KOR,2001,547658231279.87,"Korea, Rep.",EAS,EAS,Eastern Asia
KOR,2002,627246081417.004,"Korea, Rep.",EAS,EAS,Eastern Asia
KOR,2003,702717332012.991,"Korea, Rep.",EAS,EAS,Eastern Asia
KOR,2004,793175007858.066,"Korea, Rep.",EAS,EAS,Eastern Asia
KOR,2005,934901101762.491,"Korea, Rep.",EAS,EAS,Eastern Asia
KOR,2006,1053216892422.02,"Korea, Rep.",EAS,EAS,Eastern Asia
KOR,2007,1172614134912.05,"Korea, Rep.",EAS,EAS,Eastern Asia
KOR,2008,1047339041903.85,"Korea, Rep.",EAS,EAS,Eastern Asia
KOR,2009,943941876218.743,"Korea, Rep.",EAS,EAS,Eastern Asia
KOR,2010,1144066965324.49,"Korea, Rep.",EAS,EAS,Eastern Asia
KOR,2011,1253223044718.99,"Korea, Rep.",EAS,EAS,Eastern Asia
KOR,2012,1278427634342.59,"Korea, Rep.",EAS,EAS,Eastern Asia
KOR,2013,1370795199976.18,"Korea, Rep.",EAS,EAS,Eastern Asia
KOR,2014,1484318219633.63,"Korea, Rep.",EAS,EAS,Eastern Asia
KOR,2015,1465773245547.15,"Korea, Rep.",EAS,EAS,Eastern Asia
KOR,2016,1500111596236.37,"Korea, Rep.",EAS,EAS,Eastern Asia
KOR,2017,1623901496835.79,"Korea, Rep.",EAS,EAS,Eastern Asia
KOR,2018,1724845615629.26,"Korea, Rep.",EAS,EAS,Eastern Asia
KOR,2019,1651422932447.77,"Korea, Rep.",EAS,EAS,Eastern Asia
MAC,1989,2705665379.75616,"Macao SAR, China",EAS,EAS,Eastern Asia
MAC,1990,3246481368.16,"Macao SAR, China",EAS,EAS,Eastern Asia
MAC,1991,3765249711.09098,"Macao SAR, China",EAS,EAS,Eastern Asia
MAC,1992,4914365394.52545,"Macao SAR, China",EAS,EAS,Eastern Asia
MAC,1993,5665606114.80317,"Macao SAR, China",EAS,EAS,Eastern Asia
MAC,1994,6311207515.64538,"Macao SAR, China",EAS,EAS,Eastern Asia
MAC,1995,7046147442.13921,"Macao SAR, China",EAS,EAS,Eastern Asia
MAC,1996,7176892950.39164,"Macao SAR, China",EAS,EAS,Eastern Asia
MAC,1997,7267571196.45572,"Macao SAR, China",EAS,EAS,Eastern Asia
MAC,1998,6797792474.19192,"Macao SAR, China",EAS,EAS,Eastern Asia
MAC,1999,6547670439.26,"Macao SAR, China",EAS,EAS,Eastern Asia
MAC,2000,6774193548.3871,"Macao SAR, China",EAS,EAS,Eastern Asia
MAC,2001,6860272608.45211,"Macao SAR, China",EAS,EAS,Eastern Asia
MAC,2002,7371692468.55849,"Macao SAR, China",EAS,EAS,Eastern Asia
MAC,2003,8246479394.59577,"Macao SAR, China",EAS,EAS,Eastern Asia
MAC,2004,10643253442.6232,"Macao SAR, China",EAS,EAS,Eastern Asia
MAC,2005,12160056754.8373,"Macao SAR, China",EAS,EAS,Eastern Asia
MAC,2006,14874098382.0863,"Macao SAR, China",EAS,EAS,Eastern Asia
MAC,2007,18439981803.6347,"Macao SAR, China",EAS,EAS,Eastern Asia
MAC,2008,21027018551.1485,"Macao SAR, China",EAS,EAS,Eastern Asia
MAC,2009,21587786004.5882,"Macao SAR, China",EAS,EAS,Eastern Asia
MAC,2010,28241799668.0086,"Macao SAR, China",EAS,EAS,Eastern Asia
MAC,2011,36845887225.4296,"Macao SAR, China",EAS,EAS,Eastern Asia
MAC,2012,43189724079.7668,"Macao SAR, China",EAS,EAS,Eastern Asia
MAC,2013,51536592939.0332,"Macao SAR, China",EAS,EAS,Eastern Asia
MAC,2014,54902831793.5018,"Macao SAR, China",EAS,EAS,Eastern Asia
MAC,2015,45048188247.6458,"Macao SAR, China",EAS,EAS,Eastern Asia
MAC,2016,45070807279.6288,"Macao SAR, China",EAS,EAS,Eastern Asia
MAC,2017,50440935654.0075,"Macao SAR, China",EAS,EAS,Eastern Asia
MAC,2018,55284309690.2698,"Macao SAR, China",EAS,EAS,Eastern Asia
MAC,2019,55204960999.5882,"Macao SAR, China",EAS,EAS,Eastern Asia
MNG,1989,3576966800,Mongolia,EAS,EAS,Eastern Asia
MNG,1990,2560785660,Mongolia,EAS,EAS,Eastern Asia
MNG,1991,2379018326.31579,Mongolia,EAS,EAS,Eastern Asia
MNG,1992,1317611863.84977,Mongolia,EAS,EAS,Eastern Asia
MNG,1993,768401634.154573,Mongolia,EAS,EAS,Eastern Asia
MNG,1994,925817092.217484,Mongolia,EAS,EAS,Eastern Asia
MNG,1995,1452165005.2384,Mongolia,EAS,EAS,Eastern Asia
MNG,1996,1345719472.35883,Mongolia,EAS,EAS,Eastern Asia
MNG,1997,1180934202.83801,Mongolia,EAS,EAS,Eastern Asia
MNG,1998,1124440204.40161,Mongolia,EAS,EAS,Eastern Asia
MNG,1999,1057408588.68269,Mongolia,EAS,EAS,Eastern Asia
MNG,2000,1136896123.61298,Mongolia,EAS,EAS,Eastern Asia
MNG,2001,1267997934.3125,Mongolia,EAS,EAS,Eastern Asia
MNG,2002,1396555719.97409,Mongolia,EAS,EAS,Eastern Asia
MNG,2003,1595297355.78349,Mongolia,EAS,EAS,Eastern Asia
MNG,2004,1992066808.09598,Mongolia,EAS,EAS,Eastern Asia
MNG,2005,2523471601.80211,Mongolia,EAS,EAS,Eastern Asia
MNG,2006,3414055662.58063,Mongolia,EAS,EAS,Eastern Asia
MNG,2007,4234999702.69446,Mongolia,EAS,EAS,Eastern Asia
MNG,2008,5623216609.65069,Mongolia,EAS,EAS,Eastern Asia
MNG,2009,4583850367.88972,Mongolia,EAS,EAS,Eastern Asia
MNG,2010,7189482000.66686,Mongolia,EAS,EAS,Eastern Asia
MNG,2011,10409797375.1152,Mongolia,EAS,EAS,Eastern Asia
MNG,2012,12292770631.1967,Mongolia,EAS,EAS,Eastern Asia
MNG,2013,12582122604.1921,Mongolia,EAS,EAS,Eastern Asia
MNG,2014,12226514666.0404,Mongolia,EAS,EAS,Eastern Asia
MNG,2015,11619892592.6599,Mongolia,EAS,EAS,Eastern Asia
MNG,2016,11181350649.2247,Mongolia,EAS,EAS,Eastern Asia
MNG,2017,11480847740.0839,Mongolia,EAS,EAS,Eastern Asia
MNG,2018,13178094719.8612,Mongolia,EAS,EAS,Eastern Asia
MNG,2019,14206359016.4014,Mongolia,EAS,EAS,Eastern Asia
ALB,1989,2253090000,Albania,EUR,EUR,Europe
ALB,1990,2028553750,Albania,EUR,EUR,Europe
ALB,1991,1099559027.77778,Albania,EUR,EUR,Europe
ALB,1992,652174990.837304,Albania,EUR,EUR,Europe
ALB,1993,1185315468.46295,Albania,EUR,EUR,Europe
ALB,1994,1880950857.78702,Albania,EUR,EUR,Europe
ALB,1995,2392764853.42107,Albania,EUR,EUR,Europe
ALB,1996,3199640825.62258,Albania,EUR,EUR,Europe
ALB,1997,2258513974.0968,Albania,EUR,EUR,Europe
ALB,1998,2545964540.88383,Albania,EUR,EUR,Europe
ALB,1999,3212121650.97755,Albania,EUR,EUR,Europe
ALB,2000,3480355258.04122,Albania,EUR,EUR,Europe
ALB,2001,3922100793.5403,Albania,EUR,EUR,Europe
ALB,2002,4348068242.19512,Albania,EUR,EUR,Europe
ALB,2003,5611496257.14231,Albania,EUR,EUR,Europe
ALB,2004,7184685781.51876,Albania,EUR,EUR,Europe
ALB,2005,8052077209.3737,Albania,EUR,EUR,Europe
ALB,2006,8896074996.35876,Albania,EUR,EUR,Europe
ALB,2007,10677324872.8286,Albania,EUR,EUR,Europe
ALB,2008,12881352878.2501,Albania,EUR,EUR,Europe
ALB,2009,12044205572.4342,Albania,EUR,EUR,Europe
ALB,2010,11926926654.0521,Albania,EUR,EUR,Europe
ALB,2011,12890760272.5584,Albania,EUR,EUR,Europe
ALB,2012,12319834233.2904,Albania,EUR,EUR,Europe
ALB,2013,12776224537.2743,Albania,EUR,EUR,Europe
ALB,2014,13228147516.1168,Albania,EUR,EUR,Europe
ALB,2015,11386853143.152,Albania,EUR,EUR,Europe
ALB,2016,11861199830.8396,Albania,EUR,EUR,Europe
ALB,2017,13019726211.7369,Albania,EUR,EUR,Europe
ALB,2018,15156424061.9815,Albania,EUR,EUR,Europe
ALB,2019,15401826080.5183,Albania,EUR,EUR,Europe
AND,1989,795489464.025027,Andorra,EUR,EUR,Europe
AND,1990,1028989393.70295,Andorra,EUR,EUR,Europe
AND,1991,1106891024.78653,Andorra,EUR,EUR,Europe
AND,1992,1209992649.56688,Andorra,EUR,EUR,Europe
AND,1993,1007090915.05999,Andorra,EUR,EUR,Europe
AND,1994,1017544675.49713,Andorra,EUR,EUR,Europe
AND,1995,1178745314.32635,Andorra,EUR,EUR,Europe
AND,1996,1224023415.65326,Andorra,EUR,EUR,Europe
AND,1997,1180646068.29262,Andorra,EUR,EUR,Europe
AND,1998,1211953953.56347,Andorra,EUR,EUR,Europe
AND,1999,1239840269.71814,Andorra,EUR,EUR,Europe
AND,2000,1429048105.66618,Andorra,EUR,EUR,Europe
AND,2001,1546912331.8807,Andorra,EUR,EUR,Europe
AND,2002,1755989899.29591,Andorra,EUR,EUR,Europe
AND,2003,2361635782.06019,Andorra,EUR,EUR,Europe
AND,2004,2895047587.11888,Andorra,EUR,EUR,Europe
AND,2005,3159826891.50873,Andorra,EUR,EUR,Europe
AND,2006,3456265061.72065,Andorra,EUR,EUR,Europe
AND,2007,3952397734.85484,Andorra,EUR,EUR,Europe
AND,2008,4085781938.51652,Andorra,EUR,EUR,Europe
AND,2009,3674188228.95025,Andorra,EUR,EUR,Europe
AND,2010,3449925738.83342,Andorra,EUR,EUR,Europe
AND,2011,3629133574.51365,Andorra,EUR,EUR,Europe
AND,2012,3188652765.29297,Andorra,EUR,EUR,Europe
AND,2013,3193512950.01572,Andorra,EUR,EUR,Europe
AND,2014,3271685596.5215,Andorra,EUR,EUR,Europe
AND,2015,2789881258.60547,Andorra,EUR,EUR,Europe
AND,2016,2896610479.86779,Andorra,EUR,EUR,Europe
AND,2017,3000162081.22356,Andorra,EUR,EUR,Europe
AND,2018,3218419896.93327,Andorra,EUR,EUR,Europe
AND,2019,3155149347.92151,Andorra,EUR,EUR,Europe
AUT,1989,133105805512.22,Austria,EUR,EUR,Europe
AUT,1990,166463386179.354,Austria,EUR,EUR,Europe
AUT,1991,173794177961.108,Austria,EUR,EUR,Europe
AUT,1992,195078126721.763,Austria,EUR,EUR,Europe
AUT,1993,190379720809.18,Austria,EUR,EUR,Europe
AUT,1994,203535242741.838,Austria,EUR,EUR,Europe
AUT,1995,241038283062.645,Austria,EUR,EUR,Europe
AUT,1996,237250948791.266,Austria,EUR,EUR,Europe
AUT,1997,212790348404.555,Austria,EUR,EUR,Europe
AUT,1998,218259904401.956,Austria,EUR,EUR,Europe
AUT,1999,217259147049.954,Austria,EUR,EUR,Europe
AUT,2000,197289625479.906,Austria,EUR,EUR,Europe
AUT,2001,197508773215.323,Austria,EUR,EUR,Europe
AUT,2002,214394866675.24,Austria,EUR,EUR,Europe
AUT,2003,262273631180.054,Austria,EUR,EUR,Europe
AUT,2004,301457562038.541,Austria,EUR,EUR,Europe
AUT,2005,316092273276.015,Austria,EUR,EUR,Europe
AUT,2006,336280064332.411,Austria,EUR,EUR,Europe
AUT,2007,389185571506.052,Austria,EUR,EUR,Europe
AUT,2008,432051935642.945,Austria,EUR,EUR,Europe
AUT,2009,401758735822.211,Austria,EUR,EUR,Europe
AUT,2010,392275107258.677,Austria,EUR,EUR,Europe
AUT,2011,431685217367.514,Austria,EUR,EUR,Europe
AUT,2012,409401816050.531,Austria,EUR,EUR,Europe
AUT,2013,430190979705.965,Austria,EUR,EUR,Europe
AUT,2014,442584815286.027,Austria,EUR,EUR,Europe
AUT,2015,381971148530.543,Austria,EUR,EUR,Europe
AUT,2016,395837353031.51,Austria,EUR,EUR,Europe
AUT,2017,417261151844.981,Austria,EUR,EUR,Europe
AUT,2018,454991174096.094,Austria,EUR,EUR,Europe
AUT,2019,444621176100.54,Austria,EUR,EUR,Europe
BEL,1989,164221056511.057,Belgium,EUR,EUR,Europe
BEL,1990,205331747947.851,Belgium,EUR,EUR,Europe
BEL,1991,210510999409.333,Belgium,EUR,EUR,Europe
BEL,1992,234781652446.675,Belgium,EUR,EUR,Europe
BEL,1993,224721795708.955,Belgium,EUR,EUR,Europe
BEL,1994,244884129491.198,Belgium,EUR,EUR,Europe
BEL,1995,288025588396.278,Belgium,EUR,EUR,Europe
BEL,1996,279201433224.756,Belgium,EUR,EUR,Europe
BEL,1997,252708051420.839,Belgium,EUR,EUR,Europe
BEL,1998,258528339631.029,Belgium,EUR,EUR,Europe
BEL,1999,258245733221.468,Belgium,EUR,EUR,Europe
BEL,2000,236792460312.471,Belgium,EUR,EUR,Europe
BEL,2001,236746141604.37,Belgium,EUR,EUR,Europe
BEL,2002,258383599375.177,Belgium,EUR,EUR,Europe
BEL,2003,318082528506.588,Belgium,EUR,EUR,Europe
BEL,2004,369214712443.206,Belgium,EUR,EUR,Europe
BEL,2005,385714762230.039,Belgium,EUR,EUR,Europe
BEL,2006,408259840868.823,Belgium,EUR,EUR,Europe
BEL,2007,470922156309.453,Belgium,EUR,EUR,Europe
BEL,2008,517328087920.078,Belgium,EUR,EUR,Europe
BEL,2009,483254171097.812,Belgium,EUR,EUR,Europe
BEL,2010,481420882905.012,Belgium,EUR,EUR,Europe
BEL,2011,523330354138.137,Belgium,EUR,EUR,Europe
BEL,2012,496152879924.727,Belgium,EUR,EUR,Europe
BEL,2013,521791015247.064,Belgium,EUR,EUR,Europe
BEL,2014,535390200131.009,Belgium,EUR,EUR,Europe
BEL,2015,462335574841.484,Belgium,EUR,EUR,Europe
BEL,2016,476062757356.94,Belgium,EUR,EUR,Europe
BEL,2017,502764720556.358,Belgium,EUR,EUR,Europe
BEL,2018,543299066998.892,Belgium,EUR,EUR,Europe
BEL,2019,535865692402.342,Belgium,EUR,EUR,Europe
BGR,1989,21988444444.4444,Bulgaria,EUR,EUR,Europe
BGR,1990,20632090909.0909,Bulgaria,EUR,EUR,Europe
BGR,1991,10943548387.0968,Bulgaria,EUR,EUR,Europe
BGR,1992,10350515463.9175,Bulgaria,EUR,EUR,Europe
BGR,1993,10832228507.2315,Bulgaria,EUR,EUR,Europe
BGR,1994,9697416974.16974,Bulgaria,EUR,EUR,Europe
BGR,1995,18991531542.7083,Bulgaria,EUR,EUR,Europe
BGR,1996,12294987876.3121,Bulgaria,EUR,EUR,Europe
BGR,1997,11316126257.5839,Bulgaria,EUR,EUR,Europe
BGR,1998,15031052200.5463,Bulgaria,EUR,EUR,Europe
BGR,1999,13627325461.1743,Bulgaria,EUR,EUR,Europe
BGR,2000,13245990274.4581,Bulgaria,EUR,EUR,Europe
BGR,2001,14183443861.6902,Bulgaria,EUR,EUR,Europe
BGR,2002,16403043849.8297,Bulgaria,EUR,EUR,Europe
BGR,2003,21144962058.2885,Bulgaria,EUR,EUR,Europe
BGR,2004,26157744752.7834,Bulgaria,EUR,EUR,Europe
BGR,2005,29868651533.1188,Bulgaria,EUR,EUR,Europe
BGR,2006,34380543845.3973,Bulgaria,EUR,EUR,Europe
BGR,2007,44432811756.4731,Bulgaria,EUR,EUR,Europe
BGR,2008,54480697770.0773,Bulgaria,EUR,EUR,Europe
BGR,2009,52023813557.8158,Bulgaria,EUR,EUR,Europe
BGR,2010,50754203890.7341,Bulgaria,EUR,EUR,Europe
BGR,2011,57735709913.8851,Bulgaria,EUR,EUR,Europe
BGR,2012,54290156342.3767,Bulgaria,EUR,EUR,Europe
BGR,2013,55844245263.8012,Bulgaria,EUR,EUR,Europe
BGR,2014,57159557804.6461,Bulgaria,EUR,EUR,Europe
BGR,2015,50828088835.9428,Bulgaria,EUR,EUR,Europe
BGR,2016,53987487124.3421,Bulgaria,EUR,EUR,Europe
BGR,2017,59343060705.828,Bulgaria,EUR,EUR,Europe
BGR,2018,66399602077.1693,Bulgaria,EUR,EUR,Europe
BGR,2019,68911930627.8977,Bulgaria,EUR,EUR,Europe
BIH,1989,1255802469.1358,Bosnia and Herzegovina,EUR,EUR,Europe
BIH,1990,1255802469.1358,Bosnia and Herzegovina,EUR,EUR,Europe
BIH,1991,1255802469.1358,Bosnia and Herzegovina,EUR,EUR,Europe
BIH,1992,1255802469.1358,Bosnia and Herzegovina,EUR,EUR,Europe
BIH,1993,1255802469.1358,Bosnia and Herzegovina,EUR,EUR,Europe
BIH,1994,1255802469.1358,Bosnia and Herzegovina,EUR,EUR,Europe
BIH,1995,1866572953.73665,Bosnia and Herzegovina,EUR,EUR,Europe
BIH,1996,2786045321.63743,Bosnia and Herzegovina,EUR,EUR,Europe
BIH,1997,3671910025.96515,Bosnia and Herzegovina,EUR,EUR,Europe
BIH,1998,4116775275.40595,Bosnia and Herzegovina,EUR,EUR,Europe
BIH,1999,4686255380.52593,Bosnia and Herzegovina,EUR,EUR,Europe
BIH,2000,5567774049.09534,Bosnia and Herzegovina,EUR,EUR,Europe
BIH,2001,5800616572.16444,Bosnia and Herzegovina,EUR,EUR,Europe
BIH,2002,6728219506.73943,Bosnia and Herzegovina,EUR,EUR,Europe
BIH,2003,8498893357.96025,Bosnia and Herzegovina,EUR,EUR,Europe
BIH,2004,10156541358.1787,Bosnia and Herzegovina,EUR,EUR,Europe
BIH,2005,11222796196.6789,Bosnia and Herzegovina,EUR,EUR,Europe
BIH,2006,12864842268.5435,Bosnia and Herzegovina,EUR,EUR,Europe
BIH,2007,15778737117.2987,Bosnia and Herzegovina,EUR,EUR,Europe
BIH,2008,19112801196.8583,Bosnia and Herzegovina,EUR,EUR,Europe
BIH,2009,17613946109.0187,Bosnia and Herzegovina,EUR,EUR,Europe
BIH,2010,17176320823.1892,Bosnia and Herzegovina,EUR,EUR,Europe
BIH,2011,18644239027.714,Bosnia and Herzegovina,EUR,EUR,Europe
BIH,2012,17226736284.8232,Bosnia and Herzegovina,EUR,EUR,Europe
BIH,2013,18179104548.8804,Bosnia and Herzegovina,EUR,EUR,Europe
BIH,2014,18558731212.8666,Bosnia and Herzegovina,EUR,EUR,Europe
BIH,2015,16404352155.614,Bosnia and Herzegovina,EUR,EUR,Europe
BIH,2016,17116926092.3905,Bosnia and Herzegovina,EUR,EUR,Europe
BIH,2017,18326376394.0796,Bosnia and Herzegovina,EUR,EUR,Europe
BIH,2018,20484048415.5019,Bosnia and Herzegovina,EUR,EUR,Europe
BIH,2019,20482603346.4473,Bosnia and Herzegovina,EUR,EUR,Europe
CHE,1989,208102666687.042,Switzerland,EUR,EUR,Europe
CHE,1990,265771545360.201,Switzerland,EUR,EUR,Europe
CHE,1991,268903256527.525,Switzerland,EUR,EUR,Europe
CHE,1992,279917776400.299,Switzerland,EUR,EUR,Europe
CHE,1993,272234456388.102,Switzerland,EUR,EUR,Europe
CHE,1994,301376707849.169,Switzerland,EUR,EUR,Europe
CHE,1995,352845006670.363,Switzerland,EUR,EUR,Europe
CHE,1996,340101207919.03,Switzerland,EUR,EUR,Europe
CHE,1997,294785659876.836,Switzerland,EUR,EUR,Europe
CHE,1998,303456228792.493,Switzerland,EUR,EUR,Europe
CHE,1999,297882566712.49,Switzerland,EUR,EUR,Europe
CHE,2000,279209007352.669,Switzerland,EUR,EUR,Europe
CHE,2001,286580125206.282,Switzerland,EUR,EUR,Europe
CHE,2002,309299934075.77,Switzerland,EUR,EUR,Europe
CHE,2003,362088305988.747,Switzerland,EUR,EUR,Europe
CHE,2004,403914244451.966,Switzerland,EUR,EUR,Europe
CHE,2005,418292704114.275,Switzerland,EUR,EUR,Europe
CHE,2006,441619409123.416,Switzerland,EUR,EUR,Europe
CHE,2007,490754683815.144,Switzerland,EUR,EUR,Europe
CHE,2008,567273005013.434,Switzerland,EUR,EUR,Europe
CHE,2009,554191679308.884,Switzerland,EUR,EUR,Europe
CHE,2010,598851028906.58,Switzerland,EUR,EUR,Europe
CHE,2011,715888126682.396,Switzerland,EUR,EUR,Europe
CHE,2012,686420221557.99,Switzerland,EUR,EUR,Europe
CHE,2013,706234937370.968,Switzerland,EUR,EUR,Europe
CHE,2014,726537808338,Switzerland,EUR,EUR,Europe
CHE,2015,694118186379.628,Switzerland,EUR,EUR,Europe
CHE,2016,687895460902.713,Switzerland,EUR,EUR,Europe
CHE,2017,695200833086.499,Switzerland,EUR,EUR,Europe
CHE,2018,725562534363.895,Switzerland,EUR,EUR,Europe
CHE,2019,721369112726.724,Switzerland,EUR,EUR,Europe
CYP,1989,4563482603.5503,Cyprus,EUR,EUR,Europe
CYP,1990,5591130217.66965,Cyprus,EUR,EUR,Europe
CYP,1991,5770197348.48485,Cyprus,EUR,EUR,Europe
CYP,1992,6912150456.32334,Cyprus,EUR,EUR,Europe
CYP,1993,6590291048.29211,Cyprus,EUR,EUR,Europe
CYP,1994,7425703928.57143,Cyprus,EUR,EUR,Europe
CYP,1995,9933133247.08926,Cyprus,EUR,EUR,Europe
CYP,1996,10011918444.1656,Cyprus,EUR,EUR,Europe
CYP,1997,9547818700.11403,Cyprus,EUR,EUR,Europe
CYP,1998,10248617647.0588,Cyprus,EUR,EUR,Europe
CYP,1999,10497908306.3646,Cyprus,EUR,EUR,Europe
CYP,2000,9985844486.33365,Cyprus,EUR,EUR,Europe
CYP,2001,10397897085.6102,Cyprus,EUR,EUR,Europe
CYP,2002,11420227884.6154,Cyprus,EUR,EUR,Europe
CYP,2003,14547325028.3126,Cyprus,EUR,EUR,Europe
CYP,2004,17320552500,Cyprus,EUR,EUR,Europe
CYP,2005,18433411267.2553,Cyprus,EUR,EUR,Europe
CYP,2006,20072786350.5206,Cyprus,EUR,EUR,Europe
CYP,2007,23968764029.5647,Cyprus,EUR,EUR,Europe
CYP,2008,27844698989.3072,Cyprus,EUR,EUR,Europe
CYP,2009,25945391775.4932,Cyprus,EUR,EUR,Europe
CYP,2010,25799940416.0173,Cyprus,EUR,EUR,Europe
CYP,2011,27641551809.0956,Cyprus,EUR,EUR,Europe
CYP,2012,25047433099.5891,Cyprus,EUR,EUR,Europe
CYP,2013,23959708956.2928,Cyprus,EUR,EUR,Europe
CYP,2014,23225912183.4988,Cyprus,EUR,EUR,Europe
CYP,2015,19909269064.8473,Cyprus,EUR,EUR,Europe
CYP,2016,21046452117.3765,Cyprus,EUR,EUR,Europe
CYP,2017,22946583375.5508,Cyprus,EUR,EUR,Europe
CYP,2018,25597301190.678,Cyprus,EUR,EUR,Europe
CYP,2019,25945194240.4544,Cyprus,EUR,EUR,Europe
CZE,1989,40728950704.6176,Czechia,EUR,EUR,Europe
CZE,1990,40728950704.6176,Czechia,EUR,EUR,Europe
CZE,1991,29859921158.8696,Czechia,EUR,EUR,Europe
CZE,1992,34805013229.572,Czechia,EUR,EUR,Europe
CZE,1993,40866982340.1957,Czechia,EUR,EUR,Europe
CZE,1994,47850065328.9754,Czechia,EUR,EUR,Europe
CZE,1995,60145663258.8982,Czechia,EUR,EUR,Europe
CZE,1996,67388492013.5445,Czechia,EUR,EUR,Europe
CZE,1997,62180519005.944,Czechia,EUR,EUR,Europe
CZE,1998,66807498696.3502,Czechia,EUR,EUR,Europe
CZE,1999,65173036730.6204,Czechia,EUR,EUR,Europe
CZE,2000,61823494487.0363,Czechia,EUR,EUR,Europe
CZE,2001,67808695573.681,Czechia,EUR,EUR,Europe
CZE,2002,82196206089.7585,Czechia,EUR,EUR,Europe
CZE,2003,100090467581.268,Czechia,EUR,EUR,Europe
CZE,2004,119814667457.855,Czechia,EUR,EUR,Europe
CZE,2005,137143375920.47,Czechia,EUR,EUR,Europe
CZE,2006,156264210926.177,Czechia,EUR,EUR,Europe
CZE,2007,190184113270.15,Czechia,EUR,EUR,Europe
CZE,2008,236816948159.718,Czechia,EUR,EUR,Europe
CZE,2009,207434296805.33,Czechia,EUR,EUR,Europe
CZE,2010,209069940963.177,Czechia,EUR,EUR,Europe
CZE,2011,229562733398.948,Czechia,EUR,EUR,Europe
CZE,2012,208857719320.649,Czechia,EUR,EUR,Europe
CZE,2013,211685616592.931,Czechia,EUR,EUR,Europe
CZE,2014,209358834156.329,Czechia,EUR,EUR,Europe
CZE,2015,188033050459.881,Czechia,EUR,EUR,Europe
CZE,2016,196272068576.338,Czechia,EUR,EUR,Europe
CZE,2017,218628940951.675,Czechia,EUR,EUR,Europe
CZE,2018,249000540729.179,Czechia,EUR,EUR,Europe
CZE,2019,252548179964.897,Czechia,EUR,EUR,Europe
DEU,1989,1398967436804.33,Germany,EUR,EUR,Europe
DEU,1990,1771671206875.68,Germany,EUR,EUR,Europe
DEU,1991,1868945197407.19,Germany,EUR,EUR,Europe
DEU,1992,2131571696931.75,Germany,EUR,EUR,Europe
DEU,1993,2071323790370.28,Germany,EUR,EUR,Europe
DEU,1994,2205074123177.05,Germany,EUR,EUR,Europe
DEU,1995,2585792275146.72,Germany,EUR,EUR,Europe
DEU,1996,2497244606186.64,Germany,EUR,EUR,Europe
DEU,1997,2211989623279.95,Germany,EUR,EUR,Europe
DEU,1998,2238990774702.68,Germany,EUR,EUR,Europe
DEU,1999,2194945278872.59,Germany,EUR,EUR,Europe
DEU,2000,1947981991011.77,Germany,EUR,EUR,Europe
DEU,2001,1945790973803.15,Germany,EUR,EUR,Europe
DEU,2002,2078484517474.51,Germany,EUR,EUR,Europe
DEU,2003,2501640388482.35,Germany,EUR,EUR,Europe
DEU,2004,2814353869359.08,Germany,EUR,EUR,Europe
DEU,2005,2846864211175.1,Germany,EUR,EUR,Europe
DEU,2006,2994703642023.53,Germany,EUR,EUR,Europe
DEU,2007,3425578382921.58,Germany,EUR,EUR,Europe
DEU,2008,3745264093617.19,Germany,EUR,EUR,Europe
DEU,2009,3411261212652.34,Germany,EUR,EUR,Europe
DEU,2010,3399667820000.09,Germany,EUR,EUR,Europe
DEU,2011,3749314991050.62,Germany,EUR,EUR,Europe
DEU,2012,3527143188785.16,Germany,EUR,EUR,Europe
DEU,2013,3733804649549.06,Germany,EUR,EUR,Europe
DEU,2014,3889093051023.45,Germany,EUR,EUR,Europe
DEU,2015,3357585719351.56,Germany,EUR,EUR,Europe
DEU,2016,3469853463945.63,Germany,EUR,EUR,Europe
DEU,2017,3690849152517.69,Germany,EUR,EUR,Europe
DEU,2018,3974443355019.53,Germany,EUR,EUR,Europe
DEU,2019,3888226035921.49,Germany,EUR,EUR,Europe
DNK,1989,112409606609.965,Denmark,EUR,EUR,Europe
DNK,1990,138248216614.801,Denmark,EUR,EUR,Europe
DNK,1991,139225595726.802,Denmark,EUR,EUR,Europe
DNK,1992,152914810032.913,Denmark,EUR,EUR,Europe
DNK,1993,143194762031.877,Denmark,EUR,EUR,Europe
DNK,1994,156163573390.254,Denmark,EUR,EUR,Europe
DNK,1995,185007982281.298,Denmark,EUR,EUR,Europe
DNK,1996,187633263192.748,Denmark,EUR,EUR,Europe
DNK,1997,173538719988.553,Denmark,EUR,EUR,Europe
DNK,1998,176991230634.23,Denmark,EUR,EUR,Europe
DNK,1999,177964167947.204,Denmark,EUR,EUR,Europe
DNK,2000,164157842126.821,Denmark,EUR,EUR,Europe
DNK,2001,164791096044.098,Denmark,EUR,EUR,Europe
DNK,2002,178634843165.633,Denmark,EUR,EUR,Europe
DNK,2003,218096916361.973,Denmark,EUR,EUR,Europe
DNK,2004,251374821136.171,Denmark,EUR,EUR,Europe
DNK,2005,264466895451.157,Denmark,EUR,EUR,Europe
DNK,2006,282885978374.285,Denmark,EUR,EUR,Europe
DNK,2007,319423375611.047,Denmark,EUR,EUR,Europe
DNK,2008,353358901702.046,Denmark,EUR,EUR,Europe
DNK,2009,321243301145.337,Denmark,EUR,EUR,Europe
DNK,2010,321995279401.502,Denmark,EUR,EUR,Europe
DNK,2011,344003137611.271,Denmark,EUR,EUR,Europe
DNK,2012,327148943812.137,Denmark,EUR,EUR,Europe
DNK,2013,343584391647.927,Denmark,EUR,EUR,Europe
DNK,2014,352993631617.708,Denmark,EUR,EUR,Europe
DNK,2015,302673070846.857,Denmark,EUR,EUR,Europe
DNK,2016,313115929314.339,Denmark,EUR,EUR,Europe
DNK,2017,332121063806.391,Denmark,EUR,EUR,Europe
DNK,2018,356841216410.068,Denmark,EUR,EUR,Europe
DNK,2019,346498737961.635,Denmark,EUR,EUR,Europe
ESP,1989,414757056921.996,Spain,EUR,EUR,Europe
ESP,1990,536558591250.408,Spain,EUR,EUR,Europe
ESP,1991,577166174539.632,Spain,EUR,EUR,Europe
ESP,1992,630916018202.503,Spain,EUR,EUR,Europe
ESP,1993,525075636030.854,Spain,EUR,EUR,Europe
ESP,1994,530562634455.347,Spain,EUR,EUR,Europe
ESP,1995,614609020549.773,Spain,EUR,EUR,Europe
ESP,1996,642588992512.807,Spain,EUR,EUR,Europe
ESP,1997,590077272727.273,Spain,EUR,EUR,Europe
ESP,1998,619214834614.099,Spain,EUR,EUR,Europe
ESP,1999,634907542858.302,Spain,EUR,EUR,Europe
ESP,2000,598363313494.903,Spain,EUR,EUR,Europe
ESP,2001,627830029412.205,Spain,EUR,EUR,Europe
ESP,2002,708756677088.629,Spain,EUR,EUR,Europe
ESP,2003,907491523174.116,Spain,EUR,EUR,Europe
ESP,2004,1069055675273.75,Spain,EUR,EUR,Europe
ESP,2005,1153715822717.51,Spain,EUR,EUR,Europe
ESP,2006,1260398977831.76,Spain,EUR,EUR,Europe
ESP,2007,1474002579820,Spain,EUR,EUR,Europe
ESP,2008,1631863493552.34,Spain,EUR,EUR,Europe
ESP,2009,1491472923706.64,Spain,EUR,EUR,Europe
ESP,2010,1422108199783.37,Spain,EUR,EUR,Europe
ESP,2011,1480710495710.13,Spain,EUR,EUR,Europe
ESP,2012,1324750738725,Spain,EUR,EUR,Europe
ESP,2013,1355579535912.56,Spain,EUR,EUR,Europe
ESP,2014,1371820537888.6,Spain,EUR,EUR,Europe
ESP,2015,1196156971279.69,Spain,EUR,EUR,Europe
ESP,2016,1233554967011.71,Spain,EUR,EUR,Europe
ESP,2017,1313245330197.66,Spain,EUR,EUR,Europe
ESP,2018,1421702715218.01,Spain,EUR,EUR,Europe
ESP,2019,1394320055129.38,Spain,EUR,EUR,Europe
EST,1989,NA,Estonia,EUR,EUR,Europe
EST,1990,NA,Estonia,EUR,EUR,Europe
EST,1991,NA,Estonia,EUR,EUR,Europe
EST,1992,NA,Estonia,EUR,EUR,Europe
EST,1993,NA,Estonia,EUR,EUR,Europe
EST,1994,NA,Estonia,EUR,EUR,Europe
EST,1995,4502970889.06373,Estonia,EUR,EUR,Europe
EST,1996,4786018988.16491,Estonia,EUR,EUR,Europe
EST,1997,5154420649.23354,Estonia,EUR,EUR,Europe
EST,1998,5674080542.88575,Estonia,EUR,EUR,Europe
EST,1999,5756912265.75809,Estonia,EUR,EUR,Europe
EST,2000,5686579747.53524,Estonia,EUR,EUR,Europe
EST,2001,6254649538.98487,Estonia,EUR,EUR,Europe
EST,2002,7367975887.72723,Estonia,EUR,EUR,Europe
EST,2003,9874013098.46432,Estonia,EUR,EUR,Europe
EST,2004,12145911801.2422,Estonia,EUR,EUR,Europe
EST,2005,14106790200.2239,Estonia,EUR,EUR,Europe
EST,2006,17022870405.2189,Estonia,EUR,EUR,Europe
EST,2007,22449129482.617,Estonia,EUR,EUR,Europe
EST,2008,24341678628.9732,Estonia,EUR,EUR,Europe
EST,2009,19633031397.6104,Estonia,EUR,EUR,Europe
EST,2010,19523477325.6235,Estonia,EUR,EUR,Europe
EST,2011,23213994093.4632,Estonia,EUR,EUR,Europe
EST,2012,23019150071.1867,Estonia,EUR,EUR,Europe
EST,2013,25115753366.1116,Estonia,EUR,EUR,Europe
EST,2014,26634083965.0983,Estonia,EUR,EUR,Europe
EST,2015,22890762090.1508,Estonia,EUR,EUR,Europe
EST,2016,24072829276.775,Estonia,EUR,EUR,Europe
EST,2017,26924385103.0662,Estonia,EUR,EUR,Europe
EST,2018,30624720196.2285,Estonia,EUR,EUR,Europe
EST,2019,31081901909.2151,Estonia,EUR,EUR,Europe
FIN,1989,119012054870.445,Finland,EUR,EUR,Europe
FIN,1990,141438345513.917,Finland,EUR,EUR,Europe
FIN,1991,127773856785.767,Finland,EUR,EUR,Europe
FIN,1992,112532519246.084,Finland,EUR,EUR,Europe
FIN,1993,89214114708.0254,Finland,EUR,EUR,Europe
FIN,1994,103299943084.804,Finland,EUR,EUR,Europe
FIN,1995,134189814814.815,Finland,EUR,EUR,Europe
FIN,1996,132129174216.93,Finland,EUR,EUR,Europe
FIN,1997,126912152101.707,Finland,EUR,EUR,Europe
FIN,1998,134038718291.055,Finland,EUR,EUR,Europe
FIN,1999,135264083658.688,Finland,EUR,EUR,Europe
FIN,2000,126019543413.334,Finland,EUR,EUR,Europe
FIN,2001,129533107311.811,Finland,EUR,EUR,Europe
FIN,2002,140404460203.138,Finland,EUR,EUR,Europe
FIN,2003,171652458349.411,Finland,EUR,EUR,Europe
FIN,2004,197479443979.151,Finland,EUR,EUR,Europe
FIN,2005,204885494686.381,Finland,EUR,EUR,Europe
FIN,2006,217089269791.764,Finland,EUR,EUR,Europe
FIN,2007,256378067752.158,Finland,EUR,EUR,Europe
FIN,2008,285716311136.719,Finland,EUR,EUR,Europe
FIN,2009,253497520828.515,Finland,EUR,EUR,Europe
FIN,2010,249424310816.673,Finland,EUR,EUR,Europe
FIN,2011,275604356167.318,Finland,EUR,EUR,Europe
FIN,2012,258290060227.734,Finland,EUR,EUR,Europe
FIN,2013,271362405890.591,Finland,EUR,EUR,Europe
FIN,2014,274862826772.152,Finland,EUR,EUR,Europe
FIN,2015,234534382384.766,Finland,EUR,EUR,Europe
FIN,2016,240771351298.84,Finland,EUR,EUR,Europe
FIN,2017,255647979916.473,Finland,EUR,EUR,Europe
FIN,2018,275708001767.838,Finland,EUR,EUR,Europe
FIN,2019,268514916972.544,Finland,EUR,EUR,Europe
FRA,1989,1025211803413.53,France,EUR,EUR,Europe
FRA,1990,1269179616913.63,France,EUR,EUR,Europe
FRA,1991,1269276828275.78,France,EUR,EUR,Europe
FRA,1992,1401465923172.24,France,EUR,EUR,Europe
FRA,1993,1322815612694,France,EUR,EUR,Europe
FRA,1994,1393982750472.59,France,EUR,EUR,Europe
FRA,1995,1601094756209.75,France,EUR,EUR,Europe
FRA,1996,1605675086549.56,France,EUR,EUR,Europe
FRA,1997,1452884917959.09,France,EUR,EUR,Europe
FRA,1998,1503108739159.44,France,EUR,EUR,Europe
FRA,1999,1493151737698.46,France,EUR,EUR,Europe
FRA,2000,1365639660792.16,France,EUR,EUR,Europe
FRA,2001,1377657339291.34,France,EUR,EUR,Europe
FRA,2002,1501409382971.38,France,EUR,EUR,Europe
FRA,2003,1844544792036.86,France,EUR,EUR,Europe
FRA,2004,2119633181634.37,France,EUR,EUR,Europe
FRA,2005,2196945232435.8,France,EUR,EUR,Europe
FRA,2006,2320536221304.7,France,EUR,EUR,Europe
FRA,2007,2660591246211.77,France,EUR,EUR,Europe
FRA,2008,2930303780828.12,France,EUR,EUR,Europe
FRA,2009,2700887366932.03,France,EUR,EUR,Europe
FRA,2010,2645187882116.73,France,EUR,EUR,Europe
FRA,2011,2865157541994.19,France,EUR,EUR,Europe
FRA,2012,2683671716967.19,France,EUR,EUR,Europe
FRA,2013,2811876903329.05,France,EUR,EUR,Europe
FRA,2014,2855964488590.14,France,EUR,EUR,Europe
FRA,2015,2439188643162.5,France,EUR,EUR,Europe
FRA,2016,2472964344587.23,France,EUR,EUR,Europe
FRA,2017,2595151045197.67,France,EUR,EUR,Europe
FRA,2018,2790956878746.61,France,EUR,EUR,Europe
FRA,2019,2728870246705.83,France,EUR,EUR,Europe
FRO,1989,NA,Faroe Islands,EUR,EUR,Europe
FRO,1990,NA,Faroe Islands,EUR,EUR,Europe
FRO,1991,NA,Faroe Islands,EUR,EUR,Europe
FRO,1992,NA,Faroe Islands,EUR,EUR,Europe
FRO,1993,NA,Faroe Islands,EUR,EUR,Europe
FRO,1994,NA,Faroe Islands,EUR,EUR,Europe
FRO,1995,NA,Faroe Islands,EUR,EUR,Europe
FRO,1996,NA,Faroe Islands,EUR,EUR,Europe
FRO,1997,NA,Faroe Islands,EUR,EUR,Europe
FRO,1998,1104744290.25672,Faroe Islands,EUR,EUR,Europe
FRO,1999,1127684827.35686,Faroe Islands,EUR,EUR,Europe
FRO,2000,1067109508.6452,Faroe Islands,EUR,EUR,Europe
FRO,2001,1160268142.36886,Faroe Islands,EUR,EUR,Europe
FRO,2002,1275093662.35235,Faroe Islands,EUR,EUR,Europe
FRO,2003,1501941504.89146,Faroe Islands,EUR,EUR,Europe
FRO,2004,1724770866.79756,Faroe Islands,EUR,EUR,Europe
FRO,2005,1759739599.22694,Faroe Islands,EUR,EUR,Europe
FRO,2006,2017680721.80259,Faroe Islands,EUR,EUR,Europe
FRO,2007,2339015384.90742,Faroe Islands,EUR,EUR,Europe
FRO,2008,2489873331.02639,Faroe Islands,EUR,EUR,Europe
FRO,2009,2296065312.82255,Faroe Islands,EUR,EUR,Europe
FRO,2010,2331796784.36009,Faroe Islands,EUR,EUR,Europe
FRO,2011,2505740886.25907,Faroe Islands,EUR,EUR,Europe
FRO,2012,2427200582.91115,Faroe Islands,EUR,EUR,Europe
FRO,2013,2690110671.24132,Faroe Islands,EUR,EUR,Europe
FRO,2014,2914012852.34062,Faroe Islands,EUR,EUR,Europe
FRO,2015,2573906035.59584,Faroe Islands,EUR,EUR,Europe
FRO,2016,2813278761.27524,Faroe Islands,EUR,EUR,Europe
FRO,2017,2980057167.73595,Faroe Islands,EUR,EUR,Europe
FRO,2018,3188601035.1907,Faroe Islands,EUR,EUR,Europe
FRO,2019,3275684065.13139,Faroe Islands,EUR,EUR,Europe
GBR,1989,926926143222.19,United Kingdom of Great Britain and Northern Ireland,EUR,EUR,Europe
GBR,1990,1093213710428.01,United Kingdom of Great Britain and Northern Ireland,EUR,EUR,Europe
GBR,1991,1142766274398.22,United Kingdom of Great Britain and Northern Ireland,EUR,EUR,Europe
GBR,1992,1179713014951.83,United Kingdom of Great Britain and Northern Ireland,EUR,EUR,Europe
GBR,1993,1061457883633.55,United Kingdom of Great Britain and Northern Ireland,EUR,EUR,Europe
GBR,1994,1140443311074.5,United Kingdom of Great Britain and Northern Ireland,EUR,EUR,Europe
GBR,1995,1346252041210.47,United Kingdom of Great Britain and Northern Ireland,EUR,EUR,Europe
GBR,1996,1421711933486.21,United Kingdom of Great Britain and Northern Ireland,EUR,EUR,Europe
GBR,1997,1561715127635.22,United Kingdom of Great Britain and Northern Ireland,EUR,EUR,Europe
GBR,1998,1654996607708.19,United Kingdom of Great Britain and Northern Ireland,EUR,EUR,Europe
GBR,1999,1689407711357.04,United Kingdom of Great Britain and Northern Ireland,EUR,EUR,Europe
GBR,2000,1666048767079.76,United Kingdom of Great Britain and Northern Ireland,EUR,EUR,Europe
GBR,2001,1648765214387,United Kingdom of Great Britain and Northern Ireland,EUR,EUR,Europe
GBR,2002,1785781372553.92,United Kingdom of Great Britain and Northern Ireland,EUR,EUR,Europe
GBR,2003,2056704586736.55,United Kingdom of Great Britain and Northern Ireland,EUR,EUR,Europe
GBR,2004,2423047347028.45,United Kingdom of Great Britain and Northern Ireland,EUR,EUR,Europe
GBR,2005,2544813166100.5,United Kingdom of Great Britain and Northern Ireland,EUR,EUR,Europe
GBR,2006,2709978165671.04,United Kingdom of Great Britain and Northern Ireland,EUR,EUR,Europe
GBR,2007,3092996468387.23,United Kingdom of Great Britain and Northern Ireland,EUR,EUR,Europe
GBR,2008,2931683721186.75,United Kingdom of Great Britain and Northern Ireland,EUR,EUR,Europe
GBR,2009,2417565709974.49,United Kingdom of Great Britain and Northern Ireland,EUR,EUR,Europe
GBR,2010,2491397494467.95,United Kingdom of Great Britain and Northern Ireland,EUR,EUR,Europe
GBR,2011,2666403005061.42,United Kingdom of Great Britain and Northern Ireland,EUR,EUR,Europe
GBR,2012,2706340967030.68,United Kingdom of Great Britain and Northern Ireland,EUR,EUR,Europe
GBR,2013,2786315215249.95,United Kingdom of Great Britain and Northern Ireland,EUR,EUR,Europe
GBR,2014,3065223279583.79,United Kingdom of Great Britain and Northern Ireland,EUR,EUR,Europe
GBR,2015,2934857946213.47,United Kingdom of Great Britain and Northern Ireland,EUR,EUR,Europe
GBR,2016,2699659680997.2,United Kingdom of Great Britain and Northern Ireland,EUR,EUR,Europe
GBR,2017,2683488510504.04,United Kingdom of Great Britain and Northern Ireland,EUR,EUR,Europe
GBR,2018,2878152147315.82,United Kingdom of Great Britain and Northern Ireland,EUR,EUR,Europe
GBR,2019,2857057847953.02,United Kingdom of Great Britain and Northern Ireland,EUR,EUR,Europe
GRC,1989,79169043222.8284,Greece,EUR,EUR,Europe
GRC,1990,97891092003.4394,Greece,EUR,EUR,Europe
GRC,1991,105143232379.884,Greece,EUR,EUR,Europe
GRC,1992,116224672863.783,Greece,EUR,EUR,Europe
GRC,1993,108809059155.767,Greece,EUR,EUR,Europe
GRC,1994,116601801966.292,Greece,EUR,EUR,Europe
GRC,1995,136878365936.167,Greece,EUR,EUR,Europe
GRC,1996,145861612400.906,Greece,EUR,EUR,Europe
GRC,1997,143157600149.757,Greece,EUR,EUR,Europe
GRC,1998,144428172489.335,Greece,EUR,EUR,Europe
GRC,1999,142588875293.749,Greece,EUR,EUR,Europe
GRC,2000,130457756628.436,Greece,EUR,EUR,Europe
GRC,2001,136309295225.34,Greece,EUR,EUR,Europe
GRC,2002,154564203586.954,Greece,EUR,EUR,Europe
GRC,2003,202370140236.265,Greece,EUR,EUR,Europe
GRC,2004,240963562236.127,Greece,EUR,EUR,Europe
GRC,2005,247875422204.414,Greece,EUR,EUR,Europe
GRC,2006,273546728473.073,Greece,EUR,EUR,Europe
GRC,2007,318902829550.733,Greece,EUR,EUR,Europe
GRC,2008,355908689477.445,Greece,EUR,EUR,Europe
GRC,2009,331308500253.274,Greece,EUR,EUR,Europe
GRC,2010,297124961971.508,Greece,EUR,EUR,Europe
GRC,2011,282995942006.559,Greece,EUR,EUR,Europe
GRC,2012,242029307133.408,Greece,EUR,EUR,Europe
GRC,2013,238907690051.132,Greece,EUR,EUR,Europe
GRC,2014,235458133124.604,Greece,EUR,EUR,Europe
GRC,2015,195683527003.375,Greece,EUR,EUR,Europe
GRC,2016,193148146586.938,Greece,EUR,EUR,Europe
GRC,2017,199844406013.533,Greece,EUR,EUR,Europe
GRC,2018,212049447242.107,Greece,EUR,EUR,Europe
GRC,2019,205257014892.498,Greece,EUR,EUR,Europe
GRL,1989,929799902.191124,Greenland,EUR,EUR,Europe
GRL,1990,1018977225.44427,Greenland,EUR,EUR,Europe
GRL,1991,1016500016.28505,Greenland,EUR,EUR,Europe
GRL,1992,1037916105.23293,Greenland,EUR,EUR,Europe
GRL,1993,927214127.934317,Greenland,EUR,EUR,Europe
GRL,1994,1005887592.03539,Greenland,EUR,EUR,Europe
GRL,1995,1208953358.99709,Greenland,EUR,EUR,Europe
GRL,1996,1197515637.92052,Greenland,EUR,EUR,Europe
GRL,1997,1072154406.78905,Greenland,EUR,EUR,Europe
GRL,1998,1149858126.95747,Greenland,EUR,EUR,Europe
GRL,1999,1131555107.04907,Greenland,EUR,EUR,Europe
GRL,2000,1068024993.98697,Greenland,EUR,EUR,Europe
GRL,2001,1086170638.72901,Greenland,EUR,EUR,Europe
GRL,2002,1169136691.35372,Greenland,EUR,EUR,Europe
GRL,2003,1558759744.20913,Greenland,EUR,EUR,Europe
GRL,2004,1822499870.64051,Greenland,EUR,EUR,Europe
GRL,2005,1849802648.36391,Greenland,EUR,EUR,Europe
GRL,2006,2013106816.66011,Greenland,EUR,EUR,Europe
GRL,2007,2249811364.54199,Greenland,EUR,EUR,Europe
GRL,2008,2499092396.11838,Greenland,EUR,EUR,Europe
GRL,2009,2529964060.53747,Greenland,EUR,EUR,Europe
GRL,2010,2503167187.49305,Greenland,EUR,EUR,Europe
GRL,2011,2684461607.93113,Greenland,EUR,EUR,Europe
GRL,2012,2609678694.94479,Greenland,EUR,EUR,Europe
GRL,2013,2684947140.1518,Greenland,EUR,EUR,Europe
GRL,2014,2842065877.15443,Greenland,EUR,EUR,Europe
GRL,2015,2499113085.48255,Greenland,EUR,EUR,Europe
GRL,2016,2707146783.13056,Greenland,EUR,EUR,Europe
GRL,2017,2851610655.92391,Greenland,EUR,EUR,Europe
GRL,2018,3055791340.7025,Greenland,EUR,EUR,Europe
GRL,2019,2997331094.25136,Greenland,EUR,EUR,Europe
HRV,1989,NA,Croatia,EUR,EUR,Europe
HRV,1990,NA,Croatia,EUR,EUR,Europe
HRV,1991,NA,Croatia,EUR,EUR,Europe
HRV,1992,NA,Croatia,EUR,EUR,Europe
HRV,1993,NA,Croatia,EUR,EUR,Europe
HRV,1994,NA,Croatia,EUR,EUR,Europe
HRV,1995,22778305790.163,Croatia,EUR,EUR,Europe
HRV,1996,24147539209.8502,Croatia,EUR,EUR,Europe
HRV,1997,24172608178.0871,Croatia,EUR,EUR,Europe
HRV,1998,25885225293.6151,Croatia,EUR,EUR,Europe
HRV,1999,23770159784.2572,Croatia,EUR,EUR,Europe
HRV,2000,22128719418.4376,Croatia,EUR,EUR,Europe
HRV,2001,23063323722.500702,Croatia,EUR,EUR,Europe
HRV,2002,26757255951.7786,Croatia,EUR,EUR,Europe
HRV,2003,35254833028.402,Croatia,EUR,EUR,Europe
HRV,2004,41855265955.2919,Croatia,EUR,EUR,Europe
HRV,2005,45025328213.7878,Croatia,EUR,EUR,Europe
HRV,2006,49532592592.8832,Croatia,EUR,EUR,Europe
HRV,2007,59172904660.6176,Croatia,EUR,EUR,Europe
HRV,2008,68342061762.0017,Croatia,EUR,EUR,Europe
HRV,2009,61941466003.2875,Croatia,EUR,EUR,Europe
HRV,2010,58693611581.162,Croatia,EUR,EUR,Europe
HRV,2011,62599775593.221,Croatia,EUR,EUR,Europe
HRV,2012,57231455635.3668,Croatia,EUR,EUR,Europe
HRV,2013,59363124068.5843,Croatia,EUR,EUR,Europe
HRV,2014,59214461630.3993,Croatia,EUR,EUR,Europe
HRV,2015,50742086222.907,Croatia,EUR,EUR,Europe
HRV,2016,52391038979.0338,Croatia,EUR,EUR,Europe
HRV,2017,55937483557.9256,Croatia,EUR,EUR,Europe
HRV,2018,61330483609.8835,Croatia,EUR,EUR,Europe
HRV,2019,61329267533.1316,Croatia,EUR,EUR,Europe
HUN,1989,34753569692.915,Hungary,EUR,EUR,Europe
HUN,1990,34753569692.915,Hungary,EUR,EUR,Europe
HUN,1991,34753569692.915,Hungary,EUR,EUR,Europe
HUN,1992,38730585922.2189,Hungary,EUR,EUR,Europe
HUN,1993,40124916940.5945,Hungary,EUR,EUR,Europe
HUN,1994,43166678735.2183,Hungary,EUR,EUR,Europe
HUN,1995,46425677734.1435,Hungary,EUR,EUR,Europe
HUN,1996,46658765340.4375,Hungary,EUR,EUR,Europe
HUN,1997,47296961369.1014,Hungary,EUR,EUR,Europe
HUN,1998,48706794878.7711,Hungary,EUR,EUR,Europe
HUN,1999,49073373275.9379,Hungary,EUR,EUR,Europe
HUN,2000,47218411470.2538,Hungary,EUR,EUR,Europe
HUN,2001,53749989092.0197,Hungary,EUR,EUR,Europe
HUN,2002,67608919144.3684,Hungary,EUR,EUR,Europe
HUN,2003,85285075491.886,Hungary,EUR,EUR,Europe
HUN,2004,104120803140.221,Hungary,EUR,EUR,Europe
HUN,2005,113211158292.936,Hungary,EUR,EUR,Europe
HUN,2006,115715618613.052,Hungary,EUR,EUR,Europe
HUN,2007,140186691233.532,Hungary,EUR,EUR,Europe
HUN,2008,158325583917.574,Hungary,EUR,EUR,Europe
HUN,2009,131069277212.635,Hungary,EUR,EUR,Europe
HUN,2010,132175349953.713,Hungary,EUR,EUR,Europe
HUN,2011,141942264554.475,Hungary,EUR,EUR,Europe
HUN,2012,128814279315.132,Hungary,EUR,EUR,Europe
HUN,2013,135684315697.713,Hungary,EUR,EUR,Europe
HUN,2014,141033843265.669,Hungary,EUR,EUR,Europe
HUN,2015,125174166987.372,Hungary,EUR,EUR,Europe
HUN,2016,128609822750.039,Hungary,EUR,EUR,Europe
HUN,2017,143112196040.326,Hungary,EUR,EUR,Europe
HUN,2018,160565642983.587,Hungary,EUR,EUR,Europe
HUN,2019,164020460331.659,Hungary,EUR,EUR,Europe
IMN,1989,NA,Isle of Man,EUR,EUR,Europe
IMN,1990,NA,Isle of Man,EUR,EUR,Europe
IMN,1991,NA,Isle of Man,EUR,EUR,Europe
IMN,1992,NA,Isle of Man,EUR,EUR,Europe
IMN,1993,NA,Isle of Man,EUR,EUR,Europe
IMN,1994,NA,Isle of Man,EUR,EUR,Europe
IMN,1995,914762873.689153,Isle of Man,EUR,EUR,Europe
IMN,1996,1023005862.77927,Isle of Man,EUR,EUR,Europe
IMN,1997,1180968165.4086,Isle of Man,EUR,EUR,Europe
IMN,1998,1382605389.32055,Isle of Man,EUR,EUR,Europe
IMN,1999,1567402513.69642,Isle of Man,EUR,EUR,Europe
IMN,2000,1563667799.61578,Isle of Man,EUR,EUR,Europe
IMN,2001,1659131243.73837,Isle of Man,EUR,EUR,Europe
IMN,2002,1947332921.74718,Isle of Man,EUR,EUR,Europe
IMN,2003,2328658227.8481,Isle of Man,EUR,EUR,Europe
IMN,2004,2822358473.16983,Isle of Man,EUR,EUR,Europe
IMN,2005,3032409189.11876,Isle of Man,EUR,EUR,Europe
IMN,2006,3422735301.694,Isle of Man,EUR,EUR,Europe
IMN,2007,4466353634.82657,Isle of Man,EUR,EUR,Europe
IMN,2008,5928788780.55394,Isle of Man,EUR,EUR,Europe
IMN,2009,5486918994.79345,Isle of Man,EUR,EUR,Europe
IMN,2010,5920366628.33178,Isle of Man,EUR,EUR,Europe
IMN,2011,6565668780.72984,Isle of Man,EUR,EUR,Europe
IMN,2012,6690228489.42816,Isle of Man,EUR,EUR,Europe
IMN,2013,7001180245.79298,Isle of Man,EUR,EUR,Europe
IMN,2014,7708459145.00473,Isle of Man,EUR,EUR,Europe
IMN,2015,7084795708.26863,Isle of Man,EUR,EUR,Europe
IMN,2016,6846373276.62067,Isle of Man,EUR,EUR,Europe
IMN,2017,6979791187.09008,Isle of Man,EUR,EUR,Europe
IMN,2018,7491654051.08011,Isle of Man,EUR,EUR,Europe
IMN,2019,7314966839.10981,Isle of Man,EUR,EUR,Europe
IRL,1989,39238392677.7542,Ireland,EUR,EUR,Europe
IRL,1990,49305632408.4929,Ireland,EUR,EUR,Europe
IRL,1991,49787501584.4847,Ireland,EUR,EUR,Europe
IRL,1992,55918538121.3989,Ireland,EUR,EUR,Europe
IRL,1993,52417477613.676,Ireland,EUR,EUR,Europe
IRL,1994,57097656065.96,Ireland,EUR,EUR,Europe
IRL,1995,69139823232.3232,Ireland,EUR,EUR,Europe
IRL,1996,75790786290.3226,Ireland,EUR,EUR,Europe
IRL,1997,82856648758.3572,Ireland,EUR,EUR,Europe
IRL,1998,90199410115.5097,Ireland,EUR,EUR,Europe
IRL,1999,98893958262.6438,Ireland,EUR,EUR,Europe
IRL,2000,100207610429.909,Ireland,EUR,EUR,Europe
IRL,2001,109346669229.695,Ireland,EUR,EUR,Europe
IRL,2002,128596035288.401,Ireland,EUR,EUR,Europe
IRL,2003,164670771259.602,Ireland,EUR,EUR,Europe
IRL,2004,194372115041.065,Ireland,EUR,EUR,Europe
IRL,2005,211876989655.907,Ireland,EUR,EUR,Europe
IRL,2006,232180617162.279,Ireland,EUR,EUR,Europe
IRL,2007,270079279419.5,Ireland,EUR,EUR,Europe
IRL,2008,275447471451.063,Ireland,EUR,EUR,Europe
IRL,2009,236443115853.695,Ireland,EUR,EUR,Europe
IRL,2010,221913560882.372,Ireland,EUR,EUR,Europe
IRL,2011,239003132208.134,Ireland,EUR,EUR,Europe
IRL,2012,225628699652.993,Ireland,EUR,EUR,Europe
IRL,2013,238340859896.939,Ireland,EUR,EUR,Europe
IRL,2014,259170903647.532,Ireland,EUR,EUR,Europe
IRL,2015,291775166506.891,Ireland,EUR,EUR,Europe
IRL,2016,299091127524.513,Ireland,EUR,EUR,Europe
IRL,2017,336377500160.549,Ireland,EUR,EUR,Europe
IRL,2018,385736680797.111,Ireland,EUR,EUR,Europe
IRL,2019,399321701632.424,Ireland,EUR,EUR,Europe
ISL,1989,5672570277.78609,Iceland,EUR,EUR,Europe
ISL,1990,6468739130.22964,Iceland,EUR,EUR,Europe
ISL,1991,6909725408.11499,Iceland,EUR,EUR,Europe
ISL,1992,7080977636.41567,Iceland,EUR,EUR,Europe
ISL,1993,6218583218.06303,Iceland,EUR,EUR,Europe
ISL,1994,6389462322.04938,Iceland,EUR,EUR,Europe
ISL,1995,7123637088.75434,Iceland,EUR,EUR,Europe
ISL,1996,7426082270.67669,Iceland,EUR,EUR,Europe
ISL,1997,7569673903.96179,Iceland,EUR,EUR,Europe
ISL,1998,8503689103.93424,Iceland,EUR,EUR,Europe
ISL,1999,8982048417.30556,Iceland,EUR,EUR,Europe
ISL,2000,9025660361.75842,Iceland,EUR,EUR,Europe
ISL,2001,8234846522.85472,Iceland,EUR,EUR,Europe
ISL,2002,9318398443.55146,Iceland,EUR,EUR,Europe
ISL,2003,11429335645.2747,Iceland,EUR,EUR,Europe
ISL,2004,13825309101.2703,Iceland,EUR,EUR,Europe
ISL,2005,16852971986.5569,Iceland,EUR,EUR,Europe
ISL,2006,17465318552.2941,Iceland,EUR,EUR,Europe
ISL,2007,21652505596.7528,Iceland,EUR,EUR,Europe
ISL,2008,18074619561.7671,Iceland,EUR,EUR,Europe
ISL,2009,13154416196.7524,Iceland,EUR,EUR,Europe
ISL,2010,13751161917.7398,Iceland,EUR,EUR,Europe
ISL,2011,15221622925.9319,Iceland,EUR,EUR,Europe
ISL,2012,14751508133.5443,Iceland,EUR,EUR,Europe
ISL,2013,16125060515.3117,Iceland,EUR,EUR,Europe
ISL,2014,17867662177.8911,Iceland,EUR,EUR,Europe
ISL,2015,17517210519.0912,Iceland,EUR,EUR,Europe
ISL,2016,20793168030.9524,Iceland,EUR,EUR,Europe
ISL,2017,24728285177.4603,Iceland,EUR,EUR,Europe
ISL,2018,26260850582.0687,Iceland,EUR,EUR,Europe
ISL,2019,24663643101.958,Iceland,EUR,EUR,Europe
ITA,1989,928661332204.347,Italy,EUR,EUR,Europe
ITA,1990,1181222653522.95,Italy,EUR,EUR,Europe
ITA,1991,1246220156079.29,Italy,EUR,EUR,Europe
ITA,1992,1320161644933.23,Italy,EUR,EUR,Europe
ITA,1993,1064958075550.63,Italy,EUR,EUR,Europe
ITA,1994,1099216688280.5,Italy,EUR,EUR,Europe
ITA,1995,1174662070605.02,Italy,EUR,EUR,Europe
ITA,1996,1312426527795.21,Italy,EUR,EUR,Europe
ITA,1997,1241879604365.62,Italy,EUR,EUR,Europe
ITA,1998,1270052525928.4,Italy,EUR,EUR,Europe
ITA,1999,1252446659833.79,Italy,EUR,EUR,Europe
ITA,2000,1146676894209.73,Italy,EUR,EUR,Europe
ITA,2001,1168023426056.38,Italy,EUR,EUR,Europe
ITA,2002,1276769338449.3,Italy,EUR,EUR,Europe
ITA,2003,1577621707050.51,Italy,EUR,EUR,Europe
ITA,2004,1806542968545.56,Italy,EUR,EUR,Europe
ITA,2005,1858217147203.73,Italy,EUR,EUR,Europe
ITA,2006,1949551719389.64,Italy,EUR,EUR,Europe
ITA,2007,2213102482751.46,Italy,EUR,EUR,Europe
ITA,2008,2408655348718.59,Italy,EUR,EUR,Europe
ITA,2009,2199928804118.63,Italy,EUR,EUR,Europe
ITA,2010,2136099955236.72,Italy,EUR,EUR,Europe
ITA,2011,2294994296589.51,Italy,EUR,EUR,Europe
ITA,2012,2086957656821.6,Italy,EUR,EUR,Europe
ITA,2013,2141924094298.57,Italy,EUR,EUR,Europe
ITA,2014,2162009615996.51,Italy,EUR,EUR,Europe
ITA,2015,1836637711060.55,Italy,EUR,EUR,Europe
ITA,2016,1877071687633.83,Italy,EUR,EUR,Europe
ITA,2017,1961796197354.37,Italy,EUR,EUR,Europe
ITA,2018,2091932426266.94,Italy,EUR,EUR,Europe
ITA,2019,2011302198827.41,Italy,EUR,EUR,Europe
LIE,1989,1119983801.21338,Liechtenstein,EUR,EUR,Europe
LIE,1990,1421508875.2782,Liechtenstein,EUR,EUR,Europe
LIE,1991,1484160643.69467,Liechtenstein,EUR,EUR,Europe
LIE,1992,1631176646.65913,Liechtenstein,EUR,EUR,Europe
LIE,1993,1673085618.34241,Liechtenstein,EUR,EUR,Europe
LIE,1994,1948128910.55555,Liechtenstein,EUR,EUR,Europe
LIE,1995,2428524711.5576,Liechtenstein,EUR,EUR,Europe
LIE,1996,2504012993.42238,Liechtenstein,EUR,EUR,Europe
LIE,1997,2298390594.7203,Liechtenstein,EUR,EUR,Europe
LIE,1998,2479698575.81181,Liechtenstein,EUR,EUR,Europe
LIE,1999,2664105901.18863,Liechtenstein,EUR,EUR,Europe
LIE,2000,2483890593.70545,Liechtenstein,EUR,EUR,Europe
LIE,2001,2491800558.77674,Liechtenstein,EUR,EUR,Europe
LIE,2002,2688617884.8748,Liechtenstein,EUR,EUR,Europe
LIE,2003,3070803439.07708,Liechtenstein,EUR,EUR,Europe
LIE,2004,3454374269.99655,Liechtenstein,EUR,EUR,Europe
LIE,2005,3659320086.68296,Liechtenstein,EUR,EUR,Europe
LIE,2006,4000101033.35638,Liechtenstein,EUR,EUR,Europe
LIE,2007,4601430548.88525,Liechtenstein,EUR,EUR,Europe
LIE,2008,5081479840.08716,Liechtenstein,EUR,EUR,Europe
LIE,2009,4504376589.9239,Liechtenstein,EUR,EUR,Europe
LIE,2010,5082338964.87305,Liechtenstein,EUR,EUR,Europe
LIE,2011,5739705822.48169,Liechtenstein,EUR,EUR,Europe
LIE,2012,5456099685.18582,Liechtenstein,EUR,EUR,Europe
LIE,2013,6391711429.23146,Liechtenstein,EUR,EUR,Europe
LIE,2014,6657526636.11731,Liechtenstein,EUR,EUR,Europe
LIE,2015,6268513139.70288,Liechtenstein,EUR,EUR,Europe
LIE,2016,6237299538.02934,Liechtenstein,EUR,EUR,Europe
LIE,2017,6474310909.50636,Liechtenstein,EUR,EUR,Europe
LIE,2018,6692618410.5125,Liechtenstein,EUR,EUR,Europe
LIE,2019,6436467007.11932,Liechtenstein,EUR,EUR,Europe
LTU,1989,NA,Lithuania,EUR,EUR,Europe
LTU,1990,NA,Lithuania,EUR,EUR,Europe
LTU,1991,NA,Lithuania,EUR,EUR,Europe
LTU,1992,NA,Lithuania,EUR,EUR,Europe
LTU,1993,NA,Lithuania,EUR,EUR,Europe
LTU,1994,NA,Lithuania,EUR,EUR,Europe
LTU,1995,7867140395.33705,Lithuania,EUR,EUR,Europe
LTU,1996,8382519637.46224,Lithuania,EUR,EUR,Europe
LTU,1997,10118631851.5322,Lithuania,EUR,EUR,Europe
LTU,1998,11239547690.9797,Lithuania,EUR,EUR,Europe
LTU,1999,10971583944.7561,Lithuania,EUR,EUR,Europe
LTU,2000,11524776866.6379,Lithuania,EUR,EUR,Europe
LTU,2001,12237388001.7264,Lithuania,EUR,EUR,Europe
LTU,2002,14259781159.0119,Lithuania,EUR,EUR,Europe
LTU,2003,18781721376.1985,Lithuania,EUR,EUR,Europe
LTU,2004,22627507451.5648,Lithuania,EUR,EUR,Europe
LTU,2005,26097677571.8373,Lithuania,EUR,EUR,Europe
LTU,2006,30183575103.5262,Lithuania,EUR,EUR,Europe
LTU,2007,39697891351.9431,Lithuania,EUR,EUR,Europe
LTU,2008,47797551587.8823,Lithuania,EUR,EUR,Europe
LTU,2009,37388122046.1496,Lithuania,EUR,EUR,Europe
LTU,2010,37128694028.243,Lithuania,EUR,EUR,Europe
LTU,2011,43535051482.3869,Lithuania,EUR,EUR,Europe
LTU,2012,42927454291.478,Lithuania,EUR,EUR,Europe
LTU,2013,46523420074.4372,Lithuania,EUR,EUR,Europe
LTU,2014,48533659592.1728,Lithuania,EUR,EUR,Europe
LTU,2015,41435533340.3883,Lithuania,EUR,EUR,Europe
LTU,2016,43047309305.7375,Lithuania,EUR,EUR,Europe
LTU,2017,47758736931.7805,Lithuania,EUR,EUR,Europe
LTU,2018,53751411409.4437,Lithuania,EUR,EUR,Europe
LTU,2019,54760617012.9166,Lithuania,EUR,EUR,Europe
LUX,1989,10037674037.674,Luxembourg,EUR,EUR,Europe
LUX,1990,12778792853.6939,Luxembourg,EUR,EUR,Europe
LUX,1991,13834219728.293,Luxembourg,EUR,EUR,Europe
LUX,1992,15518702634.8808,Luxembourg,EUR,EUR,Europe
LUX,1993,15925521222.0149,Luxembourg,EUR,EUR,Europe
LUX,1994,17701798890.7644,Luxembourg,EUR,EUR,Europe
LUX,1995,20853093869.7318,Luxembourg,EUR,EUR,Europe
LUX,1996,20895314657.9805,Luxembourg,EUR,EUR,Europe
LUX,1997,19563836265.2233,Luxembourg,EUR,EUR,Europe
LUX,1998,20150053345.1878,Luxembourg,EUR,EUR,Europe
LUX,1999,21899317598.8414,Luxembourg,EUR,EUR,Europe
LUX,2000,21230182989.3036,Luxembourg,EUR,EUR,Europe
LUX,2001,21387533703.2327,Luxembourg,EUR,EUR,Europe
LUX,2002,23649833332.1655,Luxembourg,EUR,EUR,Europe
LUX,2003,29667268248.1305,Luxembourg,EUR,EUR,Europe
LUX,2004,35064843792.8993,Luxembourg,EUR,EUR,Europe
LUX,2005,37672280120.4794,Luxembourg,EUR,EUR,Europe
LUX,2006,42910146296.0646,Luxembourg,EUR,EUR,Europe
LUX,2007,51587401415.7872,Luxembourg,EUR,EUR,Europe
LUX,2008,58844277701.5258,Luxembourg,EUR,EUR,Europe
LUX,2009,54467289897.5582,Luxembourg,EUR,EUR,Europe
LUX,2010,56213985987.4181,Luxembourg,EUR,EUR,Europe
LUX,2011,61696281326.2457,Luxembourg,EUR,EUR,Europe
LUX,2012,59776383527.3602,Luxembourg,EUR,EUR,Europe
LUX,2013,65203276466.9768,Luxembourg,EUR,EUR,Europe
LUX,2014,68804811897.6434,Luxembourg,EUR,EUR,Europe
LUX,2015,60071584216.1375,Luxembourg,EUR,EUR,Europe
LUX,2016,62216885435.9505,Luxembourg,EUR,EUR,Europe
LUX,2017,65712180342.9842,Luxembourg,EUR,EUR,Europe
LUX,2018,71000359760.4599,Luxembourg,EUR,EUR,Europe
LUX,2019,69825641851.0104,Luxembourg,EUR,EUR,Europe
LVA,1989,NA,Latvia,EUR,EUR,Europe
LVA,1990,NA,Latvia,EUR,EUR,Europe
LVA,1991,NA,Latvia,EUR,EUR,Europe
LVA,1992,NA,Latvia,EUR,EUR,Europe
LVA,1993,NA,Latvia,EUR,EUR,Europe
LVA,1994,NA,Latvia,EUR,EUR,Europe
LVA,1995,5789128636.62293,Latvia,EUR,EUR,Europe
LVA,1996,5975248851.45482,Latvia,EUR,EUR,Europe
LVA,1997,6527926445.6811,Latvia,EUR,EUR,Europe
LVA,1998,7166275467.65161,Latvia,EUR,EUR,Europe
LVA,1999,7533788133.55753,Latvia,EUR,EUR,Europe
LVA,2000,7958852838.93395,Latvia,EUR,EUR,Europe
LVA,2001,8362398701.58943,Latvia,EUR,EUR,Europe
LVA,2002,9557031605.27512,Latvia,EUR,EUR,Europe
LVA,2003,11771975156.8073,Latvia,EUR,EUR,Europe
LVA,2004,14435700533.368,Latvia,EUR,EUR,Europe
LVA,2005,17003459863.0989,Latvia,EUR,EUR,Europe
LVA,2006,21570076498.6205,Latvia,EUR,EUR,Europe
LVA,2007,31054350977.9784,Latvia,EUR,EUR,Europe
LVA,2008,35854274228.9139,Latvia,EUR,EUR,Europe
LVA,2009,26410909090.9091,Latvia,EUR,EUR,Europe
LVA,2010,23956163076.5575,Latvia,EUR,EUR,Europe
LVA,2011,27474380566.265,Latvia,EUR,EUR,Europe
LVA,2012,28169902669.3784,Latvia,EUR,EUR,Europe
LVA,2013,30204783461.8488,Latvia,EUR,EUR,Europe
LVA,2014,31386896487.0402,Latvia,EUR,EUR,Europe
LVA,2015,27263090547.0617,Latvia,EUR,EUR,Europe
LVA,2016,28083597512.4849,Latvia,EUR,EUR,Europe
LVA,2017,30483806017.8321,Latvia,EUR,EUR,Europe
LVA,2018,34429023435.0205,Latvia,EUR,EUR,Europe
LVA,2019,34343961072.8229,Latvia,EUR,EUR,Europe
MCO,1989,2010116851.20284,Monaco,EUR,EUR,Europe
MCO,1990,2481316053.85316,Monaco,EUR,EUR,Europe
MCO,1991,2480497538.54794,Monaco,EUR,EUR,Europe
MCO,1992,2737067001.75938,Monaco,EUR,EUR,Europe
MCO,1993,2574440022.97964,Monaco,EUR,EUR,Europe
MCO,1994,2720297793.28662,Monaco,EUR,EUR,Europe
MCO,1995,3130270895.13587,Monaco,EUR,EUR,Europe
MCO,1996,3137848801.03606,Monaco,EUR,EUR,Europe
MCO,1997,2840182220.99117,Monaco,EUR,EUR,Europe
MCO,1998,2934578821.10938,Monaco,EUR,EUR,Europe
MCO,1999,2907075359.5041,Monaco,EUR,EUR,Europe
MCO,2000,2654476597.15436,Monaco,EUR,EUR,Europe
MCO,2001,2673738412.57583,Monaco,EUR,EUR,Europe
MCO,2002,2919691961.37432,Monaco,EUR,EUR,Europe
MCO,2003,3597052153.18568,Monaco,EUR,EUR,Europe
MCO,2004,4117728150.84001,Monaco,EUR,EUR,Europe
MCO,2005,4204651893.54085,Monaco,EUR,EUR,Europe
MCO,2006,4586828062.23529,Monaco,EUR,EUR,Europe
MCO,2007,5875376401.92159,Monaco,EUR,EUR,Europe
MCO,2008,6502945305.07812,Monaco,EUR,EUR,Europe
MCO,2009,5473265701.67968,Monaco,EUR,EUR,Europe
MCO,2010,5367561640.00001,Monaco,EUR,EUR,Europe
MCO,2011,6088690667.31519,Monaco,EUR,EUR,Europe
MCO,2012,5742748405.54688,Monaco,EUR,EUR,Europe
MCO,2013,6555590641.56865,Monaco,EUR,EUR,Europe
MCO,2014,7069351223.5686,Monaco,EUR,EUR,Europe
MCO,2015,6261646949.53125,Monaco,EUR,EUR,Europe
MCO,2016,6472837332.95721,Monaco,EUR,EUR,Europe
MCO,2017,6431274937.64707,Monaco,EUR,EUR,Europe
MCO,2018,7194256778.2745,Monaco,EUR,EUR,Europe
MCO,2019,7383941919.21567,Monaco,EUR,EUR,Europe
MKD,1989,4699646643.10954,North Macedonia,EUR,EUR,Europe
MKD,1990,4699646643.10954,North Macedonia,EUR,EUR,Europe
MKD,1991,4938775510.20408,North Macedonia,EUR,EUR,Europe
MKD,1992,2436849341.97604,North Macedonia,EUR,EUR,Europe
MKD,1993,2682456896.55172,North Macedonia,EUR,EUR,Europe
MKD,1994,3559608612.55779,North Macedonia,EUR,EUR,Europe
MKD,1995,4707041273.82331,North Macedonia,EUR,EUR,Europe
MKD,1996,4642021256.30689,North Macedonia,EUR,EUR,Europe
MKD,1997,3912986090.97363,North Macedonia,EUR,EUR,Europe
MKD,1998,3765745000.15914,North Macedonia,EUR,EUR,Europe
MKD,1999,3863619262.14615,North Macedonia,EUR,EUR,Europe
MKD,2000,3772859053.28772,North Macedonia,EUR,EUR,Europe
MKD,2001,3709636012.49122,North Macedonia,EUR,EUR,Europe
MKD,2002,4018365767.82494,North Macedonia,EUR,EUR,Europe
MKD,2003,4946296568.73311,North Macedonia,EUR,EUR,Europe
MKD,2004,5682784433.35956,North Macedonia,EUR,EUR,Europe
MKD,2005,6258602830.34852,North Macedonia,EUR,EUR,Europe
MKD,2006,6861227018.42078,North Macedonia,EUR,EUR,Europe
MKD,2007,8336475035.85415,North Macedonia,EUR,EUR,Europe
MKD,2008,9909552355.61558,North Macedonia,EUR,EUR,Europe
MKD,2009,9401736825.42688,North Macedonia,EUR,EUR,Europe
MKD,2010,9407170388.83362,North Macedonia,EUR,EUR,Europe
MKD,2011,10494626767.6445,North Macedonia,EUR,EUR,Europe
MKD,2012,9745261300.57788,North Macedonia,EUR,EUR,Europe
MKD,2013,10817702423.7886,North Macedonia,EUR,EUR,Europe
MKD,2014,11362265293.5581,North Macedonia,EUR,EUR,Europe
MKD,2015,10064519962.5655,North Macedonia,EUR,EUR,Europe
MKD,2016,10672467073.2873,North Macedonia,EUR,EUR,Europe
MKD,2017,11307067000.7188,North Macedonia,EUR,EUR,Europe
MKD,2018,12683068033.1043,North Macedonia,EUR,EUR,Europe
MKD,2019,12606338448.547,North Macedonia,EUR,EUR,Europe
MLT,1989,2118574772.11136,Malta,EUR,EUR,Europe
MLT,1990,2547163582.33149,Malta,EUR,EUR,Europe
MLT,1991,2750041434.26295,Malta,EUR,EUR,Europe
MLT,1992,3021910216.71827,Malta,EUR,EUR,Europe
MLT,1993,2709178326.78271,Malta,EUR,EUR,Europe
MLT,1994,2998570146.54095,Malta,EUR,EUR,Europe
MLT,1995,3461332684.8249,Malta,EUR,EUR,Europe
MLT,1996,3585755121.48642,Malta,EUR,EUR,Europe
MLT,1997,3722389055.72239,Malta,EUR,EUR,Europe
MLT,1998,3958227428.44513,Malta,EUR,EUR,Europe
MLT,1999,4155187257.85622,Malta,EUR,EUR,Europe
MLT,2000,4323339212.2281,Malta,EUR,EUR,Europe
MLT,2001,4355146427.54937,Malta,EUR,EUR,Europe
MLT,2002,4693495693.49569,Malta,EUR,EUR,Europe
MLT,2003,5489359280.75566,Malta,EUR,EUR,Europe
MLT,2004,6116591928.25112,Malta,EUR,EUR,Europe
MLT,2005,6407287650.7897,Malta,EUR,EUR,Europe
MLT,2006,6778321415.12985,Malta,EUR,EUR,Europe
MLT,2007,7925403777.71694,Malta,EUR,EUR,Europe
MLT,2008,9090376446.46258,Malta,EUR,EUR,Europe
MLT,2009,8696304529.03584,Malta,EUR,EUR,Europe
MLT,2010,9035819656.6669,Malta,EUR,EUR,Europe
MLT,2011,9638733344.35806,Malta,EUR,EUR,Europe
MLT,2012,9461826174.02344,Malta,EUR,EUR,Europe
MLT,2013,10550968138.9413,Malta,EUR,EUR,Europe
MLT,2014,11625843213.6076,Malta,EUR,EUR,Europe
MLT,2015,11091467513.7109,Malta,EUR,EUR,Europe
MLT,2016,11667976402.763,Malta,EUR,EUR,Europe
MLT,2017,13489296992.0001,Malta,EUR,EUR,Europe
MLT,2018,15298004130.4975,Malta,EUR,EUR,Europe
MLT,2019,15881258056.2009,Malta,EUR,EUR,Europe
MNE,1989,NA,Montenegro,EUR,EUR,Europe
MNE,1990,NA,Montenegro,EUR,EUR,Europe
MNE,1991,NA,Montenegro,EUR,EUR,Europe
MNE,1992,NA,Montenegro,EUR,EUR,Europe
MNE,1993,NA,Montenegro,EUR,EUR,Europe
MNE,1994,NA,Montenegro,EUR,EUR,Europe
MNE,1995,NA,Montenegro,EUR,EUR,Europe
MNE,1996,NA,Montenegro,EUR,EUR,Europe
MNE,1997,NA,Montenegro,EUR,EUR,Europe
MNE,1998,NA,Montenegro,EUR,EUR,Europe
MNE,1999,NA,Montenegro,EUR,EUR,Europe
MNE,2000,984292969.877649,Montenegro,EUR,EUR,Europe
MNE,2001,1159869245.92513,Montenegro,EUR,EUR,Europe
MNE,2002,1284685050.52413,Montenegro,EUR,EUR,Europe
MNE,2003,1707710053.14938,Montenegro,EUR,EUR,Europe
MNE,2004,2073234417.68066,Montenegro,EUR,EUR,Europe
MNE,2005,2257174480.78597,Montenegro,EUR,EUR,Europe
MNE,2006,2721903148.91482,Montenegro,EUR,EUR,Europe
MNE,2007,3680711743.77224,Montenegro,EUR,EUR,Europe
MNE,2008,4545674527.61096,Montenegro,EUR,EUR,Europe
MNE,2009,4159330369.5471,Montenegro,EUR,EUR,Europe
MNE,2010,4142983897.83334,Montenegro,EUR,EUR,Europe
MNE,2011,4544429062.57783,Montenegro,EUR,EUR,Europe
MNE,2012,4087525609.43086,Montenegro,EUR,EUR,Europe
MNE,2013,4465771672.62001,Montenegro,EUR,EUR,Europe
MNE,2014,4593852089.09567,Montenegro,EUR,EUR,Europe
MNE,2015,4054728172.94375,Montenegro,EUR,EUR,Europe
MNE,2016,4376929571.63114,Montenegro,EUR,EUR,Europe
MNE,2017,4856602178.63413,Montenegro,EUR,EUR,Europe
MNE,2018,5506944403.30196,Montenegro,EUR,EUR,Europe
MNE,2019,5542053845.29274,Montenegro,EUR,EUR,Europe
NLD,1989,258336705808.999,Netherlands,EUR,EUR,Europe
NLD,1990,318330511920.61,Netherlands,EUR,EUR,Europe
NLD,1991,327500327675.625,Netherlands,EUR,EUR,Europe
NLD,1992,362962872180.451,Netherlands,EUR,EUR,Europe
NLD,1993,353550169672.52,Netherlands,EUR,EUR,Europe
NLD,1994,379130260322.073,Netherlands,EUR,EUR,Europe
NLD,1995,452301674444.139,Netherlands,EUR,EUR,Europe
NLD,1996,450490196078.431,Netherlands,EUR,EUR,Europe
NLD,1997,416812740004.518,Netherlands,EUR,EUR,Europe
NLD,1998,438008220395.468,Netherlands,EUR,EUR,Europe
NLD,1999,447049523049.808,Netherlands,EUR,EUR,Europe
NLD,2000,417479337444.707,Netherlands,EUR,EUR,Europe
NLD,2001,431586852369.686,Netherlands,EUR,EUR,Europe
NLD,2002,473861980070.981,Netherlands,EUR,EUR,Europe
NLD,2003,580070360701.96,Netherlands,EUR,EUR,Europe
NLD,2004,658380081545.175,Netherlands,EUR,EUR,Europe
NLD,2005,685348181515.953,Netherlands,EUR,EUR,Europe
NLD,2006,733955269898.823,Netherlands,EUR,EUR,Europe
NLD,2007,848558887541.179,Netherlands,EUR,EUR,Europe
NLD,2008,951869997864.062,Netherlands,EUR,EUR,Europe
NLD,2009,871518638049.218,Netherlands,EUR,EUR,Europe
NLD,2010,847380859016.688,Netherlands,EUR,EUR,Europe
NLD,2011,905270626332.693,Netherlands,EUR,EUR,Europe
NLD,2012,838923319919.531,Netherlands,EUR,EUR,Europe
NLD,2013,877172824534.519,Netherlands,EUR,EUR,Europe
NLD,2014,892167986713.708,Netherlands,EUR,EUR,Europe
NLD,2015,765572770634.375,Netherlands,EUR,EUR,Europe
NLD,2016,784060430240.101,Netherlands,EUR,EUR,Europe
NLD,2017,833869641687.068,Netherlands,EUR,EUR,Europe
NLD,2018,914043438179.591,Netherlands,EUR,EUR,Europe
NLD,2019,910194347568.61,Netherlands,EUR,EUR,Europe
NOR,1989,102633934390.615,Norway,EUR,EUR,Europe
NOR,1990,119791045690.118,Norway,EUR,EUR,Europe
NOR,1991,121871665528.423,Norway,EUR,EUR,Europe
NOR,1992,130838022522.86,Norway,EUR,EUR,Europe
NOR,1993,120578717965.736,Norway,EUR,EUR,Europe
NOR,1994,127131604641.39,Norway,EUR,EUR,Europe
NOR,1995,152030652228.016,Norway,EUR,EUR,Europe
NOR,1996,163519897878.102,Norway,EUR,EUR,Europe
NOR,1997,161356612878.694,Norway,EUR,EUR,Europe
NOR,1998,154230346261.264,Norway,EUR,EUR,Europe
NOR,1999,162384295939.12,Norway,EUR,EUR,Europe
NOR,2000,171456390281.958,Norway,EUR,EUR,Europe
NOR,2001,174240242224.618,Norway,EUR,EUR,Europe
NOR,2002,195915371987.697,Norway,EUR,EUR,Europe
NOR,2003,229384929368.922,Norway,EUR,EUR,Europe
NOR,2004,265267350723.204,Norway,EUR,EUR,Europe
NOR,2005,309978579743.888,Norway,EUR,EUR,Europe
NOR,2006,346913357588.358,Norway,EUR,EUR,Europe
NOR,2007,402645550184.816,Norway,EUR,EUR,Europe
NOR,2008,464917553191.489,Norway,EUR,EUR,Europe
NOR,2009,387974344023.324,Norway,EUR,EUR,Europe
NOR,2010,431052143940.438,Norway,EUR,EUR,Europe
NOR,2011,501360549669.404,Norway,EUR,EUR,Europe
NOR,2012,512777309840.997,Norway,EUR,EUR,Europe
NOR,2013,526014468085.106,Norway,EUR,EUR,Europe
NOR,2014,501736471832.848,Norway,EUR,EUR,Europe
NOR,2015,388159512245.53,Norway,EUR,EUR,Europe
NOR,2016,370956547619.048,Norway,EUR,EUR,Europe
NOR,2017,401745275035.261,Norway,EUR,EUR,Europe
NOR,2018,439788625883.8,Norway,EUR,EUR,Europe
NOR,2019,408742840909.091,Norway,EUR,EUR,Europe
POL,1989,65977748210.5263,Poland,EUR,EUR,Europe
POL,1990,65977748210.5263,Poland,EUR,EUR,Europe
POL,1991,85500934319.1735,Poland,EUR,EUR,Europe
POL,1992,94337047232.8866,Poland,EUR,EUR,Europe
POL,1993,96043157272.862,Poland,EUR,EUR,Europe
POL,1994,110803635287.621,Poland,EUR,EUR,Europe
POL,1995,142293761469.151,Poland,EUR,EUR,Europe
POL,1996,160193242090.427,Poland,EUR,EUR,Europe
POL,1997,159358194732.094,Poland,EUR,EUR,Europe
POL,1998,174685791563.561,Poland,EUR,EUR,Europe
POL,1999,170030647848.034,Poland,EUR,EUR,Europe
POL,2000,172220451786.957,Poland,EUR,EUR,Europe
POL,2001,190905493539.168,Poland,EUR,EUR,Europe
POL,2002,199070432431.108,Poland,EUR,EUR,Europe
POL,2003,217828661056.935,Poland,EUR,EUR,Europe
POL,2004,255107275407.423,Poland,EUR,EUR,Europe
POL,2005,306145913284.466,Poland,EUR,EUR,Europe
POL,2006,344626630395.377,Poland,EUR,EUR,Europe
POL,2007,429020755432.721,Poland,EUR,EUR,Europe
POL,2008,533599853342.51,Poland,EUR,EUR,Europe
POL,2009,439731636116.949,Poland,EUR,EUR,Europe
POL,2010,475696613935.595,Poland,EUR,EUR,Europe
POL,2011,524374222547.901,Poland,EUR,EUR,Europe
POL,2012,495230574356.743,Poland,EUR,EUR,Europe
POL,2013,515762008468.811,Poland,EUR,EUR,Europe
POL,2014,539080532037.142,Poland,EUR,EUR,Europe
POL,2015,477111287969.227,Poland,EUR,EUR,Europe
POL,2016,470024559638.496,Poland,EUR,EUR,Europe
POL,2017,524641206562.004,Poland,EUR,EUR,Europe
POL,2018,588779850763.487,Poland,EUR,EUR,Europe
POL,2019,596058473058.766,Poland,EUR,EUR,Europe
PRT,1989,60594092182.3275,Portugal,EUR,EUR,Europe
PRT,1990,78713860216.5659,Portugal,EUR,EUR,Europe
PRT,1991,89233599278.4792,Portugal,EUR,EUR,Europe
PRT,1992,107592098307.098,Portugal,EUR,EUR,Europe
PRT,1993,95009751901.2592,Portugal,EUR,EUR,Europe
PRT,1994,99688641304.3478,Portugal,EUR,EUR,Europe
PRT,1995,118122007430.012,Portugal,EUR,EUR,Europe
PRT,1996,122630089680.27,Portugal,EUR,EUR,Europe
PRT,1997,117016535162.95,Portugal,EUR,EUR,Europe
PRT,1998,123946327916.296,Portugal,EUR,EUR,Europe
PRT,1999,127470385557.184,Portugal,EUR,EUR,Europe
PRT,2000,118605192877.388,Portugal,EUR,EUR,Europe
PRT,2001,121604107164.997,Portugal,EUR,EUR,Europe
PRT,2002,134795565549.419,Portugal,EUR,EUR,Europe
PRT,2003,165226175536.793,Portugal,EUR,EUR,Europe
PRT,2004,189382122532.169,Portugal,EUR,EUR,Europe
PRT,2005,197253876704.921,Portugal,EUR,EUR,Europe
PRT,2006,208756449275.848,Portugal,EUR,EUR,Europe
PRT,2007,240496147317.381,Portugal,EUR,EUR,Europe
PRT,2008,263416394624.084,Portugal,EUR,EUR,Europe
PRT,2009,244667762835.543,Portugal,EUR,EUR,Europe
PRT,2010,238113003233.289,Portugal,EUR,EUR,Europe
PRT,2011,245117990242.249,Portugal,EUR,EUR,Europe
PRT,2012,216224240577.957,Portugal,EUR,EUR,Europe
PRT,2013,226433858005.716,Portugal,EUR,EUR,Europe
PRT,2014,229901964221.881,Portugal,EUR,EUR,Europe
PRT,2015,199394066525.44,Portugal,EUR,EUR,Europe
PRT,2016,206426152308.937,Portugal,EUR,EUR,Europe
PRT,2017,221357874718.932,Portugal,EUR,EUR,Europe
PRT,2018,242313116577.963,Portugal,EUR,EUR,Europe
PRT,2019,239986922638.897,Portugal,EUR,EUR,Europe
ROU,1989,41450779108.6724,Romania,EUR,EUR,Europe
ROU,1990,38244330107.5469,Romania,EUR,EUR,Europe
ROU,1991,28851673544.9961,Romania,EUR,EUR,Europe
ROU,1992,25121666666.6667,Romania,EUR,EUR,Europe
ROU,1993,26361131547.1224,Romania,EUR,EUR,Europe
ROU,1994,30072880812.3245,Romania,EUR,EUR,Europe
ROU,1995,37430238805.9335,Romania,EUR,EUR,Europe
ROU,1996,36937074278.3004,Romania,EUR,EUR,Europe
ROU,1997,35575197534.5787,Romania,EUR,EUR,Europe
ROU,1998,41696111548.0676,Romania,EUR,EUR,Europe
ROU,1999,35953162615.8563,Romania,EUR,EUR,Europe
ROU,2000,37253738081.0669,Romania,EUR,EUR,Europe
ROU,2001,40395114264.7811,Romania,EUR,EUR,Europe
ROU,2002,46065502702.5817,Romania,EUR,EUR,Europe
ROU,2003,57806382692.2057,Romania,EUR,EUR,Europe
ROU,2004,74973660680.522,Romania,EUR,EUR,Europe
ROU,2005,98454374488.2926,Romania,EUR,EUR,Europe
ROU,2006,122023721512.528,Romania,EUR,EUR,Europe
ROU,2007,174588782938.583,Romania,EUR,EUR,Europe
ROU,2008,214317174116.581,Romania,EUR,EUR,Europe
ROU,2009,174102268534.84,Romania,EUR,EUR,Europe
ROU,2010,170029359010.667,Romania,EUR,EUR,Europe
ROU,2011,192613558645.612,Romania,EUR,EUR,Europe
ROU,2012,179132893143.417,Romania,EUR,EUR,Europe
ROU,2013,189789277576.061,Romania,EUR,EUR,Europe
ROU,2014,199713780259.318,Romania,EUR,EUR,Europe
ROU,2015,177883897811.434,Romania,EUR,EUR,Europe
ROU,2016,185287615324.922,Romania,EUR,EUR,Europe
ROU,2017,210147181055.277,Romania,EUR,EUR,Europe
ROU,2018,243316050520.725,Romania,EUR,EUR,Europe
ROU,2019,251017797625.017,Romania,EUR,EUR,Europe
SMR,1989,NA,San Marino,EUR,EUR,Europe
SMR,1990,NA,San Marino,EUR,EUR,Europe
SMR,1991,NA,San Marino,EUR,EUR,Europe
SMR,1992,NA,San Marino,EUR,EUR,Europe
SMR,1993,NA,San Marino,EUR,EUR,Europe
SMR,1994,NA,San Marino,EUR,EUR,Europe
SMR,1995,NA,San Marino,EUR,EUR,Europe
SMR,1996,NA,San Marino,EUR,EUR,Europe
SMR,1997,NA,San Marino,EUR,EUR,Europe
SMR,1998,NA,San Marino,EUR,EUR,Europe
SMR,1999,1109098657.57511,San Marino,EUR,EUR,Europe
SMR,2000,1005159388.24397,San Marino,EUR,EUR,Europe
SMR,2001,1077413479.05282,San Marino,EUR,EUR,Europe
SMR,2002,1168269230.76923,San Marino,EUR,EUR,Europe
SMR,2003,1464326160.8154,San Marino,EUR,EUR,Europe
SMR,2004,1723750000,San Marino,EUR,EUR,Europe
SMR,2005,1785847531.40157,San Marino,EUR,EUR,Europe
SMR,2006,1908167105.75837,San Marino,EUR,EUR,Europe
SMR,2007,2185874623.59704,San Marino,EUR,EUR,Europe
SMR,2008,2393437820.41892,San Marino,EUR,EUR,Europe
SMR,2009,2056126701.86163,San Marino,EUR,EUR,Europe
SMR,2010,1881191950,San Marino,EUR,EUR,Europe
SMR,2011,1813717694.55253,San Marino,EUR,EUR,Europe
SMR,2012,1604701051.17188,San Marino,EUR,EUR,Europe
SMR,2013,1678741201.56863,San Marino,EUR,EUR,Europe
SMR,2014,1673910988.23529,San Marino,EUR,EUR,Europe
SMR,2015,1419400403.82339,San Marino,EUR,EUR,Europe
SMR,2016,1468342430.68836,San Marino,EUR,EUR,Europe
SMR,2017,1528621195.45849,San Marino,EUR,EUR,Europe
SMR,2018,1655354303.82885,San Marino,EUR,EUR,Europe
SMR,2019,1616188702.34405,San Marino,EUR,EUR,Europe
SRB,1989,NA,Serbia,EUR,EUR,Europe
SRB,1990,NA,Serbia,EUR,EUR,Europe
SRB,1991,NA,Serbia,EUR,EUR,Europe
SRB,1992,NA,Serbia,EUR,EUR,Europe
SRB,1993,NA,Serbia,EUR,EUR,Europe
SRB,1994,NA,Serbia,EUR,EUR,Europe
SRB,1995,16832598870.0565,Serbia,EUR,EUR,Europe
SRB,1996,21818007448.7896,Serbia,EUR,EUR,Europe
SRB,1997,25676487999.5941,Serbia,EUR,EUR,Europe
SRB,1998,19457979423.376,Serbia,EUR,EUR,Europe
SRB,1999,19388663551.0012,Serbia,EUR,EUR,Europe
SRB,2000,6875845986.52121,Serbia,EUR,EUR,Europe
SRB,2001,12960546471.3782,Serbia,EUR,EUR,Europe
SRB,2002,17120906918.3503,Serbia,EUR,EUR,Europe
SRB,2003,22482365321.7656,Serbia,EUR,EUR,Europe
SRB,2004,26141968161.0924,Serbia,EUR,EUR,Europe
SRB,2005,27683225959.2468,Serbia,EUR,EUR,Europe
SRB,2006,32482070360.3204,Serbia,EUR,EUR,Europe
SRB,2007,43170990616.4729,Serbia,EUR,EUR,Europe
SRB,2008,52194221468.5007,Serbia,EUR,EUR,Europe
SRB,2009,45162894380.9318,Serbia,EUR,EUR,Europe
SRB,2010,41819468691.8251,Serbia,EUR,EUR,Europe
SRB,2011,49258136128.9672,Serbia,EUR,EUR,Europe
SRB,2012,43309252921.0567,Serbia,EUR,EUR,Europe
SRB,2013,48394239474.6762,Serbia,EUR,EUR,Europe
SRB,2014,47062202241.4378,Serbia,EUR,EUR,Europe
SRB,2015,39655949731.3816,Serbia,EUR,EUR,Europe
SRB,2016,40692661657.284,Serbia,EUR,EUR,Europe
SRB,2017,44179075778.9267,Serbia,EUR,EUR,Europe
SRB,2018,50640662859.4987,Serbia,EUR,EUR,Europe
SRB,2019,51514242775.5241,Serbia,EUR,EUR,Europe
SVK,1989,12747380650.0762,Slovakia,EUR,EUR,Europe
SVK,1990,12747380650.0762,Slovakia,EUR,EUR,Europe
SVK,1991,14272201755.4704,Slovakia,EUR,EUR,Europe
SVK,1992,15495514296.8042,Slovakia,EUR,EUR,Europe
SVK,1993,16520676973.5301,Slovakia,EUR,EUR,Europe
SVK,1994,20162936291.375,Slovakia,EUR,EUR,Europe
SVK,1995,25840146405.2288,Slovakia,EUR,EUR,Europe
SVK,1996,27925036755.3866,Slovakia,EUR,EUR,Europe
SVK,1997,27706028095.6157,Slovakia,EUR,EUR,Europe
SVK,1998,29856000671.216,Slovakia,EUR,EUR,Europe
SVK,1999,30463670123.5931,Slovakia,EUR,EUR,Europe
SVK,2000,29242558796.5507,Slovakia,EUR,EUR,Europe
SVK,2001,30778781606.9575,Slovakia,EUR,EUR,Europe
SVK,2002,35297794385.6863,Slovakia,EUR,EUR,Europe
SVK,2003,46919965224.1497,Slovakia,EUR,EUR,Europe
SVK,2004,57437444469.087,Slovakia,EUR,EUR,Europe
SVK,2005,62808723476.719,Slovakia,EUR,EUR,Europe
SVK,2006,70767338922.4411,Slovakia,EUR,EUR,Europe
SVK,2007,86563986799.2505,Slovakia,EUR,EUR,Europe
SVK,2008,100879902984.983,Slovakia,EUR,EUR,Europe
SVK,2009,89399303222.155,Slovakia,EUR,EUR,Europe
SVK,2010,91162836320.3524,Slovakia,EUR,EUR,Europe
SVK,2011,99922685424.8842,Slovakia,EUR,EUR,Europe
SVK,2012,94623731085.6106,Slovakia,EUR,EUR,Europe
SVK,2013,98935222174.8611,Slovakia,EUR,EUR,Europe
SVK,2014,101437045019.899,Slovakia,EUR,EUR,Europe
SVK,2015,88900883130.8374,Slovakia,EUR,EUR,Europe
SVK,2016,89952699524.8965,Slovakia,EUR,EUR,Europe
SVK,2017,95649966260.981,Slovakia,EUR,EUR,Europe
SVK,2018,106137924015.591,Slovakia,EUR,EUR,Europe
SVK,2019,105710052464.625,Slovakia,EUR,EUR,Europe
SVN,1989,NA,Slovenia,EUR,EUR,Europe
SVN,1990,NA,Slovenia,EUR,EUR,Europe
SVN,1991,NA,Slovenia,EUR,EUR,Europe
SVN,1992,NA,Slovenia,EUR,EUR,Europe
SVN,1993,NA,Slovenia,EUR,EUR,Europe
SVN,1994,NA,Slovenia,EUR,EUR,Europe
SVN,1995,21352224019.4096,Slovenia,EUR,EUR,Europe
SVN,1996,21507232648.7252,Slovenia,EUR,EUR,Europe
SVN,1997,20763101740.6963,Slovenia,EUR,EUR,Europe
SVN,1998,22146231967.6861,Slovenia,EUR,EUR,Europe
SVN,1999,22711384311.1404,Slovenia,EUR,EUR,Europe
SVN,2000,20289627636.6767,Slovenia,EUR,EUR,Europe
SVN,2001,20876309970.385,Slovenia,EUR,EUR,Europe
SVN,2002,23489890274.3142,Slovenia,EUR,EUR,Europe
SVN,2003,29634713641.0968,Slovenia,EUR,EUR,Europe
SVN,2004,34414784504.2352,Slovenia,EUR,EUR,Europe
SVN,2005,36206395970.6504,Slovenia,EUR,EUR,Europe
SVN,2006,39481045038.2637,Slovenia,EUR,EUR,Europe
SVN,2007,48067401207.3978,Slovenia,EUR,EUR,Europe
SVN,2008,55779427739.6609,Slovenia,EUR,EUR,Europe
SVN,2009,50567734885.9613,Slovenia,EUR,EUR,Europe
SVN,2010,48208240226.4512,Slovenia,EUR,EUR,Europe
SVN,2011,51583869785.1853,Slovenia,EUR,EUR,Europe
SVN,2012,46577793184.0031,Slovenia,EUR,EUR,Europe
SVN,2013,48415657264.8762,Slovenia,EUR,EUR,Europe
SVN,2014,49997186439.0908,Slovenia,EUR,EUR,Europe
SVN,2015,43107506024.3254,Slovenia,EUR,EUR,Europe
SVN,2016,44766722790.5838,Slovenia,EUR,EUR,Europe
SVN,2017,48589100043.0958,Slovenia,EUR,EUR,Europe
SVN,2018,54177882425.8421,Slovenia,EUR,EUR,Europe
SVN,2019,54331588482.3048,Slovenia,EUR,EUR,Europe
SWE,1989,217949132622.507,Sweden,EUR,EUR,Europe
SWE,1990,261846636897.068,Sweden,EUR,EUR,Europe
SWE,1991,274230545848.399,Sweden,EUR,EUR,Europe
SWE,1992,284319488252.297,Sweden,EUR,EUR,Europe
SWE,1993,212952606992.293,Sweden,EUR,EUR,Europe
SWE,1994,229034457106.495,Sweden,EUR,EUR,Europe
SWE,1995,267307061910.144,Sweden,EUR,EUR,Europe
SWE,1996,291745732990.835,Sweden,EUR,EUR,Europe
SWE,1997,268146349551.014,Sweden,EUR,EUR,Europe
SWE,1998,270810151170.431,Sweden,EUR,EUR,Europe
SWE,1999,274071242574.57,Sweden,EUR,EUR,Europe
SWE,2000,262834187366.578,Sweden,EUR,EUR,Europe
SWE,2001,242395011586.562,Sweden,EUR,EUR,Europe
SWE,2002,266848422377.999,Sweden,EUR,EUR,Europe
SWE,2003,334337040046.622,Sweden,EUR,EUR,Europe
SWE,2004,385118743610.143,Sweden,EUR,EUR,Europe
SWE,2005,392218701192.925,Sweden,EUR,EUR,Europe
SWE,2006,423090618042.966,Sweden,EUR,EUR,Europe
SWE,2007,491254769728.812,Sweden,EUR,EUR,Europe
SWE,2008,517706214656.407,Sweden,EUR,EUR,Europe
SWE,2009,436535921119.119,Sweden,EUR,EUR,Europe
SWE,2010,495812558843.31,Sweden,EUR,EUR,Europe
SWE,2011,574094112972.733,Sweden,EUR,EUR,Europe
SWE,2012,552483727282.802,Sweden,EUR,EUR,Europe
SWE,2013,586841821796.891,Sweden,EUR,EUR,Europe
SWE,2014,581964017237.095,Sweden,EUR,EUR,Europe
SWE,2015,505103781349.757,Sweden,EUR,EUR,Europe
SWE,2016,515654671469.547,Sweden,EUR,EUR,Europe
SWE,2017,541018749769.097,Sweden,EUR,EUR,Europe
SWE,2018,555455371487.089,Sweden,EUR,EUR,Europe
SWE,2019,533879529188.454,Sweden,EUR,EUR,Europe
TUR,1989,107143390749.858,Turkey,EUR,EUR,Europe
TUR,1990,150676194826.809,Turkey,EUR,EUR,Europe
TUR,1991,151041399039.068,Turkey,EUR,EUR,Europe
TUR,1992,159094972321.748,Turkey,EUR,EUR,Europe
TUR,1993,180421862247.805,Turkey,EUR,EUR,Europe
TUR,1994,130651877908.195,Turkey,EUR,EUR,Europe
TUR,1995,169319354340.48,Turkey,EUR,EUR,Europe
TUR,1996,181464650312.271,Turkey,EUR,EUR,Europe
TUR,1997,189878399894.643,Turkey,EUR,EUR,Europe
TUR,1998,275941726172.383,Turkey,EUR,EUR,Europe
TUR,1999,256395983758.49,Turkey,EUR,EUR,Europe
TUR,2000,274294842523.054,Turkey,EUR,EUR,Europe
TUR,2001,201753110088.579,Turkey,EUR,EUR,Europe
TUR,2002,240249005455.218,Turkey,EUR,EUR,Europe
TUR,2003,314595528425.307,Turkey,EUR,EUR,Europe
TUR,2004,408865358516.587,Turkey,EUR,EUR,Europe
TUR,2005,506314676837.415,Turkey,EUR,EUR,Europe
TUR,2006,557075996577.466,Turkey,EUR,EUR,Europe
TUR,2007,681321173796.053,Turkey,EUR,EUR,Europe
TUR,2008,770449308781.338,Turkey,EUR,EUR,Europe
TUR,2009,649289418603.013,Turkey,EUR,EUR,Europe
TUR,2010,776967457763.602,Turkey,EUR,EUR,Europe
TUR,2011,838785514058.562,Turkey,EUR,EUR,Europe
TUR,2012,880555912745.582,Turkey,EUR,EUR,Europe
TUR,2013,957798998031.277,Turkey,EUR,EUR,Europe
TUR,2014,938934430070.659,Turkey,EUR,EUR,Europe
TUR,2015,864313960482.343,Turkey,EUR,EUR,Europe
TUR,2016,869682954136.208,Turkey,EUR,EUR,Europe
TUR,2017,858988578709.755,Turkey,EUR,EUR,Europe
TUR,2018,778476714087.962,Turkey,EUR,EUR,Europe
TUR,2019,759934804372.319,Turkey,EUR,EUR,Europe
ARM,1989,2256838857.60997,Armenia,FSU,EEA,Eastern Europe and West-Central Asia
ARM,1990,2256838857.60997,Armenia,FSU,EEA,Eastern Europe and West-Central Asia
ARM,1991,2069870129.87013,Armenia,FSU,EEA,Eastern Europe and West-Central Asia
ARM,1992,1272835453.42634,Armenia,FSU,EEA,Eastern Europe and West-Central Asia
ARM,1993,1201312829.27524,Armenia,FSU,EEA,Eastern Europe and West-Central Asia
ARM,1994,1315158636.67553,Armenia,FSU,EEA,Eastern Europe and West-Central Asia
ARM,1995,1468317435.20148,Armenia,FSU,EEA,Eastern Europe and West-Central Asia
ARM,1996,1596968946.23708,Armenia,FSU,EEA,Eastern Europe and West-Central Asia
ARM,1997,1639492444.76152,Armenia,FSU,EEA,Eastern Europe and West-Central Asia
ARM,1998,1893726437.26462,Armenia,FSU,EEA,Eastern Europe and West-Central Asia
ARM,1999,1845482173.02732,Armenia,FSU,EEA,Eastern Europe and West-Central Asia
ARM,2000,1911563668.85006,Armenia,FSU,EEA,Eastern Europe and West-Central Asia
ARM,2001,2118467913.37873,Armenia,FSU,EEA,Eastern Europe and West-Central Asia
ARM,2002,2376335048.39976,Armenia,FSU,EEA,Eastern Europe and West-Central Asia
ARM,2003,2807061008.69084,Armenia,FSU,EEA,Eastern Europe and West-Central Asia
ARM,2004,3576615240.41616,Armenia,FSU,EEA,Eastern Europe and West-Central Asia
ARM,2005,4900469515.07252,Armenia,FSU,EEA,Eastern Europe and West-Central Asia
ARM,2006,6384452070.74171,Armenia,FSU,EEA,Eastern Europe and West-Central Asia
ARM,2007,9206301264.17572,Armenia,FSU,EEA,Eastern Europe and West-Central Asia
ARM,2008,11662040703.8916,Armenia,FSU,EEA,Eastern Europe and West-Central Asia
ARM,2009,8647937090.63389,Armenia,FSU,EEA,Eastern Europe and West-Central Asia
ARM,2010,9260285762.09704,Armenia,FSU,EEA,Eastern Europe and West-Central Asia
ARM,2011,10142111812.3665,Armenia,FSU,EEA,Eastern Europe and West-Central Asia
ARM,2012,10619320692.8087,Armenia,FSU,EEA,Eastern Europe and West-Central Asia
ARM,2013,11121464429.703,Armenia,FSU,EEA,Eastern Europe and West-Central Asia
ARM,2014,11609513241.0754,Armenia,FSU,EEA,Eastern Europe and West-Central Asia
ARM,2015,10553337527.7745,Armenia,FSU,EEA,Eastern Europe and West-Central Asia
ARM,2016,10546136240.3952,Armenia,FSU,EEA,Eastern Europe and West-Central Asia
ARM,2017,11527458712.6187,Armenia,FSU,EEA,Eastern Europe and West-Central Asia
ARM,2018,12457940705.3088,Armenia,FSU,EEA,Eastern Europe and West-Central Asia
ARM,2019,13619290545.8131,Armenia,FSU,EEA,Eastern Europe and West-Central Asia
AZE,1989,8858006042.29607,Azerbaijan,FSU,EEA,Eastern Europe and West-Central Asia
AZE,1990,8858006042.29607,Azerbaijan,FSU,EEA,Eastern Europe and West-Central Asia
AZE,1991,5344000000,Azerbaijan,FSU,EEA,Eastern Europe and West-Central Asia
AZE,1992,444658671.586716,Azerbaijan,FSU,EEA,Eastern Europe and West-Central Asia
AZE,1993,1570392598.14954,Azerbaijan,FSU,EEA,Eastern Europe and West-Central Asia
AZE,1994,1193141110.35043,Azerbaijan,FSU,EEA,Eastern Europe and West-Central Asia
AZE,1995,2417332562.22184,Azerbaijan,FSU,EEA,Eastern Europe and West-Central Asia
AZE,1996,3176507991.73964,Azerbaijan,FSU,EEA,Eastern Europe and West-Central Asia
AZE,1997,3962362387.47922,Azerbaijan,FSU,EEA,Eastern Europe and West-Central Asia
AZE,1998,4446370371.15023,Azerbaijan,FSU,EEA,Eastern Europe and West-Central Asia
AZE,1999,4581246713.32066,Azerbaijan,FSU,EEA,Eastern Europe and West-Central Asia
AZE,2000,5272617196.04517,Azerbaijan,FSU,EEA,Eastern Europe and West-Central Asia
AZE,2001,5707618246.56848,Azerbaijan,FSU,EEA,Eastern Europe and West-Central Asia
AZE,2002,6236086669.17539,Azerbaijan,FSU,EEA,Eastern Europe and West-Central Asia
AZE,2003,7276413079.11451,Azerbaijan,FSU,EEA,Eastern Europe and West-Central Asia
AZE,2004,8680410157.5717,Azerbaijan,FSU,EEA,Eastern Europe and West-Central Asia
AZE,2005,13245421880.834,Azerbaijan,FSU,EEA,Eastern Europe and West-Central Asia
AZE,2006,20981929497.6188,Azerbaijan,FSU,EEA,Eastern Europe and West-Central Asia
AZE,2007,33049426816.4448,Azerbaijan,FSU,EEA,Eastern Europe and West-Central Asia
AZE,2008,48851318825.7152,Azerbaijan,FSU,EEA,Eastern Europe and West-Central Asia
AZE,2009,44292408816.638,Azerbaijan,FSU,EEA,Eastern Europe and West-Central Asia
AZE,2010,52909294791.9262,Azerbaijan,FSU,EEA,Eastern Europe and West-Central Asia
AZE,2011,65952763948.839,Azerbaijan,FSU,EEA,Eastern Europe and West-Central Asia
AZE,2012,69679913509.9091,Azerbaijan,FSU,EEA,Eastern Europe and West-Central Asia
AZE,2013,74160553008.7311,Azerbaijan,FSU,EEA,Eastern Europe and West-Central Asia
AZE,2014,75239737488.8044,Azerbaijan,FSU,EEA,Eastern Europe and West-Central Asia
AZE,2015,53076244754.5037,Azerbaijan,FSU,EEA,Eastern Europe and West-Central Asia
AZE,2016,37867007022.7844,Azerbaijan,FSU,EEA,Eastern Europe and West-Central Asia
AZE,2017,40866632047.8414,Azerbaijan,FSU,EEA,Eastern Europe and West-Central Asia
AZE,2018,47112479289.4186,Azerbaijan,FSU,EEA,Eastern Europe and West-Central Asia
AZE,2019,48174235294.1176,Azerbaijan,FSU,EEA,Eastern Europe and West-Central Asia
BLR,1989,21650000000,Belarus,FSU,EEA,Eastern Europe and West-Central Asia
BLR,1990,21650000000,Belarus,FSU,EEA,Eastern Europe and West-Central Asia
BLR,1991,18000000000,Belarus,FSU,EEA,Eastern Europe and West-Central Asia
BLR,1992,17037037037.037,Belarus,FSU,EEA,Eastern Europe and West-Central Asia
BLR,1993,16280991735.5372,Belarus,FSU,EEA,Eastern Europe and West-Central Asia
BLR,1994,14932024169.1843,Belarus,FSU,EEA,Eastern Europe and West-Central Asia
BLR,1995,13972676840.918,Belarus,FSU,EEA,Eastern Europe and West-Central Asia
BLR,1996,14756846153.8462,Belarus,FSU,EEA,Eastern Europe and West-Central Asia
BLR,1997,14128408565.7064,Belarus,FSU,EEA,Eastern Europe and West-Central Asia
BLR,1998,15222012660.4232,Belarus,FSU,EEA,Eastern Europe and West-Central Asia
BLR,1999,12138486532.0203,Belarus,FSU,EEA,Eastern Europe and West-Central Asia
BLR,2000,12736856827.9847,Belarus,FSU,EEA,Eastern Europe and West-Central Asia
BLR,2001,12354820143.8849,Belarus,FSU,EEA,Eastern Europe and West-Central Asia
BLR,2002,14594928109.4411,Belarus,FSU,EEA,Eastern Europe and West-Central Asia
BLR,2003,17825437482.8613,Belarus,FSU,EEA,Eastern Europe and West-Central Asia
BLR,2004,23141593073.9738,Belarus,FSU,EEA,Eastern Europe and West-Central Asia
BLR,2005,30210091836.8294,Belarus,FSU,EEA,Eastern Europe and West-Central Asia
BLR,2006,36961822468.2015,Belarus,FSU,EEA,Eastern Europe and West-Central Asia
BLR,2007,45275747157.412,Belarus,FSU,EEA,Eastern Europe and West-Central Asia
BLR,2008,60752177438.8895,Belarus,FSU,EEA,Eastern Europe and West-Central Asia
BLR,2009,50873181571.649,Belarus,FSU,EEA,Eastern Europe and West-Central Asia
BLR,2010,57231904542.8755,Belarus,FSU,EEA,Eastern Europe and West-Central Asia
BLR,2011,61762340943.0511,Belarus,FSU,EEA,Eastern Europe and West-Central Asia
BLR,2012,65685903570.4526,Belarus,FSU,EEA,Eastern Europe and West-Central Asia
BLR,2013,75527537703.1836,Belarus,FSU,EEA,Eastern Europe and West-Central Asia
BLR,2014,78812785767.7483,Belarus,FSU,EEA,Eastern Europe and West-Central Asia
BLR,2015,56454895054.6555,Belarus,FSU,EEA,Eastern Europe and West-Central Asia
BLR,2016,47723549319.0842,Belarus,FSU,EEA,Eastern Europe and West-Central Asia
BLR,2017,54725311690.0478,Belarus,FSU,EEA,Eastern Europe and West-Central Asia
BLR,2018,60031163987.191,Belarus,FSU,EEA,Eastern Europe and West-Central Asia
BLR,2019,64410112583.362,Belarus,FSU,EEA,Eastern Europe and West-Central Asia
GEO,1989,7753501867.76095,Georgia,FSU,EEA,Eastern Europe and West-Central Asia
GEO,1990,7753501867.76095,Georgia,FSU,EEA,Eastern Europe and West-Central Asia
GEO,1991,6357615894.03974,Georgia,FSU,EEA,Eastern Europe and West-Central Asia
GEO,1992,3690328963.64086,Georgia,FSU,EEA,Eastern Europe and West-Central Asia
GEO,1993,2701181331.30816,Georgia,FSU,EEA,Eastern Europe and West-Central Asia
GEO,1994,2514070771.80273,Georgia,FSU,EEA,Eastern Europe and West-Central Asia
GEO,1995,2693768412.89179,Georgia,FSU,EEA,Eastern Europe and West-Central Asia
GEO,1996,3095047603.8083,Georgia,FSU,EEA,Eastern Europe and West-Central Asia
GEO,1997,3510520231.21387,Georgia,FSU,EEA,Eastern Europe and West-Central Asia
GEO,1998,3613498183.2136,Georgia,FSU,EEA,Eastern Europe and West-Central Asia
GEO,1999,2800026343.73636,Georgia,FSU,EEA,Eastern Europe and West-Central Asia
GEO,2000,3057475335.18846,Georgia,FSU,EEA,Eastern Europe and West-Central Asia
GEO,2001,3219462779.685,Georgia,FSU,EEA,Eastern Europe and West-Central Asia
GEO,2002,3395766677.67315,Georgia,FSU,EEA,Eastern Europe and West-Central Asia
GEO,2003,3991377904.13162,Georgia,FSU,EEA,Eastern Europe and West-Central Asia
GEO,2004,5125365191.98664,Georgia,FSU,EEA,Eastern Europe and West-Central Asia
GEO,2005,6410912049.87105,Georgia,FSU,EEA,Eastern Europe and West-Central Asia
GEO,2006,7745249283.88222,Georgia,FSU,EEA,Eastern Europe and West-Central Asia
GEO,2007,10172933118.493,Georgia,FSU,EEA,Eastern Europe and West-Central Asia
GEO,2008,12795147991.8388,Georgia,FSU,EEA,Eastern Europe and West-Central Asia
GEO,2009,10766919442.0789,Georgia,FSU,EEA,Eastern Europe and West-Central Asia
GEO,2010,12243219360.2985,Georgia,FSU,EEA,Eastern Europe and West-Central Asia
GEO,2011,15107482383.3798,Georgia,FSU,EEA,Eastern Europe and West-Central Asia
GEO,2012,16488819132.8835,Georgia,FSU,EEA,Eastern Europe and West-Central Asia
GEO,2013,17190068235.7892,Georgia,FSU,EEA,Eastern Europe and West-Central Asia
GEO,2014,17627336228.0536,Georgia,FSU,EEA,Eastern Europe and West-Central Asia
GEO,2015,14953675992.6704,Georgia,FSU,EEA,Eastern Europe and West-Central Asia
GEO,2016,15141598622.5692,Georgia,FSU,EEA,Eastern Europe and West-Central Asia
GEO,2017,16242647229.7398,Georgia,FSU,EEA,Eastern Europe and West-Central Asia
GEO,2018,17596922469.9152,Georgia,FSU,EEA,Eastern Europe and West-Central Asia
GEO,2019,17470436258.5131,Georgia,FSU,EEA,Eastern Europe and West-Central Asia
KAZ,1989,26932729102.7371,Kazakhstan,FSU,EEA,Eastern Europe and West-Central Asia
KAZ,1990,26932729102.7371,Kazakhstan,FSU,EEA,Eastern Europe and West-Central Asia
KAZ,1991,24923076923.0769,Kazakhstan,FSU,EEA,Eastern Europe and West-Central Asia
KAZ,1992,24917355371.9008,Kazakhstan,FSU,EEA,Eastern Europe and West-Central Asia
KAZ,1993,23409260879.9427,Kazakhstan,FSU,EEA,Eastern Europe and West-Central Asia
KAZ,1994,21250792886.1054,Kazakhstan,FSU,EEA,Eastern Europe and West-Central Asia
KAZ,1995,20374302652.3819,Kazakhstan,FSU,EEA,Eastern Europe and West-Central Asia
KAZ,1996,21035357832.6977,Kazakhstan,FSU,EEA,Eastern Europe and West-Central Asia
KAZ,1997,22165932062.966,Kazakhstan,FSU,EEA,Eastern Europe and West-Central Asia
KAZ,1998,22135245413.137,Kazakhstan,FSU,EEA,Eastern Europe and West-Central Asia
KAZ,1999,16870817134.7297,Kazakhstan,FSU,EEA,Eastern Europe and West-Central Asia
KAZ,2000,18291990619.137,Kazakhstan,FSU,EEA,Eastern Europe and West-Central Asia
KAZ,2001,22152689129.5583,Kazakhstan,FSU,EEA,Eastern Europe and West-Central Asia
KAZ,2002,24636598581.0204,Kazakhstan,FSU,EEA,Eastern Europe and West-Central Asia
KAZ,2003,30833692831.3955,Kazakhstan,FSU,EEA,Eastern Europe and West-Central Asia
KAZ,2004,43151647002.6096,Kazakhstan,FSU,EEA,Eastern Europe and West-Central Asia
KAZ,2005,57123671733.8952,Kazakhstan,FSU,EEA,Eastern Europe and West-Central Asia
KAZ,2006,81003864915.543,Kazakhstan,FSU,EEA,Eastern Europe and West-Central Asia
KAZ,2007,104849915343.555,Kazakhstan,FSU,EEA,Eastern Europe and West-Central Asia
KAZ,2008,133441649221.732,Kazakhstan,FSU,EEA,Eastern Europe and West-Central Asia
KAZ,2009,115308687201.97,Kazakhstan,FSU,EEA,Eastern Europe and West-Central Asia
KAZ,2010,148047348240.643,Kazakhstan,FSU,EEA,Eastern Europe and West-Central Asia
KAZ,2011,192626464179.147,Kazakhstan,FSU,EEA,Eastern Europe and West-Central Asia
KAZ,2012,207998568865.789,Kazakhstan,FSU,EEA,Eastern Europe and West-Central Asia
KAZ,2013,236634603927.583,Kazakhstan,FSU,EEA,Eastern Europe and West-Central Asia
KAZ,2014,221415614007.347,Kazakhstan,FSU,EEA,Eastern Europe and West-Central Asia
KAZ,2015,184388404428.843,Kazakhstan,FSU,EEA,Eastern Europe and West-Central Asia
KAZ,2016,137278320084.171,Kazakhstan,FSU,EEA,Eastern Europe and West-Central Asia
KAZ,2017,166805788966.78,Kazakhstan,FSU,EEA,Eastern Europe and West-Central Asia
KAZ,2018,179339977517.062,Kazakhstan,FSU,EEA,Eastern Europe and West-Central Asia
KAZ,2019,181667185041.48,Kazakhstan,FSU,EEA,Eastern Europe and West-Central Asia
KGZ,1989,2675000000,Kyrgyz Republic,FSU,EEA,Eastern Europe and West-Central Asia
KGZ,1990,2675000000,Kyrgyz Republic,FSU,EEA,Eastern Europe and West-Central Asia
KGZ,1991,2569444444.44444,Kyrgyz Republic,FSU,EEA,Eastern Europe and West-Central Asia
KGZ,1992,2316562500,Kyrgyz Republic,FSU,EEA,Eastern Europe and West-Central Asia
KGZ,1993,2028295454.54545,Kyrgyz Republic,FSU,EEA,Eastern Europe and West-Central Asia
KGZ,1994,1681006993.00699,Kyrgyz Republic,FSU,EEA,Eastern Europe and West-Central Asia
KGZ,1995,1661018518.51852,Kyrgyz Republic,FSU,EEA,Eastern Europe and West-Central Asia
KGZ,1996,1827570586.16784,Kyrgyz Republic,FSU,EEA,Eastern Europe and West-Central Asia
KGZ,1997,1767864035.71943,Kyrgyz Republic,FSU,EEA,Eastern Europe and West-Central Asia
KGZ,1998,1645963749.83146,Kyrgyz Republic,FSU,EEA,Eastern Europe and West-Central Asia
KGZ,1999,1249061487.01457,Kyrgyz Republic,FSU,EEA,Eastern Europe and West-Central Asia
KGZ,2000,1369688498.06778,Kyrgyz Republic,FSU,EEA,Eastern Europe and West-Central Asia
KGZ,2001,1525116370.27939,Kyrgyz Republic,FSU,EEA,Eastern Europe and West-Central Asia
KGZ,2002,1605643104.73021,Kyrgyz Republic,FSU,EEA,Eastern Europe and West-Central Asia
KGZ,2003,1919008090.49641,Kyrgyz Republic,FSU,EEA,Eastern Europe and West-Central Asia
KGZ,2004,2211534585.0034,Kyrgyz Republic,FSU,EEA,Eastern Europe and West-Central Asia
KGZ,2005,2460246796.05234,Kyrgyz Republic,FSU,EEA,Eastern Europe and West-Central Asia
KGZ,2006,2834168893.27265,Kyrgyz Republic,FSU,EEA,Eastern Europe and West-Central Asia
KGZ,2007,3802570572.37516,Kyrgyz Republic,FSU,EEA,Eastern Europe and West-Central Asia
KGZ,2008,5139958956.02388,Kyrgyz Republic,FSU,EEA,Eastern Europe and West-Central Asia
KGZ,2009,4690061344.16421,Kyrgyz Republic,FSU,EEA,Eastern Europe and West-Central Asia
KGZ,2010,4794361821.20611,Kyrgyz Republic,FSU,EEA,Eastern Europe and West-Central Asia
KGZ,2011,6197765941.67975,Kyrgyz Republic,FSU,EEA,Eastern Europe and West-Central Asia
KGZ,2012,6605142864.372,Kyrgyz Republic,FSU,EEA,Eastern Europe and West-Central Asia
KGZ,2013,7335033799.26212,Kyrgyz Republic,FSU,EEA,Eastern Europe and West-Central Asia
KGZ,2014,7468102369.13654,Kyrgyz Republic,FSU,EEA,Eastern Europe and West-Central Asia
KGZ,2015,6678177483.42949,Kyrgyz Republic,FSU,EEA,Eastern Europe and West-Central Asia
KGZ,2016,6813095396.14317,Kyrgyz Republic,FSU,EEA,Eastern Europe and West-Central Asia
KGZ,2017,7702938395.18458,Kyrgyz Republic,FSU,EEA,Eastern Europe and West-Central Asia
KGZ,2018,8271106196.04253,Kyrgyz Republic,FSU,EEA,Eastern Europe and West-Central Asia
KGZ,2019,8871019822.76098,Kyrgyz Republic,FSU,EEA,Eastern Europe and West-Central Asia
MDA,1989,NA,Republic of Moldova,FSU,EEA,Eastern Europe and West-Central Asia
MDA,1990,NA,Republic of Moldova,FSU,EEA,Eastern Europe and West-Central Asia
MDA,1991,NA,Republic of Moldova,FSU,EEA,Eastern Europe and West-Central Asia
MDA,1992,NA,Republic of Moldova,FSU,EEA,Eastern Europe and West-Central Asia
MDA,1993,NA,Republic of Moldova,FSU,EEA,Eastern Europe and West-Central Asia
MDA,1994,NA,Republic of Moldova,FSU,EEA,Eastern Europe and West-Central Asia
MDA,1995,1752979926.41489,Republic of Moldova,FSU,EEA,Eastern Europe and West-Central Asia
MDA,1996,1695122173.91304,Republic of Moldova,FSU,EEA,Eastern Europe and West-Central Asia
MDA,1997,1930081168.83117,Republic of Moldova,FSU,EEA,Eastern Europe and West-Central Asia
MDA,1998,1698717504.65549,Republic of Moldova,FSU,EEA,Eastern Europe and West-Central Asia
MDA,1999,1170782957.37443,Republic of Moldova,FSU,EEA,Eastern Europe and West-Central Asia
MDA,2000,1288429391.79951,Republic of Moldova,FSU,EEA,Eastern Europe and West-Central Asia
MDA,2001,1480673594.05602,Republic of Moldova,FSU,EEA,Eastern Europe and West-Central Asia
MDA,2002,1661818168.4226,Republic of Moldova,FSU,EEA,Eastern Europe and West-Central Asia
MDA,2003,1980907434.76826,Republic of Moldova,FSU,EEA,Eastern Europe and West-Central Asia
MDA,2004,2598249555.89984,Republic of Moldova,FSU,EEA,Eastern Europe and West-Central Asia
MDA,2005,2988342907.03096,Republic of Moldova,FSU,EEA,Eastern Europe and West-Central Asia
MDA,2006,3408255364.03198,Republic of Moldova,FSU,EEA,Eastern Europe and West-Central Asia
MDA,2007,4401173161.68327,Republic of Moldova,FSU,EEA,Eastern Europe and West-Central Asia
MDA,2008,6054824433.05825,Republic of Moldova,FSU,EEA,Eastern Europe and West-Central Asia
MDA,2009,5439434059.31996,Republic of Moldova,FSU,EEA,Eastern Europe and West-Central Asia
MDA,2010,6974982391.40094,Republic of Moldova,FSU,EEA,Eastern Europe and West-Central Asia
MDA,2011,8414351671.7241,Republic of Moldova,FSU,EEA,Eastern Europe and West-Central Asia
MDA,2012,8709138767.2078,Republic of Moldova,FSU,EEA,Eastern Europe and West-Central Asia
MDA,2013,9496717700.89855,Republic of Moldova,FSU,EEA,Eastern Europe and West-Central Asia
MDA,2014,9399833207.49341,Republic of Moldova,FSU,EEA,Eastern Europe and West-Central Asia
MDA,2015,7798692878.40136,Republic of Moldova,FSU,EEA,Eastern Europe and West-Central Asia
MDA,2016,7982450758.03213,Republic of Moldova,FSU,EEA,Eastern Europe and West-Central Asia
MDA,2017,9519053158.46404,Republic of Moldova,FSU,EEA,Eastern Europe and West-Central Asia
MDA,2018,11253727815.4762,Republic of Moldova,FSU,EEA,Eastern Europe and West-Central Asia
MDA,2019,11735774634.4239,Republic of Moldova,FSU,EEA,Eastern Europe and West-Central Asia
RUS,1989,506500173960.269,Russian Federation,FSU,EEA,Eastern Europe and West-Central Asia
RUS,1990,516814274021.956,Russian Federation,FSU,EEA,Eastern Europe and West-Central Asia
RUS,1991,517962962962.963,Russian Federation,FSU,EEA,Eastern Europe and West-Central Asia
RUS,1992,460290556900.726,Russian Federation,FSU,EEA,Eastern Europe and West-Central Asia
RUS,1993,435083713850.837,Russian Federation,FSU,EEA,Eastern Europe and West-Central Asia
RUS,1994,395077301248.464,Russian Federation,FSU,EEA,Eastern Europe and West-Central Asia
RUS,1995,395537185734.854,Russian Federation,FSU,EEA,Eastern Europe and West-Central Asia
RUS,1996,391724890744.498,Russian Federation,FSU,EEA,Eastern Europe and West-Central Asia
RUS,1997,404928954191.876,Russian Federation,FSU,EEA,Eastern Europe and West-Central Asia
RUS,1998,270955486862.442,Russian Federation,FSU,EEA,Eastern Europe and West-Central Asia
RUS,1999,195907128350.934,Russian Federation,FSU,EEA,Eastern Europe and West-Central Asia
RUS,2000,259710142196.943,Russian Federation,FSU,EEA,Eastern Europe and West-Central Asia
RUS,2001,306602070620.5,Russian Federation,FSU,EEA,Eastern Europe and West-Central Asia
RUS,2002,345470494417.863,Russian Federation,FSU,EEA,Eastern Europe and West-Central Asia
RUS,2003,430347420194.66,Russian Federation,FSU,EEA,Eastern Europe and West-Central Asia
RUS,2004,591016690742.798,Russian Federation,FSU,EEA,Eastern Europe and West-Central Asia
RUS,2005,764015982495.676,Russian Federation,FSU,EEA,Eastern Europe and West-Central Asia
RUS,2006,989932059220.667,Russian Federation,FSU,EEA,Eastern Europe and West-Central Asia
RUS,2007,1299703459799.96,Russian Federation,FSU,EEA,Eastern Europe and West-Central Asia
RUS,2008,1660848058303.11,Russian Federation,FSU,EEA,Eastern Europe and West-Central Asia
RUS,2009,1222645887209.32,Russian Federation,FSU,EEA,Eastern Europe and West-Central Asia
RUS,2010,1524916698232.71,Russian Federation,FSU,EEA,Eastern Europe and West-Central Asia
RUS,2011,2045922727569.78,Russian Federation,FSU,EEA,Eastern Europe and West-Central Asia
RUS,2012,2208293528673.97,Russian Federation,FSU,EEA,Eastern Europe and West-Central Asia
RUS,2013,2292470104248.18,Russian Federation,FSU,EEA,Eastern Europe and West-Central Asia
RUS,2014,2059241582146.11,Russian Federation,FSU,EEA,Eastern Europe and West-Central Asia
RUS,2015,1363482179761.17,Russian Federation,FSU,EEA,Eastern Europe and West-Central Asia
RUS,2016,1276786344534.27,Russian Federation,FSU,EEA,Eastern Europe and West-Central Asia
RUS,2017,1574199355092.71,Russian Federation,FSU,EEA,Eastern Europe and West-Central Asia
RUS,2018,1657328764645.93,Russian Federation,FSU,EEA,Eastern Europe and West-Central Asia
RUS,2019,1693114993990.49,Russian Federation,FSU,EEA,Eastern Europe and West-Central Asia
TJK,1989,2629395066.27017,Tajikistan,FSU,EEA,Eastern Europe and West-Central Asia
TJK,1990,2629395066.27017,Tajikistan,FSU,EEA,Eastern Europe and West-Central Asia
TJK,1991,2534720480.3244,Tajikistan,FSU,EEA,Eastern Europe and West-Central Asia
TJK,1992,1909246640.80838,Tajikistan,FSU,EEA,Eastern Europe and West-Central Asia
TJK,1993,1646693642.11088,Tajikistan,FSU,EEA,Eastern Europe and West-Central Asia
TJK,1994,1522018435.69536,Tajikistan,FSU,EEA,Eastern Europe and West-Central Asia
TJK,1995,1231567145.35508,Tajikistan,FSU,EEA,Eastern Europe and West-Central Asia
TJK,1996,1043654822.33503,Tajikistan,FSU,EEA,Eastern Europe and West-Central Asia
TJK,1997,921517486.662716,Tajikistan,FSU,EEA,Eastern Europe and West-Central Asia
TJK,1998,1320199581.52261,Tajikistan,FSU,EEA,Eastern Europe and West-Central Asia
TJK,1999,1086612582.89292,Tajikistan,FSU,EEA,Eastern Europe and West-Central Asia
TJK,2000,860541842.263697,Tajikistan,FSU,EEA,Eastern Europe and West-Central Asia
TJK,2001,1080772703.16128,Tajikistan,FSU,EEA,Eastern Europe and West-Central Asia
TJK,2002,1221106073.03073,Tajikistan,FSU,EEA,Eastern Europe and West-Central Asia
TJK,2003,1555318430.76621,Tajikistan,FSU,EEA,Eastern Europe and West-Central Asia
TJK,2004,2076176636.43428,Tajikistan,FSU,EEA,Eastern Europe and West-Central Asia
TJK,2005,2312352267.98721,Tajikistan,FSU,EEA,Eastern Europe and West-Central Asia
TJK,2006,2830213562.60217,Tajikistan,FSU,EEA,Eastern Europe and West-Central Asia
TJK,2007,3719524180.70289,Tajikistan,FSU,EEA,Eastern Europe and West-Central Asia
TJK,2008,5161299725.27673,Tajikistan,FSU,EEA,Eastern Europe and West-Central Asia
TJK,2009,4979471963.79181,Tajikistan,FSU,EEA,Eastern Europe and West-Central Asia
TJK,2010,5642221528.67114,Tajikistan,FSU,EEA,Eastern Europe and West-Central Asia
TJK,2011,6522755783.39257,Tajikistan,FSU,EEA,Eastern Europe and West-Central Asia
TJK,2012,7633036366.03492,Tajikistan,FSU,EEA,Eastern Europe and West-Central Asia
TJK,2013,8448410727.15443,Tajikistan,FSU,EEA,Eastern Europe and West-Central Asia
TJK,2014,9112606074.51713,Tajikistan,FSU,EEA,Eastern Europe and West-Central Asia
TJK,2015,8271431932.43678,Tajikistan,FSU,EEA,Eastern Europe and West-Central Asia
TJK,2016,6992416096.89018,Tajikistan,FSU,EEA,Eastern Europe and West-Central Asia
TJK,2017,7536403146.68377,Tajikistan,FSU,EEA,Eastern Europe and West-Central Asia
TJK,2018,7765000282.29397,Tajikistan,FSU,EEA,Eastern Europe and West-Central Asia
TJK,2019,8300813889.63698,Tajikistan,FSU,EEA,Eastern Europe and West-Central Asia
TKM,1989,3006988216.55045,Turkmenistan,FSU,EEA,Eastern Europe and West-Central Asia
TKM,1990,3189539641.3171,Turkmenistan,FSU,EEA,Eastern Europe and West-Central Asia
TKM,1991,3208098919.0146,Turkmenistan,FSU,EEA,Eastern Europe and West-Central Asia
TKM,1992,3200539816.0601,Turkmenistan,FSU,EEA,Eastern Europe and West-Central Asia
TKM,1993,3179225948.58114,Turkmenistan,FSU,EEA,Eastern Europe and West-Central Asia
TKM,1994,2561118608.35516,Turkmenistan,FSU,EEA,Eastern Europe and West-Central Asia
TKM,1995,2482228439.71407,Turkmenistan,FSU,EEA,Eastern Europe and West-Central Asia
TKM,1996,2378759975.44506,Turkmenistan,FSU,EEA,Eastern Europe and West-Central Asia
TKM,1997,2450349634.47436,Turkmenistan,FSU,EEA,Eastern Europe and West-Central Asia
TKM,1998,2605688065.08338,Turkmenistan,FSU,EEA,Eastern Europe and West-Central Asia
TKM,1999,2450564467.58315,Turkmenistan,FSU,EEA,Eastern Europe and West-Central Asia
TKM,2000,2904662604.82053,Turkmenistan,FSU,EEA,Eastern Europe and West-Central Asia
TKM,2001,3534771968.51189,Turkmenistan,FSU,EEA,Eastern Europe and West-Central Asia
TKM,2002,4462028988.72949,Turkmenistan,FSU,EEA,Eastern Europe and West-Central Asia
TKM,2003,5977440582.80171,Turkmenistan,FSU,EEA,Eastern Europe and West-Central Asia
TKM,2004,6838351088.46688,Turkmenistan,FSU,EEA,Eastern Europe and West-Central Asia
TKM,2005,8103901996.37024,Turkmenistan,FSU,EEA,Eastern Europe and West-Central Asia
TKM,2006,10276674364.8961,Turkmenistan,FSU,EEA,Eastern Europe and West-Central Asia
TKM,2007,12664165103.1895,Turkmenistan,FSU,EEA,Eastern Europe and West-Central Asia
TKM,2008,19271523178.8079,Turkmenistan,FSU,EEA,Eastern Europe and West-Central Asia
TKM,2009,20214385964.9123,Turkmenistan,FSU,EEA,Eastern Europe and West-Central Asia
TKM,2010,22583157894.7368,Turkmenistan,FSU,EEA,Eastern Europe and West-Central Asia
TKM,2011,29233333333.3333,Turkmenistan,FSU,EEA,Eastern Europe and West-Central Asia
TKM,2012,35164210526.3158,Turkmenistan,FSU,EEA,Eastern Europe and West-Central Asia
TKM,2013,39197543859.6491,Turkmenistan,FSU,EEA,Eastern Europe and West-Central Asia
TKM,2014,43524210526.3158,Turkmenistan,FSU,EEA,Eastern Europe and West-Central Asia
TKM,2015,35799714285.7143,Turkmenistan,FSU,EEA,Eastern Europe and West-Central Asia
TKM,2016,36169428571.4286,Turkmenistan,FSU,EEA,Eastern Europe and West-Central Asia
TKM,2017,37926285714.2857,Turkmenistan,FSU,EEA,Eastern Europe and West-Central Asia
TKM,2018,40765428571.4286,Turkmenistan,FSU,EEA,Eastern Europe and West-Central Asia
TKM,2019,44220285714.2857,Turkmenistan,FSU,EEA,Eastern Europe and West-Central Asia
UKR,1989,82709161099.1244,Ukraine,FSU,EEA,Eastern Europe and West-Central Asia
UKR,1990,81393558423.4406,Ukraine,FSU,EEA,Eastern Europe and West-Central Asia
UKR,1991,77350733982.4458,Ukraine,FSU,EEA,Eastern Europe and West-Central Asia
UKR,1992,73945908383.7046,Ukraine,FSU,EEA,Eastern Europe and West-Central Asia
UKR,1993,65648559903.0571,Ukraine,FSU,EEA,Eastern Europe and West-Central Asia
UKR,1994,52549553403.0304,Ukraine,FSU,EEA,Eastern Europe and West-Central Asia
UKR,1995,48213867647.4523,Ukraine,FSU,EEA,Eastern Europe and West-Central Asia
UKR,1996,44558841762.3667,Ukraine,FSU,EEA,Eastern Europe and West-Central Asia
UKR,1997,50151522612.0082,Ukraine,FSU,EEA,Eastern Europe and West-Central Asia
UKR,1998,41882529044.5491,Ukraine,FSU,EEA,Eastern Europe and West-Central Asia
UKR,1999,31580642102.4386,Ukraine,FSU,EEA,Eastern Europe and West-Central Asia
UKR,2000,32375081951.1418,Ukraine,FSU,EEA,Eastern Europe and West-Central Asia
UKR,2001,39309580983.2282,Ukraine,FSU,EEA,Eastern Europe and West-Central Asia
UKR,2002,43956163612.0433,Ukraine,FSU,EEA,Eastern Europe and West-Central Asia
UKR,2003,52010352502.0057,Ukraine,FSU,EEA,Eastern Europe and West-Central Asia
UKR,2004,67220154164.3166,Ukraine,FSU,EEA,Eastern Europe and West-Central Asia
UKR,2005,89238865118.5263,Ukraine,FSU,EEA,Eastern Europe and West-Central Asia
UKR,2006,111884752475.248,Ukraine,FSU,EEA,Eastern Europe and West-Central Asia
UKR,2007,148733861386.139,Ukraine,FSU,EEA,Eastern Europe and West-Central Asia
UKR,2008,188110375778.931,Ukraine,FSU,EEA,Eastern Europe and West-Central Asia
UKR,2009,121552148243.748,Ukraine,FSU,EEA,Eastern Europe and West-Central Asia
UKR,2010,141209163012.941,Ukraine,FSU,EEA,Eastern Europe and West-Central Asia
UKR,2011,169333838743.705,Ukraine,FSU,EEA,Eastern Europe and West-Central Asia
UKR,2012,182591746211.418,Ukraine,FSU,EEA,Eastern Europe and West-Central Asia
UKR,2013,190498811460.028,Ukraine,FSU,EEA,Eastern Europe and West-Central Asia
UKR,2014,133503867181.971,Ukraine,FSU,EEA,Eastern Europe and West-Central Asia
UKR,2015,91030968761.4155,Ukraine,FSU,EEA,Eastern Europe and West-Central Asia
UKR,2016,93355868977.6619,Ukraine,FSU,EEA,Eastern Europe and West-Central Asia
UKR,2017,112090503817.399,Ukraine,FSU,EEA,Eastern Europe and West-Central Asia
UKR,2018,130891086689.522,Ukraine,FSU,EEA,Eastern Europe and West-Central Asia
UKR,2019,153883045524.931,Ukraine,FSU,EEA,Eastern Europe and West-Central Asia
UZB,1989,13360607990.6751,Uzbekistan,FSU,EEA,Eastern Europe and West-Central Asia
UZB,1990,13360607990.6751,Uzbekistan,FSU,EEA,Eastern Europe and West-Central Asia
UZB,1991,13677622222.2222,Uzbekistan,FSU,EEA,Eastern Europe and West-Central Asia
UZB,1992,12941297376.0933,Uzbekistan,FSU,EEA,Eastern Europe and West-Central Asia
UZB,1993,13099013835.5111,Uzbekistan,FSU,EEA,Eastern Europe and West-Central Asia
UZB,1994,12899156990.6156,Uzbekistan,FSU,EEA,Eastern Europe and West-Central Asia
UZB,1995,13350468917.4115,Uzbekistan,FSU,EEA,Eastern Europe and West-Central Asia
UZB,1996,13948892215.5689,Uzbekistan,FSU,EEA,Eastern Europe and West-Central Asia
UZB,1997,14744603773.5849,Uzbekistan,FSU,EEA,Eastern Europe and West-Central Asia
UZB,1998,14988971210.8383,Uzbekistan,FSU,EEA,Eastern Europe and West-Central Asia
UZB,1999,17078465982.0282,Uzbekistan,FSU,EEA,Eastern Europe and West-Central Asia
UZB,2000,13760513969.314,Uzbekistan,FSU,EEA,Eastern Europe and West-Central Asia
UZB,2001,11401421329.1974,Uzbekistan,FSU,EEA,Eastern Europe and West-Central Asia
UZB,2002,9687788512.80184,Uzbekistan,FSU,EEA,Eastern Europe and West-Central Asia
UZB,2003,10134453435.4603,Uzbekistan,FSU,EEA,Eastern Europe and West-Central Asia
UZB,2004,12030023547.8807,Uzbekistan,FSU,EEA,Eastern Europe and West-Central Asia
UZB,2005,14307509838.8053,Uzbekistan,FSU,EEA,Eastern Europe and West-Central Asia
UZB,2006,17330833852.919,Uzbekistan,FSU,EEA,Eastern Europe and West-Central Asia
UZB,2007,22311393927.8817,Uzbekistan,FSU,EEA,Eastern Europe and West-Central Asia
UZB,2008,29549438883.8338,Uzbekistan,FSU,EEA,Eastern Europe and West-Central Asia
UZB,2009,33689223673.2577,Uzbekistan,FSU,EEA,Eastern Europe and West-Central Asia
UZB,2010,49765676402.4495,Uzbekistan,FSU,EEA,Eastern Europe and West-Central Asia
UZB,2011,60178909297.208,Uzbekistan,FSU,EEA,Eastern Europe and West-Central Asia
UZB,2012,67517349212.0609,Uzbekistan,FSU,EEA,Eastern Europe and West-Central Asia
UZB,2013,73180037913.0325,Uzbekistan,FSU,EEA,Eastern Europe and West-Central Asia
UZB,2014,80845385816.2062,Uzbekistan,FSU,EEA,Eastern Europe and West-Central Asia
UZB,2015,86196264741.9423,Uzbekistan,FSU,EEA,Eastern Europe and West-Central Asia
UZB,2016,86138288633.2241,Uzbekistan,FSU,EEA,Eastern Europe and West-Central Asia
UZB,2017,62081322741.1228,Uzbekistan,FSU,EEA,Eastern Europe and West-Central Asia
UZB,2018,52870108217.5626,Uzbekistan,FSU,EEA,Eastern Europe and West-Central Asia
UZB,2019,60283503705.3907,Uzbekistan,FSU,EEA,Eastern Europe and West-Central Asia
ABW,1989,695530726.256983,Aruba,LAM,LAC,Latin America and Caribbean
ABW,1990,764804469.273743,Aruba,LAM,LAC,Latin America and Caribbean
ABW,1991,872067039.106145,Aruba,LAM,LAC,Latin America and Caribbean
ABW,1992,958659217.877095,Aruba,LAM,LAC,Latin America and Caribbean
ABW,1993,1083240223.46369,Aruba,LAM,LAC,Latin America and Caribbean
ABW,1994,1245810055.86592,Aruba,LAM,LAC,Latin America and Caribbean
ABW,1995,1320670391.06145,Aruba,LAM,LAC,Latin America and Caribbean
ABW,1996,1379888268.15642,Aruba,LAM,LAC,Latin America and Caribbean
ABW,1997,1531843575.41899,Aruba,LAM,LAC,Latin America and Caribbean
ABW,1998,1665363128.49162,Aruba,LAM,LAC,Latin America and Caribbean
ABW,1999,1722905027.93296,Aruba,LAM,LAC,Latin America and Caribbean
ABW,2000,1873184357.5419,Aruba,LAM,LAC,Latin America and Caribbean
ABW,2001,1896648044.69274,Aruba,LAM,LAC,Latin America and Caribbean
ABW,2002,1962011173.18436,Aruba,LAM,LAC,Latin America and Caribbean
ABW,2003,2044134078.21229,Aruba,LAM,LAC,Latin America and Caribbean
ABW,2004,2254748603.35196,Aruba,LAM,LAC,Latin America and Caribbean
ABW,2005,2359776536.31285,Aruba,LAM,LAC,Latin America and Caribbean
ABW,2006,2469832402.23464,Aruba,LAM,LAC,Latin America and Caribbean
ABW,2007,2677653631.28492,Aruba,LAM,LAC,Latin America and Caribbean
ABW,2008,2843016759.77654,Aruba,LAM,LAC,Latin America and Caribbean
ABW,2009,2553631284.9162,Aruba,LAM,LAC,Latin America and Caribbean
ABW,2010,2453631284.9162,Aruba,LAM,LAC,Latin America and Caribbean
ABW,2011,2637988826.81564,Aruba,LAM,LAC,Latin America and Caribbean
ABW,2012,2615083798.88268,Aruba,LAM,LAC,Latin America and Caribbean
ABW,2013,2727932960.89385,Aruba,LAM,LAC,Latin America and Caribbean
ABW,2014,2791061452.51397,Aruba,LAM,LAC,Latin America and Caribbean
ABW,2015,2963128491.62011,Aruba,LAM,LAC,Latin America and Caribbean
ABW,2016,2983798882.68156,Aruba,LAM,LAC,Latin America and Caribbean
ABW,2017,3092178770.94972,Aruba,LAM,LAC,Latin America and Caribbean
ABW,2018,3276187709.49721,Aruba,LAM,LAC,Latin America and Caribbean
ABW,2019,3395793854.7486,Aruba,LAM,LAC,Latin America and Caribbean
ARG,1989,76629728760.123,Argentina,LAM,LAC,Latin America and Caribbean
ARG,1990,141352630146.731,Argentina,LAM,LAC,Latin America and Caribbean
ARG,1991,189719984268.485,Argentina,LAM,LAC,Latin America and Caribbean
ARG,1992,228778994288.214,Argentina,LAM,LAC,Latin America and Caribbean
ARG,1993,236741715015.015,Argentina,LAM,LAC,Latin America and Caribbean
ARG,1994,257440000000,Argentina,LAM,LAC,Latin America and Caribbean
ARG,1995,258031750000,Argentina,LAM,LAC,Latin America and Caribbean
ARG,1996,272149750000,Argentina,LAM,LAC,Latin America and Caribbean
ARG,1997,292859000000,Argentina,LAM,LAC,Latin America and Caribbean
ARG,1998,298948250000,Argentina,LAM,LAC,Latin America and Caribbean
ARG,1999,283523000000,Argentina,LAM,LAC,Latin America and Caribbean
ARG,2000,284203750000,Argentina,LAM,LAC,Latin America and Caribbean
ARG,2001,268696750000,Argentina,LAM,LAC,Latin America and Caribbean
ARG,2002,97724004251.8602,Argentina,LAM,LAC,Latin America and Caribbean
ARG,2003,127586973492.177,Argentina,LAM,LAC,Latin America and Caribbean
ARG,2004,164657930452.787,Argentina,LAM,LAC,Latin America and Caribbean
ARG,2005,198737095012.282,Argentina,LAM,LAC,Latin America and Caribbean
ARG,2006,232557260817.308,Argentina,LAM,LAC,Latin America and Caribbean
ARG,2007,287530508430.568,Argentina,LAM,LAC,Latin America and Caribbean
ARG,2008,361558037110.419,Argentina,LAM,LAC,Latin America and Caribbean
ARG,2009,332976484577.619,Argentina,LAM,LAC,Latin America and Caribbean
ARG,2010,423627422092.49,Argentina,LAM,LAC,Latin America and Caribbean
ARG,2011,530158176673.789,Argentina,LAM,LAC,Latin America and Caribbean
ARG,2012,545982375701.128,Argentina,LAM,LAC,Latin America and Caribbean
ARG,2013,552025140252.246,Argentina,LAM,LAC,Latin America and Caribbean
ARG,2014,526319673731.638,Argentina,LAM,LAC,Latin America and Caribbean
ARG,2015,594749285413.212,Argentina,LAM,LAC,Latin America and Caribbean
ARG,2016,557532317363.451,Argentina,LAM,LAC,Latin America and Caribbean
ARG,2017,643628396190.388,Argentina,LAM,LAC,Latin America and Caribbean
ARG,2018,524819898586.906,Argentina,LAM,LAC,Latin America and Caribbean
ARG,2019,447754686715.081,Argentina,LAM,LAC,Latin America and Caribbean
ATG,1989,438794788.518519,Antigua and Barbuda,LAM,LAC,Latin America and Caribbean
ATG,1990,459470370.37037,Antigua and Barbuda,LAM,LAC,Latin America and Caribbean
ATG,1991,481707407.407407,Antigua and Barbuda,LAM,LAC,Latin America and Caribbean
ATG,1992,499281481.481481,Antigua and Barbuda,LAM,LAC,Latin America and Caribbean
ATG,1993,535174074.074074,Antigua and Barbuda,LAM,LAC,Latin America and Caribbean
ATG,1994,589429629.62963,Antigua and Barbuda,LAM,LAC,Latin America and Caribbean
ATG,1995,577281481.481481,Antigua and Barbuda,LAM,LAC,Latin America and Caribbean
ATG,1996,633729629.62963,Antigua and Barbuda,LAM,LAC,Latin America and Caribbean
ATG,1997,680618518.518518,Antigua and Barbuda,LAM,LAC,Latin America and Caribbean
ATG,1998,727859259.259259,Antigua and Barbuda,LAM,LAC,Latin America and Caribbean
ATG,1999,766200000,Antigua and Barbuda,LAM,LAC,Latin America and Caribbean
ATG,2000,826370370.37037,Antigua and Barbuda,LAM,LAC,Latin America and Caribbean
ATG,2001,800481481.481481,Antigua and Barbuda,LAM,LAC,Latin America and Caribbean
ATG,2002,814381481.481481,Antigua and Barbuda,LAM,LAC,Latin America and Caribbean
ATG,2003,856396296.296296,Antigua and Barbuda,LAM,LAC,Latin America and Caribbean
ATG,2004,919729629.62963,Antigua and Barbuda,LAM,LAC,Latin America and Caribbean
ATG,2005,1022962962.96296,Antigua and Barbuda,LAM,LAC,Latin America and Caribbean
ATG,2006,1157662962.96296,Antigua and Barbuda,LAM,LAC,Latin America and Caribbean
ATG,2007,1312759259.25926,Antigua and Barbuda,LAM,LAC,Latin America and Caribbean
ATG,2008,1370070370.37037,Antigua and Barbuda,LAM,LAC,Latin America and Caribbean
ATG,2009,1228329629.62963,Antigua and Barbuda,LAM,LAC,Latin America and Caribbean
ATG,2010,1148700000,Antigua and Barbuda,LAM,LAC,Latin America and Caribbean
ATG,2011,1137637037.03704,Antigua and Barbuda,LAM,LAC,Latin America and Caribbean
ATG,2012,1199948148.14815,Antigua and Barbuda,LAM,LAC,Latin America and Caribbean
ATG,2013,1181448148.14815,Antigua and Barbuda,LAM,LAC,Latin America and Caribbean
ATG,2014,1249733333.33333,Antigua and Barbuda,LAM,LAC,Latin America and Caribbean
ATG,2015,1336692592.59259,Antigua and Barbuda,LAM,LAC,Latin America and Caribbean
ATG,2016,1436585185.18519,Antigua and Barbuda,LAM,LAC,Latin America and Caribbean
ATG,2017,1467955555.55556,Antigua and Barbuda,LAM,LAC,Latin America and Caribbean
ATG,2018,1604770370.37037,Antigua and Barbuda,LAM,LAC,Latin America and Caribbean
ATG,2019,1675403703.7037,Antigua and Barbuda,LAM,LAC,Latin America and Caribbean
BHS,1989,3062000000,Bahamas,LAM,LAC,Latin America and Caribbean
BHS,1990,3166000000,Bahamas,LAM,LAC,Latin America and Caribbean
BHS,1991,3111160000,Bahamas,LAM,LAC,Latin America and Caribbean
BHS,1992,3109000000,Bahamas,LAM,LAC,Latin America and Caribbean
BHS,1993,3092000000,Bahamas,LAM,LAC,Latin America and Caribbean
BHS,1994,3259000000,Bahamas,LAM,LAC,Latin America and Caribbean
BHS,1995,3429000000,Bahamas,LAM,LAC,Latin America and Caribbean
BHS,1996,3609000000,Bahamas,LAM,LAC,Latin America and Caribbean
BHS,1997,6332360000,Bahamas,LAM,LAC,Latin America and Caribbean
BHS,1998,6833220000,Bahamas,LAM,LAC,Latin America and Caribbean
BHS,1999,7683870000,Bahamas,LAM,LAC,Latin America and Caribbean
BHS,2000,8076470000,Bahamas,LAM,LAC,Latin America and Caribbean
BHS,2001,8317830000,Bahamas,LAM,LAC,Latin America and Caribbean
BHS,2002,8881160000,Bahamas,LAM,LAC,Latin America and Caribbean
BHS,2003,8870090000,Bahamas,LAM,LAC,Latin America and Caribbean
BHS,2004,9055290000,Bahamas,LAM,LAC,Latin America and Caribbean
BHS,2005,9836200000,Bahamas,LAM,LAC,Latin America and Caribbean
BHS,2006,10167250000,Bahamas,LAM,LAC,Latin America and Caribbean
BHS,2007,10618340000,Bahamas,LAM,LAC,Latin America and Caribbean
BHS,2008,10526000000,Bahamas,LAM,LAC,Latin America and Caribbean
BHS,2009,9981960000,Bahamas,LAM,LAC,Latin America and Caribbean
BHS,2010,10095760000,Bahamas,LAM,LAC,Latin America and Caribbean
BHS,2011,10070450000,Bahamas,LAM,LAC,Latin America and Caribbean
BHS,2012,10720500000,Bahamas,LAM,LAC,Latin America and Caribbean
BHS,2013,10562800000,Bahamas,LAM,LAC,Latin America and Caribbean
BHS,2014,11176100000,Bahamas,LAM,LAC,Latin America and Caribbean
BHS,2015,11672900000,Bahamas,LAM,LAC,Latin America and Caribbean
BHS,2016,11750800000,Bahamas,LAM,LAC,Latin America and Caribbean
BHS,2017,12253500000,Bahamas,LAM,LAC,Latin America and Caribbean
BHS,2018,12653600000,Bahamas,LAM,LAC,Latin America and Caribbean
BHS,2019,13058700000,Bahamas,LAM,LAC,Latin America and Caribbean
BLZ,1989,369133890.705,Belize,LAM,LAC,Latin America and Caribbean
BLZ,1990,549500000,Belize,LAM,LAC,Latin America and Caribbean
BLZ,1991,599000000,Belize,LAM,LAC,Latin America and Caribbean
BLZ,1992,693500000,Belize,LAM,LAC,Latin America and Caribbean
BLZ,1993,751000000,Belize,LAM,LAC,Latin America and Caribbean
BLZ,1994,771500000,Belize,LAM,LAC,Latin America and Caribbean
BLZ,1995,818500000,Belize,LAM,LAC,Latin America and Caribbean
BLZ,1996,851500000,Belize,LAM,LAC,Latin America and Caribbean
BLZ,1997,868000000,Belize,LAM,LAC,Latin America and Caribbean
BLZ,1998,914000000,Belize,LAM,LAC,Latin America and Caribbean
BLZ,1999,975000000,Belize,LAM,LAC,Latin America and Caribbean
BLZ,2000,1116000000,Belize,LAM,LAC,Latin America and Caribbean
BLZ,2001,1163000000,Belize,LAM,LAC,Latin America and Caribbean
BLZ,2002,1233000000,Belize,LAM,LAC,Latin America and Caribbean
BLZ,2003,1298000000,Belize,LAM,LAC,Latin America and Caribbean
BLZ,2004,1389500000,Belize,LAM,LAC,Latin America and Caribbean
BLZ,2005,1461500000,Belize,LAM,LAC,Latin America and Caribbean
BLZ,2006,1581000000,Belize,LAM,LAC,Latin America and Caribbean
BLZ,2007,1696000000,Belize,LAM,LAC,Latin America and Caribbean
BLZ,2008,1729000000,Belize,LAM,LAC,Latin America and Caribbean
BLZ,2009,1680500000,Belize,LAM,LAC,Latin America and Caribbean
BLZ,2010,1738500000,Belize,LAM,LAC,Latin America and Caribbean
BLZ,2011,1819500000,Belize,LAM,LAC,Latin America and Caribbean
BLZ,2012,1903000000,Belize,LAM,LAC,Latin America and Caribbean
BLZ,2013,2029500000,Belize,LAM,LAC,Latin America and Caribbean
BLZ,2014,2138000000,Belize,LAM,LAC,Latin America and Caribbean
BLZ,2015,2210500000,Belize,LAM,LAC,Latin America and Caribbean
BLZ,2016,2258500000,Belize,LAM,LAC,Latin America and Caribbean
BLZ,2017,2286000000,Belize,LAM,LAC,Latin America and Caribbean
BLZ,2018,2315000000,Belize,LAM,LAC,Latin America and Caribbean
BLZ,2019,2416500000,Belize,LAM,LAC,Latin America and Caribbean
BMU,1989,1501500032,Bermuda,LAM,LAC,Latin America and Caribbean
BMU,1990,1592400000,Bermuda,LAM,LAC,Latin America and Caribbean
BMU,1991,1634900000,Bermuda,LAM,LAC,Latin America and Caribbean
BMU,1992,1679900000,Bermuda,LAM,LAC,Latin America and Caribbean
BMU,1993,1820359900,Bermuda,LAM,LAC,Latin America and Caribbean
BMU,1994,1867160100,Bermuda,LAM,LAC,Latin America and Caribbean
BMU,1995,2030750000,Bermuda,LAM,LAC,Latin America and Caribbean
BMU,1996,2695390000,Bermuda,LAM,LAC,Latin America and Caribbean
BMU,1997,2932827000,Bermuda,LAM,LAC,Latin America and Caribbean
BMU,1998,3130748000,Bermuda,LAM,LAC,Latin America and Caribbean
BMU,1999,3324433000,Bermuda,LAM,LAC,Latin America and Caribbean
BMU,2000,3480219000,Bermuda,LAM,LAC,Latin America and Caribbean
BMU,2001,3680483000,Bermuda,LAM,LAC,Latin America and Caribbean
BMU,2002,3937228000,Bermuda,LAM,LAC,Latin America and Caribbean
BMU,2003,4186525000,Bermuda,LAM,LAC,Latin America and Caribbean
BMU,2004,4484703000,Bermuda,LAM,LAC,Latin America and Caribbean
BMU,2005,4868136000,Bermuda,LAM,LAC,Latin America and Caribbean
BMU,2006,6144000000,Bermuda,LAM,LAC,Latin America and Caribbean
BMU,2007,6767000000,Bermuda,LAM,LAC,Latin America and Caribbean
BMU,2008,6980000000,Bermuda,LAM,LAC,Latin America and Caribbean
BMU,2009,6656000000,Bermuda,LAM,LAC,Latin America and Caribbean
BMU,2010,6634526000,Bermuda,LAM,LAC,Latin America and Caribbean
BMU,2011,6312691000,Bermuda,LAM,LAC,Latin America and Caribbean
BMU,2012,6378188000,Bermuda,LAM,LAC,Latin America and Caribbean
BMU,2013,6465756000,Bermuda,LAM,LAC,Latin America and Caribbean
BMU,2014,6413988000,Bermuda,LAM,LAC,Latin America and Caribbean
BMU,2015,6654541000,Bermuda,LAM,LAC,Latin America and Caribbean
BMU,2016,6899911000,Bermuda,LAM,LAC,Latin America and Caribbean
BMU,2017,7142316000,Bermuda,LAM,LAC,Latin America and Caribbean
BMU,2018,7225977000,Bermuda,LAM,LAC,Latin America and Caribbean
BMU,2019,7423465000,Bermuda,LAM,LAC,Latin America and Caribbean
BOL,1989,4715972853.37585,Bolivia (Plurinational State of),LAM,LAC,Latin America and Caribbean
BOL,1990,4867582597.52327,Bolivia (Plurinational State of),LAM,LAC,Latin America and Caribbean
BOL,1991,5343261959.67632,Bolivia (Plurinational State of),LAM,LAC,Latin America and Caribbean
BOL,1992,5643869230.99931,Bolivia (Plurinational State of),LAM,LAC,Latin America and Caribbean
BOL,1993,5734699040.65963,Bolivia (Plurinational State of),LAM,LAC,Latin America and Caribbean
BOL,1994,5981223290.32467,Bolivia (Plurinational State of),LAM,LAC,Latin America and Caribbean
BOL,1995,6715162198.52406,Bolivia (Plurinational State of),LAM,LAC,Latin America and Caribbean
BOL,1996,7396948397.53774,Bolivia (Plurinational State of),LAM,LAC,Latin America and Caribbean
BOL,1997,7925736318.63679,Bolivia (Plurinational State of),LAM,LAC,Latin America and Caribbean
BOL,1998,8497494138.07289,Bolivia (Plurinational State of),LAM,LAC,Latin America and Caribbean
BOL,1999,8285063959.43162,Bolivia (Plurinational State of),LAM,LAC,Latin America and Caribbean
BOL,2000,8397855937.46841,Bolivia (Plurinational State of),LAM,LAC,Latin America and Caribbean
BOL,2001,8141517339.15215,Bolivia (Plurinational State of),LAM,LAC,Latin America and Caribbean
BOL,2002,7905485146.44351,Bolivia (Plurinational State of),LAM,LAC,Latin America and Caribbean
BOL,2003,8082399991.29583,Bolivia (Plurinational State of),LAM,LAC,Latin America and Caribbean
BOL,2004,8773451751.5121,Bolivia (Plurinational State of),LAM,LAC,Latin America and Caribbean
BOL,2005,9549122313.39641,Bolivia (Plurinational State of),LAM,LAC,Latin America and Caribbean
BOL,2006,11451845378.6897,Bolivia (Plurinational State of),LAM,LAC,Latin America and Caribbean
BOL,2007,13120107738.8851,Bolivia (Plurinational State of),LAM,LAC,Latin America and Caribbean
BOL,2008,16674276979.4745,Bolivia (Plurinational State of),LAM,LAC,Latin America and Caribbean
BOL,2009,17339992193.7322,Bolivia (Plurinational State of),LAM,LAC,Latin America and Caribbean
BOL,2010,19649724655.5819,Bolivia (Plurinational State of),LAM,LAC,Latin America and Caribbean
BOL,2011,23963162969.3832,Bolivia (Plurinational State of),LAM,LAC,Latin America and Caribbean
BOL,2012,27084497481.9103,Bolivia (Plurinational State of),LAM,LAC,Latin America and Caribbean
BOL,2013,30659338885.6729,Bolivia (Plurinational State of),LAM,LAC,Latin America and Caribbean
BOL,2014,32996188017.3661,Bolivia (Plurinational State of),LAM,LAC,Latin America and Caribbean
BOL,2015,33000198248.9146,Bolivia (Plurinational State of),LAM,LAC,Latin America and Caribbean
BOL,2016,33941126193.9219,Bolivia (Plurinational State of),LAM,LAC,Latin America and Caribbean
BOL,2017,37508642170.767,Bolivia (Plurinational State of),LAM,LAC,Latin America and Caribbean
BOL,2018,40287647930.5355,Bolivia (Plurinational State of),LAM,LAC,Latin America and Caribbean
BOL,2019,40895322850.9407,Bolivia (Plurinational State of),LAM,LAC,Latin America and Caribbean
BRA,1989,412990820287.42,Brazil,LAM,LAC,Latin America and Caribbean
BRA,1990,464989098144.854,Brazil,LAM,LAC,Latin America and Caribbean
BRA,1991,407729053018.907,Brazil,LAM,LAC,Latin America and Caribbean
BRA,1992,390566561752.671,Brazil,LAM,LAC,Latin America and Caribbean
BRA,1993,438299504463.02,Brazil,LAM,LAC,Latin America and Caribbean
BRA,1994,546229749726.263,Brazil,LAM,LAC,Latin America and Caribbean
BRA,1995,769333330439.52,Brazil,LAM,LAC,Latin America and Caribbean
BRA,1996,850426432991.742,Brazil,LAM,LAC,Latin America and Caribbean
BRA,1997,883206452832.811,Brazil,LAM,LAC,Latin America and Caribbean
BRA,1998,863711007338.683,Brazil,LAM,LAC,Latin America and Caribbean
BRA,1999,599642075039.049,Brazil,LAM,LAC,Latin America and Caribbean
BRA,2000,655448188246.11,Brazil,LAM,LAC,Latin America and Caribbean
BRA,2001,559983704075.658,Brazil,LAM,LAC,Latin America and Caribbean
BRA,2002,509795270707.268,Brazil,LAM,LAC,Latin America and Caribbean
BRA,2003,558233724160.742,Brazil,LAM,LAC,Latin America and Caribbean
BRA,2004,669289321953.683,Brazil,LAM,LAC,Latin America and Caribbean
BRA,2005,891633826582.606,Brazil,LAM,LAC,Latin America and Caribbean
BRA,2006,1107626711436.44,Brazil,LAM,LAC,Latin America and Caribbean
BRA,2007,1397114247287.58,Brazil,LAM,LAC,Latin America and Caribbean
BRA,2008,1695855391816.48,Brazil,LAM,LAC,Latin America and Caribbean
BRA,2009,1666996294324.76,Brazil,LAM,LAC,Latin America and Caribbean
BRA,2010,2208838108593.19,Brazil,LAM,LAC,Latin America and Caribbean
BRA,2011,2616156606734.51,Brazil,LAM,LAC,Latin America and Caribbean
BRA,2012,2465228293862.62,Brazil,LAM,LAC,Latin America and Caribbean
BRA,2013,2472819362259,Brazil,LAM,LAC,Latin America and Caribbean
BRA,2014,2456043766063.5,Brazil,LAM,LAC,Latin America and Caribbean
BRA,2015,1802211999555.59,Brazil,LAM,LAC,Latin America and Caribbean
BRA,2016,1795693265824.27,Brazil,LAM,LAC,Latin America and Caribbean
BRA,2017,2063514688761.67,Brazil,LAM,LAC,Latin America and Caribbean
BRA,2018,1916933708404.16,Brazil,LAM,LAC,Latin America and Caribbean
BRA,2019,1873288159000.64,Brazil,LAM,LAC,Latin America and Caribbean
BRB,1989,2006165166.80754,Barbados,LAM,LAC,Latin America and Caribbean
BRB,1990,2012131457.26644,Barbados,LAM,LAC,Latin America and Caribbean
BRB,1991,2020583702.08323,Barbados,LAM,LAC,Latin America and Caribbean
BRB,1992,1957000000,Barbados,LAM,LAC,Latin America and Caribbean
BRB,1993,2063342117.03873,Barbados,LAM,LAC,Latin America and Caribbean
BRB,1994,2151344901.30761,Barbados,LAM,LAC,Latin America and Caribbean
BRB,1995,2216974096.35559,Barbados,LAM,LAC,Latin America and Caribbean
BRB,1996,2363645403.47039,Barbados,LAM,LAC,Latin America and Caribbean
BRB,1997,2498384129.66738,Barbados,LAM,LAC,Latin America and Caribbean
BRB,1998,2817083478.34734,Barbados,LAM,LAC,Latin America and Caribbean
BRB,1999,2951822204.54432,Barbados,LAM,LAC,Latin America and Caribbean
BRB,2000,3059500000,Barbados,LAM,LAC,Latin America and Caribbean
BRB,2001,3054500000,Barbados,LAM,LAC,Latin America and Caribbean
BRB,2002,3106500000,Barbados,LAM,LAC,Latin America and Caribbean
BRB,2003,3209500000,Barbados,LAM,LAC,Latin America and Caribbean
BRB,2004,3444500000,Barbados,LAM,LAC,Latin America and Caribbean
BRB,2005,3819500000,Barbados,LAM,LAC,Latin America and Caribbean
BRB,2006,4217450800,Barbados,LAM,LAC,Latin America and Caribbean
BRB,2007,4674007450,Barbados,LAM,LAC,Latin America and Caribbean
BRB,2008,4784925100,Barbados,LAM,LAC,Latin America and Caribbean
BRB,2009,4465657300,Barbados,LAM,LAC,Latin America and Caribbean
BRB,2010,4529928300,Barbados,LAM,LAC,Latin America and Caribbean
BRB,2011,4657699450,Barbados,LAM,LAC,Latin America and Caribbean
BRB,2012,4610096000,Barbados,LAM,LAC,Latin America and Caribbean
BRB,2013,4677248300,Barbados,LAM,LAC,Latin America and Caribbean
BRB,2014,4696344350,Barbados,LAM,LAC,Latin America and Caribbean
BRB,2015,4724691200,Barbados,LAM,LAC,Latin America and Caribbean
BRB,2016,4832811750,Barbados,LAM,LAC,Latin America and Caribbean
BRB,2017,4981588900,Barbados,LAM,LAC,Latin America and Caribbean
BRB,2018,5097283200,Barbados,LAM,LAC,Latin America and Caribbean
BRB,2019,5324250000,Barbados,LAM,LAC,Latin America and Caribbean
CHL,1989,29885218681.9835,Chile,LAM,LAC,Latin America and Caribbean
CHL,1990,33113525803.8067,Chile,LAM,LAC,Latin America and Caribbean
CHL,1991,37835245155.9327,Chile,LAM,LAC,Latin America and Caribbean
CHL,1992,45964855773.9876,Chile,LAM,LAC,Latin America and Caribbean
CHL,1993,49298281355.6317,Chile,LAM,LAC,Latin America and Caribbean
CHL,1994,57008877553.41,Chile,LAM,LAC,Latin America and Caribbean
CHL,1995,73446446283.0164,Chile,LAM,LAC,Latin America and Caribbean
CHL,1996,78575020639.4728,Chile,LAM,LAC,Latin America and Caribbean
CHL,1997,85728899954.449,Chile,LAM,LAC,Latin America and Caribbean
CHL,1998,81995749804.4157,Chile,LAM,LAC,Latin America and Caribbean
CHL,1999,75596598517.3586,Chile,LAM,LAC,Latin America and Caribbean
CHL,2000,78249883995.6255,Chile,LAM,LAC,Latin America and Caribbean
CHL,2001,71517267767.736,Chile,LAM,LAC,Latin America and Caribbean
CHL,2002,70295232513.0515,Chile,LAM,LAC,Latin America and Caribbean
CHL,2003,76507853875.6649,Chile,LAM,LAC,Latin America and Caribbean
CHL,2004,99079365628.3333,Chile,LAM,LAC,Latin America and Caribbean
CHL,2005,122314960843.922,Chile,LAM,LAC,Latin America and Caribbean
CHL,2006,153840051814.059,Chile,LAM,LAC,Latin America and Caribbean
CHL,2007,172565861848.899,Chile,LAM,LAC,Latin America and Caribbean
CHL,2008,179663390874.653,Chile,LAM,LAC,Latin America and Caribbean
CHL,2009,171412643623.963,Chile,LAM,LAC,Latin America and Caribbean
CHL,2010,217105434199.5,Chile,LAM,LAC,Latin America and Caribbean
CHL,2011,251224856981.294,Chile,LAM,LAC,Latin America and Caribbean
CHL,2012,267175870677.659,Chile,LAM,LAC,Latin America and Caribbean
CHL,2013,277239473853.807,Chile,LAM,LAC,Latin America and Caribbean
CHL,2014,259405194672.935,Chile,LAM,LAC,Latin America and Caribbean
CHL,2015,242496655711.515,Chile,LAM,LAC,Latin America and Caribbean
CHL,2016,249298706449.182,Chile,LAM,LAC,Latin America and Caribbean
CHL,2017,276364936832.331,Chile,LAM,LAC,Latin America and Caribbean
CHL,2018,295402646018.151,Chile,LAM,LAC,Latin America and Caribbean
CHL,2019,278493308134.096,Chile,LAM,LAC,Latin America and Caribbean
COL,1989,39540080200.3938,Colombia,LAM,LAC,Latin America and Caribbean
COL,1990,47844090709.9908,Colombia,LAM,LAC,Latin America and Caribbean
COL,1991,49637993948.8402,Colombia,LAM,LAC,Latin America and Caribbean
COL,1992,58394443348.9332,Colombia,LAM,LAC,Latin America and Caribbean
COL,1993,66474101329.3543,Colombia,LAM,LAC,Latin America and Caribbean
COL,1994,81705497616.5703,Colombia,LAM,LAC,Latin America and Caribbean
COL,1995,92495970511.3951,Colombia,LAM,LAC,Latin America and Caribbean
COL,1996,97153389010.9466,Colombia,LAM,LAC,Latin America and Caribbean
COL,1997,106656492324.769,Colombia,LAM,LAC,Latin America and Caribbean
COL,1998,98486358604.1784,Colombia,LAM,LAC,Latin America and Caribbean
COL,1999,86278947620.5906,Colombia,LAM,LAC,Latin America and Caribbean
COL,2000,99875074935.083,Colombia,LAM,LAC,Latin America and Caribbean
COL,2001,98200641189.1568,Colombia,LAM,LAC,Latin America and Caribbean
COL,2002,97945812789.8533,Colombia,LAM,LAC,Latin America and Caribbean
COL,2003,94644969146.1352,Colombia,LAM,LAC,Latin America and Caribbean
COL,2004,117092416651.395,Colombia,LAM,LAC,Latin America and Caribbean
COL,2005,145600527535.771,Colombia,LAM,LAC,Latin America and Caribbean
COL,2006,161792959247.85,Colombia,LAM,LAC,Latin America and Caribbean
COL,2007,206229536757.674,Colombia,LAM,LAC,Latin America and Caribbean
COL,2008,242504150472.931,Colombia,LAM,LAC,Latin America and Caribbean
COL,2009,232468666665.153,Colombia,LAM,LAC,Latin America and Caribbean
COL,2010,286498534094.963,Colombia,LAM,LAC,Latin America and Caribbean
COL,2011,334966134865.305,Colombia,LAM,LAC,Latin America and Caribbean
COL,2012,370691143086.761,Colombia,LAM,LAC,Latin America and Caribbean
COL,2013,382093697077.685,Colombia,LAM,LAC,Latin America and Caribbean
COL,2014,381240864422.407,Colombia,LAM,LAC,Latin America and Caribbean
COL,2015,293492370228.847,Colombia,LAM,LAC,Latin America and Caribbean
COL,2016,282720100286.228,Colombia,LAM,LAC,Latin America and Caribbean
COL,2017,311866875135.576,Colombia,LAM,LAC,Latin America and Caribbean
COL,2018,334198218100.716,Colombia,LAM,LAC,Latin America and Caribbean
COL,2019,323031701210.767,Colombia,LAM,LAC,Latin America and Caribbean
CRI,1989,5251025767.47627,Costa Rica,LAM,LAC,Latin America and Caribbean
CRI,1990,5711687786.75989,Costa Rica,LAM,LAC,Latin America and Caribbean
CRI,1991,7196276092.461,Costa Rica,LAM,LAC,Latin America and Caribbean
CRI,1992,8564041894.92938,Costa Rica,LAM,LAC,Latin America and Caribbean
CRI,1993,9582868509.89998,Costa Rica,LAM,LAC,Latin America and Caribbean
CRI,1994,10486787030.348,Costa Rica,LAM,LAC,Latin America and Caribbean
CRI,1995,11578594259.8675,Costa Rica,LAM,LAC,Latin America and Caribbean
CRI,1996,11678424507.2457,Costa Rica,LAM,LAC,Latin America and Caribbean
CRI,1997,12614602382.2012,Costa Rica,LAM,LAC,Latin America and Caribbean
CRI,1998,13684255946.5765,Costa Rica,LAM,LAC,Latin America and Caribbean
CRI,1999,14254866281.1537,Costa Rica,LAM,LAC,Latin America and Caribbean
CRI,2000,15013629658.6521,Costa Rica,LAM,LAC,Latin America and Caribbean
CRI,2001,15976174336.9721,Costa Rica,LAM,LAC,Latin America and Caribbean
CRI,2002,16578820687.2881,Costa Rica,LAM,LAC,Latin America and Caribbean
CRI,2003,17271760506.9483,Costa Rica,LAM,LAC,Latin America and Caribbean
CRI,2004,18610594846.2083,Costa Rica,LAM,LAC,Latin America and Caribbean
CRI,2005,20040642476.9817,Costa Rica,LAM,LAC,Latin America and Caribbean
CRI,2006,22715540324.3032,Costa Rica,LAM,LAC,Latin America and Caribbean
CRI,2007,26884700345.0342,Costa Rica,LAM,LAC,Latin America and Caribbean
CRI,2008,30801744881.0001,Costa Rica,LAM,LAC,Latin America and Caribbean
CRI,2009,30745714326.9486,Costa Rica,LAM,LAC,Latin America and Caribbean
CRI,2010,37658614803.2775,Costa Rica,LAM,LAC,Latin America and Caribbean
CRI,2011,42762613705.7835,Costa Rica,LAM,LAC,Latin America and Caribbean
CRI,2012,47231655433.4666,Costa Rica,LAM,LAC,Latin America and Caribbean
CRI,2013,50949668885.9875,Costa Rica,LAM,LAC,Latin America and Caribbean
CRI,2014,52016408923.9289,Costa Rica,LAM,LAC,Latin America and Caribbean
CRI,2015,56441920823.7632,Costa Rica,LAM,LAC,Latin America and Caribbean
CRI,2016,58847019584.9144,Costa Rica,LAM,LAC,Latin America and Caribbean
CRI,2017,60516044623.4876,Costa Rica,LAM,LAC,Latin America and Caribbean
CRI,2018,62420164964.6987,Costa Rica,LAM,LAC,Latin America and Caribbean
CRI,2019,64417670555.7821,Costa Rica,LAM,LAC,Latin America and Caribbean
CUB,1989,27023468665.8977,Cuba,LAM,LAC,Latin America and Caribbean
CUB,1990,28645436569.1489,Cuba,LAM,LAC,Latin America and Caribbean
CUB,1991,24316556025.6585,Cuba,LAM,LAC,Latin America and Caribbean
CUB,1992,22085858243.2432,Cuba,LAM,LAC,Latin America and Caribbean
CUB,1993,22367254864.8649,Cuba,LAM,LAC,Latin America and Caribbean
CUB,1994,28448326756.7568,Cuba,LAM,LAC,Latin America and Caribbean
CUB,1995,30429803651.2192,Cuba,LAM,LAC,Latin America and Caribbean
CUB,1996,25017368700,Cuba,LAM,LAC,Latin America and Caribbean
CUB,1997,25365908100,Cuba,LAM,LAC,Latin America and Caribbean
CUB,1998,25736331200,Cuba,LAM,LAC,Latin America and Caribbean
CUB,1999,28364615200,Cuba,LAM,LAC,Latin America and Caribbean
CUB,2000,30565400000,Cuba,LAM,LAC,Latin America and Caribbean
CUB,2001,31682400000,Cuba,LAM,LAC,Latin America and Caribbean
CUB,2002,33590500000,Cuba,LAM,LAC,Latin America and Caribbean
CUB,2003,35901200000,Cuba,LAM,LAC,Latin America and Caribbean
CUB,2004,38203000000,Cuba,LAM,LAC,Latin America and Caribbean
CUB,2005,42643836100,Cuba,LAM,LAC,Latin America and Caribbean
CUB,2006,48835925925.9259,Cuba,LAM,LAC,Latin America and Caribbean
CUB,2007,54262870370.3704,Cuba,LAM,LAC,Latin America and Caribbean
CUB,2008,56302129629.6296,Cuba,LAM,LAC,Latin America and Caribbean
CUB,2009,57481481481.4815,Cuba,LAM,LAC,Latin America and Caribbean
CUB,2010,59562962962.963,Cuba,LAM,LAC,Latin America and Caribbean
CUB,2011,68990000000,Cuba,LAM,LAC,Latin America and Caribbean
CUB,2012,73141000000,Cuba,LAM,LAC,Latin America and Caribbean
CUB,2013,77148000000,Cuba,LAM,LAC,Latin America and Caribbean
CUB,2014,80656000000,Cuba,LAM,LAC,Latin America and Caribbean
CUB,2015,87133000000,Cuba,LAM,LAC,Latin America and Caribbean
CUB,2016,91370000000,Cuba,LAM,LAC,Latin America and Caribbean
CUB,2017,96851000000,Cuba,LAM,LAC,Latin America and Caribbean
CUB,2018,100050000000,Cuba,LAM,LAC,Latin America and Caribbean
CUB,2019,103428000000,Cuba,LAM,LAC,Latin America and Caribbean
CUW,1989,NA,Curaçao,LAM,LAC,Latin America and Caribbean
CUW,1990,NA,Curaçao,LAM,LAC,Latin America and Caribbean
CUW,1991,NA,Curaçao,LAM,LAC,Latin America and Caribbean
CUW,1992,NA,Curaçao,LAM,LAC,Latin America and Caribbean
CUW,1993,NA,Curaçao,LAM,LAC,Latin America and Caribbean
CUW,1994,NA,Curaçao,LAM,LAC,Latin America and Caribbean
CUW,1995,NA,Curaçao,LAM,LAC,Latin America and Caribbean
CUW,1996,NA,Curaçao,LAM,LAC,Latin America and Caribbean
CUW,1997,NA,Curaçao,LAM,LAC,Latin America and Caribbean
CUW,1998,NA,Curaçao,LAM,LAC,Latin America and Caribbean
CUW,1999,NA,Curaçao,LAM,LAC,Latin America and Caribbean
CUW,2000,NA,Curaçao,LAM,LAC,Latin America and Caribbean
CUW,2001,NA,Curaçao,LAM,LAC,Latin America and Caribbean
CUW,2002,NA,Curaçao,LAM,LAC,Latin America and Caribbean
CUW,2003,NA,Curaçao,LAM,LAC,Latin America and Caribbean
CUW,2004,NA,Curaçao,LAM,LAC,Latin America and Caribbean
CUW,2005,NA,Curaçao,LAM,LAC,Latin America and Caribbean
CUW,2006,NA,Curaçao,LAM,LAC,Latin America and Caribbean
CUW,2007,NA,Curaçao,LAM,LAC,Latin America and Caribbean
CUW,2008,NA,Curaçao,LAM,LAC,Latin America and Caribbean
CUW,2009,NA,Curaçao,LAM,LAC,Latin America and Caribbean
CUW,2010,NA,Curaçao,LAM,LAC,Latin America and Caribbean
CUW,2011,2933128491.62011,Curaçao,LAM,LAC,Latin America and Caribbean
CUW,2012,3024525139.6648,Curaçao,LAM,LAC,Latin America and Caribbean
CUW,2013,3039944134.07821,Curaçao,LAM,LAC,Latin America and Caribbean
CUW,2014,3048435754.18994,Curaçao,LAM,LAC,Latin America and Caribbean
CUW,2015,3042737430.1676,Curaçao,LAM,LAC,Latin America and Caribbean
CUW,2016,3014748603.35196,Curaçao,LAM,LAC,Latin America and Caribbean
CUW,2017,3009497206.70391,Curaçao,LAM,LAC,Latin America and Caribbean
CUW,2018,3020388826.81564,Curaçao,LAM,LAC,Latin America and Caribbean
CUW,2019,2995185474.86034,Curaçao,LAM,LAC,Latin America and Caribbean
CYM,1989,NA,Cayman Islands,LAM,LAC,Latin America and Caribbean
CYM,1990,NA,Cayman Islands,LAM,LAC,Latin America and Caribbean
CYM,1991,NA,Cayman Islands,LAM,LAC,Latin America and Caribbean
CYM,1992,NA,Cayman Islands,LAM,LAC,Latin America and Caribbean
CYM,1993,NA,Cayman Islands,LAM,LAC,Latin America and Caribbean
CYM,1994,NA,Cayman Islands,LAM,LAC,Latin America and Caribbean
CYM,1995,NA,Cayman Islands,LAM,LAC,Latin America and Caribbean
CYM,1996,NA,Cayman Islands,LAM,LAC,Latin America and Caribbean
CYM,1997,NA,Cayman Islands,LAM,LAC,Latin America and Caribbean
CYM,1998,NA,Cayman Islands,LAM,LAC,Latin America and Caribbean
CYM,1999,NA,Cayman Islands,LAM,LAC,Latin America and Caribbean
CYM,2000,NA,Cayman Islands,LAM,LAC,Latin America and Caribbean
CYM,2001,NA,Cayman Islands,LAM,LAC,Latin America and Caribbean
CYM,2002,NA,Cayman Islands,LAM,LAC,Latin America and Caribbean
CYM,2003,NA,Cayman Islands,LAM,LAC,Latin America and Caribbean
CYM,2004,NA,Cayman Islands,LAM,LAC,Latin America and Caribbean
CYM,2005,NA,Cayman Islands,LAM,LAC,Latin America and Caribbean
CYM,2006,4200288282.10157,Cayman Islands,LAM,LAC,Latin America and Caribbean
CYM,2007,4466278030.59167,Cayman Islands,LAM,LAC,Latin America and Caribbean
CYM,2008,4585948969.33223,Cayman Islands,LAM,LAC,Latin America and Caribbean
CYM,2009,4281714618.03238,Cayman Islands,LAM,LAC,Latin America and Caribbean
CYM,2010,4156841163.77763,Cayman Islands,LAM,LAC,Latin America and Caribbean
CYM,2011,4186073160.18253,Cayman Islands,LAM,LAC,Latin America and Caribbean
CYM,2012,4291004485.56803,Cayman Islands,LAM,LAC,Latin America and Caribbean
CYM,2013,4405796081.15984,Cayman Islands,LAM,LAC,Latin America and Caribbean
CYM,2014,4562853582.32463,Cayman Islands,LAM,LAC,Latin America and Caribbean
CYM,2015,4708167255.28727,Cayman Islands,LAM,LAC,Latin America and Caribbean
CYM,2016,4909322200.00212,Cayman Islands,LAM,LAC,Latin America and Caribbean
CYM,2017,5166281293.18715,Cayman Islands,LAM,LAC,Latin America and Caribbean
CYM,2018,5530178498.90783,Cayman Islands,LAM,LAC,Latin America and Caribbean
CYM,2019,5941896599.57333,Cayman Islands,LAM,LAC,Latin America and Caribbean
DMA,1989,185137242.96296301,Dominica,LAM,LAC,Latin America and Caribbean
DMA,1990,201429629.62963,Dominica,LAM,LAC,Latin America and Caribbean
DMA,1991,219762962.962963,Dominica,LAM,LAC,Latin America and Caribbean
DMA,1992,234059259.259259,Dominica,LAM,LAC,Latin America and Caribbean
DMA,1993,245525925.925926,Dominica,LAM,LAC,Latin America and Caribbean
DMA,1994,264374074.074074,Dominica,LAM,LAC,Latin America and Caribbean
DMA,1995,274522222.222222,Dominica,LAM,LAC,Latin America and Caribbean
DMA,1996,292285185.185185,Dominica,LAM,LAC,Latin America and Caribbean
DMA,1997,302988888.888889,Dominica,LAM,LAC,Latin America and Caribbean
DMA,1998,322411111.111111,Dominica,LAM,LAC,Latin America and Caribbean
DMA,1999,331759259.259259,Dominica,LAM,LAC,Latin America and Caribbean
DMA,2000,333470370.37037,Dominica,LAM,LAC,Latin America and Caribbean
DMA,2001,340203703.703704,Dominica,LAM,LAC,Latin America and Caribbean
DMA,2002,333196296.296296,Dominica,LAM,LAC,Latin America and Caribbean
DMA,2003,343311111.111111,Dominica,LAM,LAC,Latin America and Caribbean
DMA,2004,367200000,Dominica,LAM,LAC,Latin America and Caribbean
DMA,2005,364255555.555556,Dominica,LAM,LAC,Latin America and Caribbean
DMA,2006,390251851.851852,Dominica,LAM,LAC,Latin America and Caribbean
DMA,2007,421374074.074074,Dominica,LAM,LAC,Latin America and Caribbean
DMA,2008,458188888.888889,Dominica,LAM,LAC,Latin America and Caribbean
DMA,2009,489074074.074074,Dominica,LAM,LAC,Latin America and Caribbean
DMA,2010,493825925.925926,Dominica,LAM,LAC,Latin America and Caribbean
DMA,2011,501025925.925926,Dominica,LAM,LAC,Latin America and Caribbean
DMA,2012,485996296.296296,Dominica,LAM,LAC,Latin America and Caribbean
DMA,2013,498296296.296296,Dominica,LAM,LAC,Latin America and Caribbean
DMA,2014,520207407.407407,Dominica,LAM,LAC,Latin America and Caribbean
DMA,2015,540737037.037037,Dominica,LAM,LAC,Latin America and Caribbean
DMA,2016,576229629.62963,Dominica,LAM,LAC,Latin America and Caribbean
DMA,2017,521551851.851852,Dominica,LAM,LAC,Latin America and Caribbean
DMA,2018,554770370.37037,Dominica,LAM,LAC,Latin America and Caribbean
DMA,2019,611537037.037037,Dominica,LAM,LAC,Latin America and Caribbean
DOM,1989,6686593059.93691,Dominican Republic,LAM,LAC,Latin America and Caribbean
DOM,1990,7073675544.79021,Dominican Republic,LAM,LAC,Latin America and Caribbean
DOM,1991,9824483368.0088,Dominican Republic,LAM,LAC,Latin America and Caribbean
DOM,1992,11605382504,Dominican Republic,LAM,LAC,Latin America and Caribbean
DOM,1993,13081042400,Dominican Republic,LAM,LAC,Latin America and Caribbean
DOM,1994,14644734247.7401,Dominican Republic,LAM,LAC,Latin America and Caribbean
DOM,1995,16637370839.1608,Dominican Republic,LAM,LAC,Latin America and Caribbean
DOM,1996,18241622255.7141,Dominican Republic,LAM,LAC,Latin America and Caribbean
DOM,1997,20017449966.0857,Dominican Republic,LAM,LAC,Latin America and Caribbean
DOM,1998,21672215776.0144,Dominican Republic,LAM,LAC,Latin America and Caribbean
DOM,1999,22136579527.4994,Dominican Republic,LAM,LAC,Latin America and Caribbean
DOM,2000,24305781111.9057,Dominican Republic,LAM,LAC,Latin America and Caribbean
DOM,2001,25601824419.0385,Dominican Republic,LAM,LAC,Latin America and Caribbean
DOM,2002,27137441266.3355,Dominican Republic,LAM,LAC,Latin America and Caribbean
DOM,2003,21403168127.883,Dominican Republic,LAM,LAC,Latin America and Caribbean
DOM,2004,22322387609.8481,Dominican Republic,LAM,LAC,Latin America and Caribbean
DOM,2005,35777560474.8106,Dominican Republic,LAM,LAC,Latin America and Caribbean
DOM,2006,37879829854.7965,Dominican Republic,LAM,LAC,Latin America and Caribbean
DOM,2007,43965459071.0654,Dominican Republic,LAM,LAC,Latin America and Caribbean
DOM,2008,48122601589.7717,Dominican Republic,LAM,LAC,Latin America and Caribbean
DOM,2009,48261079523.8213,Dominican Republic,LAM,LAC,Latin America and Caribbean
DOM,2010,53860187452.3853,Dominican Republic,LAM,LAC,Latin America and Caribbean
DOM,2011,58029773802.3818,Dominican Republic,LAM,LAC,Latin America and Caribbean
DOM,2012,60681535894.481,Dominican Republic,LAM,LAC,Latin America and Caribbean
DOM,2013,62682158700.2885,Dominican Republic,LAM,LAC,Latin America and Caribbean
DOM,2014,67179956264.9383,Dominican Republic,LAM,LAC,Latin America and Caribbean
DOM,2015,71164826719.5026,Dominican Republic,LAM,LAC,Latin America and Caribbean
DOM,2016,75704647977.2591,Dominican Republic,LAM,LAC,Latin America and Caribbean
DOM,2017,79998045975.5137,Dominican Republic,LAM,LAC,Latin America and Caribbean
DOM,2018,85555390385.9812,Dominican Republic,LAM,LAC,Latin America and Caribbean
DOM,2019,88941371980.2651,Dominican Republic,LAM,LAC,Latin America and Caribbean
ECU,1989,13890828707.6493,Ecuador,LAM,LAC,Latin America and Caribbean
ECU,1990,15239278100.3502,Ecuador,LAM,LAC,Latin America and Caribbean
ECU,1991,16988535267.6338,Ecuador,LAM,LAC,Latin America and Caribbean
ECU,1992,18094238119.0595,Ecuador,LAM,LAC,Latin America and Caribbean
ECU,1993,18938717358.6793,Ecuador,LAM,LAC,Latin America and Caribbean
ECU,1994,22708673336.6683,Ecuador,LAM,LAC,Latin America and Caribbean
ECU,1995,24432884442.2211,Ecuador,LAM,LAC,Latin America and Caribbean
ECU,1996,25226393196.5983,Ecuador,LAM,LAC,Latin America and Caribbean
ECU,1997,28162053026.5133,Ecuador,LAM,LAC,Latin America and Caribbean
ECU,1998,27981896948.4742,Ecuador,LAM,LAC,Latin America and Caribbean
ECU,1999,19645272636.3182,Ecuador,LAM,LAC,Latin America and Caribbean
ECU,2000,18327764882.4412,Ecuador,LAM,LAC,Latin America and Caribbean
ECU,2001,24468324000,Ecuador,LAM,LAC,Latin America and Caribbean
ECU,2002,28548945000,Ecuador,LAM,LAC,Latin America and Caribbean
ECU,2003,32432858000,Ecuador,LAM,LAC,Latin America and Caribbean
ECU,2004,36591661000,Ecuador,LAM,LAC,Latin America and Caribbean
ECU,2005,41507085000,Ecuador,LAM,LAC,Latin America and Caribbean
ECU,2006,46802044000,Ecuador,LAM,LAC,Latin America and Caribbean
ECU,2007,51007777000,Ecuador,LAM,LAC,Latin America and Caribbean
ECU,2008,61762635000,Ecuador,LAM,LAC,Latin America and Caribbean
ECU,2009,62519686000,Ecuador,LAM,LAC,Latin America and Caribbean
ECU,2010,69555367000,Ecuador,LAM,LAC,Latin America and Caribbean
ECU,2011,79276664000,Ecuador,LAM,LAC,Latin America and Caribbean
ECU,2012,87924544000,Ecuador,LAM,LAC,Latin America and Caribbean
ECU,2013,95129659000,Ecuador,LAM,LAC,Latin America and Caribbean
ECU,2014,101726331000,Ecuador,LAM,LAC,Latin America and Caribbean
ECU,2015,99290381000,Ecuador,LAM,LAC,Latin America and Caribbean
ECU,2016,99937696000,Ecuador,LAM,LAC,Latin America and Caribbean
ECU,2017,104295862000,Ecuador,LAM,LAC,Latin America and Caribbean
ECU,2018,107562008000,Ecuador,LAM,LAC,Latin America and Caribbean
ECU,2019,108108009000,Ecuador,LAM,LAC,Latin America and Caribbean
GRD,1989,267327642.222222,Grenada,LAM,LAC,Latin America and Caribbean
GRD,1990,278098762.962963,Grenada,LAM,LAC,Latin America and Caribbean
GRD,1991,300757888.888889,Grenada,LAM,LAC,Latin America and Caribbean
GRD,1992,310160444.444444,Grenada,LAM,LAC,Latin America and Caribbean
GRD,1993,309812185.185185,Grenada,LAM,LAC,Latin America and Caribbean
GRD,1994,325111814.814815,Grenada,LAM,LAC,Latin America and Caribbean
GRD,1995,342172518.518519,Grenada,LAM,LAC,Latin America and Caribbean
GRD,1996,366911444.444444,Grenada,LAM,LAC,Latin America and Caribbean
GRD,1997,392190592.592593,Grenada,LAM,LAC,Latin America and Caribbean
GRD,1998,445903592.592593,Grenada,LAM,LAC,Latin America and Caribbean
GRD,1999,482009370.37037,Grenada,LAM,LAC,Latin America and Caribbean
GRD,2000,520044370.37037,Grenada,LAM,LAC,Latin America and Caribbean
GRD,2001,520444185.185185,Grenada,LAM,LAC,Latin America and Caribbean
GRD,2002,540336925.925926,Grenada,LAM,LAC,Latin America and Caribbean
GRD,2003,591018407.407407,Grenada,LAM,LAC,Latin America and Caribbean
GRD,2004,599118592.592593,Grenada,LAM,LAC,Latin America and Caribbean
GRD,2005,695555555.555555,Grenada,LAM,LAC,Latin America and Caribbean
GRD,2006,698700666.666667,Grenada,LAM,LAC,Latin America and Caribbean
GRD,2007,758683592.592593,Grenada,LAM,LAC,Latin America and Caribbean
GRD,2008,825976037.037037,Grenada,LAM,LAC,Latin America and Caribbean
GRD,2009,771275555.555555,Grenada,LAM,LAC,Latin America and Caribbean
GRD,2010,771014814.814815,Grenada,LAM,LAC,Latin America and Caribbean
GRD,2011,778655555.555555,Grenada,LAM,LAC,Latin America and Caribbean
GRD,2012,799881481.481481,Grenada,LAM,LAC,Latin America and Caribbean
GRD,2013,842618518.518518,Grenada,LAM,LAC,Latin America and Caribbean
GRD,2014,911496296.296296,Grenada,LAM,LAC,Latin America and Caribbean
GRD,2015,997007407.407407,Grenada,LAM,LAC,Latin America and Caribbean
GRD,2016,1061640740.74074,Grenada,LAM,LAC,Latin America and Caribbean
GRD,2017,1125685185.18519,Grenada,LAM,LAC,Latin America and Caribbean
GRD,2018,1166514814.81481,Grenada,LAM,LAC,Latin America and Caribbean
GRD,2019,1213485185.18519,Grenada,LAM,LAC,Latin America and Caribbean
GTM,1989,8410724360.79545,Guatemala,LAM,LAC,Latin America and Caribbean
GTM,1990,7650196276.73508,Guatemala,LAM,LAC,Latin America and Caribbean
GTM,1991,9406135143.41165,Guatemala,LAM,LAC,Latin America and Caribbean
GTM,1992,10440781587.5435,Guatemala,LAM,LAC,Latin America and Caribbean
GTM,1993,11400018312.9302,Guatemala,LAM,LAC,Latin America and Caribbean
GTM,1994,12983233686.9938,Guatemala,LAM,LAC,Latin America and Caribbean
GTM,1995,14655404433.2771,Guatemala,LAM,LAC,Latin America and Caribbean
GTM,1996,15674835615.3139,Guatemala,LAM,LAC,Latin America and Caribbean
GTM,1997,17790026221.6139,Guatemala,LAM,LAC,Latin America and Caribbean
GTM,1998,19395491992.9939,Guatemala,LAM,LAC,Latin America and Caribbean
GTM,1999,18318412251.3642,Guatemala,LAM,LAC,Latin America and Caribbean
GTM,2000,19288928615.938202,Guatemala,LAM,LAC,Latin America and Caribbean
GTM,2001,18405221418.4665,Guatemala,LAM,LAC,Latin America and Caribbean
GTM,2002,20444205991.025,Guatemala,LAM,LAC,Latin America and Caribbean
GTM,2003,21576351798.9145,Guatemala,LAM,LAC,Latin America and Caribbean
GTM,2004,23577298589.158,Guatemala,LAM,LAC,Latin America and Caribbean
GTM,2005,26783388709.1786,Guatemala,LAM,LAC,Latin America and Caribbean
GTM,2006,29744247479.2443,Guatemala,LAM,LAC,Latin America and Caribbean
GTM,2007,33567850094.9993,Guatemala,LAM,LAC,Latin America and Caribbean
GTM,2008,38503718526.6281,Guatemala,LAM,LAC,Latin America and Caribbean
GTM,2009,37126146369.2608,Guatemala,LAM,LAC,Latin America and Caribbean
GTM,2010,40676579264.8401,Guatemala,LAM,LAC,Latin America and Caribbean
GTM,2011,46876004265.2386,Guatemala,LAM,LAC,Latin America and Caribbean
GTM,2012,49593926849.2429,Guatemala,LAM,LAC,Latin America and Caribbean
GTM,2013,52996447955.7632,Guatemala,LAM,LAC,Latin America and Caribbean
GTM,2014,57852150564.52,Guatemala,LAM,LAC,Latin America and Caribbean
GTM,2015,62186064718.7424,Guatemala,LAM,LAC,Latin America and Caribbean
GTM,2016,66053402744.7267,Guatemala,LAM,LAC,Latin America and Caribbean
GTM,2017,71653756504.1625,Guatemala,LAM,LAC,Latin America and Caribbean
GTM,2018,73328369925.8478,Guatemala,LAM,LAC,Latin America and Caribbean
GTM,2019,77172313916.4218,Guatemala,LAM,LAC,Latin America and Caribbean
GUY,1989,379779389.705882,Guyana,LAM,LAC,Latin America and Caribbean
GUY,1990,396582263.291139,Guyana,LAM,LAC,Latin America and Caribbean
GUY,1991,348533094.812165,Guyana,LAM,LAC,Latin America and Caribbean
GUY,1992,373573141.486811,Guyana,LAM,LAC,Latin America and Caribbean
GUY,1993,454101382.488479,Guyana,LAM,LAC,Latin America and Caribbean
GUY,1994,540874934.201012,Guyana,LAM,LAC,Latin America and Caribbean
GUY,1995,621626785.915493,Guyana,LAM,LAC,Latin America and Caribbean
GUY,1996,705406001.424501,Guyana,LAM,LAC,Latin America and Caribbean
GUY,1997,749138009.56454,Guyana,LAM,LAC,Latin America and Caribbean
GUY,1998,717530683.169567,Guyana,LAM,LAC,Latin America and Caribbean
GUY,1999,694754988.258295,Guyana,LAM,LAC,Latin America and Caribbean
GUY,2000,712667896.727512,Guyana,LAM,LAC,Latin America and Caribbean
GUY,2001,712167448.895612,Guyana,LAM,LAC,Latin America and Caribbean
GUY,2002,726131434.715338,Guyana,LAM,LAC,Latin America and Caribbean
GUY,2003,743063949.040207,Guyana,LAM,LAC,Latin America and Caribbean
GUY,2004,787814379.183843,Guyana,LAM,LAC,Latin America and Caribbean
GUY,2005,824880550.343965,Guyana,LAM,LAC,Latin America and Caribbean
GUY,2006,2379817986.72917,Guyana,LAM,LAC,Latin America and Caribbean
GUY,2007,2730971599.89457,Guyana,LAM,LAC,Latin America and Caribbean
GUY,2008,3025187428.38436,Guyana,LAM,LAC,Latin America and Caribbean
GUY,2009,3165663152.73351,Guyana,LAM,LAC,Latin America and Caribbean
GUY,2010,3432912511.30491,Guyana,LAM,LAC,Latin America and Caribbean
GUY,2011,3691384317.52178,Guyana,LAM,LAC,Latin America and Caribbean
GUY,2012,4063088529.13592,Guyana,LAM,LAC,Latin America and Caribbean
GUY,2013,4167800935.59943,Guyana,LAM,LAC,Latin America and Caribbean
GUY,2014,4127660158.47323,Guyana,LAM,LAC,Latin America and Caribbean
GUY,2015,4279840193.7046,Guyana,LAM,LAC,Latin America and Caribbean
GUY,2016,4482697336.56174,Guyana,LAM,LAC,Latin America and Caribbean
GUY,2017,4748174334.14044,Guyana,LAM,LAC,Latin America and Caribbean
GUY,2018,4787637005.53638,Guyana,LAM,LAC,Latin America and Caribbean
GUY,2019,5173760191.84652,Guyana,LAM,LAC,Latin America and Caribbean
HND,1989,5432344901.72414,Honduras,LAM,LAC,Latin America and Caribbean
HND,1990,4923009551.55642,Honduras,LAM,LAC,Latin America and Caribbean
HND,1991,4648668478.56753,Honduras,LAM,LAC,Latin America and Caribbean
HND,1992,4943700431.07368,Honduras,LAM,LAC,Latin America and Caribbean
HND,1993,4926728932.95069,Honduras,LAM,LAC,Latin America and Caribbean
HND,1994,4642280682.14252,Honduras,LAM,LAC,Latin America and Caribbean
HND,1995,5347445005.21376,Honduras,LAM,LAC,Latin America and Caribbean
HND,1996,5215028986.48649,Honduras,LAM,LAC,Latin America and Caribbean
HND,1997,5737099650.19011,Honduras,LAM,LAC,Latin America and Caribbean
HND,1998,6366340265.87888,Honduras,LAM,LAC,Latin America and Caribbean
HND,1999,6414520529.61672,Honduras,LAM,LAC,Latin America and Caribbean
HND,2000,7186638029.05875,Honduras,LAM,LAC,Latin America and Caribbean
HND,2001,7651162302.3456,Honduras,LAM,LAC,Latin America and Caribbean
HND,2002,7858255253.49986,Honduras,LAM,LAC,Latin America and Caribbean
HND,2003,8230391504.77427,Honduras,LAM,LAC,Latin America and Caribbean
HND,2004,8869299234.3377,Honduras,LAM,LAC,Latin America and Caribbean
HND,2005,9757012869.26168,Honduras,LAM,LAC,Latin America and Caribbean
HND,2006,10917476873.546,Honduras,LAM,LAC,Latin America and Caribbean
HND,2007,12361257680.5627,Honduras,LAM,LAC,Latin America and Caribbean
HND,2008,13881731630.9676,Honduras,LAM,LAC,Latin America and Caribbean
HND,2009,14587496229.1811,Honduras,LAM,LAC,Latin America and Caribbean
HND,2010,15839344591.9842,Honduras,LAM,LAC,Latin America and Caribbean
HND,2011,17710275997.4749,Honduras,LAM,LAC,Latin America and Caribbean
HND,2012,18528554861.0515,Honduras,LAM,LAC,Latin America and Caribbean
HND,2013,18499729063.4192,Honduras,LAM,LAC,Latin America and Caribbean
HND,2014,19756533658.0822,Honduras,LAM,LAC,Latin America and Caribbean
HND,2015,20979791685.416,Honduras,LAM,LAC,Latin America and Caribbean
HND,2016,21717604580.8627,Honduras,LAM,LAC,Latin America and Caribbean
HND,2017,23136248046.2979,Honduras,LAM,LAC,Latin America and Caribbean
HND,2018,24067750465.9361,Honduras,LAM,LAC,Latin America and Caribbean
HND,2019,25089937108.6681,Honduras,LAM,LAC,Latin America and Caribbean
HTI,1989,2736243800,Haiti,LAM,LAC,Latin America and Caribbean
HTI,1990,3096289800,Haiti,LAM,LAC,Latin America and Caribbean
HTI,1991,3473562850.28022,Haiti,LAM,LAC,Latin America and Caribbean
HTI,1992,2257129873.67081,Haiti,LAM,LAC,Latin America and Caribbean
HTI,1993,1878253818.08352,Haiti,LAM,LAC,Latin America and Caribbean
HTI,1994,2167569095.12236,Haiti,LAM,LAC,Latin America and Caribbean
HTI,1995,2813313278.81082,Haiti,LAM,LAC,Latin America and Caribbean
HTI,1996,2907517543.35846,Haiti,LAM,LAC,Latin America and Caribbean
HTI,1997,3338949151.59927,Haiti,LAM,LAC,Latin America and Caribbean
HTI,1998,3723903723.63772,Haiti,LAM,LAC,Latin America and Caribbean
HTI,1999,4153725966.88509,Haiti,LAM,LAC,Latin America and Caribbean
HTI,2000,6813565983.11708,Haiti,LAM,LAC,Latin America and Caribbean
HTI,2001,6331970412.88509,Haiti,LAM,LAC,Latin America and Caribbean
HTI,2002,6205847136.98422,Haiti,LAM,LAC,Latin America and Caribbean
HTI,2003,5071947797.98273,Haiti,LAM,LAC,Latin America and Caribbean
HTI,2004,6087360734.56063,Haiti,LAM,LAC,Latin America and Caribbean
HTI,2005,7030149790.93042,Haiti,LAM,LAC,Latin America and Caribbean
HTI,2006,7638739123.54444,Haiti,LAM,LAC,Latin America and Caribbean
HTI,2007,9228637766.24316,Haiti,LAM,LAC,Latin America and Caribbean
HTI,2008,10432962724.7617,Haiti,LAM,LAC,Latin America and Caribbean
HTI,2009,11597002929.7989,Haiti,LAM,LAC,Latin America and Caribbean
HTI,2010,11859312627.0763,Haiti,LAM,LAC,Latin America and Caribbean
HTI,2011,13008746038.8867,Haiti,LAM,LAC,Latin America and Caribbean
HTI,2012,13708925402.937,Haiti,LAM,LAC,Latin America and Caribbean
HTI,2013,14902488489.0545,Haiti,LAM,LAC,Latin America and Caribbean
HTI,2014,15146883647.3766,Haiti,LAM,LAC,Latin America and Caribbean
HTI,2015,14849629407.9546,Haiti,LAM,LAC,Latin America and Caribbean
HTI,2016,14069277532.4999,Haiti,LAM,LAC,Latin America and Caribbean
HTI,2017,15093357143.42,Haiti,LAM,LAC,Latin America and Caribbean
HTI,2018,16403864521.4121,Haiti,LAM,LAC,Latin America and Caribbean
HTI,2019,15016090929.8744,Haiti,LAM,LAC,Latin America and Caribbean
JAM,1989,4404938108.99142,Jamaica,LAM,LAC,Latin America and Caribbean
JAM,1990,4592208086.69235,Jamaica,LAM,LAC,Latin America and Caribbean
JAM,1991,4106207649.05547,Jamaica,LAM,LAC,Latin America and Caribbean
JAM,1992,3535460089.80719,Jamaica,LAM,LAC,Latin America and Caribbean
JAM,1993,5440075675.74067,Jamaica,LAM,LAC,Latin America and Caribbean
JAM,1994,5452558892.09715,Jamaica,LAM,LAC,Latin America and Caribbean
JAM,1995,6577520705.21268,Jamaica,LAM,LAC,Latin America and Caribbean
JAM,1996,7393891854.4065,Jamaica,LAM,LAC,Latin America and Caribbean
JAM,1997,8400041802.63506,Jamaica,LAM,LAC,Latin America and Caribbean
JAM,1998,8787195622.43502,Jamaica,LAM,LAC,Latin America and Caribbean
JAM,1999,8887058073.23537,Jamaica,LAM,LAC,Latin America and Caribbean
JAM,2000,9005064474.93003,Jamaica,LAM,LAC,Latin America and Caribbean
JAM,2001,9194727831.07318,Jamaica,LAM,LAC,Latin America and Caribbean
JAM,2002,9719009561.76107,Jamaica,LAM,LAC,Latin America and Caribbean
JAM,2003,9430234851.61584,Jamaica,LAM,LAC,Latin America and Caribbean
JAM,2004,10174664853.9476,Jamaica,LAM,LAC,Latin America and Caribbean
JAM,2005,11243865787.8079,Jamaica,LAM,LAC,Latin America and Caribbean
JAM,2006,11930179173.4168,Jamaica,LAM,LAC,Latin America and Caribbean
JAM,2007,12799600075.0407,Jamaica,LAM,LAC,Latin America and Caribbean
JAM,2008,13709401443.5016,Jamaica,LAM,LAC,Latin America and Caribbean
JAM,2009,12120458140.9424,Jamaica,LAM,LAC,Latin America and Caribbean
JAM,2010,13220549858.2014,Jamaica,LAM,LAC,Latin America and Caribbean
JAM,2011,14444661488.1296,Jamaica,LAM,LAC,Latin America and Caribbean
JAM,2012,14807086490.8533,Jamaica,LAM,LAC,Latin America and Caribbean
JAM,2013,14264205123.6886,Jamaica,LAM,LAC,Latin America and Caribbean
JAM,2014,13899225339.6917,Jamaica,LAM,LAC,Latin America and Caribbean
JAM,2015,14188938780.5039,Jamaica,LAM,LAC,Latin America and Caribbean
JAM,2016,14077105502.9175,Jamaica,LAM,LAC,Latin America and Caribbean
JAM,2017,14808984880.5796,Jamaica,LAM,LAC,Latin America and Caribbean
JAM,2018,15730791525.65,Jamaica,LAM,LAC,Latin America and Caribbean
JAM,2019,15830766372.2651,Jamaica,LAM,LAC,Latin America and Caribbean
KNA,1989,192518518.518518,St. Kitts and Nevis,LAM,LAC,Latin America and Caribbean
KNA,1990,217259259.259259,St. Kitts and Nevis,LAM,LAC,Latin America and Caribbean
KNA,1991,220540740.740741,St. Kitts and Nevis,LAM,LAC,Latin America and Caribbean
KNA,1992,242137037.037037,St. Kitts and Nevis,LAM,LAC,Latin America and Caribbean
KNA,1993,263755555.555556,St. Kitts and Nevis,LAM,LAC,Latin America and Caribbean
KNA,1994,295159259.259259,St. Kitts and Nevis,LAM,LAC,Latin America and Caribbean
KNA,1995,313485185.185185,St. Kitts and Nevis,LAM,LAC,Latin America and Caribbean
KNA,1996,333944444.444444,St. Kitts and Nevis,LAM,LAC,Latin America and Caribbean
KNA,1997,374641307.974641,St. Kitts and Nevis,LAM,LAC,Latin America and Caribbean
KNA,1998,383257331.40548,St. Kitts and Nevis,LAM,LAC,Latin America and Caribbean
KNA,1999,406595484.373262,St. Kitts and Nevis,LAM,LAC,Latin America and Caribbean
KNA,2000,421695769.843918,St. Kitts and Nevis,LAM,LAC,Latin America and Caribbean
KNA,2001,458643829.014199,St. Kitts and Nevis,LAM,LAC,Latin America and Caribbean
KNA,2002,481077373.669966,St. Kitts and Nevis,LAM,LAC,Latin America and Caribbean
KNA,2003,469869869.86987,St. Kitts and Nevis,LAM,LAC,Latin America and Caribbean
KNA,2004,506900000,St. Kitts and Nevis,LAM,LAC,Latin America and Caribbean
KNA,2005,547203703.703704,St. Kitts and Nevis,LAM,LAC,Latin America and Caribbean
KNA,2006,644414814.814815,St. Kitts and Nevis,LAM,LAC,Latin America and Caribbean
KNA,2007,689285185.185185,St. Kitts and Nevis,LAM,LAC,Latin America and Caribbean
KNA,2008,777691333.333333,St. Kitts and Nevis,LAM,LAC,Latin America and Caribbean
KNA,2009,774273111.111111,St. Kitts and Nevis,LAM,LAC,Latin America and Caribbean
KNA,2010,778718518.518518,St. Kitts and Nevis,LAM,LAC,Latin America and Caribbean
KNA,2011,836092592.592593,St. Kitts and Nevis,LAM,LAC,Latin America and Caribbean
KNA,2012,825381481.481481,St. Kitts and Nevis,LAM,LAC,Latin America and Caribbean
KNA,2013,874896296.296296,St. Kitts and Nevis,LAM,LAC,Latin America and Caribbean
KNA,2014,953170370.37037,St. Kitts and Nevis,LAM,LAC,Latin America and Caribbean
KNA,2015,957037037.037037,St. Kitts and Nevis,LAM,LAC,Latin America and Caribbean
KNA,2016,1008100000,St. Kitts and Nevis,LAM,LAC,Latin America and Caribbean
KNA,2017,1058944444.44444,St. Kitts and Nevis,LAM,LAC,Latin America and Caribbean
KNA,2018,1076922222.22222,St. Kitts and Nevis,LAM,LAC,Latin America and Caribbean
KNA,2019,1107844444.44444,St. Kitts and Nevis,LAM,LAC,Latin America and Caribbean
LCA,1989,486666666.666667,St. Lucia,LAM,LAC,Latin America and Caribbean
LCA,1990,579629629.62963,St. Lucia,LAM,LAC,Latin America and Caribbean
LCA,1991,613703703.703704,St. Lucia,LAM,LAC,Latin America and Caribbean
LCA,1992,674074074.074074,St. Lucia,LAM,LAC,Latin America and Caribbean
LCA,1993,684814814.814815,St. Lucia,LAM,LAC,Latin America and Caribbean
LCA,1994,713703703.703704,St. Lucia,LAM,LAC,Latin America and Caribbean
LCA,1995,762962962.962963,St. Lucia,LAM,LAC,Latin America and Caribbean
LCA,1996,788888888.888889,St. Lucia,LAM,LAC,Latin America and Caribbean
LCA,1997,805925925.925926,St. Lucia,LAM,LAC,Latin America and Caribbean
LCA,1998,877407407.407407,St. Lucia,LAM,LAC,Latin America and Caribbean
LCA,1999,921851851.851852,St. Lucia,LAM,LAC,Latin America and Caribbean
LCA,2000,932592592.592592,St. Lucia,LAM,LAC,Latin America and Caribbean
LCA,2001,892592592.592592,St. Lucia,LAM,LAC,Latin America and Caribbean
LCA,2002,900000000,St. Lucia,LAM,LAC,Latin America and Caribbean
LCA,2003,987407407.407407,St. Lucia,LAM,LAC,Latin America and Caribbean
LCA,2004,1066666666.66667,St. Lucia,LAM,LAC,Latin America and Caribbean
LCA,2005,1135555555.55556,St. Lucia,LAM,LAC,Latin America and Caribbean
LCA,2006,1268319185.18519,St. Lucia,LAM,LAC,Latin America and Caribbean
LCA,2007,1336088814.81481,St. Lucia,LAM,LAC,Latin America and Caribbean
LCA,2008,1437731111.11111,St. Lucia,LAM,LAC,Latin America and Caribbean
LCA,2009,1401507888.88889,St. Lucia,LAM,LAC,Latin America and Caribbean
LCA,2010,1482370370.37037,St. Lucia,LAM,LAC,Latin America and Caribbean
LCA,2011,1568370370.37037,St. Lucia,LAM,LAC,Latin America and Caribbean
LCA,2012,1598222222.22222,St. Lucia,LAM,LAC,Latin America and Caribbean
LCA,2013,1660222222.22222,St. Lucia,LAM,LAC,Latin America and Caribbean
LCA,2014,1749296296.2963,St. Lucia,LAM,LAC,Latin America and Caribbean
LCA,2015,1807222222.22222,St. Lucia,LAM,LAC,Latin America and Caribbean
LCA,2016,1865444444.44444,St. Lucia,LAM,LAC,Latin America and Caribbean
LCA,2017,1996703703.7037,St. Lucia,LAM,LAC,Latin America and Caribbean
LCA,2018,2057074074.07407,St. Lucia,LAM,LAC,Latin America and Caribbean
LCA,2019,2094185185.18518,St. Lucia,LAM,LAC,Latin America and Caribbean
MAF,1989,NA,St. Martin (French part),LAM,LAC,Latin America and Caribbean
MAF,1990,NA,St. Martin (French part),LAM,LAC,Latin America and Caribbean
MAF,1991,NA,St. Martin (French part),LAM,LAC,Latin America and Caribbean
MAF,1992,NA,St. Martin (French part),LAM,LAC,Latin America and Caribbean
MAF,1993,NA,St. Martin (French part),LAM,LAC,Latin America and Caribbean
MAF,1994,NA,St. Martin (French part),LAM,LAC,Latin America and Caribbean
MAF,1995,NA,St. Martin (French part),LAM,LAC,Latin America and Caribbean
MAF,1996,NA,St. Martin (French part),LAM,LAC,Latin America and Caribbean
MAF,1997,NA,St. Martin (French part),LAM,LAC,Latin America and Caribbean
MAF,1998,NA,St. Martin (French part),LAM,LAC,Latin America and Caribbean
MAF,1999,NA,St. Martin (French part),LAM,LAC,Latin America and Caribbean
MAF,2000,NA,St. Martin (French part),LAM,LAC,Latin America and Caribbean
MAF,2001,NA,St. Martin (French part),LAM,LAC,Latin America and Caribbean
MAF,2002,NA,St. Martin (French part),LAM,LAC,Latin America and Caribbean
MAF,2003,NA,St. Martin (French part),LAM,LAC,Latin America and Caribbean
MAF,2004,NA,St. Martin (French part),LAM,LAC,Latin America and Caribbean
MAF,2005,NA,St. Martin (French part),LAM,LAC,Latin America and Caribbean
MAF,2006,NA,St. Martin (French part),LAM,LAC,Latin America and Caribbean
MAF,2007,NA,St. Martin (French part),LAM,LAC,Latin America and Caribbean
MAF,2008,NA,St. Martin (French part),LAM,LAC,Latin America and Caribbean
MAF,2009,NA,St. Martin (French part),LAM,LAC,Latin America and Caribbean
MAF,2010,NA,St. Martin (French part),LAM,LAC,Latin America and Caribbean
MAF,2011,775875857.976655,St. Martin (French part),LAM,LAC,Latin America and Caribbean
MAF,2012,774891157.4223443,St. Martin (French part),LAM,LAC,Latin America and Caribbean
MAF,2013,773906456.8680336,St. Martin (French part),LAM,LAC,Latin America and Caribbean
MAF,2014,772921756.313723,St. Martin (French part),LAM,LAC,Latin America and Caribbean
MAF,2015,772921756.313723,St. Martin (French part),LAM,LAC,Latin America and Caribbean
MAF,2016,772921756.313723,St. Martin (French part),LAM,LAC,Latin America and Caribbean
MAF,2017,772921756.313723,St. Martin (French part),LAM,LAC,Latin America and Caribbean
MAF,2018,772921756.313723,St. Martin (French part),LAM,LAC,Latin America and Caribbean
MAF,2019,772921756.313723,St. Martin (French part),LAM,LAC,Latin America and Caribbean
MEX,1989,221403143240.479,Mexico,LAM,LAC,Latin America and Caribbean
MEX,1990,261253660211.684,Mexico,LAM,LAC,Latin America and Caribbean
MEX,1991,313139656145.745,Mexico,LAM,LAC,Latin America and Caribbean
MEX,1992,363157793810.136,Mexico,LAM,LAC,Latin America and Caribbean
MEX,1993,500733386969.941,Mexico,LAM,LAC,Latin America and Caribbean
MEX,1994,527810631731.248,Mexico,LAM,LAC,Latin America and Caribbean
MEX,1995,360072506961.293,Mexico,LAM,LAC,Latin America and Caribbean
MEX,1996,410972976953.229,Mexico,LAM,LAC,Latin America and Caribbean
MEX,1997,500416010941.521,Mexico,LAM,LAC,Latin America and Caribbean
MEX,1998,526499723362.144,Mexico,LAM,LAC,Latin America and Caribbean
MEX,1999,600233031001.064,Mexico,LAM,LAC,Latin America and Caribbean
MEX,2000,707909864021.779,Mexico,LAM,LAC,Latin America and Caribbean
MEX,2001,756702925694.04,Mexico,LAM,LAC,Latin America and Caribbean
MEX,2002,772109710670.873,Mexico,LAM,LAC,Latin America and Caribbean
MEX,2003,729335024013.225,Mexico,LAM,LAC,Latin America and Caribbean
MEX,2004,782242912348.371,Mexico,LAM,LAC,Latin America and Caribbean
MEX,2005,877476892365.264,Mexico,LAM,LAC,Latin America and Caribbean
MEX,2006,975383402912.585,Mexico,LAM,LAC,Latin America and Caribbean
MEX,2007,1052697085016.35,Mexico,LAM,LAC,Latin America and Caribbean
MEX,2008,1109987401386.38,Mexico,LAM,LAC,Latin America and Caribbean
MEX,2009,900047015737.995,Mexico,LAM,LAC,Latin America and Caribbean
MEX,2010,1057800597973.65,Mexico,LAM,LAC,Latin America and Caribbean
MEX,2011,1180487226406.78,Mexico,LAM,LAC,Latin America and Caribbean
MEX,2012,1201093787127.42,Mexico,LAM,LAC,Latin America and Caribbean
MEX,2013,1274443916251.64,Mexico,LAM,LAC,Latin America and Caribbean
MEX,2014,1315356131262.48,Mexico,LAM,LAC,Latin America and Caribbean
MEX,2015,1171870072962.76,Mexico,LAM,LAC,Latin America and Caribbean
MEX,2016,1078493059306.95,Mexico,LAM,LAC,Latin America and Caribbean
MEX,2017,1158912015259.01,Mexico,LAM,LAC,Latin America and Caribbean
MEX,2018,1222405556421.13,Mexico,LAM,LAC,Latin America and Caribbean
MEX,2019,1269009571610.76,Mexico,LAM,LAC,Latin America and Caribbean
NIC,1989,1013184755.57026,Nicaragua,LAM,LAC,Latin America and Caribbean
NIC,1990,1009455476.10732,Nicaragua,LAM,LAC,Latin America and Caribbean
NIC,1991,1488804123.71134,Nicaragua,LAM,LAC,Latin America and Caribbean
NIC,1992,1792800000,Nicaragua,LAM,LAC,Latin America and Caribbean
NIC,1993,1756454248.36601,Nicaragua,LAM,LAC,Latin America and Caribbean
NIC,1994,3863185119.04762,Nicaragua,LAM,LAC,Latin America and Caribbean
NIC,1995,4140470000,Nicaragua,LAM,LAC,Latin America and Caribbean
NIC,1996,4308351902.78601,Nicaragua,LAM,LAC,Latin America and Caribbean
NIC,1997,4389973334.97976,Nicaragua,LAM,LAC,Latin America and Caribbean
NIC,1998,4635267224.84195,Nicaragua,LAM,LAC,Latin America and Caribbean
NIC,1999,4855717874.68247,Nicaragua,LAM,LAC,Latin America and Caribbean
NIC,2000,5107329007.0922,Nicaragua,LAM,LAC,Latin America and Caribbean
NIC,2001,5323146565.70315,Nicaragua,LAM,LAC,Latin America and Caribbean
NIC,2002,5224213017.54386,Nicaragua,LAM,LAC,Latin America and Caribbean
NIC,2003,5322454925.84746,Nicaragua,LAM,LAC,Latin America and Caribbean
NIC,2004,5795568204.64532,Nicaragua,LAM,LAC,Latin America and Caribbean
NIC,2005,6321324455.16941,Nicaragua,LAM,LAC,Latin America and Caribbean
NIC,2006,6763418645.81377,Nicaragua,LAM,LAC,Latin America and Caribbean
NIC,2007,7423365274.89468,Nicaragua,LAM,LAC,Latin America and Caribbean
NIC,2008,8496948184.42042,Nicaragua,LAM,LAC,Latin America and Caribbean
NIC,2009,8298736471.12441,Nicaragua,LAM,LAC,Latin America and Caribbean
NIC,2010,8758619130.58043,Nicaragua,LAM,LAC,Latin America and Caribbean
NIC,2011,9774320144.00049,Nicaragua,LAM,LAC,Latin America and Caribbean
NIC,2012,10531980451.1847,Nicaragua,LAM,LAC,Latin America and Caribbean
NIC,2013,10982954744.4415,Nicaragua,LAM,LAC,Latin America and Caribbean
NIC,2014,11880433902.9361,Nicaragua,LAM,LAC,Latin America and Caribbean
NIC,2015,12756722238.3709,Nicaragua,LAM,LAC,Latin America and Caribbean
NIC,2016,13286066154.9603,Nicaragua,LAM,LAC,Latin America and Caribbean
NIC,2017,13785890939.4447,Nicaragua,LAM,LAC,Latin America and Caribbean
NIC,2018,13025266513.3167,Nicaragua,LAM,LAC,Latin America and Caribbean
NIC,2019,12699028889.666,Nicaragua,LAM,LAC,Latin America and Caribbean
PAN,1989,5918469800,Panama,LAM,LAC,Latin America and Caribbean
PAN,1990,6433967000,Panama,LAM,LAC,Latin America and Caribbean
PAN,1991,7074675500,Panama,LAM,LAC,Latin America and Caribbean
PAN,1992,8042337700,Panama,LAM,LAC,Latin America and Caribbean
PAN,1993,8782585400,Panama,LAM,LAC,Latin America and Caribbean
PAN,1994,9365289800,Panama,LAM,LAC,Latin America and Caribbean
PAN,1995,9573813700,Panama,LAM,LAC,Latin America and Caribbean
PAN,1996,9870494000,Panama,LAM,LAC,Latin America and Caribbean
PAN,1997,10677286100,Panama,LAM,LAC,Latin America and Caribbean
PAN,1998,11575486400,Panama,LAM,LAC,Latin America and Caribbean
PAN,1999,12130252200,Panama,LAM,LAC,Latin America and Caribbean
PAN,2000,12304115000,Panama,LAM,LAC,Latin America and Caribbean
PAN,2001,12502013400,Panama,LAM,LAC,Latin America and Caribbean
PAN,2002,12994310400,Panama,LAM,LAC,Latin America and Caribbean
PAN,2003,13693981200,Panama,LAM,LAC,Latin America and Caribbean
PAN,2004,15013381700,Panama,LAM,LAC,Latin America and Caribbean
PAN,2005,16374393900,Panama,LAM,LAC,Latin America and Caribbean
PAN,2006,18141666300,Panama,LAM,LAC,Latin America and Caribbean
PAN,2007,21295984200,Panama,LAM,LAC,Latin America and Caribbean
PAN,2008,25155888600,Panama,LAM,LAC,Latin America and Caribbean
PAN,2009,27116635600,Panama,LAM,LAC,Latin America and Caribbean
PAN,2010,29440287600,Panama,LAM,LAC,Latin America and Caribbean
PAN,2011,34686224300,Panama,LAM,LAC,Latin America and Caribbean
PAN,2012,40429700000,Panama,LAM,LAC,Latin America and Caribbean
PAN,2013,45599900000,Panama,LAM,LAC,Latin America and Caribbean
PAN,2014,49921400000,Panama,LAM,LAC,Latin America and Caribbean
PAN,2015,54091800000,Panama,LAM,LAC,Latin America and Caribbean
PAN,2016,57907700000,Panama,LAM,LAC,Latin America and Caribbean
PAN,2017,62202700000,Panama,LAM,LAC,Latin America and Caribbean
PAN,2018,67294169234.6291,Panama,LAM,LAC,Latin America and Caribbean
PAN,2019,69721787532.9789,Panama,LAM,LAC,Latin America and Caribbean
PER,1989,22499559086.0587,Peru,LAM,LAC,Latin America and Caribbean
PER,1990,26410386669.3532,Peru,LAM,LAC,Latin America and Caribbean
PER,1991,34341465998.2003,Peru,LAM,LAC,Latin America and Caribbean
PER,1992,35966302303.263,Peru,LAM,LAC,Latin America and Caribbean
PER,1993,34832077220.8537,Peru,LAM,LAC,Latin America and Caribbean
PER,1994,44882079766.8913,Peru,LAM,LAC,Latin America and Caribbean
PER,1995,53312793687.3836,Peru,LAM,LAC,Latin America and Caribbean
PER,1996,55252414130.3019,Peru,LAM,LAC,Latin America and Caribbean
PER,1997,58147522522.5225,Peru,LAM,LAC,Latin America and Caribbean
PER,1998,55501467877.381,Peru,LAM,LAC,Latin America and Caribbean
PER,1999,50187324567.883,Peru,LAM,LAC,Latin America and Caribbean
PER,2000,51744749133.213,Peru,LAM,LAC,Latin America and Caribbean
PER,2001,52030158775.4055,Peru,LAM,LAC,Latin America and Caribbean
PER,2002,54777553515.0809,Peru,LAM,LAC,Latin America and Caribbean
PER,2003,58731030121.8671,Peru,LAM,LAC,Latin America and Caribbean
PER,2004,66768703497.5687,Peru,LAM,LAC,Latin America and Caribbean
PER,2005,76060606060.6061,Peru,LAM,LAC,Latin America and Caribbean
PER,2006,88643193061.748,Peru,LAM,LAC,Latin America and Caribbean
PER,2007,102170981144.136,Peru,LAM,LAC,Latin America and Caribbean
PER,2008,120550599815.441,Peru,LAM,LAC,Latin America and Caribbean
PER,2009,120822986521.479,Peru,LAM,LAC,Latin America and Caribbean
PER,2010,147527631520.729,Peru,LAM,LAC,Latin America and Caribbean
PER,2011,171761737046.585,Peru,LAM,LAC,Latin America and Caribbean
PER,2012,192649991136.09,Peru,LAM,LAC,Latin America and Caribbean
PER,2013,201175541637.441,Peru,LAM,LAC,Latin America and Caribbean
PER,2014,200786240836.818,Peru,LAM,LAC,Latin America and Caribbean
PER,2015,189802961890.097,Peru,LAM,LAC,Latin America and Caribbean
PER,2016,191898127860.843,Peru,LAM,LAC,Latin America and Caribbean
PER,2017,211007952315.888,Peru,LAM,LAC,Latin America and Caribbean
PER,2018,222597030191.041,Peru,LAM,LAC,Latin America and Caribbean
PER,2019,228325852220.761,Peru,LAM,LAC,Latin America and Caribbean
PRI,1989,28161200000,Puerto Rico,LAM,LAC,Latin America and Caribbean
PRI,1990,30603919000,Puerto Rico,LAM,LAC,Latin America and Caribbean
PRI,1991,32287031000,Puerto Rico,LAM,LAC,Latin America and Caribbean
PRI,1992,34630430000,Puerto Rico,LAM,LAC,Latin America and Caribbean
PRI,1993,36922456000,Puerto Rico,LAM,LAC,Latin America and Caribbean
PRI,1994,39690630000,Puerto Rico,LAM,LAC,Latin America and Caribbean
PRI,1995,42647331000,Puerto Rico,LAM,LAC,Latin America and Caribbean
PRI,1996,45340835000,Puerto Rico,LAM,LAC,Latin America and Caribbean
PRI,1997,48187039000,Puerto Rico,LAM,LAC,Latin America and Caribbean
PRI,1998,54086400000,Puerto Rico,LAM,LAC,Latin America and Caribbean
PRI,1999,57841000000,Puerto Rico,LAM,LAC,Latin America and Caribbean
PRI,2000,61701800000,Puerto Rico,LAM,LAC,Latin America and Caribbean
PRI,2001,69208400000,Puerto Rico,LAM,LAC,Latin America and Caribbean
PRI,2002,71623500000,Puerto Rico,LAM,LAC,Latin America and Caribbean
PRI,2003,74827400000,Puerto Rico,LAM,LAC,Latin America and Caribbean
PRI,2004,80322313000,Puerto Rico,LAM,LAC,Latin America and Caribbean
PRI,2005,83914521300,Puerto Rico,LAM,LAC,Latin America and Caribbean
PRI,2006,87276164400,Puerto Rico,LAM,LAC,Latin America and Caribbean
PRI,2007,89524131600,Puerto Rico,LAM,LAC,Latin America and Caribbean
PRI,2008,93639300000,Puerto Rico,LAM,LAC,Latin America and Caribbean
PRI,2009,96385600000,Puerto Rico,LAM,LAC,Latin America and Caribbean
PRI,2010,98381300000,Puerto Rico,LAM,LAC,Latin America and Caribbean
PRI,2011,100351700000,Puerto Rico,LAM,LAC,Latin America and Caribbean
PRI,2012,101564800000,Puerto Rico,LAM,LAC,Latin America and Caribbean
PRI,2013,102450000000,Puerto Rico,LAM,LAC,Latin America and Caribbean
PRI,2014,102445800000,Puerto Rico,LAM,LAC,Latin America and Caribbean
PRI,2015,103375500000,Puerto Rico,LAM,LAC,Latin America and Caribbean
PRI,2016,104336700000,Puerto Rico,LAM,LAC,Latin America and Caribbean
PRI,2017,103445500000,Puerto Rico,LAM,LAC,Latin America and Caribbean
PRI,2018,100958100000,Puerto Rico,LAM,LAC,Latin America and Caribbean
PRI,2019,105126400000,Puerto Rico,LAM,LAC,Latin America and Caribbean
PRY,1989,4757732199.96213,Paraguay,LAM,LAC,Latin America and Caribbean
PRY,1990,5812114523.01187,Paraguay,LAM,LAC,Latin America and Caribbean
PRY,1991,6984367762.90371,Paraguay,LAM,LAC,Latin America and Caribbean
PRY,1992,7157424031.06045,Paraguay,LAM,LAC,Latin America and Caribbean
PRY,1993,7249533620.30614,Paraguay,LAM,LAC,Latin America and Caribbean
PRY,1994,7870982004.8195,Paraguay,LAM,LAC,Latin America and Caribbean
PRY,1995,9062131475.02318,Paraguay,LAM,LAC,Latin America and Caribbean
PRY,1996,9788391780.52421,Paraguay,LAM,LAC,Latin America and Caribbean
PRY,1997,9965225678.05093,Paraguay,LAM,LAC,Latin America and Caribbean
PRY,1998,9260481572.42462,Paraguay,LAM,LAC,Latin America and Caribbean
PRY,1999,8837070235.51892,Paraguay,LAM,LAC,Latin America and Caribbean
PRY,2000,8855705139.55857,Paraguay,LAM,LAC,Latin America and Caribbean
PRY,2001,8495806432.18467,Paraguay,LAM,LAC,Latin America and Caribbean
PRY,2002,7196260656.84556,Paraguay,LAM,LAC,Latin America and Caribbean
PRY,2003,7691367471.17992,Paraguay,LAM,LAC,Latin America and Caribbean
PRY,2004,9624440836.29309,Paraguay,LAM,LAC,Latin America and Caribbean
PRY,2005,10737500188.1123,Paraguay,LAM,LAC,Latin America and Caribbean
PRY,2006,13429430050.261,Paraguay,LAM,LAC,Latin America and Caribbean
PRY,2007,17856393235.4338,Paraguay,LAM,LAC,Latin America and Caribbean
PRY,2008,24615267617.0323,Paraguay,LAM,LAC,Latin America and Caribbean
PRY,2009,22355151177.738,Paraguay,LAM,LAC,Latin America and Caribbean
PRY,2010,27129301048.0505,Paraguay,LAM,LAC,Latin America and Caribbean
PRY,2011,33737033607.0615,Paraguay,LAM,LAC,Latin America and Caribbean
PRY,2012,33296438408.8556,Paraguay,LAM,LAC,Latin America and Caribbean
PRY,2013,38651334593.0289,Paraguay,LAM,LAC,Latin America and Caribbean
PRY,2014,40377987314.6435,Paraguay,LAM,LAC,Latin America and Caribbean
PRY,2015,36211372646.38,Paraguay,LAM,LAC,Latin America and Caribbean
PRY,2016,36089550671.834,Paraguay,LAM,LAC,Latin America and Caribbean
PRY,2017,38997129809.1697,Paraguay,LAM,LAC,Latin America and Caribbean
PRY,2018,40225448651.3062,Paraguay,LAM,LAC,Latin America and Caribbean
PRY,2019,37925338460.1556,Paraguay,LAM,LAC,Latin America and Caribbean
SLV,1989,4372215300,El Salvador,LAM,LAC,Latin America and Caribbean
SLV,1990,4817542204,El Salvador,LAM,LAC,Latin America and Caribbean
SLV,1991,5252342400,El Salvador,LAM,LAC,Latin America and Caribbean
SLV,1992,5813399300,El Salvador,LAM,LAC,Latin America and Caribbean
SLV,1993,6680269200,El Salvador,LAM,LAC,Latin America and Caribbean
SLV,1994,7679384000,El Salvador,LAM,LAC,Latin America and Caribbean
SLV,1995,8921947100,El Salvador,LAM,LAC,Latin America and Caribbean
SLV,1996,9586327800,El Salvador,LAM,LAC,Latin America and Caribbean
SLV,1997,10221705900,El Salvador,LAM,LAC,Latin America and Caribbean
SLV,1998,10936669900,El Salvador,LAM,LAC,Latin America and Caribbean
SLV,1999,11284197000,El Salvador,LAM,LAC,Latin America and Caribbean
SLV,2000,11784927700,El Salvador,LAM,LAC,Latin America and Caribbean
SLV,2001,12282533600,El Salvador,LAM,LAC,Latin America and Caribbean
SLV,2002,12664190300,El Salvador,LAM,LAC,Latin America and Caribbean
SLV,2003,13243892200,El Salvador,LAM,LAC,Latin America and Caribbean
SLV,2004,13724810900,El Salvador,LAM,LAC,Latin America and Caribbean
SLV,2005,14698000000,El Salvador,LAM,LAC,Latin America and Caribbean
SLV,2006,15999890000,El Salvador,LAM,LAC,Latin America and Caribbean
SLV,2007,17011750000,El Salvador,LAM,LAC,Latin America and Caribbean
SLV,2008,17986890000,El Salvador,LAM,LAC,Latin America and Caribbean
SLV,2009,17601620000,El Salvador,LAM,LAC,Latin America and Caribbean
SLV,2010,18447920000,El Salvador,LAM,LAC,Latin America and Caribbean
SLV,2011,20283780000,El Salvador,LAM,LAC,Latin America and Caribbean
SLV,2012,21386150000,El Salvador,LAM,LAC,Latin America and Caribbean
SLV,2013,21990960000,El Salvador,LAM,LAC,Latin America and Caribbean
SLV,2014,22593470000,El Salvador,LAM,LAC,Latin America and Caribbean
SLV,2015,23438240000,El Salvador,LAM,LAC,Latin America and Caribbean
SLV,2016,24191430000,El Salvador,LAM,LAC,Latin America and Caribbean
SLV,2017,24979190000,El Salvador,LAM,LAC,Latin America and Caribbean
SLV,2018,26020850000,El Salvador,LAM,LAC,Latin America and Caribbean
SLV,2019,26881140000,El Salvador,LAM,LAC,Latin America and Caribbean
SUR,1989,542600000,Suriname,LAM,LAC,Latin America and Caribbean
SUR,1990,388400000,Suriname,LAM,LAC,Latin America and Caribbean
SUR,1991,448100000,Suriname,LAM,LAC,Latin America and Caribbean
SUR,1992,404600000,Suriname,LAM,LAC,Latin America and Caribbean
SUR,1993,428764705.882353,Suriname,LAM,LAC,Latin America and Caribbean
SUR,1994,605492537.313433,Suriname,LAM,LAC,Latin America and Caribbean
SUR,1995,691590497.737557,Suriname,LAM,LAC,Latin America and Caribbean
SUR,1996,861372046.454058,Suriname,LAM,LAC,Latin America and Caribbean
SUR,1997,926422500,Suriname,LAM,LAC,Latin America and Caribbean
SUR,1998,1110850000,Suriname,LAM,LAC,Latin America and Caribbean
SUR,1999,886290697.674419,Suriname,LAM,LAC,Latin America and Caribbean
SUR,2000,947671969.69697,Suriname,LAM,LAC,Latin America and Caribbean
SUR,2001,834279357.798165,Suriname,LAM,LAC,Latin America and Caribbean
SUR,2002,1093574468.08511,Suriname,LAM,LAC,Latin America and Caribbean
SUR,2003,1274190311.41869,Suriname,LAM,LAC,Latin America and Caribbean
SUR,2004,1484092538.40527,Suriname,LAM,LAC,Latin America and Caribbean
SUR,2005,1793410617.00935,Suriname,LAM,LAC,Latin America and Caribbean
SUR,2006,2626380435.17877,Suriname,LAM,LAC,Latin America and Caribbean
SUR,2007,2936612021.85792,Suriname,LAM,LAC,Latin America and Caribbean
SUR,2008,3532969034.60838,Suriname,LAM,LAC,Latin America and Caribbean
SUR,2009,3875409836.06557,Suriname,LAM,LAC,Latin America and Caribbean
SUR,2010,4368371528.30474,Suriname,LAM,LAC,Latin America and Caribbean
SUR,2011,4422276621.78703,Suriname,LAM,LAC,Latin America and Caribbean
SUR,2012,4980000000,Suriname,LAM,LAC,Latin America and Caribbean
SUR,2013,5145757575.75758,Suriname,LAM,LAC,Latin America and Caribbean
SUR,2014,5240606060.60606,Suriname,LAM,LAC,Latin America and Caribbean
SUR,2015,5126238146.34146,Suriname,LAM,LAC,Latin America and Caribbean
SUR,2016,3317421499.77314,Suriname,LAM,LAC,Latin America and Caribbean
SUR,2017,3591679371.03991,Suriname,LAM,LAC,Latin America and Caribbean
SUR,2018,3996198760.32389,Suriname,LAM,LAC,Latin America and Caribbean
SUR,2019,4016040575.08796,Suriname,LAM,LAC,Latin America and Caribbean
SXM,1989,NA,Sint Maarten (Dutch part),LAM,LAC,Latin America and Caribbean
SXM,1990,NA,Sint Maarten (Dutch part),LAM,LAC,Latin America and Caribbean
SXM,1991,NA,Sint Maarten (Dutch part),LAM,LAC,Latin America and Caribbean
SXM,1992,NA,Sint Maarten (Dutch part),LAM,LAC,Latin America and Caribbean
SXM,1993,NA,Sint Maarten (Dutch part),LAM,LAC,Latin America and Caribbean
SXM,1994,NA,Sint Maarten (Dutch part),LAM,LAC,Latin America and Caribbean
SXM,1995,NA,Sint Maarten (Dutch part),LAM,LAC,Latin America and Caribbean
SXM,1996,NA,Sint Maarten (Dutch part),LAM,LAC,Latin America and Caribbean
SXM,1997,NA,Sint Maarten (Dutch part),LAM,LAC,Latin America and Caribbean
SXM,1998,NA,Sint Maarten (Dutch part),LAM,LAC,Latin America and Caribbean
SXM,1999,NA,Sint Maarten (Dutch part),LAM,LAC,Latin America and Caribbean
SXM,2000,NA,Sint Maarten (Dutch part),LAM,LAC,Latin America and Caribbean
SXM,2001,NA,Sint Maarten (Dutch part),LAM,LAC,Latin America and Caribbean
SXM,2002,NA,Sint Maarten (Dutch part),LAM,LAC,Latin America and Caribbean
SXM,2003,NA,Sint Maarten (Dutch part),LAM,LAC,Latin America and Caribbean
SXM,2004,NA,Sint Maarten (Dutch part),LAM,LAC,Latin America and Caribbean
SXM,2005,NA,Sint Maarten (Dutch part),LAM,LAC,Latin America and Caribbean
SXM,2006,NA,Sint Maarten (Dutch part),LAM,LAC,Latin America and Caribbean
SXM,2007,NA,Sint Maarten (Dutch part),LAM,LAC,Latin America and Caribbean
SXM,2008,NA,Sint Maarten (Dutch part),LAM,LAC,Latin America and Caribbean
SXM,2009,NA,Sint Maarten (Dutch part),LAM,LAC,Latin America and Caribbean
SXM,2010,NA,Sint Maarten (Dutch part),LAM,LAC,Latin America and Caribbean
SXM,2011,936089385.47486,Sint Maarten (Dutch part),LAM,LAC,Latin America and Caribbean
SXM,2012,985865921.787709,Sint Maarten (Dutch part),LAM,LAC,Latin America and Caribbean
SXM,2013,1022905027.93296,Sint Maarten (Dutch part),LAM,LAC,Latin America and Caribbean
SXM,2014,1245251396.64804,Sint Maarten (Dutch part),LAM,LAC,Latin America and Caribbean
SXM,2015,1253072625.69832,Sint Maarten (Dutch part),LAM,LAC,Latin America and Caribbean
SXM,2016,1263687150.83799,Sint Maarten (Dutch part),LAM,LAC,Latin America and Caribbean
SXM,2017,1191620111.73184,Sint Maarten (Dutch part),LAM,LAC,Latin America and Caribbean
SXM,2018,1185474860.3352,Sint Maarten (Dutch part),LAM,LAC,Latin America and Caribbean
SXM,2019,1459776536.31285,Sint Maarten (Dutch part),LAM,LAC,Latin America and Caribbean
TCA,1989,NA,Turks and Caicos Islands,LAM,LAC,Latin America and Caribbean
TCA,1990,NA,Turks and Caicos Islands,LAM,LAC,Latin America and Caribbean
TCA,1991,NA,Turks and Caicos Islands,LAM,LAC,Latin America and Caribbean
TCA,1992,NA,Turks and Caicos Islands,LAM,LAC,Latin America and Caribbean
TCA,1993,NA,Turks and Caicos Islands,LAM,LAC,Latin America and Caribbean
TCA,1994,NA,Turks and Caicos Islands,LAM,LAC,Latin America and Caribbean
TCA,1995,NA,Turks and Caicos Islands,LAM,LAC,Latin America and Caribbean
TCA,1996,NA,Turks and Caicos Islands,LAM,LAC,Latin America and Caribbean
TCA,1997,NA,Turks and Caicos Islands,LAM,LAC,Latin America and Caribbean
TCA,1998,NA,Turks and Caicos Islands,LAM,LAC,Latin America and Caribbean
TCA,1999,NA,Turks and Caicos Islands,LAM,LAC,Latin America and Caribbean
TCA,2000,NA,Turks and Caicos Islands,LAM,LAC,Latin America and Caribbean
TCA,2001,358744800,Turks and Caicos Islands,LAM,LAC,Latin America and Caribbean
TCA,2002,366707900,Turks and Caicos Islands,LAM,LAC,Latin America and Caribbean
TCA,2003,409753600,Turks and Caicos Islands,LAM,LAC,Latin America and Caribbean
TCA,2004,485598800,Turks and Caicos Islands,LAM,LAC,Latin America and Caribbean
TCA,2005,578645800,Turks and Caicos Islands,LAM,LAC,Latin America and Caribbean
TCA,2006,721891500,Turks and Caicos Islands,LAM,LAC,Latin America and Caribbean
TCA,2007,773489700,Turks and Caicos Islands,LAM,LAC,Latin America and Caribbean
TCA,2008,862683600,Turks and Caicos Islands,LAM,LAC,Latin America and Caribbean
TCA,2009,703175800,Turks and Caicos Islands,LAM,LAC,Latin America and Caribbean
TCA,2010,686787800,Turks and Caicos Islands,LAM,LAC,Latin America and Caribbean
TCA,2011,728789600,Turks and Caicos Islands,LAM,LAC,Latin America and Caribbean
TCA,2012,727161000,Turks and Caicos Islands,LAM,LAC,Latin America and Caribbean
TCA,2013,754238000,Turks and Caicos Islands,LAM,LAC,Latin America and Caribbean
TCA,2014,841070000,Turks and Caicos Islands,LAM,LAC,Latin America and Caribbean
TCA,2015,942070000,Turks and Caicos Islands,LAM,LAC,Latin America and Caribbean
TCA,2016,1032452000,Turks and Caicos Islands,LAM,LAC,Latin America and Caribbean
TCA,2017,1022365000,Turks and Caicos Islands,LAM,LAC,Latin America and Caribbean
TCA,2018,1113178000,Turks and Caicos Islands,LAM,LAC,Latin America and Caribbean
TCA,2019,1197415000,Turks and Caicos Islands,LAM,LAC,Latin America and Caribbean
TTO,1989,4323058823.52941,Trinidad and Tobago,LAM,LAC,Latin America and Caribbean
TTO,1990,5068000000,Trinidad and Tobago,LAM,LAC,Latin America and Caribbean
TTO,1991,5307905882.35294,Trinidad and Tobago,LAM,LAC,Latin America and Caribbean
TTO,1992,5439552941.17647,Trinidad and Tobago,LAM,LAC,Latin America and Caribbean
TTO,1993,4669491425.1222,Trinidad and Tobago,LAM,LAC,Latin America and Caribbean
TTO,1994,4947181506.38931,Trinidad and Tobago,LAM,LAC,Latin America and Caribbean
TTO,1995,5329217896.54571,Trinidad and Tobago,LAM,LAC,Latin America and Caribbean
TTO,1996,5759570495.96598,Trinidad and Tobago,LAM,LAC,Latin America and Caribbean
TTO,1997,5737771217.16915,Trinidad and Tobago,LAM,LAC,Latin America and Caribbean
TTO,1998,6043687133.40846,Trinidad and Tobago,LAM,LAC,Latin America and Caribbean
TTO,1999,6808982520.75759,Trinidad and Tobago,LAM,LAC,Latin America and Caribbean
TTO,2000,8154342547.5637,Trinidad and Tobago,LAM,LAC,Latin America and Caribbean
TTO,2001,8824849662.9616,Trinidad and Tobago,LAM,LAC,Latin America and Caribbean
TTO,2002,9008297748.05893,Trinidad and Tobago,LAM,LAC,Latin America and Caribbean
TTO,2003,11305459802.0683,Trinidad and Tobago,LAM,LAC,Latin America and Caribbean
TTO,2004,13280292692.3489,Trinidad and Tobago,LAM,LAC,Latin America and Caribbean
TTO,2005,15982388172.7158,Trinidad and Tobago,LAM,LAC,Latin America and Caribbean
TTO,2006,18369361094.3886,Trinidad and Tobago,LAM,LAC,Latin America and Caribbean
TTO,2007,21641620049.9352,Trinidad and Tobago,LAM,LAC,Latin America and Caribbean
TTO,2008,27871587349.5413,Trinidad and Tobago,LAM,LAC,Latin America and Caribbean
TTO,2009,19172165225.5015,Trinidad and Tobago,LAM,LAC,Latin America and Caribbean
TTO,2010,22157919433.8752,Trinidad and Tobago,LAM,LAC,Latin America and Caribbean
TTO,2011,25433008605.0407,Trinidad and Tobago,LAM,LAC,Latin America and Caribbean
TTO,2012,27121712418.5349,Trinidad and Tobago,LAM,LAC,Latin America and Caribbean
TTO,2013,28557451149.8686,Trinidad and Tobago,LAM,LAC,Latin America and Caribbean
TTO,2014,29489012806.8905,Trinidad and Tobago,LAM,LAC,Latin America and Caribbean
TTO,2015,26851970249.3032,Trinidad and Tobago,LAM,LAC,Latin America and Caribbean
TTO,2016,23496215880.5212,Trinidad and Tobago,LAM,LAC,Latin America and Caribbean
TTO,2017,23797686961.8447,Trinidad and Tobago,LAM,LAC,Latin America and Caribbean
TTO,2018,24322359037.409,Trinidad and Tobago,LAM,LAC,Latin America and Caribbean
TTO,2019,23849557811.3959,Trinidad and Tobago,LAM,LAC,Latin America and Caribbean
URY,1989,8438946947.60228,Uruguay,LAM,LAC,Latin America and Caribbean
URY,1990,9298806525.099,Uruguay,LAM,LAC,Latin America and Caribbean
URY,1991,11206174799.5619,Uruguay,LAM,LAC,Latin America and Caribbean
URY,1992,12878150209.9029,Uruguay,LAM,LAC,Latin America and Caribbean
URY,1993,15002138240.0392,Uruguay,LAM,LAC,Latin America and Caribbean
URY,1994,17474590050.7212,Uruguay,LAM,LAC,Latin America and Caribbean
URY,1995,19297663096.5506,Uruguay,LAM,LAC,Latin America and Caribbean
URY,1996,20515457255.7546,Uruguay,LAM,LAC,Latin America and Caribbean
URY,1997,23969738387.6719,Uruguay,LAM,LAC,Latin America and Caribbean
URY,1998,25385887785.5852,Uruguay,LAM,LAC,Latin America and Caribbean
URY,1999,23983945190.6202,Uruguay,LAM,LAC,Latin America and Caribbean
URY,2000,22823271520.8708,Uruguay,LAM,LAC,Latin America and Caribbean
URY,2001,20898762265.2653,Uruguay,LAM,LAC,Latin America and Caribbean
URY,2002,13606515935.952,Uruguay,LAM,LAC,Latin America and Caribbean
URY,2003,12045638209.5112,Uruguay,LAM,LAC,Latin America and Caribbean
URY,2004,13686329890.1191,Uruguay,LAM,LAC,Latin America and Caribbean
URY,2005,17362857683.8545,Uruguay,LAM,LAC,Latin America and Caribbean
URY,2006,19741420466.5393,Uruguay,LAM,LAC,Latin America and Caribbean
URY,2007,23797773024.3992,Uruguay,LAM,LAC,Latin America and Caribbean
URY,2008,31119603033.9891,Uruguay,LAM,LAC,Latin America and Caribbean
URY,2009,32708318594.41,Uruguay,LAM,LAC,Latin America and Caribbean
URY,2010,41950361211.9581,Uruguay,LAM,LAC,Latin America and Caribbean
URY,2011,50342405198.2458,Uruguay,LAM,LAC,Latin America and Caribbean
URY,2012,54232266358.7811,Uruguay,LAM,LAC,Latin America and Caribbean
URY,2013,61337620935.5305,Uruguay,LAM,LAC,Latin America and Caribbean
URY,2014,61496186973.902,Uruguay,LAM,LAC,Latin America and Caribbean
URY,2015,57680328702.241,Uruguay,LAM,LAC,Latin America and Caribbean
URY,2016,57480788380.312,Uruguay,LAM,LAC,Latin America and Caribbean
URY,2017,65006047680.3225,Uruguay,LAM,LAC,Latin America and Caribbean
URY,2018,65203071110.6037,Uruguay,LAM,LAC,Latin America and Caribbean
URY,2019,62048585618.505,Uruguay,LAM,LAC,Latin America and Caribbean
VCT,1989,214745002.222222,St. Vincent and the Grenadines,LAM,LAC,Latin America and Caribbean
VCT,1990,240366666.666667,St. Vincent and the Grenadines,LAM,LAC,Latin America and Caribbean
VCT,1991,254829629.62963,St. Vincent and the Grenadines,LAM,LAC,Latin America and Caribbean
VCT,1992,277955555.555556,St. Vincent and the Grenadines,LAM,LAC,Latin America and Caribbean
VCT,1993,286307407.407407,St. Vincent and the Grenadines,LAM,LAC,Latin America and Caribbean
VCT,1994,289437037.037037,St. Vincent and the Grenadines,LAM,LAC,Latin America and Caribbean
VCT,1995,316007407.407407,St. Vincent and the Grenadines,LAM,LAC,Latin America and Caribbean
VCT,1996,331488888.888889,St. Vincent and the Grenadines,LAM,LAC,Latin America and Caribbean
VCT,1997,347770370.37037,St. Vincent and the Grenadines,LAM,LAC,Latin America and Caribbean
VCT,1998,373618518.518519,St. Vincent and the Grenadines,LAM,LAC,Latin America and Caribbean
VCT,1999,390718518.518519,St. Vincent and the Grenadines,LAM,LAC,Latin America and Caribbean
VCT,2000,427946037.037037,St. Vincent and the Grenadines,LAM,LAC,Latin America and Caribbean
VCT,2001,462072333.333333,St. Vincent and the Grenadines,LAM,LAC,Latin America and Caribbean
VCT,2002,487763851.851852,St. Vincent and the Grenadines,LAM,LAC,Latin America and Caribbean
VCT,2003,509090888.888889,St. Vincent and the Grenadines,LAM,LAC,Latin America and Caribbean
VCT,2004,549900185.185185,St. Vincent and the Grenadines,LAM,LAC,Latin America and Caribbean
VCT,2005,579948925.925926,St. Vincent and the Grenadines,LAM,LAC,Latin America and Caribbean
VCT,2006,643501148.148148,St. Vincent and the Grenadines,LAM,LAC,Latin America and Caribbean
VCT,2007,713596666.666667,St. Vincent and the Grenadines,LAM,LAC,Latin America and Caribbean
VCT,2008,732663259.259259,St. Vincent and the Grenadines,LAM,LAC,Latin America and Caribbean
VCT,2009,714300259.259259,St. Vincent and the Grenadines,LAM,LAC,Latin America and Caribbean
VCT,2010,720447888.888889,St. Vincent and the Grenadines,LAM,LAC,Latin America and Caribbean
VCT,2011,713796370.37037,St. Vincent and the Grenadines,LAM,LAC,Latin America and Caribbean
VCT,2012,730032592.592593,St. Vincent and the Grenadines,LAM,LAC,Latin America and Caribbean
VCT,2013,764781259.259259,St. Vincent and the Grenadines,LAM,LAC,Latin America and Caribbean
VCT,2014,770901436.441118,St. Vincent and the Grenadines,LAM,LAC,Latin America and Caribbean
VCT,2015,786554580.796867,St. Vincent and the Grenadines,LAM,LAC,Latin America and Caribbean
VCT,2016,814302267.073348,St. Vincent and the Grenadines,LAM,LAC,Latin America and Caribbean
VCT,2017,844039068.757533,St. Vincent and the Grenadines,LAM,LAC,Latin America and Caribbean
VCT,2018,884328180.526933,St. Vincent and the Grenadines,LAM,LAC,Latin America and Caribbean
VCT,2019,910765709.768752,St. Vincent and the Grenadines,LAM,LAC,Latin America and Caribbean
VEN,1989,43536709104.0115,Venezuela (Bolivarian Republic of),LAM,LAC,Latin America and Caribbean
VEN,1990,48606952194.7752,Venezuela (Bolivarian Republic of),LAM,LAC,Latin America and Caribbean
VEN,1991,53453444786.6256,Venezuela (Bolivarian Republic of),LAM,LAC,Latin America and Caribbean
VEN,1992,60416519619.7904,Venezuela (Bolivarian Republic of),LAM,LAC,Latin America and Caribbean
VEN,1993,60037460783.4143,Venezuela (Bolivarian Republic of),LAM,LAC,Latin America and Caribbean
VEN,1994,58418666666.6667,Venezuela (Bolivarian Republic of),LAM,LAC,Latin America and Caribbean
VEN,1995,77389487771.5469,Venezuela (Bolivarian Republic of),LAM,LAC,Latin America and Caribbean
VEN,1996,70543211119.099,Venezuela (Bolivarian Republic of),LAM,LAC,Latin America and Caribbean
VEN,1997,85837678559.2469,Venezuela (Bolivarian Republic of),LAM,LAC,Latin America and Caribbean
VEN,1998,91336763255.6157,Venezuela (Bolivarian Republic of),LAM,LAC,Latin America and Caribbean
VEN,1999,97972842461.5131,Venezuela (Bolivarian Republic of),LAM,LAC,Latin America and Caribbean
VEN,2000,117146466003.235,Venezuela (Bolivarian Republic of),LAM,LAC,Latin America and Caribbean
VEN,2001,122911036746.163,Venezuela (Bolivarian Republic of),LAM,LAC,Latin America and Caribbean
VEN,2002,92893587733.6549,Venezuela (Bolivarian Republic of),LAM,LAC,Latin America and Caribbean
VEN,2003,83620628582.1082,Venezuela (Bolivarian Republic of),LAM,LAC,Latin America and Caribbean
VEN,2004,112451400422.982,Venezuela (Bolivarian Republic of),LAM,LAC,Latin America and Caribbean
VEN,2005,145513489651.872,Venezuela (Bolivarian Republic of),LAM,LAC,Latin America and Caribbean
VEN,2006,183477522123.894,Venezuela (Bolivarian Republic of),LAM,LAC,Latin America and Caribbean
VEN,2007,230364012575.687,Venezuela (Bolivarian Republic of),LAM,LAC,Latin America and Caribbean
VEN,2008,315953388510.678,Venezuela (Bolivarian Republic of),LAM,LAC,Latin America and Caribbean
VEN,2009,329787628928.471,Venezuela (Bolivarian Republic of),LAM,LAC,Latin America and Caribbean
VEN,2010,393192354510.653,Venezuela (Bolivarian Republic of),LAM,LAC,Latin America and Caribbean
VEN,2011,316482190800.364,Venezuela (Bolivarian Republic of),LAM,LAC,Latin America and Caribbean
VEN,2012,381286237847.667,Venezuela (Bolivarian Republic of),LAM,LAC,Latin America and Caribbean
VEN,2013,371005379786.566,Venezuela (Bolivarian Republic of),LAM,LAC,Latin America and Caribbean
VEN,2014,482359318767.703,Venezuela (Bolivarian Republic of),LAM,LAC,Latin America and Caribbean
VEN,2015,482359318767.703,Venezuela (Bolivarian Republic of),LAM,LAC,Latin America and Caribbean
VEN,2016,482359318767.703,Venezuela (Bolivarian Republic of),LAM,LAC,Latin America and Caribbean
VEN,2017,482359318767.703,Venezuela (Bolivarian Republic of),LAM,LAC,Latin America and Caribbean
VEN,2018,482359318767.703,Venezuela (Bolivarian Republic of),LAM,LAC,Latin America and Caribbean
VEN,2019,482359318767.703,Venezuela (Bolivarian Republic of),LAM,LAC,Latin America and Caribbean
VIR,1989,NA,Virgin Islands (U.S.),LAM,LAC,Latin America and Caribbean
VIR,1990,NA,Virgin Islands (U.S.),LAM,LAC,Latin America and Caribbean
VIR,1991,NA,Virgin Islands (U.S.),LAM,LAC,Latin America and Caribbean
VIR,1992,NA,Virgin Islands (U.S.),LAM,LAC,Latin America and Caribbean
VIR,1993,NA,Virgin Islands (U.S.),LAM,LAC,Latin America and Caribbean
VIR,1994,NA,Virgin Islands (U.S.),LAM,LAC,Latin America and Caribbean
VIR,1995,NA,Virgin Islands (U.S.),LAM,LAC,Latin America and Caribbean
VIR,1996,NA,Virgin Islands (U.S.),LAM,LAC,Latin America and Caribbean
VIR,1997,NA,Virgin Islands (U.S.),LAM,LAC,Latin America and Caribbean
VIR,1998,NA,Virgin Islands (U.S.),LAM,LAC,Latin America and Caribbean
VIR,1999,NA,Virgin Islands (U.S.),LAM,LAC,Latin America and Caribbean
VIR,2000,NA,Virgin Islands (U.S.),LAM,LAC,Latin America and Caribbean
VIR,2001,NA,Virgin Islands (U.S.),LAM,LAC,Latin America and Caribbean
VIR,2002,3262000000,Virgin Islands (U.S.),LAM,LAC,Latin America and Caribbean
VIR,2003,3443000000,Virgin Islands (U.S.),LAM,LAC,Latin America and Caribbean
VIR,2004,3797000000,Virgin Islands (U.S.),LAM,LAC,Latin America and Caribbean
VIR,2005,4428000000,Virgin Islands (U.S.),LAM,LAC,Latin America and Caribbean
VIR,2006,4484000000,Virgin Islands (U.S.),LAM,LAC,Latin America and Caribbean
VIR,2007,4784000000,Virgin Islands (U.S.),LAM,LAC,Latin America and Caribbean
VIR,2008,4244000000,Virgin Islands (U.S.),LAM,LAC,Latin America and Caribbean
VIR,2009,4201000000,Virgin Islands (U.S.),LAM,LAC,Latin America and Caribbean
VIR,2010,4324000000,Virgin Islands (U.S.),LAM,LAC,Latin America and Caribbean
VIR,2011,4223000000,Virgin Islands (U.S.),LAM,LAC,Latin America and Caribbean
VIR,2012,4089000000,Virgin Islands (U.S.),LAM,LAC,Latin America and Caribbean
VIR,2013,3738000000,Virgin Islands (U.S.),LAM,LAC,Latin America and Caribbean
VIR,2014,3565000000,Virgin Islands (U.S.),LAM,LAC,Latin America and Caribbean
VIR,2015,3663000000,Virgin Islands (U.S.),LAM,LAC,Latin America and Caribbean
VIR,2016,3798000000,Virgin Islands (U.S.),LAM,LAC,Latin America and Caribbean
VIR,2017,3794000000,Virgin Islands (U.S.),LAM,LAC,Latin America and Caribbean
VIR,2018,3922000000,Virgin Islands (U.S.),LAM,LAC,Latin America and Caribbean
VIR,2019,4117000000,Virgin Islands (U.S.),LAM,LAC,Latin America and Caribbean
ARE,1989,41464995913.9199,United Arab Emirates,MEA,MEA,Middle East
ARE,1990,50701443748.2975,United Arab Emirates,MEA,MEA,Middle East
ARE,1991,51552165622.4462,United Arab Emirates,MEA,MEA,Middle East
ARE,1992,54239171887.769,United Arab Emirates,MEA,MEA,Middle East
ARE,1993,55625170253.337,United Arab Emirates,MEA,MEA,Middle East
ARE,1994,59305093979.842,United Arab Emirates,MEA,MEA,Middle East
ARE,1995,65743666575.8649,United Arab Emirates,MEA,MEA,Middle East
ARE,1996,73571233996.1863,United Arab Emirates,MEA,MEA,Middle East
ARE,1997,78839008444.5655,United Arab Emirates,MEA,MEA,Middle East
ARE,1998,75674336283.1858,United Arab Emirates,MEA,MEA,Middle East
ARE,1999,84445473110.9598,United Arab Emirates,MEA,MEA,Middle East
ARE,2000,104337372362.151,United Arab Emirates,MEA,MEA,Middle East
ARE,2001,103311640571.818,United Arab Emirates,MEA,MEA,Middle East
ARE,2002,109816201497.617,United Arab Emirates,MEA,MEA,Middle East
ARE,2003,124346358066.712,United Arab Emirates,MEA,MEA,Middle East
ARE,2004,147824370319.946,United Arab Emirates,MEA,MEA,Middle East
ARE,2005,180617467964.602,United Arab Emirates,MEA,MEA,Middle East
ARE,2006,222116541865.214,United Arab Emirates,MEA,MEA,Middle East
ARE,2007,257916133424.098,United Arab Emirates,MEA,MEA,Middle East
ARE,2008,315474615738.598,United Arab Emirates,MEA,MEA,Middle East
ARE,2009,253547358747.447,United Arab Emirates,MEA,MEA,Middle East
ARE,2010,289787452661.675,United Arab Emirates,MEA,MEA,Middle East
ARE,2011,350666058379.85,United Arab Emirates,MEA,MEA,Middle East
ARE,2012,384610125391.423,United Arab Emirates,MEA,MEA,Middle East
ARE,2013,400218529748.128,United Arab Emirates,MEA,MEA,Middle East
ARE,2014,414105366752.893,United Arab Emirates,MEA,MEA,Middle East
ARE,2015,370275469571.137,United Arab Emirates,MEA,MEA,Middle East
ARE,2016,369255326235.534,United Arab Emirates,MEA,MEA,Middle East
ARE,2017,390516804029.952,United Arab Emirates,MEA,MEA,Middle East
ARE,2018,427049432157.931,United Arab Emirates,MEA,MEA,Middle East
ARE,2019,417989721742.682,United Arab Emirates,MEA,MEA,Middle East
BHR,1989,3863563829.78723,Bahrain,MEA,MEA,Middle East
BHR,1990,4229787234.04255,Bahrain,MEA,MEA,Middle East
BHR,1991,4616223404.25532,Bahrain,MEA,MEA,Middle East
BHR,1992,4751063829.78723,Bahrain,MEA,MEA,Middle East
BHR,1993,5200266107.27717,Bahrain,MEA,MEA,Middle East
BHR,1994,5567553975.70316,Bahrain,MEA,MEA,Middle East
BHR,1995,5849468272.89759,Bahrain,MEA,MEA,Middle East
BHR,1996,6101861963.59179,Bahrain,MEA,MEA,Middle East
BHR,1997,6349202984.63326,Bahrain,MEA,MEA,Middle East
BHR,1998,6183777212.47778,Bahrain,MEA,MEA,Middle East
BHR,1999,6621010739.19607,Bahrain,MEA,MEA,Middle East
BHR,2000,9062898936.17021,Bahrain,MEA,MEA,Middle East
BHR,2001,8976196808.51064,Bahrain,MEA,MEA,Middle East
BHR,2002,9593510638.29787,Bahrain,MEA,MEA,Middle East
BHR,2003,11074813829.7872,Bahrain,MEA,MEA,Middle East
BHR,2004,13150159574.4681,Bahrain,MEA,MEA,Middle East
BHR,2005,15968723404.2553,Bahrain,MEA,MEA,Middle East
BHR,2006,18504760638.2979,Bahrain,MEA,MEA,Middle East
BHR,2007,21730000000,Bahrain,MEA,MEA,Middle East
BHR,2008,25710904255.3191,Bahrain,MEA,MEA,Middle East
BHR,2009,22938218085.1064,Bahrain,MEA,MEA,Middle East
BHR,2010,25713271276.5957,Bahrain,MEA,MEA,Middle East
BHR,2011,28776595744.6809,Bahrain,MEA,MEA,Middle East
BHR,2012,30749308510.6383,Bahrain,MEA,MEA,Middle East
BHR,2013,32539468085.1064,Bahrain,MEA,MEA,Middle East
BHR,2014,33387712765.9574,Bahrain,MEA,MEA,Middle East
BHR,2015,31050638297.8723,Bahrain,MEA,MEA,Middle East
BHR,2016,32234973404.2553,Bahrain,MEA,MEA,Middle East
BHR,2017,35473776595.7447,Bahrain,MEA,MEA,Middle East
BHR,2018,37802005319.1489,Bahrain,MEA,MEA,Middle East
BHR,2019,38653318085.1064,Bahrain,MEA,MEA,Middle East
IRN,1989,120496362916.271,"Iran, Islamic Rep.",MEA,MEA,Middle East
IRN,1990,124813263926.225,"Iran, Islamic Rep.",MEA,MEA,Middle East
IRN,1991,104456717028.154,"Iran, Islamic Rep.",MEA,MEA,Middle East
IRN,1992,84100170130.08301,"Iran, Islamic Rep.",MEA,MEA,Middle East
IRN,1993,63743623232.012,"Iran, Islamic Rep.",MEA,MEA,Middle East
IRN,1994,71841461172.5964,"Iran, Islamic Rep.",MEA,MEA,Middle East
IRN,1995,96419225743.6737,"Iran, Islamic Rep.",MEA,MEA,Middle East
IRN,1996,120403931885.441,"Iran, Islamic Rep.",MEA,MEA,Middle East
IRN,1997,113919163421.155,"Iran, Islamic Rep.",MEA,MEA,Middle East
IRN,1998,110276913362.508,"Iran, Islamic Rep.",MEA,MEA,Middle East
IRN,1999,113848450088.351,"Iran, Islamic Rep.",MEA,MEA,Middle East
IRN,2000,109591707802.216,"Iran, Islamic Rep.",MEA,MEA,Middle East
IRN,2001,126878750295.944,"Iran, Islamic Rep.",MEA,MEA,Middle East
IRN,2002,128626917503.72,"Iran, Islamic Rep.",MEA,MEA,Middle East
IRN,2003,153544751395.43,"Iran, Islamic Rep.",MEA,MEA,Middle East
IRN,2004,190043433964.841,"Iran, Islamic Rep.",MEA,MEA,Middle East
IRN,2005,226452138291.542,"Iran, Islamic Rep.",MEA,MEA,Middle East
IRN,2006,266298911661.144,"Iran, Islamic Rep.",MEA,MEA,Middle East
IRN,2007,349881601458.56,"Iran, Islamic Rep.",MEA,MEA,Middle East
IRN,2008,412336172446.849,"Iran, Islamic Rep.",MEA,MEA,Middle East
IRN,2009,416397025729.361,"Iran, Islamic Rep.",MEA,MEA,Middle East
IRN,2010,486807616896.703,"Iran, Islamic Rep.",MEA,MEA,Middle East
IRN,2011,626133112211.111,"Iran, Islamic Rep.",MEA,MEA,Middle East
IRN,2012,644035512198.992,"Iran, Islamic Rep.",MEA,MEA,Middle East
IRN,2013,492775566435.176,"Iran, Islamic Rep.",MEA,MEA,Middle East
IRN,2014,460382791488.626,"Iran, Islamic Rep.",MEA,MEA,Middle East
IRN,2015,408212917871.725,"Iran, Islamic Rep.",MEA,MEA,Middle East
IRN,2016,457954614595.24,"Iran, Islamic Rep.",MEA,MEA,Middle East
IRN,2017,486630147094.69,"Iran, Islamic Rep.",MEA,MEA,Middle East
IRN,2018,327900695065.853,"Iran, Islamic Rep.",MEA,MEA,Middle East
IRN,2019,283649531542.631,"Iran, Islamic Rep.",MEA,MEA,Middle East
IRQ,1989,65831935483.871,Iraq,MEA,MEA,Middle East
IRQ,1990,180408064516.129,Iraq,MEA,MEA,Middle East
IRQ,1991,407796349.663785,Iraq,MEA,MEA,Middle East
IRQ,1992,553671957.671958,Iraq,MEA,MEA,Middle East
IRQ,1993,1031944881.13189,Iraq,MEA,MEA,Middle East
IRQ,1994,3991349282.75729,Iraq,MEA,MEA,Middle East
IRQ,1995,12894029888.1122,Iraq,MEA,MEA,Middle East
IRQ,1996,10433698621.3427,Iraq,MEA,MEA,Middle East
IRQ,1997,20764857056.3795,Iraq,MEA,MEA,Middle East
IRQ,1998,20617405044.2425,Iraq,MEA,MEA,Middle East
IRQ,1999,36881601583.8194,Iraq,MEA,MEA,Middle East
IRQ,2000,48364250943.9051,Iraq,MEA,MEA,Middle East
IRQ,2001,36176430128.8057,Iraq,MEA,MEA,Middle East
IRQ,2002,32928454672.4246,Iraq,MEA,MEA,Middle East
IRQ,2003,21921569478.8163,Iraq,MEA,MEA,Middle East
IRQ,2004,36627901762.063,Iraq,MEA,MEA,Middle East
IRQ,2005,49954890353.2609,Iraq,MEA,MEA,Middle East
IRQ,2006,65140147197.1215,Iraq,MEA,MEA,Middle East
IRQ,2007,88837055195.2619,Iraq,MEA,MEA,Middle East
IRQ,2008,131614433712.245,Iraq,MEA,MEA,Middle East
IRQ,2009,111657581662.35,Iraq,MEA,MEA,Middle East
IRQ,2010,138516722649.573,Iraq,MEA,MEA,Middle East
IRQ,2011,185749664444.444,Iraq,MEA,MEA,Middle East
IRQ,2012,218002481737.691,Iraq,MEA,MEA,Middle East
IRQ,2013,234637675128.645,Iraq,MEA,MEA,Middle East
IRQ,2014,228415656174.957,Iraq,MEA,MEA,Middle East
IRQ,2015,166774104911.48,Iraq,MEA,MEA,Middle East
IRQ,2016,166602488747.885,Iraq,MEA,MEA,Middle East
IRQ,2017,187217660050.676,Iraq,MEA,MEA,Middle East
IRQ,2018,227367469034.031,Iraq,MEA,MEA,Middle East
IRQ,2019,233636097800.338,Iraq,MEA,MEA,Middle East
ISR,1989,NA,Israel,MEA,MEA,Middle East
ISR,1990,NA,Israel,MEA,MEA,Middle East
ISR,1991,NA,Israel,MEA,MEA,Middle East
ISR,1992,NA,Israel,MEA,MEA,Middle East
ISR,1993,NA,Israel,MEA,MEA,Middle East
ISR,1994,NA,Israel,MEA,MEA,Middle East
ISR,1995,104893245478.823,Israel,MEA,MEA,Middle East
ISR,1996,114507654661.382,Israel,MEA,MEA,Middle East
ISR,1997,118861100787.105,Israel,MEA,MEA,Middle East
ISR,1998,120057482023.381,Israel,MEA,MEA,Middle East
ISR,1999,120922450570.289,Israel,MEA,MEA,Middle East
ISR,2000,136034659581.426,Israel,MEA,MEA,Middle East
ISR,2001,134637422752.725,Israel,MEA,MEA,Middle East
ISR,2002,125059962957.686,Israel,MEA,MEA,Middle East
ISR,2003,131298954868.837,Israel,MEA,MEA,Middle East
ISR,2004,139973668874.271,Israel,MEA,MEA,Middle East
ISR,2005,147083996033.603,Israel,MEA,MEA,Middle East
ISR,2006,158670160184.179,Israel,MEA,MEA,Middle East
ISR,2007,184052885585.912,Israel,MEA,MEA,Middle East
ISR,2008,220529762562.362,Israel,MEA,MEA,Middle East
ISR,2009,211968128528.444,Israel,MEA,MEA,Middle East
ISR,2010,238364092298.023,Israel,MEA,MEA,Middle East
ISR,2011,266791854430.897,Israel,MEA,MEA,Middle East
ISR,2012,262282344091.849,Israel,MEA,MEA,Middle East
ISR,2013,297732778479.129,Israel,MEA,MEA,Middle East
ISR,2014,314330061977.263,Israel,MEA,MEA,Middle East
ISR,2015,303414276832.04,Israel,MEA,MEA,Middle East
ISR,2016,322102790386.835,Israel,MEA,MEA,Middle East
ISR,2017,358245427458.541,Israel,MEA,MEA,Middle East
ISR,2018,376691526553.276,Israel,MEA,MEA,Middle East
ISR,2019,402470513619.148,Israel,MEA,MEA,Middle East
JOR,1989,4221374898.29454,Jordan,MEA,MEA,Middle East
JOR,1990,4160089597.13932,Jordan,MEA,MEA,Middle East
JOR,1991,4344468256.71725,Jordan,MEA,MEA,Middle East
JOR,1992,5310830589.54476,Jordan,MEA,MEA,Middle East
JOR,1993,5606401570.32358,Jordan,MEA,MEA,Middle East
JOR,1994,6236295978.24531,Jordan,MEA,MEA,Middle East
JOR,1995,6727597031.96347,Jordan,MEA,MEA,Middle East
JOR,1996,6927503526.09309,Jordan,MEA,MEA,Middle East
JOR,1997,7245839210.15515,Jordan,MEA,MEA,Middle East
JOR,1998,7912270803.94922,Jordan,MEA,MEA,Middle East
JOR,1999,8149929478.13822,Jordan,MEA,MEA,Middle East
JOR,2000,8460789844.8519,Jordan,MEA,MEA,Middle East
JOR,2001,8975812449.11407,Jordan,MEA,MEA,Middle East
JOR,2002,9582512830.86809,Jordan,MEA,MEA,Middle East
JOR,2003,10195627644.5698,Jordan,MEA,MEA,Middle East
JOR,2004,11411706629.055,Jordan,MEA,MEA,Middle East
JOR,2005,12588998589.5628,Jordan,MEA,MEA,Middle East
JOR,2006,15056981664.3159,Jordan,MEA,MEA,Middle East
JOR,2007,17110442866.6243,Jordan,MEA,MEA,Middle East
JOR,2008,22658730357.2361,Jordan,MEA,MEA,Middle East
JOR,2009,24537876056.338,Jordan,MEA,MEA,Middle East
JOR,2010,27133804225.3521,Jordan,MEA,MEA,Middle East
JOR,2011,29524149154.9296,Jordan,MEA,MEA,Middle East
JOR,2012,31634561690.1408,Jordan,MEA,MEA,Middle East
JOR,2013,34454440140.8451,Jordan,MEA,MEA,Middle East
JOR,2014,36847643521.1268,Jordan,MEA,MEA,Middle East
JOR,2015,38587017887.3239,Jordan,MEA,MEA,Middle East
JOR,2016,39892551126.7606,Jordan,MEA,MEA,Middle East
JOR,2017,41608435915.493,Jordan,MEA,MEA,Middle East
JOR,2018,43370860704.2254,Jordan,MEA,MEA,Middle East
JOR,2019,44503005774.6479,Jordan,MEA,MEA,Middle East
KWT,1989,24313821169.1141,Kuwait,MEA,MEA,Middle East
KWT,1990,18427777777.7778,Kuwait,MEA,MEA,Middle East
KWT,1991,11010010088.22,Kuwait,MEA,MEA,Middle East
KWT,1992,19858555214.7239,Kuwait,MEA,MEA,Middle East
KWT,1993,23941391390.7285,Kuwait,MEA,MEA,Middle East
KWT,1994,24848483838.3838,Kuwait,MEA,MEA,Middle East
KWT,1995,27187006077.1252,Kuwait,MEA,MEA,Middle East
KWT,1996,31492419238.1984,Kuwait,MEA,MEA,Middle East
KWT,1997,30350207212.7622,Kuwait,MEA,MEA,Middle East
KWT,1998,25943736430.932,Kuwait,MEA,MEA,Middle East
KWT,1999,30122398833.1705,Kuwait,MEA,MEA,Middle East
KWT,2000,37718794714.1811,Kuwait,MEA,MEA,Middle East
KWT,2001,34889597791.4123,Kuwait,MEA,MEA,Middle East
KWT,2002,38135756834.1741,Kuwait,MEA,MEA,Middle East
KWT,2003,47874659167.9939,Kuwait,MEA,MEA,Middle East
KWT,2004,59439090600.6108,Kuwait,MEA,MEA,Middle East
KWT,2005,80798630136.9863,Kuwait,MEA,MEA,Middle East
KWT,2006,101557251976.794,Kuwait,MEA,MEA,Middle East
KWT,2007,114634060167.406,Kuwait,MEA,MEA,Middle East
KWT,2008,147379536212.138,Kuwait,MEA,MEA,Middle East
KWT,2009,105968538479.915,Kuwait,MEA,MEA,Middle East
KWT,2010,115416745328.985,Kuwait,MEA,MEA,Middle East
KWT,2011,154079870424.898,Kuwait,MEA,MEA,Middle East
KWT,2012,174048271288.151,Kuwait,MEA,MEA,Middle East
KWT,2013,174167626656.763,Kuwait,MEA,MEA,Middle East
KWT,2014,162650191195.358,Kuwait,MEA,MEA,Middle East
KWT,2015,114585567439.674,Kuwait,MEA,MEA,Middle East
KWT,2016,109406169162.833,Kuwait,MEA,MEA,Middle East
KWT,2017,120687635952.46,Kuwait,MEA,MEA,Middle East
KWT,2018,138202309918.726,Kuwait,MEA,MEA,Middle East
KWT,2019,136191752590.897,Kuwait,MEA,MEA,Middle East
LBN,1989,2717998687.71002,Lebanon,MEA,MEA,Middle East
LBN,1990,2838485353.96187,Lebanon,MEA,MEA,Middle East
LBN,1991,4690415092.53663,Lebanon,MEA,MEA,Middle East
LBN,1992,5843579160.90122,Lebanon,MEA,MEA,Middle East
LBN,1993,7941744492.1211,Lebanon,MEA,MEA,Middle East
LBN,1994,9599127049.9375,Lebanon,MEA,MEA,Middle East
LBN,1995,11718795528.4939,Lebanon,MEA,MEA,Middle East
LBN,1996,13690217333.2697,Lebanon,MEA,MEA,Middle East
LBN,1997,15751867489.4446,Lebanon,MEA,MEA,Middle East
LBN,1998,17247179005.5219,Lebanon,MEA,MEA,Middle East
LBN,1999,17391056369.2265,Lebanon,MEA,MEA,Middle East
LBN,2000,17260364842.4544,Lebanon,MEA,MEA,Middle East
LBN,2001,17649751243.7811,Lebanon,MEA,MEA,Middle East
LBN,2002,19152238805.9701,Lebanon,MEA,MEA,Middle East
LBN,2003,20082918739.6352,Lebanon,MEA,MEA,Middle East
LBN,2004,21159827992.0398,Lebanon,MEA,MEA,Middle East
LBN,2005,21497336498.9718,Lebanon,MEA,MEA,Middle East
LBN,2006,22022709851.5423,Lebanon,MEA,MEA,Middle East
LBN,2007,24827355014.66,Lebanon,MEA,MEA,Middle East
LBN,2008,29118916105.6053,Lebanon,MEA,MEA,Middle East
LBN,2009,35399582928.6236,Lebanon,MEA,MEA,Middle East
LBN,2010,38443907042.3217,Lebanon,MEA,MEA,Middle East
LBN,2011,39927125961.194,Lebanon,MEA,MEA,Middle East
LBN,2012,44016799515.8209,Lebanon,MEA,MEA,Middle East
LBN,2013,46880103080.6634,Lebanon,MEA,MEA,Middle East
LBN,2014,48095213746.4677,Lebanon,MEA,MEA,Middle East
LBN,2015,49929337837.0813,Lebanon,MEA,MEA,Middle East
LBN,2016,51147308773.9304,Lebanon,MEA,MEA,Middle East
LBN,2017,53027680685.8375,Lebanon,MEA,MEA,Middle East
LBN,2018,54901519155.6219,Lebanon,MEA,MEA,Middle East
LBN,2019,51605959131.3654,Lebanon,MEA,MEA,Middle East
OMN,1989,9372171651.49545,Oman,MEA,MEA,Middle East
OMN,1990,11685045513.6541,Oman,MEA,MEA,Middle East
OMN,1991,11341482444.7334,Oman,MEA,MEA,Middle East
OMN,1992,12452275682.7048,Oman,MEA,MEA,Middle East
OMN,1993,12493107932.3797,Oman,MEA,MEA,Middle East
OMN,1994,12918855656.697,Oman,MEA,MEA,Middle East
OMN,1995,13802600780.2341,Oman,MEA,MEA,Middle East
OMN,1996,15277763328.9987,Oman,MEA,MEA,Middle East
OMN,1997,15837451235.3706,Oman,MEA,MEA,Middle East
OMN,1998,13996914694.4083,Oman,MEA,MEA,Middle East
OMN,1999,15593456176.8531,Oman,MEA,MEA,Middle East
OMN,2000,19507452535.7607,Oman,MEA,MEA,Middle East
OMN,2001,19452000520.156,Oman,MEA,MEA,Middle East
OMN,2002,20142756046.814,Oman,MEA,MEA,Middle East
OMN,2003,21633708192.4577,Oman,MEA,MEA,Middle East
OMN,2004,24763712873.8622,Oman,MEA,MEA,Middle East
OMN,2005,31081991677.5033,Oman,MEA,MEA,Middle East
OMN,2006,37215779713.9142,Oman,MEA,MEA,Middle East
OMN,2007,42085379453.8362,Oman,MEA,MEA,Middle East
OMN,2008,60905452535.7607,Oman,MEA,MEA,Middle East
OMN,2009,48388363589.0767,Oman,MEA,MEA,Middle East
OMN,2010,64993498049.4148,Oman,MEA,MEA,Middle East
OMN,2011,77497529258.7776,Oman,MEA,MEA,Middle East
OMN,2012,87408842652.7958,Oman,MEA,MEA,Middle East
OMN,2013,89936020806.2419,Oman,MEA,MEA,Middle East
OMN,2014,92699089726.9181,Oman,MEA,MEA,Middle East
OMN,2015,78710793237.9714,Oman,MEA,MEA,Middle East
OMN,2016,75128738621.5865,Oman,MEA,MEA,Middle East
OMN,2017,80856697009.1027,Oman,MEA,MEA,Middle East
OMN,2018,91505851755.5267,Oman,MEA,MEA,Middle East
OMN,2019,88060858257.4772,Oman,MEA,MEA,Middle East
PSE,1989,2843300000,State of Palestine,MEA,MEA,Middle East
PSE,1990,2843300000,State of Palestine,MEA,MEA,Middle East
PSE,1991,2843300000,State of Palestine,MEA,MEA,Middle East
PSE,1992,2843300000,State of Palestine,MEA,MEA,Middle East
PSE,1993,2843300000,State of Palestine,MEA,MEA,Middle East
PSE,1994,2843300000,State of Palestine,MEA,MEA,Middle East
PSE,1995,3282800000,State of Palestine,MEA,MEA,Middle East
PSE,1996,3409600000,State of Palestine,MEA,MEA,Middle East
PSE,1997,3759800000,State of Palestine,MEA,MEA,Middle East
PSE,1998,4067800000,State of Palestine,MEA,MEA,Middle East
PSE,1999,4271200000,State of Palestine,MEA,MEA,Middle East
PSE,2000,4313600000,State of Palestine,MEA,MEA,Middle East
PSE,2001,4003700000,State of Palestine,MEA,MEA,Middle East
PSE,2002,3555800000,State of Palestine,MEA,MEA,Middle East
PSE,2003,3968000000,State of Palestine,MEA,MEA,Middle East
PSE,2004,4603100000,State of Palestine,MEA,MEA,Middle East
PSE,2005,5125700000,State of Palestine,MEA,MEA,Middle East
PSE,2006,5348300000,State of Palestine,MEA,MEA,Middle East
PSE,2007,5815700000,State of Palestine,MEA,MEA,Middle East
PSE,2008,7310400000,State of Palestine,MEA,MEA,Middle East
PSE,2009,8085700000,State of Palestine,MEA,MEA,Middle East
PSE,2010,9681500000,State of Palestine,MEA,MEA,Middle East
PSE,2011,11186100000,State of Palestine,MEA,MEA,Middle East
PSE,2012,12208400000,State of Palestine,MEA,MEA,Middle East
PSE,2013,13515500000,State of Palestine,MEA,MEA,Middle East
PSE,2014,13989700000,State of Palestine,MEA,MEA,Middle East
PSE,2015,13972400000,State of Palestine,MEA,MEA,Middle East
PSE,2016,15405400000,State of Palestine,MEA,MEA,Middle East
PSE,2017,16128000000,State of Palestine,MEA,MEA,Middle East
PSE,2018,16276600000,State of Palestine,MEA,MEA,Middle East
PSE,2019,17133500000,State of Palestine,MEA,MEA,Middle East
QAT,1989,6487912087.91209,Qatar,MEA,MEA,Middle East
QAT,1990,7360439423.07692,Qatar,MEA,MEA,Middle East
QAT,1991,6883516483.51648,Qatar,MEA,MEA,Middle East
QAT,1992,7646153983.51648,Qatar,MEA,MEA,Middle East
QAT,1993,7156593653.84615,Qatar,MEA,MEA,Middle East
QAT,1994,7374450769.23077,Qatar,MEA,MEA,Middle East
QAT,1995,8137911978.02198,Qatar,MEA,MEA,Middle East
QAT,1996,9059340384.61539,Qatar,MEA,MEA,Middle East
QAT,1997,11297802115.3846,Qatar,MEA,MEA,Middle East
QAT,1998,10255495027.4725,Qatar,MEA,MEA,Middle East
QAT,1999,12393131868.1319,Qatar,MEA,MEA,Middle East
QAT,2000,17759890109.8901,Qatar,MEA,MEA,Middle East
QAT,2001,17538461538.4615,Qatar,MEA,MEA,Middle East
QAT,2002,19363736263.7363,Qatar,MEA,MEA,Middle East
QAT,2003,23533791208.7912,Qatar,MEA,MEA,Middle East
QAT,2004,31734065934.0659,Qatar,MEA,MEA,Middle East
QAT,2005,44530494505.4945,Qatar,MEA,MEA,Middle East
QAT,2006,60882142857.1429,Qatar,MEA,MEA,Middle East
QAT,2007,79712087912.0879,Qatar,MEA,MEA,Middle East
QAT,2008,115270054945.055,Qatar,MEA,MEA,Middle East
QAT,2009,97798351648.3516,Qatar,MEA,MEA,Middle East
QAT,2010,125122306346.154,Qatar,MEA,MEA,Middle East
QAT,2011,167775268626.374,Qatar,MEA,MEA,Middle East
QAT,2012,186833502362.637,Qatar,MEA,MEA,Middle East
QAT,2013,198727642967.033,Qatar,MEA,MEA,Middle East
QAT,2014,206224598571.429,Qatar,MEA,MEA,Middle East
QAT,2015,161739955576.923,Qatar,MEA,MEA,Middle East
QAT,2016,151732181868.132,Qatar,MEA,MEA,Middle East
QAT,2017,161099122225.275,Qatar,MEA,MEA,Middle East
QAT,2018,183334953818.681,Qatar,MEA,MEA,Middle East
QAT,2019,176371267689.082,Qatar,MEA,MEA,Middle East
SAU,1989,95344352823.6969,Saudi Arabia,MEA,MEA,Middle East
SAU,1990,117630261604.888,Saudi Arabia,MEA,MEA,Middle East
SAU,1991,132223257865.578,Saudi Arabia,MEA,MEA,Middle East
SAU,1992,137087867284.342,Saudi Arabia,MEA,MEA,Middle East
SAU,1993,132967891655.205,Saudi Arabia,MEA,MEA,Middle East
SAU,1994,135174876355.656,Saudi Arabia,MEA,MEA,Middle East
SAU,1995,143343025756.299,Saudi Arabia,MEA,MEA,Middle East
SAU,1996,158662377388.989,Saudi Arabia,MEA,MEA,Middle East
SAU,1997,165963594803.636,Saudi Arabia,MEA,MEA,Middle East
SAU,1998,146775428759.278,Saudi Arabia,MEA,MEA,Middle East
SAU,1999,161717040000,Saudi Arabia,MEA,MEA,Middle East
SAU,2000,189514910222.667,Saudi Arabia,MEA,MEA,Middle East
SAU,2001,184137517724.863,Saudi Arabia,MEA,MEA,Middle East
SAU,2002,189605920240.516,Saudi Arabia,MEA,MEA,Middle East
SAU,2003,215807655244.424,Saudi Arabia,MEA,MEA,Middle East
SAU,2004,258742263029.008,Saudi Arabia,MEA,MEA,Middle East
SAU,2005,328459700124.064,Saudi Arabia,MEA,MEA,Middle East
SAU,2006,376900135720.729,Saudi Arabia,MEA,MEA,Middle East
SAU,2007,415964583059.205,Saudi Arabia,MEA,MEA,Middle East
SAU,2008,519796738631.128,Saudi Arabia,MEA,MEA,Middle East
SAU,2009,429097899279.013,Saudi Arabia,MEA,MEA,Middle East
SAU,2010,528207298529.872,Saudi Arabia,MEA,MEA,Middle East
SAU,2011,676634577273.045,Saudi Arabia,MEA,MEA,Middle East
SAU,2012,741849984943.256,Saudi Arabia,MEA,MEA,Middle East
SAU,2013,753864543430.248,Saudi Arabia,MEA,MEA,Middle East
SAU,2014,766605946720.427,Saudi Arabia,MEA,MEA,Middle East
SAU,2015,669484381328.891,Saudi Arabia,MEA,MEA,Middle East
SAU,2016,665999879694.192,Saudi Arabia,MEA,MEA,Middle East
SAU,2017,714994694991.651,Saudi Arabia,MEA,MEA,Middle East
SAU,2018,846583785179.856,Saudi Arabia,MEA,MEA,Middle East
SAU,2019,838564705624.643,Saudi Arabia,MEA,MEA,Middle East
SYR,1989,18609532293.9866,Syrian Arab Republic,MEA,MEA,Middle East
SYR,1990,23904498886.4143,Syrian Arab Republic,MEA,MEA,Middle East
SYR,1991,27756258351.8931,Syrian Arab Republic,MEA,MEA,Middle East
SYR,1992,33107349665.9243,Syrian Arab Republic,MEA,MEA,Middle East
SYR,1993,36860133630.2895,Syrian Arab Republic,MEA,MEA,Middle East
SYR,1994,45086948775.0557,Syrian Arab Republic,MEA,MEA,Middle East
SYR,1995,50866369710.4677,Syrian Arab Republic,MEA,MEA,Middle East
SYR,1996,61546280623.608,Syrian Arab Republic,MEA,MEA,Middle East
SYR,1997,66420400890.8686,Syrian Arab Republic,MEA,MEA,Middle East
SYR,1998,70418173719.3764,Syrian Arab Republic,MEA,MEA,Middle East
SYR,1999,72970334075.7238,Syrian Arab Republic,MEA,MEA,Middle East
SYR,2000,80590022271.7149,Syrian Arab Republic,MEA,MEA,Middle East
SYR,2001,86771314031.1804,Syrian Arab Republic,MEA,MEA,Middle East
SYR,2002,90558485523.3853,Syrian Arab Republic,MEA,MEA,Middle East
SYR,2003,95693808463.2517,Syrian Arab Republic,MEA,MEA,Middle East
SYR,2004,112863340757.238,Syrian Arab Republic,MEA,MEA,Middle East
SYR,2005,134203830734.967,Syrian Arab Republic,MEA,MEA,Middle East
SYR,2006,153799910913.14,Syrian Arab Republic,MEA,MEA,Middle East
SYR,2007,180030111358.575,Syrian Arab Republic,MEA,MEA,Middle East
SYR,2008,218089977728.285,Syrian Arab Republic,MEA,MEA,Middle East
SYR,2009,224561692650.334,Syrian Arab Republic,MEA,MEA,Middle East
SYR,2010,252518218262.806,Syrian Arab Republic,MEA,MEA,Middle East
SYR,2011,67539427670.9958,Syrian Arab Republic,MEA,MEA,Middle East
SYR,2012,43190317724.7088,Syrian Arab Republic,MEA,MEA,Middle East
SYR,2013,21361254647.9904,Syrian Arab Republic,MEA,MEA,Middle East
SYR,2014,21502061462.2122,Syrian Arab Republic,MEA,MEA,Middle East
SYR,2015,16468399180.3822,Syrian Arab Republic,MEA,MEA,Middle East
SYR,2016,12598742886.9368,Syrian Arab Republic,MEA,MEA,Middle East
SYR,2017,16369724433.2751,Syrian Arab Republic,MEA,MEA,Middle East
SYR,2018,21496337967.8677,Syrian Arab Republic,MEA,MEA,Middle East
SYR,2019,22600896352.1266,Syrian Arab Republic,MEA,MEA,Middle East
YEM,1989,5647119229.00763,"Yemen, Rep.",MEA,MEA,Middle East
YEM,1990,5647119229.00763,"Yemen, Rep.",MEA,MEA,Middle East
YEM,1991,5930370370.37037,"Yemen, Rep.",MEA,MEA,Middle East
YEM,1992,6463649985.01648,"Yemen, Rep.",MEA,MEA,Middle East
YEM,1993,5368270614.8468,"Yemen, Rep.",MEA,MEA,Middle East
YEM,1994,4167356037.1517,"Yemen, Rep.",MEA,MEA,Middle East
YEM,1995,4258788725.44991,"Yemen, Rep.",MEA,MEA,Middle East
YEM,1996,5785685310.86668,"Yemen, Rep.",MEA,MEA,Middle East
YEM,1997,6838557384.40357,"Yemen, Rep.",MEA,MEA,Middle East
YEM,1998,6325141675.86989,"Yemen, Rep.",MEA,MEA,Middle East
YEM,1999,7641102523.15082,"Yemen, Rep.",MEA,MEA,Middle East
YEM,2000,9652436179.64605,"Yemen, Rep.",MEA,MEA,Middle East
YEM,2001,9861560094.74009,"Yemen, Rep.",MEA,MEA,Middle East
YEM,2002,10694628091.6726,"Yemen, Rep.",MEA,MEA,Middle East
YEM,2003,11777966673.3897,"Yemen, Rep.",MEA,MEA,Middle East
YEM,2004,13872791658.5487,"Yemen, Rep.",MEA,MEA,Middle East
YEM,2005,16746347681.0074,"Yemen, Rep.",MEA,MEA,Middle East
YEM,2006,19061978586.1278,"Yemen, Rep.",MEA,MEA,Middle East
YEM,2007,21650532264.2322,"Yemen, Rep.",MEA,MEA,Middle East
YEM,2008,26910855852.1923,"Yemen, Rep.",MEA,MEA,Middle East
YEM,2009,25130278253.8534,"Yemen, Rep.",MEA,MEA,Middle East
YEM,2010,30906749533.221,"Yemen, Rep.",MEA,MEA,Middle East
YEM,2011,32726417878.391,"Yemen, Rep.",MEA,MEA,Middle East
YEM,2012,35401323349.8817,"Yemen, Rep.",MEA,MEA,Middle East
YEM,2013,40415233436.1767,"Yemen, Rep.",MEA,MEA,Middle East
YEM,2014,43228585321.3272,"Yemen, Rep.",MEA,MEA,Middle East
YEM,2015,42444489460.9387,"Yemen, Rep.",MEA,MEA,Middle East
YEM,2016,31317824906.4358,"Yemen, Rep.",MEA,MEA,Middle East
YEM,2017,26842231204.8047,"Yemen, Rep.",MEA,MEA,Middle East
YEM,2018,21606161066.2074,"Yemen, Rep.",MEA,MEA,Middle East
YEM,2019,21606161066.2074,"Yemen, Rep.",MEA,MEA,Middle East
CAN,1989,567225367034.465,Canada,NAM,NAM,North America
CAN,1990,596089064840.248,Canada,NAM,NAM,North America
CAN,1991,612513895512.609,Canada,NAM,NAM,North America
CAN,1992,594376087449.388,Canada,NAM,NAM,North America
CAN,1993,579059001030.922,Canada,NAM,NAM,North America
CAN,1994,579944346807.264,Canada,NAM,NAM,North America
CAN,1995,605941036992.133,Canada,NAM,NAM,North America
CAN,1996,630597987889.282,Canada,NAM,NAM,North America
CAN,1997,654987932556.605,Canada,NAM,NAM,North America
CAN,1998,633997734246.945,Canada,NAM,NAM,North America
CAN,1999,678409995711.893,Canada,NAM,NAM,North America
CAN,2000,744773415931.587,Canada,NAM,NAM,North America
CAN,2001,738962729044.525,Canada,NAM,NAM,North America
CAN,2002,760649334098.005,Canada,NAM,NAM,North America
CAN,2003,895540646634.787,Canada,NAM,NAM,North America
CAN,2004,1026690238278.25,Canada,NAM,NAM,North America
CAN,2005,1173108598778.68,Canada,NAM,NAM,North America
CAN,2006,1319264809590.97,Canada,NAM,NAM,North America
CAN,2007,1468820407783.26,Canada,NAM,NAM,North America
CAN,2008,1552989690721.65,Canada,NAM,NAM,North America
CAN,2009,1374625142157.29,Canada,NAM,NAM,North America
CAN,2010,1617343367486.26,Canada,NAM,NAM,North America
CAN,2011,1793326630174.52,Canada,NAM,NAM,North America
CAN,2012,1828366481521.6,Canada,NAM,NAM,North America
CAN,2013,1846597421834.98,Canada,NAM,NAM,North America
CAN,2014,1805749878439.94,Canada,NAM,NAM,North America
CAN,2015,1556508816217.14,Canada,NAM,NAM,North America
CAN,2016,1527994741907.43,Canada,NAM,NAM,North America
CAN,2017,1649265644244.09,Canada,NAM,NAM,North America
CAN,2018,1725297938435.76,Canada,NAM,NAM,North America
CAN,2019,1743725183672.52,Canada,NAM,NAM,North America
GUM,1989,NA,Guam,NAM,NAM,North America
GUM,1990,NA,Guam,NAM,NAM,North America
GUM,1991,NA,Guam,NAM,NAM,North America
GUM,1992,NA,Guam,NAM,NAM,North America
GUM,1993,NA,Guam,NAM,NAM,North America
GUM,1994,NA,Guam,NAM,NAM,North America
GUM,1995,NA,Guam,NAM,NAM,North America
GUM,1996,NA,Guam,NAM,NAM,North America
GUM,1997,NA,Guam,NAM,NAM,North America
GUM,1998,NA,Guam,NAM,NAM,North America
GUM,1999,NA,Guam,NAM,NAM,North America
GUM,2000,NA,Guam,NAM,NAM,North America
GUM,2001,NA,Guam,NAM,NAM,North America
GUM,2002,3394000000,Guam,NAM,NAM,North America
GUM,2003,3569000000,Guam,NAM,NAM,North America
GUM,2004,3869000000,Guam,NAM,NAM,North America
GUM,2005,4213000000,Guam,NAM,NAM,North America
GUM,2006,4238000000,Guam,NAM,NAM,North America
GUM,2007,4397000000,Guam,NAM,NAM,North America
GUM,2008,4658000000,Guam,NAM,NAM,North America
GUM,2009,4828000000,Guam,NAM,NAM,North America
GUM,2010,4949000000,Guam,NAM,NAM,North America
GUM,2011,4984000000,Guam,NAM,NAM,North America
GUM,2012,5265000000,Guam,NAM,NAM,North America
GUM,2013,5399000000,Guam,NAM,NAM,North America
GUM,2014,5610000000,Guam,NAM,NAM,North America
GUM,2015,5799000000,Guam,NAM,NAM,North America
GUM,2016,5901000000,Guam,NAM,NAM,North America
GUM,2017,6013000000,Guam,NAM,NAM,North America
GUM,2018,6056000000,Guam,NAM,NAM,North America
GUM,2019,6366000000,Guam,NAM,NAM,North America
USA,1989,5641580000000,United States,NAM,NAM,North America
USA,1990,5963144000000,United States,NAM,NAM,North America
USA,1991,6158129000000,United States,NAM,NAM,North America
USA,1992,6520327000000,United States,NAM,NAM,North America
USA,1993,6858559000000,United States,NAM,NAM,North America
USA,1994,7287236000000,United States,NAM,NAM,North America
USA,1995,7639749000000,United States,NAM,NAM,North America
USA,1996,8073122000000,United States,NAM,NAM,North America
USA,1997,8577554457000,United States,NAM,NAM,North America
USA,1998,9062818202000,United States,NAM,NAM,North America
USA,1999,9631174489000,United States,NAM,NAM,North America
USA,2000,10250947997000,United States,NAM,NAM,North America
USA,2001,10581929774000,United States,NAM,NAM,North America
USA,2002,10929112955000,United States,NAM,NAM,North America
USA,2003,11456442041000,United States,NAM,NAM,North America
USA,2004,12217193198000,United States,NAM,NAM,North America
USA,2005,13039199193000,United States,NAM,NAM,North America
USA,2006,13815586948000,United States,NAM,NAM,North America
USA,2007,14474226905000,United States,NAM,NAM,North America
USA,2008,14769857911000,United States,NAM,NAM,North America
USA,2009,14478064934000,United States,NAM,NAM,North America
USA,2010,15048964444000,United States,NAM,NAM,North America
USA,2011,15599728123000,United States,NAM,NAM,North America
USA,2012,16253972230000,United States,NAM,NAM,North America
USA,2013,16843190993000,United States,NAM,NAM,North America
USA,2014,17550680174000,United States,NAM,NAM,North America
USA,2015,18206020741000,United States,NAM,NAM,North America
USA,2016,18695110842000,United States,NAM,NAM,North America
USA,2017,19477336549000,United States,NAM,NAM,North America
USA,2018,20533057312000,United States,NAM,NAM,North America
USA,2019,21380976119000,United States,NAM,NAM,North America
AUS,1989,299875825286.858,Australia,PAO,APD,Asia-Pacific Developed
AUS,1990,311430632641.087,Australia,PAO,APD,Asia-Pacific Developed
AUS,1991,325981640935.417,Australia,PAO,APD,Asia-Pacific Developed
AUS,1992,325532426233.227,Australia,PAO,APD,Asia-Pacific Developed
AUS,1993,312138139404.16,Australia,PAO,APD,Asia-Pacific Developed
AUS,1994,322809408509.166,Australia,PAO,APD,Asia-Pacific Developed
AUS,1995,368140778140.778,Australia,PAO,APD,Asia-Pacific Developed
AUS,1996,401310823652.743,Australia,PAO,APD,Asia-Pacific Developed
AUS,1997,435613768959.97,Australia,PAO,APD,Asia-Pacific Developed
AUS,1998,399660855999.457,Australia,PAO,APD,Asia-Pacific Developed
AUS,1999,389389647825.542,Australia,PAO,APD,Asia-Pacific Developed
AUS,2000,415844972940.496,Australia,PAO,APD,Asia-Pacific Developed
AUS,2001,379357823192.53,Australia,PAO,APD,Asia-Pacific Developed
AUS,2002,395573025330.447,Australia,PAO,APD,Asia-Pacific Developed
AUS,2003,467497961560.862,Australia,PAO,APD,Asia-Pacific Developed
AUS,2004,614326362213.686,Australia,PAO,APD,Asia-Pacific Developed
AUS,2005,695305000206.729,Australia,PAO,APD,Asia-Pacific Developed
AUS,2006,747907432136.598,Australia,PAO,APD,Asia-Pacific Developed
AUS,2007,854427259166.209,Australia,PAO,APD,Asia-Pacific Developed
AUS,2008,1055686110665.53,Australia,PAO,APD,Asia-Pacific Developed
AUS,2009,928629769751.884,Australia,PAO,APD,Asia-Pacific Developed
AUS,2010,1148569537284.62,Australia,PAO,APD,Asia-Pacific Developed
AUS,2011,1398456161407.85,Australia,PAO,APD,Asia-Pacific Developed
AUS,2012,1546952690139.99,Australia,PAO,APD,Asia-Pacific Developed
AUS,2013,1576329690003.93,Australia,PAO,APD,Asia-Pacific Developed
AUS,2014,1467589901175.46,Australia,PAO,APD,Asia-Pacific Developed
AUS,2015,1350580336316.75,Australia,PAO,APD,Asia-Pacific Developed
AUS,2016,1206562910556.58,Australia,PAO,APD,Asia-Pacific Developed
AUS,2017,1326467487376.42,Australia,PAO,APD,Asia-Pacific Developed
AUS,2018,1428266513154.48,Australia,PAO,APD,Asia-Pacific Developed
AUS,2019,1392218527563.26,Australia,PAO,APD,Asia-Pacific Developed
JPN,1989,3054913797217.03,Japan,PAO,APD,Asia-Pacific Developed
JPN,1990,3132817652848.04,Japan,PAO,APD,Asia-Pacific Developed
JPN,1991,3584420964070.07,Japan,PAO,APD,Asia-Pacific Developed
JPN,1992,3908808434705.26,Japan,PAO,APD,Asia-Pacific Developed
JPN,1993,4454144444407.9,Japan,PAO,APD,Asia-Pacific Developed
JPN,1994,4998797262443.29,Japan,PAO,APD,Asia-Pacific Developed
JPN,1995,5545564892181.15,Japan,PAO,APD,Asia-Pacific Developed
JPN,1996,4923393495138.77,Japan,PAO,APD,Asia-Pacific Developed
JPN,1997,4492449998031.88,Japan,PAO,APD,Asia-Pacific Developed
JPN,1998,4098362688659.34,Japan,PAO,APD,Asia-Pacific Developed
JPN,1999,4635982020564.97,Japan,PAO,APD,Asia-Pacific Developed
JPN,2000,4968359152795.66,Japan,PAO,APD,Asia-Pacific Developed
JPN,2001,4374709984220.01,Japan,PAO,APD,Asia-Pacific Developed
JPN,2002,4182845406488.62,Japan,PAO,APD,Asia-Pacific Developed
JPN,2003,4519563042183.73,Japan,PAO,APD,Asia-Pacific Developed
JPN,2004,4893116005656.56,Japan,PAO,APD,Asia-Pacific Developed
JPN,2005,4831466523975.98,Japan,PAO,APD,Asia-Pacific Developed
JPN,2006,4601662661030.07,Japan,PAO,APD,Asia-Pacific Developed
JPN,2007,4579749785984.82,Japan,PAO,APD,Asia-Pacific Developed
JPN,2008,5106679413137.57,Japan,PAO,APD,Asia-Pacific Developed
JPN,2009,5289493734900.39,Japan,PAO,APD,Asia-Pacific Developed
JPN,2010,5759071769013.11,Japan,PAO,APD,Asia-Pacific Developed
JPN,2011,6233147172341.35,Japan,PAO,APD,Asia-Pacific Developed
JPN,2012,6272362996105.03,Japan,PAO,APD,Asia-Pacific Developed
JPN,2013,5212328181166.18,Japan,PAO,APD,Asia-Pacific Developed
JPN,2014,4896994405353.29,Japan,PAO,APD,Asia-Pacific Developed
JPN,2015,4444930651964.18,Japan,PAO,APD,Asia-Pacific Developed
JPN,2016,5003677627544.24,Japan,PAO,APD,Asia-Pacific Developed
JPN,2017,4930837369151.42,Japan,PAO,APD,Asia-Pacific Developed
JPN,2018,5040880939324.86,Japan,PAO,APD,Asia-Pacific Developed
JPN,2019,5117993853016.51,Japan,PAO,APD,Asia-Pacific Developed
NZL,1989,43920222524.7085,New Zealand,PAO,APD,Asia-Pacific Developed
NZL,1990,45495129385.0475,New Zealand,PAO,APD,Asia-Pacific Developed
NZL,1991,42744828653.3514,New Zealand,PAO,APD,Asia-Pacific Developed
NZL,1992,41649386969.5133,New Zealand,PAO,APD,Asia-Pacific Developed
NZL,1993,46775038748.7573,New Zealand,PAO,APD,Asia-Pacific Developed
NZL,1994,55313381442.5437,New Zealand,PAO,APD,Asia-Pacific Developed
NZL,1995,63916899263.9355,New Zealand,PAO,APD,Asia-Pacific Developed
NZL,1996,70140835299.0148,New Zealand,PAO,APD,Asia-Pacific Developed
NZL,1997,66073130218.3528,New Zealand,PAO,APD,Asia-Pacific Developed
NZL,1998,56226503975.8201,New Zealand,PAO,APD,Asia-Pacific Developed
NZL,1999,58762260625.8758,New Zealand,PAO,APD,Asia-Pacific Developed
NZL,2000,52622954598.9299,New Zealand,PAO,APD,Asia-Pacific Developed
NZL,2001,53872463497.1703,New Zealand,PAO,APD,Asia-Pacific Developed
NZL,2002,66627729311.4495,New Zealand,PAO,APD,Asia-Pacific Developed
NZL,2003,88250885550.2626,New Zealand,PAO,APD,Asia-Pacific Developed
NZL,2004,103905628688.949,New Zealand,PAO,APD,Asia-Pacific Developed
NZL,2005,114720129550.095,New Zealand,PAO,APD,Asia-Pacific Developed
NZL,2006,111538810712.665,New Zealand,PAO,APD,Asia-Pacific Developed
NZL,2007,137188946865.584,New Zealand,PAO,APD,Asia-Pacific Developed
NZL,2008,133131369930.414,New Zealand,PAO,APD,Asia-Pacific Developed
NZL,2009,121373602348.679,New Zealand,PAO,APD,Asia-Pacific Developed
NZL,2010,146517541181.254,New Zealand,PAO,APD,Asia-Pacific Developed
NZL,2011,168291357111.739,New Zealand,PAO,APD,Asia-Pacific Developed
NZL,2012,176206659722.524,New Zealand,PAO,APD,Asia-Pacific Developed
NZL,2013,190906575136.003,New Zealand,PAO,APD,Asia-Pacific Developed
NZL,2014,201313497220.917,New Zealand,PAO,APD,Asia-Pacific Developed
NZL,2015,178064471137.921,New Zealand,PAO,APD,Asia-Pacific Developed
NZL,2016,188838342527.975,New Zealand,PAO,APD,Asia-Pacific Developed
NZL,2017,206556258844.567,New Zealand,PAO,APD,Asia-Pacific Developed
NZL,2018,211886686924.483,New Zealand,PAO,APD,Asia-Pacific Developed
NZL,2019,213091987153.092,New Zealand,PAO,APD,Asia-Pacific Developed
ASM,1989,NA,American Samoa,PAS,SAP,South-East Asia and developing Pacific
ASM,1990,NA,American Samoa,PAS,SAP,South-East Asia and developing Pacific
ASM,1991,NA,American Samoa,PAS,SAP,South-East Asia and developing Pacific
ASM,1992,NA,American Samoa,PAS,SAP,South-East Asia and developing Pacific
ASM,1993,NA,American Samoa,PAS,SAP,South-East Asia and developing Pacific
ASM,1994,NA,American Samoa,PAS,SAP,South-East Asia and developing Pacific
ASM,1995,NA,American Samoa,PAS,SAP,South-East Asia and developing Pacific
ASM,1996,NA,American Samoa,PAS,SAP,South-East Asia and developing Pacific
ASM,1997,NA,American Samoa,PAS,SAP,South-East Asia and developing Pacific
ASM,1998,NA,American Samoa,PAS,SAP,South-East Asia and developing Pacific
ASM,1999,NA,American Samoa,PAS,SAP,South-East Asia and developing Pacific
ASM,2000,NA,American Samoa,PAS,SAP,South-East Asia and developing Pacific
ASM,2001,NA,American Samoa,PAS,SAP,South-East Asia and developing Pacific
ASM,2002,512000000,American Samoa,PAS,SAP,South-East Asia and developing Pacific
ASM,2003,524000000,American Samoa,PAS,SAP,South-East Asia and developing Pacific
ASM,2004,509000000,American Samoa,PAS,SAP,South-East Asia and developing Pacific
ASM,2005,500000000,American Samoa,PAS,SAP,South-East Asia and developing Pacific
ASM,2006,493000000,American Samoa,PAS,SAP,South-East Asia and developing Pacific
ASM,2007,518000000,American Samoa,PAS,SAP,South-East Asia and developing Pacific
ASM,2008,560000000,American Samoa,PAS,SAP,South-East Asia and developing Pacific
ASM,2009,675000000,American Samoa,PAS,SAP,South-East Asia and developing Pacific
ASM,2010,573000000,American Samoa,PAS,SAP,South-East Asia and developing Pacific
ASM,2011,570000000,American Samoa,PAS,SAP,South-East Asia and developing Pacific
ASM,2012,640000000,American Samoa,PAS,SAP,South-East Asia and developing Pacific
ASM,2013,638000000,American Samoa,PAS,SAP,South-East Asia and developing Pacific
ASM,2014,643000000,American Samoa,PAS,SAP,South-East Asia and developing Pacific
ASM,2015,673000000,American Samoa,PAS,SAP,South-East Asia and developing Pacific
ASM,2016,671000000,American Samoa,PAS,SAP,South-East Asia and developing Pacific
ASM,2017,612000000,American Samoa,PAS,SAP,South-East Asia and developing Pacific
ASM,2018,639000000,American Samoa,PAS,SAP,South-East Asia and developing Pacific
ASM,2019,647000000,American Samoa,PAS,SAP,South-East Asia and developing Pacific
BRN,1989,2985531762.88612,Brunei Darussalam,PAS,SAP,South-East Asia and developing Pacific
BRN,1990,3520486979.54981,Brunei Darussalam,PAS,SAP,South-East Asia and developing Pacific
BRN,1991,3701774188.88021,Brunei Darussalam,PAS,SAP,South-East Asia and developing Pacific
BRN,1992,4183633796.47628,Brunei Darussalam,PAS,SAP,South-East Asia and developing Pacific
BRN,1993,4105729444.14733,Brunei Darussalam,PAS,SAP,South-East Asia and developing Pacific
BRN,1994,4087219772.89949,Brunei Darussalam,PAS,SAP,South-East Asia and developing Pacific
BRN,1995,4734103536.46706,Brunei Darussalam,PAS,SAP,South-East Asia and developing Pacific
BRN,1996,5115454694.27896,Brunei Darussalam,PAS,SAP,South-East Asia and developing Pacific
BRN,1997,5197312555.4576,Brunei Darussalam,PAS,SAP,South-East Asia and developing Pacific
BRN,1998,4051143193.1732,Brunei Darussalam,PAS,SAP,South-East Asia and developing Pacific
BRN,1999,4600117603.79321,Brunei Darussalam,PAS,SAP,South-East Asia and developing Pacific
BRN,2000,6001280943.71691,Brunei Darussalam,PAS,SAP,South-East Asia and developing Pacific
BRN,2001,5601020247.27601,Brunei Darussalam,PAS,SAP,South-East Asia and developing Pacific
BRN,2002,5843367180.06094,Brunei Darussalam,PAS,SAP,South-East Asia and developing Pacific
BRN,2003,6557395815.59539,Brunei Darussalam,PAS,SAP,South-East Asia and developing Pacific
BRN,2004,7872201250.91582,Brunei Darussalam,PAS,SAP,South-East Asia and developing Pacific
BRN,2005,9531417164.46943,Brunei Darussalam,PAS,SAP,South-East Asia and developing Pacific
BRN,2006,11470462364.6891,Brunei Darussalam,PAS,SAP,South-East Asia and developing Pacific
BRN,2007,12247680702.8059,Brunei Darussalam,PAS,SAP,South-East Asia and developing Pacific
BRN,2008,14393437610.2552,Brunei Darussalam,PAS,SAP,South-East Asia and developing Pacific
BRN,2009,10732592999.3918,Brunei Darussalam,PAS,SAP,South-East Asia and developing Pacific
BRN,2010,13707275498.0569,Brunei Darussalam,PAS,SAP,South-East Asia and developing Pacific
BRN,2011,18525128229.6754,Brunei Darussalam,PAS,SAP,South-East Asia and developing Pacific
BRN,2012,19048443089.2531,Brunei Darussalam,PAS,SAP,South-East Asia and developing Pacific
BRN,2013,18094326392.7086,Brunei Darussalam,PAS,SAP,South-East Asia and developing Pacific
BRN,2014,17097801091.9771,Brunei Darussalam,PAS,SAP,South-East Asia and developing Pacific
BRN,2015,12930292949.4216,Brunei Darussalam,PAS,SAP,South-East Asia and developing Pacific
BRN,2016,11400467372.4943,Brunei Darussalam,PAS,SAP,South-East Asia and developing Pacific
BRN,2017,12128182463.596,Brunei Darussalam,PAS,SAP,South-East Asia and developing Pacific
BRN,2018,13567164444.9707,Brunei Darussalam,PAS,SAP,South-East Asia and developing Pacific
BRN,2019,13469240162.5496,Brunei Darussalam,PAS,SAP,South-East Asia and developing Pacific
FJI,1989,1182660000,Fiji,PAS,SAP,South-East Asia and developing Pacific
FJI,1990,1337017258.55191,Fiji,PAS,SAP,South-East Asia and developing Pacific
FJI,1991,1383883718.52673,Fiji,PAS,SAP,South-East Asia and developing Pacific
FJI,1992,1532411208.98387,Fiji,PAS,SAP,South-East Asia and developing Pacific
FJI,1993,1636101246.9394,Fiji,PAS,SAP,South-East Asia and developing Pacific
FJI,1994,1825732092.54674,Fiji,PAS,SAP,South-East Asia and developing Pacific
FJI,1995,1970301019.19887,Fiji,PAS,SAP,South-East Asia and developing Pacific
FJI,1996,2128696643.62574,Fiji,PAS,SAP,South-East Asia and developing Pacific
FJI,1997,2090221137.02876,Fiji,PAS,SAP,South-East Asia and developing Pacific
FJI,1998,1653146993.93502,Fiji,PAS,SAP,South-East Asia and developing Pacific
FJI,1999,1936459986.03795,Fiji,PAS,SAP,South-East Asia and developing Pacific
FJI,2000,1678219507.89829,Fiji,PAS,SAP,South-East Asia and developing Pacific
FJI,2001,1652462062.63884,Fiji,PAS,SAP,South-East Asia and developing Pacific
FJI,2002,1833279985.36741,Fiji,PAS,SAP,South-East Asia and developing Pacific
FJI,2003,2300492002.01302,Fiji,PAS,SAP,South-East Asia and developing Pacific
FJI,2004,2708078476.63012,Fiji,PAS,SAP,South-East Asia and developing Pacific
FJI,2005,2980403464.53066,Fiji,PAS,SAP,South-East Asia and developing Pacific
FJI,2006,3076305452.86506,Fiji,PAS,SAP,South-East Asia and developing Pacific
FJI,2007,3378314599.76402,Fiji,PAS,SAP,South-East Asia and developing Pacific
FJI,2008,3523185919.55826,Fiji,PAS,SAP,South-East Asia and developing Pacific
FJI,2009,2870624635.68032,Fiji,PAS,SAP,South-East Asia and developing Pacific
FJI,2010,3140167239.46869,Fiji,PAS,SAP,South-East Asia and developing Pacific
FJI,2011,3779412255.47694,Fiji,PAS,SAP,South-East Asia and developing Pacific
FJI,2012,3972028509.66449,Fiji,PAS,SAP,South-East Asia and developing Pacific
FJI,2013,4189968869.81721,Fiji,PAS,SAP,South-East Asia and developing Pacific
FJI,2014,4857103846.72985,Fiji,PAS,SAP,South-East Asia and developing Pacific
FJI,2015,4682480303.97469,Fiji,PAS,SAP,South-East Asia and developing Pacific
FJI,2016,4930213787.50451,Fiji,PAS,SAP,South-East Asia and developing Pacific
FJI,2017,5353468387.56019,Fiji,PAS,SAP,South-East Asia and developing Pacific
FJI,2018,5581425890.96651,Fiji,PAS,SAP,South-East Asia and developing Pacific
FJI,2019,5481692621.61125,Fiji,PAS,SAP,South-East Asia and developing Pacific
FSM,1989,135200000,"Micronesia, Fed. Sts.",PAS,SAP,South-East Asia and developing Pacific
FSM,1990,147200000,"Micronesia, Fed. Sts.",PAS,SAP,South-East Asia and developing Pacific
FSM,1991,166200000,"Micronesia, Fed. Sts.",PAS,SAP,South-East Asia and developing Pacific
FSM,1992,178100000,"Micronesia, Fed. Sts.",PAS,SAP,South-East Asia and developing Pacific
FSM,1993,198400000,"Micronesia, Fed. Sts.",PAS,SAP,South-East Asia and developing Pacific
FSM,1994,202500000,"Micronesia, Fed. Sts.",PAS,SAP,South-East Asia and developing Pacific
FSM,1995,221575300,"Micronesia, Fed. Sts.",PAS,SAP,South-East Asia and developing Pacific
FSM,1996,218534700,"Micronesia, Fed. Sts.",PAS,SAP,South-East Asia and developing Pacific
FSM,1997,206626300,"Micronesia, Fed. Sts.",PAS,SAP,South-East Asia and developing Pacific
FSM,1998,218873100,"Micronesia, Fed. Sts.",PAS,SAP,South-East Asia and developing Pacific
FSM,1999,220140500,"Micronesia, Fed. Sts.",PAS,SAP,South-East Asia and developing Pacific
FSM,2000,233271800,"Micronesia, Fed. Sts.",PAS,SAP,South-East Asia and developing Pacific
FSM,2001,240970900,"Micronesia, Fed. Sts.",PAS,SAP,South-East Asia and developing Pacific
FSM,2002,242517200,"Micronesia, Fed. Sts.",PAS,SAP,South-East Asia and developing Pacific
FSM,2003,245432900,"Micronesia, Fed. Sts.",PAS,SAP,South-East Asia and developing Pacific
FSM,2004,240236000,"Micronesia, Fed. Sts.",PAS,SAP,South-East Asia and developing Pacific
FSM,2005,250281900,"Micronesia, Fed. Sts.",PAS,SAP,South-East Asia and developing Pacific
FSM,2006,253541900,"Micronesia, Fed. Sts.",PAS,SAP,South-East Asia and developing Pacific
FSM,2007,256787200,"Micronesia, Fed. Sts.",PAS,SAP,South-East Asia and developing Pacific
FSM,2008,263145100,"Micronesia, Fed. Sts.",PAS,SAP,South-East Asia and developing Pacific
FSM,2009,280284600,"Micronesia, Fed. Sts.",PAS,SAP,South-East Asia and developing Pacific
FSM,2010,296944100,"Micronesia, Fed. Sts.",PAS,SAP,South-East Asia and developing Pacific
FSM,2011,311301600,"Micronesia, Fed. Sts.",PAS,SAP,South-East Asia and developing Pacific
FSM,2012,327248700,"Micronesia, Fed. Sts.",PAS,SAP,South-East Asia and developing Pacific
FSM,2013,317214400,"Micronesia, Fed. Sts.",PAS,SAP,South-East Asia and developing Pacific
FSM,2014,319271200,"Micronesia, Fed. Sts.",PAS,SAP,South-East Asia and developing Pacific
FSM,2015,316489900,"Micronesia, Fed. Sts.",PAS,SAP,South-East Asia and developing Pacific
FSM,2016,332265200,"Micronesia, Fed. Sts.",PAS,SAP,South-East Asia and developing Pacific
FSM,2017,366666800,"Micronesia, Fed. Sts.",PAS,SAP,South-East Asia and developing Pacific
FSM,2018,401932300,"Micronesia, Fed. Sts.",PAS,SAP,South-East Asia and developing Pacific
FSM,2019,412000000,"Micronesia, Fed. Sts.",PAS,SAP,South-East Asia and developing Pacific
IDN,1989,94451427898.007,Indonesia,PAS,SAP,South-East Asia and developing Pacific
IDN,1990,106140727356.675,Indonesia,PAS,SAP,South-East Asia and developing Pacific
IDN,1991,116621996217.133,Indonesia,PAS,SAP,South-East Asia and developing Pacific
IDN,1992,128026966579.964,Indonesia,PAS,SAP,South-East Asia and developing Pacific
IDN,1993,158006700301.533,Indonesia,PAS,SAP,South-East Asia and developing Pacific
IDN,1994,176892143931.505,Indonesia,PAS,SAP,South-East Asia and developing Pacific
IDN,1995,202132028723.115,Indonesia,PAS,SAP,South-East Asia and developing Pacific
IDN,1996,227369679374.973,Indonesia,PAS,SAP,South-East Asia and developing Pacific
IDN,1997,215748998609.635,Indonesia,PAS,SAP,South-East Asia and developing Pacific
IDN,1998,95445547872.715,Indonesia,PAS,SAP,South-East Asia and developing Pacific
IDN,1999,140001351215.462,Indonesia,PAS,SAP,South-East Asia and developing Pacific
IDN,2000,165021012077.81,Indonesia,PAS,SAP,South-East Asia and developing Pacific
IDN,2001,160446947784.909,Indonesia,PAS,SAP,South-East Asia and developing Pacific
IDN,2002,195660611165.183,Indonesia,PAS,SAP,South-East Asia and developing Pacific
IDN,2003,234772463823.808,Indonesia,PAS,SAP,South-East Asia and developing Pacific
IDN,2004,256836875295.452,Indonesia,PAS,SAP,South-East Asia and developing Pacific
IDN,2005,285868619205.904,Indonesia,PAS,SAP,South-East Asia and developing Pacific
IDN,2006,364570515631.625,Indonesia,PAS,SAP,South-East Asia and developing Pacific
IDN,2007,432216737774.861,Indonesia,PAS,SAP,South-East Asia and developing Pacific
IDN,2008,510228634992.258,Indonesia,PAS,SAP,South-East Asia and developing Pacific
IDN,2009,539580085612.401,Indonesia,PAS,SAP,South-East Asia and developing Pacific
IDN,2010,755094157594.248,Indonesia,PAS,SAP,South-East Asia and developing Pacific
IDN,2011,892969104529.233,Indonesia,PAS,SAP,South-East Asia and developing Pacific
IDN,2012,917869913365.243,Indonesia,PAS,SAP,South-East Asia and developing Pacific
IDN,2013,912524136718.018,Indonesia,PAS,SAP,South-East Asia and developing Pacific
IDN,2014,890814755511.291,Indonesia,PAS,SAP,South-East Asia and developing Pacific
IDN,2015,860854232717.853,Indonesia,PAS,SAP,South-East Asia and developing Pacific
IDN,2016,931877364033.902,Indonesia,PAS,SAP,South-East Asia and developing Pacific
IDN,2017,1015618744168.15,Indonesia,PAS,SAP,South-East Asia and developing Pacific
IDN,2018,1042271532953.36,Indonesia,PAS,SAP,South-East Asia and developing Pacific
IDN,2019,1119099871386.16,Indonesia,PAS,SAP,South-East Asia and developing Pacific
KHM,1989,2533727592.04165,Cambodia,PAS,SAP,South-East Asia and developing Pacific
KHM,1990,2533727592.04165,Cambodia,PAS,SAP,South-East Asia and developing Pacific
KHM,1991,2533727592.04165,Cambodia,PAS,SAP,South-East Asia and developing Pacific
KHM,1992,2533727592.04165,Cambodia,PAS,SAP,South-East Asia and developing Pacific
KHM,1993,2533727592.04165,Cambodia,PAS,SAP,South-East Asia and developing Pacific
KHM,1994,2791435272.26653,Cambodia,PAS,SAP,South-East Asia and developing Pacific
KHM,1995,3441205692.9166,Cambodia,PAS,SAP,South-East Asia and developing Pacific
KHM,1996,3506695719.57259,Cambodia,PAS,SAP,South-East Asia and developing Pacific
KHM,1997,3443413388.6909,Cambodia,PAS,SAP,South-East Asia and developing Pacific
KHM,1998,3120425502.58253,Cambodia,PAS,SAP,South-East Asia and developing Pacific
KHM,1999,3517242477.2285,Cambodia,PAS,SAP,South-East Asia and developing Pacific
KHM,2000,3654031716.26881,Cambodia,PAS,SAP,South-East Asia and developing Pacific
KHM,2001,3984000517.02345,Cambodia,PAS,SAP,South-East Asia and developing Pacific
KHM,2002,4284028482.53766,Cambodia,PAS,SAP,South-East Asia and developing Pacific
KHM,2003,4658246918.27092,Cambodia,PAS,SAP,South-East Asia and developing Pacific
KHM,2004,5337833248.03924,Cambodia,PAS,SAP,South-East Asia and developing Pacific
KHM,2005,6293046161.83262,Cambodia,PAS,SAP,South-East Asia and developing Pacific
KHM,2006,7274595706.67154,Cambodia,PAS,SAP,South-East Asia and developing Pacific
KHM,2007,8639235913.17746,Cambodia,PAS,SAP,South-East Asia and developing Pacific
KHM,2008,10351914178.2857,Cambodia,PAS,SAP,South-East Asia and developing Pacific
KHM,2009,10401851766.8465,Cambodia,PAS,SAP,South-East Asia and developing Pacific
KHM,2010,11242275288.5243,Cambodia,PAS,SAP,South-East Asia and developing Pacific
KHM,2011,12829541141.0127,Cambodia,PAS,SAP,South-East Asia and developing Pacific
KHM,2012,14054443213.4639,Cambodia,PAS,SAP,South-East Asia and developing Pacific
KHM,2013,15227991395.2201,Cambodia,PAS,SAP,South-East Asia and developing Pacific
KHM,2014,16702610842.4025,Cambodia,PAS,SAP,South-East Asia and developing Pacific
KHM,2015,18049954289.4229,Cambodia,PAS,SAP,South-East Asia and developing Pacific
KHM,2016,20016747858.3122,Cambodia,PAS,SAP,South-East Asia and developing Pacific
KHM,2017,22177200588.6749,Cambodia,PAS,SAP,South-East Asia and developing Pacific
KHM,2018,24571753581.7841,Cambodia,PAS,SAP,South-East Asia and developing Pacific
KHM,2019,27089390032.8915,Cambodia,PAS,SAP,South-East Asia and developing Pacific
KIR,1989,44282893.8871154,Kiribati,PAS,SAP,South-East Asia and developing Pacific
KIR,1990,42933307.6600826,Kiribati,PAS,SAP,South-East Asia and developing Pacific
KIR,1991,47516824.0066421,Kiribati,PAS,SAP,South-East Asia and developing Pacific
KIR,1992,47736260.8309293,Kiribati,PAS,SAP,South-East Asia and developing Pacific
KIR,1993,46920900.8812969,Kiribati,PAS,SAP,South-East Asia and developing Pacific
KIR,1994,54834548.934047,Kiribati,PAS,SAP,South-East Asia and developing Pacific
KIR,1995,56336670.9104488,Kiribati,PAS,SAP,South-East Asia and developing Pacific
KIR,1996,66517285.3643714,Kiribati,PAS,SAP,South-East Asia and developing Pacific
KIR,1997,67538482.0911695,Kiribati,PAS,SAP,South-East Asia and developing Pacific
KIR,1998,65333678.1499681,Kiribati,PAS,SAP,South-East Asia and developing Pacific
KIR,1999,69034484.9833866,Kiribati,PAS,SAP,South-East Asia and developing Pacific
KIR,2000,67253134.6144925,Kiribati,PAS,SAP,South-East Asia and developing Pacific
KIR,2001,63099885.3082003,Kiribati,PAS,SAP,South-East Asia and developing Pacific
KIR,2002,72197928.6223641,Kiribati,PAS,SAP,South-East Asia and developing Pacific
KIR,2003,90231027.7755407,Kiribati,PAS,SAP,South-East Asia and developing Pacific
KIR,2004,102370615.240641,Kiribati,PAS,SAP,South-East Asia and developing Pacific
KIR,2005,112136227.796417,Kiribati,PAS,SAP,South-East Asia and developing Pacific
KIR,2006,110237144.46042,Kiribati,PAS,SAP,South-East Asia and developing Pacific
KIR,2007,132674795.880585,Kiribati,PAS,SAP,South-East Asia and developing Pacific
KIR,2008,141045173.610772,Kiribati,PAS,SAP,South-East Asia and developing Pacific
KIR,2009,132421058.945919,Kiribati,PAS,SAP,South-East Asia and developing Pacific
KIR,2010,155305532.918999,Kiribati,PAS,SAP,South-East Asia and developing Pacific
KIR,2011,180672664.758787,Kiribati,PAS,SAP,South-East Asia and developing Pacific
KIR,2012,189629948.805386,Kiribati,PAS,SAP,South-East Asia and developing Pacific
KIR,2013,184543103.721124,Kiribati,PAS,SAP,South-East Asia and developing Pacific
KIR,2014,177868153.090733,Kiribati,PAS,SAP,South-East Asia and developing Pacific
KIR,2015,170292283.246013,Kiribati,PAS,SAP,South-East Asia and developing Pacific
KIR,2016,178507958.050329,Kiribati,PAS,SAP,South-East Asia and developing Pacific
KIR,2017,188540699.145686,Kiribati,PAS,SAP,South-East Asia and developing Pacific
KIR,2018,196501504.185186,Kiribati,PAS,SAP,South-East Asia and developing Pacific
KIR,2019,175181684.792212,Kiribati,PAS,SAP,South-East Asia and developing Pacific
LAO,1989,714046821.093797,Lao People's Democratic Republic,PAS,SAP,South-East Asia and developing Pacific
LAO,1990,865559879.284802,Lao People's Democratic Republic,PAS,SAP,South-East Asia and developing Pacific
LAO,1991,1028087972.31085,Lao People's Democratic Republic,PAS,SAP,South-East Asia and developing Pacific
LAO,1992,1127806944.61513,Lao People's Democratic Republic,PAS,SAP,South-East Asia and developing Pacific
LAO,1993,1327748690.12661,Lao People's Democratic Republic,PAS,SAP,South-East Asia and developing Pacific
LAO,1994,1543606345.11684,Lao People's Democratic Republic,PAS,SAP,South-East Asia and developing Pacific
LAO,1995,1763536304.53964,Lao People's Democratic Republic,PAS,SAP,South-East Asia and developing Pacific
LAO,1996,1873671550.34636,Lao People's Democratic Republic,PAS,SAP,South-East Asia and developing Pacific
LAO,1997,1747011857.33107,Lao People's Democratic Republic,PAS,SAP,South-East Asia and developing Pacific
LAO,1998,1280177838.71905,Lao People's Democratic Republic,PAS,SAP,South-East Asia and developing Pacific
LAO,1999,1454430642.49183,Lao People's Democratic Republic,PAS,SAP,South-East Asia and developing Pacific
LAO,2000,1731198022.45494,Lao People's Democratic Republic,PAS,SAP,South-East Asia and developing Pacific
LAO,2001,1768619058.34647,Lao People's Democratic Republic,PAS,SAP,South-East Asia and developing Pacific
LAO,2002,1758176653.07746,Lao People's Democratic Republic,PAS,SAP,South-East Asia and developing Pacific
LAO,2003,2023324407.30316,Lao People's Democratic Republic,PAS,SAP,South-East Asia and developing Pacific
LAO,2004,2366398119.8821,Lao People's Democratic Republic,PAS,SAP,South-East Asia and developing Pacific
LAO,2005,2735558734.81409,Lao People's Democratic Republic,PAS,SAP,South-East Asia and developing Pacific
LAO,2006,3455031447.60194,Lao People's Democratic Republic,PAS,SAP,South-East Asia and developing Pacific
LAO,2007,4223152219.2439,Lao People's Democratic Republic,PAS,SAP,South-East Asia and developing Pacific
LAO,2008,5446434031.69042,Lao People's Democratic Republic,PAS,SAP,South-East Asia and developing Pacific
LAO,2009,5836138127.06562,Lao People's Democratic Republic,PAS,SAP,South-East Asia and developing Pacific
LAO,2010,7131773632.71369,Lao People's Democratic Republic,PAS,SAP,South-East Asia and developing Pacific
LAO,2011,8750107401.57872,Lao People's Democratic Republic,PAS,SAP,South-East Asia and developing Pacific
LAO,2012,10192848926.2582,Lao People's Democratic Republic,PAS,SAP,South-East Asia and developing Pacific
LAO,2013,11983252626.8313,Lao People's Democratic Republic,PAS,SAP,South-East Asia and developing Pacific
LAO,2014,13279248478.8161,Lao People's Democratic Republic,PAS,SAP,South-East Asia and developing Pacific
LAO,2015,14426381187.0894,Lao People's Democratic Republic,PAS,SAP,South-East Asia and developing Pacific
LAO,2016,15912495368.8717,Lao People's Democratic Republic,PAS,SAP,South-East Asia and developing Pacific
LAO,2017,17071162084.4067,Lao People's Democratic Republic,PAS,SAP,South-East Asia and developing Pacific
LAO,2018,18141651381.3884,Lao People's Democratic Republic,PAS,SAP,South-East Asia and developing Pacific
LAO,2019,18740559554.1632,Lao People's Democratic Republic,PAS,SAP,South-East Asia and developing Pacific
MHL,1989,72798000,Marshall Islands,PAS,SAP,South-East Asia and developing Pacific
MHL,1990,78476000,Marshall Islands,PAS,SAP,South-East Asia and developing Pacific
MHL,1991,82507000,Marshall Islands,PAS,SAP,South-East Asia and developing Pacific
MHL,1992,91063000,Marshall Islands,PAS,SAP,South-East Asia and developing Pacific
MHL,1993,99461000,Marshall Islands,PAS,SAP,South-East Asia and developing Pacific
MHL,1994,108071000,Marshall Islands,PAS,SAP,South-East Asia and developing Pacific
MHL,1995,120230000,Marshall Islands,PAS,SAP,South-East Asia and developing Pacific
MHL,1996,110858000,Marshall Islands,PAS,SAP,South-East Asia and developing Pacific
MHL,1997,110705600,Marshall Islands,PAS,SAP,South-East Asia and developing Pacific
MHL,1998,112279400,Marshall Islands,PAS,SAP,South-East Asia and developing Pacific
MHL,1999,114326300,Marshall Islands,PAS,SAP,South-East Asia and developing Pacific
MHL,2000,115347500,Marshall Islands,PAS,SAP,South-East Asia and developing Pacific
MHL,2001,122824000,Marshall Islands,PAS,SAP,South-East Asia and developing Pacific
MHL,2002,131738200,Marshall Islands,PAS,SAP,South-East Asia and developing Pacific
MHL,2003,131398500,Marshall Islands,PAS,SAP,South-East Asia and developing Pacific
MHL,2004,132934600,Marshall Islands,PAS,SAP,South-East Asia and developing Pacific
MHL,2005,137666300,Marshall Islands,PAS,SAP,South-East Asia and developing Pacific
MHL,2006,142745200,Marshall Islands,PAS,SAP,South-East Asia and developing Pacific
MHL,2007,149870000,Marshall Islands,PAS,SAP,South-East Asia and developing Pacific
MHL,2008,145969100,Marshall Islands,PAS,SAP,South-East Asia and developing Pacific
MHL,2009,150624900,Marshall Islands,PAS,SAP,South-East Asia and developing Pacific
MHL,2010,160318500,Marshall Islands,PAS,SAP,South-East Asia and developing Pacific
MHL,2011,171567100,Marshall Islands,PAS,SAP,South-East Asia and developing Pacific
MHL,2012,179855800,Marshall Islands,PAS,SAP,South-East Asia and developing Pacific
MHL,2013,185468000,Marshall Islands,PAS,SAP,South-East Asia and developing Pacific
MHL,2014,185172900,Marshall Islands,PAS,SAP,South-East Asia and developing Pacific
MHL,2015,182997300,Marshall Islands,PAS,SAP,South-East Asia and developing Pacific
MHL,2016,200716000,Marshall Islands,PAS,SAP,South-East Asia and developing Pacific
MHL,2017,212701200,Marshall Islands,PAS,SAP,South-East Asia and developing Pacific
MHL,2018,219330300,Marshall Islands,PAS,SAP,South-East Asia and developing Pacific
MHL,2019,232092300,Marshall Islands,PAS,SAP,South-East Asia and developing Pacific
MMR,1989,1674823310.86252,Myanmar,PAS,SAP,South-East Asia and developing Pacific
MMR,1990,2036373522.68939,Myanmar,PAS,SAP,South-East Asia and developing Pacific
MMR,1991,2137184858.04416,Myanmar,PAS,SAP,South-East Asia and developing Pacific
MMR,1992,2216072577.11344,Myanmar,PAS,SAP,South-East Asia and developing Pacific
MMR,1993,2809748387.09677,Myanmar,PAS,SAP,South-East Asia and developing Pacific
MMR,1994,3821535779.81651,Myanmar,PAS,SAP,South-East Asia and developing Pacific
MMR,1995,4879257847.77122,Myanmar,PAS,SAP,South-East Asia and developing Pacific
MMR,1996,5759624742.26804,Myanmar,PAS,SAP,South-East Asia and developing Pacific
MMR,1997,5633070602.54016,Myanmar,PAS,SAP,South-East Asia and developing Pacific
MMR,1998,4613071494.63459,Myanmar,PAS,SAP,South-East Asia and developing Pacific
MMR,1999,5643818689.479,Myanmar,PAS,SAP,South-East Asia and developing Pacific
MMR,2000,6849321645.95623,Myanmar,PAS,SAP,South-East Asia and developing Pacific
MMR,2001,6220270632.33592,Myanmar,PAS,SAP,South-East Asia and developing Pacific
MMR,2002,6110632857.66584,Myanmar,PAS,SAP,South-East Asia and developing Pacific
MMR,2003,7754647428.07323,Myanmar,PAS,SAP,South-East Asia and developing Pacific
MMR,2004,9390855297.73553,Myanmar,PAS,SAP,South-East Asia and developing Pacific
MMR,2005,10588433068.8549,Myanmar,PAS,SAP,South-East Asia and developing Pacific
MMR,2006,11863016315.2934,Myanmar,PAS,SAP,South-East Asia and developing Pacific
MMR,2007,15591182544.7092,Myanmar,PAS,SAP,South-East Asia and developing Pacific
MMR,2008,23013015832.1023,Myanmar,PAS,SAP,South-East Asia and developing Pacific
MMR,2009,29455165594.6859,Myanmar,PAS,SAP,South-East Asia and developing Pacific
MMR,2010,37796052938.7278,Myanmar,PAS,SAP,South-East Asia and developing Pacific
MMR,2011,54118601974.7947,Myanmar,PAS,SAP,South-East Asia and developing Pacific
MMR,2012,58318677644.9492,Myanmar,PAS,SAP,South-East Asia and developing Pacific
MMR,2013,60572257122.2962,Myanmar,PAS,SAP,South-East Asia and developing Pacific
MMR,2014,63264892768.3726,Myanmar,PAS,SAP,South-East Asia and developing Pacific
MMR,2015,63045306513.9317,Myanmar,PAS,SAP,South-East Asia and developing Pacific
MMR,2016,60291738934.7768,Myanmar,PAS,SAP,South-East Asia and developing Pacific
MMR,2017,61449391917.1276,Myanmar,PAS,SAP,South-East Asia and developing Pacific
MMR,2018,67144726167.9294,Myanmar,PAS,SAP,South-East Asia and developing Pacific
MMR,2019,68697761477.1809,Myanmar,PAS,SAP,South-East Asia and developing Pacific
MNP,1989,NA,Northern Mariana Islands,PAS,SAP,South-East Asia and developing Pacific
MNP,1990,NA,Northern Mariana Islands,PAS,SAP,South-East Asia and developing Pacific
MNP,1991,NA,Northern Mariana Islands,PAS,SAP,South-East Asia and developing Pacific
MNP,1992,NA,Northern Mariana Islands,PAS,SAP,South-East Asia and developing Pacific
MNP,1993,NA,Northern Mariana Islands,PAS,SAP,South-East Asia and developing Pacific
MNP,1994,NA,Northern Mariana Islands,PAS,SAP,South-East Asia and developing Pacific
MNP,1995,NA,Northern Mariana Islands,PAS,SAP,South-East Asia and developing Pacific
MNP,1996,NA,Northern Mariana Islands,PAS,SAP,South-East Asia and developing Pacific
MNP,1997,NA,Northern Mariana Islands,PAS,SAP,South-East Asia and developing Pacific
MNP,1998,NA,Northern Mariana Islands,PAS,SAP,South-East Asia and developing Pacific
MNP,1999,NA,Northern Mariana Islands,PAS,SAP,South-East Asia and developing Pacific
MNP,2000,NA,Northern Mariana Islands,PAS,SAP,South-East Asia and developing Pacific
MNP,2001,NA,Northern Mariana Islands,PAS,SAP,South-East Asia and developing Pacific
MNP,2002,1284000000,Northern Mariana Islands,PAS,SAP,South-East Asia and developing Pacific
MNP,2003,1239000000,Northern Mariana Islands,PAS,SAP,South-East Asia and developing Pacific
MNP,2004,1210000000,Northern Mariana Islands,PAS,SAP,South-East Asia and developing Pacific
MNP,2005,1061000000,Northern Mariana Islands,PAS,SAP,South-East Asia and developing Pacific
MNP,2006,990000000,Northern Mariana Islands,PAS,SAP,South-East Asia and developing Pacific
MNP,2007,938000000,Northern Mariana Islands,PAS,SAP,South-East Asia and developing Pacific
MNP,2008,939000000,Northern Mariana Islands,PAS,SAP,South-East Asia and developing Pacific
MNP,2009,795000000,Northern Mariana Islands,PAS,SAP,South-East Asia and developing Pacific
MNP,2010,799000000,Northern Mariana Islands,PAS,SAP,South-East Asia and developing Pacific
MNP,2011,729000000,Northern Mariana Islands,PAS,SAP,South-East Asia and developing Pacific
MNP,2012,746000000,Northern Mariana Islands,PAS,SAP,South-East Asia and developing Pacific
MNP,2013,772000000,Northern Mariana Islands,PAS,SAP,South-East Asia and developing Pacific
MNP,2014,832000000,Northern Mariana Islands,PAS,SAP,South-East Asia and developing Pacific
MNP,2015,910000000,Northern Mariana Islands,PAS,SAP,South-East Asia and developing Pacific
MNP,2016,1230000000,Northern Mariana Islands,PAS,SAP,South-East Asia and developing Pacific
MNP,2017,1560000000,Northern Mariana Islands,PAS,SAP,South-East Asia and developing Pacific
MNP,2018,1301000000,Northern Mariana Islands,PAS,SAP,South-East Asia and developing Pacific
MNP,2019,1181000000,Northern Mariana Islands,PAS,SAP,South-East Asia and developing Pacific
MYS,1989,38847970073.3093,Malaysia,PAS,SAP,South-East Asia and developing Pacific
MYS,1990,44024585239.6137,Malaysia,PAS,SAP,South-East Asia and developing Pacific
MYS,1991,49143148094.2683,Malaysia,PAS,SAP,South-East Asia and developing Pacific
MYS,1992,59167550162.956,Malaysia,PAS,SAP,South-East Asia and developing Pacific
MYS,1993,66894966968.9736,Malaysia,PAS,SAP,South-East Asia and developing Pacific
MYS,1994,74478356957.7808,Malaysia,PAS,SAP,South-East Asia and developing Pacific
MYS,1995,88705342902.7113,Malaysia,PAS,SAP,South-East Asia and developing Pacific
MYS,1996,100855393910.486,Malaysia,PAS,SAP,South-East Asia and developing Pacific
MYS,1997,100005323301.867,Malaysia,PAS,SAP,South-East Asia and developing Pacific
MYS,1998,72167498980.8398,Malaysia,PAS,SAP,South-East Asia and developing Pacific
MYS,1999,79148421052.6316,Malaysia,PAS,SAP,South-East Asia and developing Pacific
MYS,2000,93789736842.1053,Malaysia,PAS,SAP,South-East Asia and developing Pacific
MYS,2001,92783947368.4211,Malaysia,PAS,SAP,South-East Asia and developing Pacific
MYS,2002,100845526315.789,Malaysia,PAS,SAP,South-East Asia and developing Pacific
MYS,2003,110202368421.053,Malaysia,PAS,SAP,South-East Asia and developing Pacific
MYS,2004,124749473684.211,Malaysia,PAS,SAP,South-East Asia and developing Pacific
MYS,2005,143534418452.154,Malaysia,PAS,SAP,South-East Asia and developing Pacific
MYS,2006,162692260155.07,Malaysia,PAS,SAP,South-East Asia and developing Pacific
MYS,2007,193549547954.753,Malaysia,PAS,SAP,South-East Asia and developing Pacific
MYS,2008,230811591306.52,Malaysia,PAS,SAP,South-East Asia and developing Pacific
MYS,2009,202257458160.849,Malaysia,PAS,SAP,South-East Asia and developing Pacific
MYS,2010,255017645207.18,Malaysia,PAS,SAP,South-East Asia and developing Pacific
MYS,2011,297951667650.449,Malaysia,PAS,SAP,South-East Asia and developing Pacific
MYS,2012,314443061220.138,Malaysia,PAS,SAP,South-East Asia and developing Pacific
MYS,2013,323276281683.441,Malaysia,PAS,SAP,South-East Asia and developing Pacific
MYS,2014,338066121289.413,Malaysia,PAS,SAP,South-East Asia and developing Pacific
MYS,2015,301354783698.72,Malaysia,PAS,SAP,South-East Asia and developing Pacific
MYS,2016,301255332137.075,Malaysia,PAS,SAP,South-East Asia and developing Pacific
MYS,2017,319109103242.055,Malaysia,PAS,SAP,South-East Asia and developing Pacific
MYS,2018,358788833524.945,Malaysia,PAS,SAP,South-East Asia and developing Pacific
MYS,2019,365177744321.011,Malaysia,PAS,SAP,South-East Asia and developing Pacific
NCL,1989,2185082943.54573,New Caledonia,PAS,SAP,South-East Asia and developing Pacific
NCL,1990,2529440424.29422,New Caledonia,PAS,SAP,South-East Asia and developing Pacific
NCL,1991,2653780677.01073,New Caledonia,PAS,SAP,South-East Asia and developing Pacific
NCL,1992,2923883289.6371,New Caledonia,PAS,SAP,South-East Asia and developing Pacific
NCL,1993,2822243775.1099,New Caledonia,PAS,SAP,South-East Asia and developing Pacific
NCL,1994,3038728391.45878,New Caledonia,PAS,SAP,South-East Asia and developing Pacific
NCL,1995,3628440524.39278,New Caledonia,PAS,SAP,South-East Asia and developing Pacific
NCL,1996,3606968436.36758,New Caledonia,PAS,SAP,South-East Asia and developing Pacific
NCL,1997,3291131295.15184,New Caledonia,PAS,SAP,South-East Asia and developing Pacific
NCL,1998,3556304834.39845,New Caledonia,PAS,SAP,South-East Asia and developing Pacific
NCL,1999,3647802046.2206,New Caledonia,PAS,SAP,South-East Asia and developing Pacific
NCL,2000,3420032042.3108,New Caledonia,PAS,SAP,South-East Asia and developing Pacific
NCL,2001,3297734885.79488,New Caledonia,PAS,SAP,South-East Asia and developing Pacific
NCL,2002,3740056751.5259,New Caledonia,PAS,SAP,South-East Asia and developing Pacific
NCL,2003,4915353825.59343,New Caledonia,PAS,SAP,South-East Asia and developing Pacific
NCL,2004,5895008984.55746,New Caledonia,PAS,SAP,South-East Asia and developing Pacific
NCL,2005,6238629461.58574,New Caledonia,PAS,SAP,South-East Asia and developing Pacific
NCL,2006,6979155408.44429,New Caledonia,PAS,SAP,South-East Asia and developing Pacific
NCL,2007,8819917187.11094,New Caledonia,PAS,SAP,South-East Asia and developing Pacific
NCL,2008,9067619728.99592,New Caledonia,PAS,SAP,South-East Asia and developing Pacific
NCL,2009,8704438060.52072,New Caledonia,PAS,SAP,South-East Asia and developing Pacific
NCL,2010,9364350064.98695,New Caledonia,PAS,SAP,South-East Asia and developing Pacific
NCL,2011,10351448025.3027,New Caledonia,PAS,SAP,South-East Asia and developing Pacific
NCL,2012,9659151908.65435,New Caledonia,PAS,SAP,South-East Asia and developing Pacific
NCL,2013,10151382876.8113,New Caledonia,PAS,SAP,South-East Asia and developing Pacific
NCL,2014,10635035550.01,New Caledonia,PAS,SAP,South-East Asia and developing Pacific
NCL,2015,8738203041.54697,New Caledonia,PAS,SAP,South-East Asia and developing Pacific
NCL,2016,8724568970.67697,New Caledonia,PAS,SAP,South-East Asia and developing Pacific
NCL,2017,9173669999.59434,New Caledonia,PAS,SAP,South-East Asia and developing Pacific
NCL,2018,9896402295.48329,New Caledonia,PAS,SAP,South-East Asia and developing Pacific
NCL,2019,9475655341.98316,New Caledonia,PAS,SAP,South-East Asia and developing Pacific
NRU,1989,NA,Nauru,PAS,SAP,South-East Asia and developing Pacific
NRU,1990,NA,Nauru,PAS,SAP,South-East Asia and developing Pacific
NRU,1991,NA,Nauru,PAS,SAP,South-East Asia and developing Pacific
NRU,1992,NA,Nauru,PAS,SAP,South-East Asia and developing Pacific
NRU,1993,NA,Nauru,PAS,SAP,South-East Asia and developing Pacific
NRU,1994,NA,Nauru,PAS,SAP,South-East Asia and developing Pacific
NRU,1995,NA,Nauru,PAS,SAP,South-East Asia and developing Pacific
NRU,1996,NA,Nauru,PAS,SAP,South-East Asia and developing Pacific
NRU,1997,NA,Nauru,PAS,SAP,South-East Asia and developing Pacific
NRU,1998,NA,Nauru,PAS,SAP,South-East Asia and developing Pacific
NRU,1999,NA,Nauru,PAS,SAP,South-East Asia and developing Pacific
NRU,2000,NA,Nauru,PAS,SAP,South-East Asia and developing Pacific
NRU,2001,NA,Nauru,PAS,SAP,South-East Asia and developing Pacific
NRU,2002,NA,Nauru,PAS,SAP,South-East Asia and developing Pacific
NRU,2003,NA,Nauru,PAS,SAP,South-East Asia and developing Pacific
NRU,2004,NA,Nauru,PAS,SAP,South-East Asia and developing Pacific
NRU,2005,NA,Nauru,PAS,SAP,South-East Asia and developing Pacific
NRU,2006,NA,Nauru,PAS,SAP,South-East Asia and developing Pacific
NRU,2007,NA,Nauru,PAS,SAP,South-East Asia and developing Pacific
NRU,2008,NA,Nauru,PAS,SAP,South-East Asia and developing Pacific
NRU,2009,NA,Nauru,PAS,SAP,South-East Asia and developing Pacific
NRU,2010,47562842.3658354,Nauru,PAS,SAP,South-East Asia and developing Pacific
NRU,2011,65071849.5751335,Nauru,PAS,SAP,South-East Asia and developing Pacific
NRU,2012,101055718.551503,Nauru,PAS,SAP,South-East Asia and developing Pacific
NRU,2013,94384979.0109467,Nauru,PAS,SAP,South-East Asia and developing Pacific
NRU,2014,99149259.8365624,Nauru,PAS,SAP,South-East Asia and developing Pacific
NRU,2015,84863407.8650093,Nauru,PAS,SAP,South-East Asia and developing Pacific
NRU,2016,97541914.5833045,Nauru,PAS,SAP,South-East Asia and developing Pacific
NRU,2017,109355653.690742,Nauru,PAS,SAP,South-East Asia and developing Pacific
NRU,2018,130995580.092154,Nauru,PAS,SAP,South-East Asia and developing Pacific
NRU,2019,125160081.80546,Nauru,PAS,SAP,South-East Asia and developing Pacific
PHL,1989,48513772976.7115,Philippines,PAS,SAP,South-East Asia and developing Pacific
PHL,1990,50508286641.5746,Philippines,PAS,SAP,South-East Asia and developing Pacific
PHL,1991,51784144314.5523,Philippines,PAS,SAP,South-East Asia and developing Pacific
PHL,1992,60422329031.6279,Philippines,PAS,SAP,South-East Asia and developing Pacific
PHL,1993,62036529909.6817,Philippines,PAS,SAP,South-East Asia and developing Pacific
PHL,1994,73159337838.4005,Philippines,PAS,SAP,South-East Asia and developing Pacific
PHL,1995,84644329824.7159,Philippines,PAS,SAP,South-East Asia and developing Pacific
PHL,1996,94648084429.0341,Philippines,PAS,SAP,South-East Asia and developing Pacific
PHL,1997,94106316500.6777,Philippines,PAS,SAP,South-East Asia and developing Pacific
PHL,1998,74492416329.9142,Philippines,PAS,SAP,South-East Asia and developing Pacific
PHL,1999,85640170314.8245,Philippines,PAS,SAP,South-East Asia and developing Pacific
PHL,2000,83669788254.7279,Philippines,PAS,SAP,South-East Asia and developing Pacific
PHL,2001,78921234457.5487,Philippines,PAS,SAP,South-East Asia and developing Pacific
PHL,2002,84307346432.1264,Philippines,PAS,SAP,South-East Asia and developing Pacific
PHL,2003,87039092438.9644,Philippines,PAS,SAP,South-East Asia and developing Pacific
PHL,2004,95002000250.4167,Philippines,PAS,SAP,South-East Asia and developing Pacific
PHL,2005,107419977968.185,Philippines,PAS,SAP,South-East Asia and developing Pacific
PHL,2006,127652927611.904,Philippines,PAS,SAP,South-East Asia and developing Pacific
PHL,2007,155980408072.596,Philippines,PAS,SAP,South-East Asia and developing Pacific
PHL,2008,181624627927.891,Philippines,PAS,SAP,South-East Asia and developing Pacific
PHL,2009,175974754207.575,Philippines,PAS,SAP,South-East Asia and developing Pacific
PHL,2010,208368892319.281,Philippines,PAS,SAP,South-East Asia and developing Pacific
PHL,2011,234216730703.65,Philippines,PAS,SAP,South-East Asia and developing Pacific
PHL,2012,261920542606.621,Philippines,PAS,SAP,South-East Asia and developing Pacific
PHL,2013,283902829721.261,Philippines,PAS,SAP,South-East Asia and developing Pacific
PHL,2014,297483553299.593,Philippines,PAS,SAP,South-East Asia and developing Pacific
PHL,2015,306445871631.969,Philippines,PAS,SAP,South-East Asia and developing Pacific
PHL,2016,318627003965.989,Philippines,PAS,SAP,South-East Asia and developing Pacific
PHL,2017,328480738147.1,Philippines,PAS,SAP,South-East Asia and developing Pacific
PHL,2018,346841896890.489,Philippines,PAS,SAP,South-East Asia and developing Pacific
PHL,2019,376823404772.837,Philippines,PAS,SAP,South-East Asia and developing Pacific
PLW,1989,NA,Palau,PAS,SAP,South-East Asia and developing Pacific
PLW,1990,NA,Palau,PAS,SAP,South-East Asia and developing Pacific
PLW,1991,NA,Palau,PAS,SAP,South-East Asia and developing Pacific
PLW,1992,NA,Palau,PAS,SAP,South-East Asia and developing Pacific
PLW,1993,NA,Palau,PAS,SAP,South-East Asia and developing Pacific
PLW,1994,NA,Palau,PAS,SAP,South-East Asia and developing Pacific
PLW,1995,NA,Palau,PAS,SAP,South-East Asia and developing Pacific
PLW,1996,NA,Palau,PAS,SAP,South-East Asia and developing Pacific
PLW,1997,NA,Palau,PAS,SAP,South-East Asia and developing Pacific
PLW,1998,NA,Palau,PAS,SAP,South-East Asia and developing Pacific
PLW,1999,NA,Palau,PAS,SAP,South-East Asia and developing Pacific
PLW,2000,146297500,Palau,PAS,SAP,South-East Asia and developing Pacific
PLW,2001,156907900,Palau,PAS,SAP,South-East Asia and developing Pacific
PLW,2002,163184900,Palau,PAS,SAP,South-East Asia and developing Pacific
PLW,2003,153963200,Palau,PAS,SAP,South-East Asia and developing Pacific
PLW,2004,165186200,Palau,PAS,SAP,South-East Asia and developing Pacific
PLW,2005,190452900,Palau,PAS,SAP,South-East Asia and developing Pacific
PLW,2006,192382400,Palau,PAS,SAP,South-East Asia and developing Pacific
PLW,2007,198897700,Palau,PAS,SAP,South-East Asia and developing Pacific
PLW,2008,198283900,Palau,PAS,SAP,South-East Asia and developing Pacific
PLW,2009,187522800,Palau,PAS,SAP,South-East Asia and developing Pacific
PLW,2010,185943000,Palau,PAS,SAP,South-East Asia and developing Pacific
PLW,2011,196911100,Palau,PAS,SAP,South-East Asia and developing Pacific
PLW,2012,212397800,Palau,PAS,SAP,South-East Asia and developing Pacific
PLW,2013,221117200,Palau,PAS,SAP,South-East Asia and developing Pacific
PLW,2014,241669800,Palau,PAS,SAP,South-East Asia and developing Pacific
PLW,2015,280457700,Palau,PAS,SAP,South-East Asia and developing Pacific
PLW,2016,298300000,Palau,PAS,SAP,South-East Asia and developing Pacific
PLW,2017,285600000,Palau,PAS,SAP,South-East Asia and developing Pacific
PLW,2018,284900000,Palau,PAS,SAP,South-East Asia and developing Pacific
PLW,2019,278900000,Palau,PAS,SAP,South-East Asia and developing Pacific
PNG,1989,3546470500.90388,Papua New Guinea,PAS,SAP,South-East Asia and developing Pacific
PNG,1990,3219730364.99623,Papua New Guinea,PAS,SAP,South-East Asia and developing Pacific
PNG,1991,3787394957.98319,Papua New Guinea,PAS,SAP,South-East Asia and developing Pacific
PNG,1992,4377980510.05598,Papua New Guinea,PAS,SAP,South-East Asia and developing Pacific
PNG,1993,4974550286.18152,Papua New Guinea,PAS,SAP,South-East Asia and developing Pacific
PNG,1994,5502786069.65174,Papua New Guinea,PAS,SAP,South-East Asia and developing Pacific
PNG,1995,4636057476.42568,Papua New Guinea,PAS,SAP,South-East Asia and developing Pacific
PNG,1996,5155311077.38998,Papua New Guinea,PAS,SAP,South-East Asia and developing Pacific
PNG,1997,4936615298.79367,Papua New Guinea,PAS,SAP,South-East Asia and developing Pacific
PNG,1998,3789443014.61662,Papua New Guinea,PAS,SAP,South-East Asia and developing Pacific
PNG,1999,3477038204.01733,Papua New Guinea,PAS,SAP,South-East Asia and developing Pacific
PNG,2000,3521339699.07407,Papua New Guinea,PAS,SAP,South-East Asia and developing Pacific
PNG,2001,3081024212.42924,Papua New Guinea,PAS,SAP,South-East Asia and developing Pacific
PNG,2002,2999511040.19764,Papua New Guinea,PAS,SAP,South-East Asia and developing Pacific
PNG,2003,3536411824.2958,Papua New Guinea,PAS,SAP,South-East Asia and developing Pacific
PNG,2004,3927157866.96465,Papua New Guinea,PAS,SAP,South-East Asia and developing Pacific
PNG,2005,4865892972.27595,Papua New Guinea,PAS,SAP,South-East Asia and developing Pacific
PNG,2006,8354911621.97941,Papua New Guinea,PAS,SAP,South-East Asia and developing Pacific
PNG,2007,9545029480.82223,Papua New Guinea,PAS,SAP,South-East Asia and developing Pacific
PNG,2008,11670891359.7271,Papua New Guinea,PAS,SAP,South-East Asia and developing Pacific
PNG,2009,11619455043.4763,Papua New Guinea,PAS,SAP,South-East Asia and developing Pacific
PNG,2010,14250785801.34,Papua New Guinea,PAS,SAP,South-East Asia and developing Pacific
PNG,2011,17985138449.6522,Papua New Guinea,PAS,SAP,South-East Asia and developing Pacific
PNG,2012,21295165200.8383,Papua New Guinea,PAS,SAP,South-East Asia and developing Pacific
PNG,2013,21261338064.8783,Papua New Guinea,PAS,SAP,South-East Asia and developing Pacific
PNG,2014,23210823987.308,Papua New Guinea,PAS,SAP,South-East Asia and developing Pacific
PNG,2015,21723439625.73,Papua New Guinea,PAS,SAP,South-East Asia and developing Pacific
PNG,2016,20758874952.5805,Papua New Guinea,PAS,SAP,South-East Asia and developing Pacific
PNG,2017,22742696407.5093,Papua New Guinea,PAS,SAP,South-East Asia and developing Pacific
PNG,2018,24109780113.2307,Papua New Guinea,PAS,SAP,South-East Asia and developing Pacific
PNG,2019,24751069237.9977,Papua New Guinea,PAS,SAP,South-East Asia and developing Pacific
PYF,1989,2731683490.22561,French Polynesia,PAS,SAP,South-East Asia and developing Pacific
PYF,1990,3320159522.5334,French Polynesia,PAS,SAP,South-East Asia and developing Pacific
PYF,1991,3410078974.21418,French Polynesia,PAS,SAP,South-East Asia and developing Pacific
PYF,1992,3713785776.28354,French Polynesia,PAS,SAP,South-East Asia and developing Pacific
PYF,1993,3544608541.0505,French Polynesia,PAS,SAP,South-East Asia and developing Pacific
PYF,1994,3676123796.00755,French Polynesia,PAS,SAP,South-East Asia and developing Pacific
PYF,1995,4186994271.30289,French Polynesia,PAS,SAP,South-East Asia and developing Pacific
PYF,1996,4166072830.02651,French Polynesia,PAS,SAP,South-East Asia and developing Pacific
PYF,1997,3762859109.39532,French Polynesia,PAS,SAP,South-East Asia and developing Pacific
PYF,1998,3903186594.70924,French Polynesia,PAS,SAP,South-East Asia and developing Pacific
PYF,1999,3911602000.29402,French Polynesia,PAS,SAP,South-East Asia and developing Pacific
PYF,2000,3599845481.64557,French Polynesia,PAS,SAP,South-East Asia and developing Pacific
PYF,2001,3573808550.51292,French Polynesia,PAS,SAP,South-East Asia and developing Pacific
PYF,2002,3965405556.55574,French Polynesia,PAS,SAP,South-East Asia and developing Pacific
PYF,2003,4927780605.25455,French Polynesia,PAS,SAP,South-East Asia and developing Pacific
PYF,2004,5564109988.14744,French Polynesia,PAS,SAP,South-East Asia and developing Pacific
PYF,2005,5705052111.28973,French Polynesia,PAS,SAP,South-East Asia and developing Pacific
PYF,2006,5877997996.95253,French Polynesia,PAS,SAP,South-East Asia and developing Pacific
PYF,2007,6631156410.68504,French Polynesia,PAS,SAP,South-East Asia and developing Pacific
PYF,2008,7136741397.50141,French Polynesia,PAS,SAP,South-East Asia and developing Pacific
PYF,2009,6584557942.40772,French Polynesia,PAS,SAP,South-East Asia and developing Pacific
PYF,2010,6086644790.8086,French Polynesia,PAS,SAP,South-East Asia and developing Pacific
PYF,2011,6203940049.22727,French Polynesia,PAS,SAP,South-East Asia and developing Pacific
PYF,2012,5692858093.84485,French Polynesia,PAS,SAP,South-East Asia and developing Pacific
PYF,2013,6031827089.12531,French Polynesia,PAS,SAP,South-East Asia and developing Pacific
PYF,2014,6151996534.96077,French Polynesia,PAS,SAP,South-East Asia and developing Pacific
PYF,2015,5325846341.7909,French Polynesia,PAS,SAP,South-East Asia and developing Pacific
PYF,2016,5497036486.74487,French Polynesia,PAS,SAP,South-East Asia and developing Pacific
PYF,2017,5833352684.45264,French Polynesia,PAS,SAP,South-East Asia and developing Pacific
PYF,2018,6135116260.64814,French Polynesia,PAS,SAP,South-East Asia and developing Pacific
PYF,2019,6022276207.18983,French Polynesia,PAS,SAP,South-East Asia and developing Pacific
SGP,1989,30465364738.6206,Singapore,PAS,SAP,South-East Asia and developing Pacific
SGP,1990,36144336768.7023,Singapore,PAS,SAP,South-East Asia and developing Pacific
SGP,1991,45466164978.2923,Singapore,PAS,SAP,South-East Asia and developing Pacific
SGP,1992,52131330700.4439,Singapore,PAS,SAP,South-East Asia and developing Pacific
SGP,1993,60603821967.4681,Singapore,PAS,SAP,South-East Asia and developing Pacific
SGP,1994,73688716390.6153,Singapore,PAS,SAP,South-East Asia and developing Pacific
SGP,1995,87812540788.4293,Singapore,PAS,SAP,South-East Asia and developing Pacific
SGP,1996,96293097894.9194,Singapore,PAS,SAP,South-East Asia and developing Pacific
SGP,1997,100123798454.007,Singapore,PAS,SAP,South-East Asia and developing Pacific
SGP,1998,85728224856.3725,Singapore,PAS,SAP,South-East Asia and developing Pacific
SGP,1999,86286866724.2229,Singapore,PAS,SAP,South-East Asia and developing Pacific
SGP,2000,96076521349.0621,Singapore,PAS,SAP,South-East Asia and developing Pacific
SGP,2001,89793815727.6029,Singapore,PAS,SAP,South-East Asia and developing Pacific
SGP,2002,92538355642.8848,Singapore,PAS,SAP,South-East Asia and developing Pacific
SGP,2003,97646382412.8729,Singapore,PAS,SAP,South-East Asia and developing Pacific
SGP,2004,115033570415.043,Singapore,PAS,SAP,South-East Asia and developing Pacific
SGP,2005,127807810333.769,Singapore,PAS,SAP,South-East Asia and developing Pacific
SGP,2006,148627255181.674,Singapore,PAS,SAP,South-East Asia and developing Pacific
SGP,2007,180941741377.766,Singapore,PAS,SAP,South-East Asia and developing Pacific
SGP,2008,193617346346.785,Singapore,PAS,SAP,South-East Asia and developing Pacific
SGP,2009,194150322022.092,Singapore,PAS,SAP,South-East Asia and developing Pacific
SGP,2010,239807921966.007,Singapore,PAS,SAP,South-East Asia and developing Pacific
SGP,2011,279356526366.334,Singapore,PAS,SAP,South-East Asia and developing Pacific
SGP,2012,295092839974.919,Singapore,PAS,SAP,South-East Asia and developing Pacific
SGP,2013,307576360584.992,Singapore,PAS,SAP,South-East Asia and developing Pacific
SGP,2014,314863580758.455,Singapore,PAS,SAP,South-East Asia and developing Pacific
SGP,2015,307998545269.398,Singapore,PAS,SAP,South-East Asia and developing Pacific
SGP,2016,319029973659.293,Singapore,PAS,SAP,South-East Asia and developing Pacific
SGP,2017,343272878686.388,Singapore,PAS,SAP,South-East Asia and developing Pacific
SGP,2018,376869585632.115,Singapore,PAS,SAP,South-East Asia and developing Pacific
SGP,2019,376837488316.973,Singapore,PAS,SAP,South-East Asia and developing Pacific
SLB,1989,172882435.808117,Solomon Islands,PAS,SAP,South-East Asia and developing Pacific
SLB,1990,214877638.375504,Solomon Islands,PAS,SAP,South-East Asia and developing Pacific
SLB,1991,227540473.340087,Solomon Islands,PAS,SAP,South-East Asia and developing Pacific
SLB,1992,269034595.812985,Solomon Islands,PAS,SAP,South-East Asia and developing Pacific
SLB,1993,300746329.680442,Solomon Islands,PAS,SAP,South-East Asia and developing Pacific
SLB,1994,402836964.475154,Solomon Islands,PAS,SAP,South-East Asia and developing Pacific
SLB,1995,469443201.503274,Solomon Islands,PAS,SAP,South-East Asia and developing Pacific
SLB,1996,510586382.467644,Solomon Islands,PAS,SAP,South-East Asia and developing Pacific
SLB,1997,526554053.175437,Solomon Islands,PAS,SAP,South-East Asia and developing Pacific
SLB,1998,457579824.388508,Solomon Islands,PAS,SAP,South-East Asia and developing Pacific
SLB,1999,488024547.992772,Solomon Islands,PAS,SAP,South-East Asia and developing Pacific
SLB,2000,419842687.977845,Solomon Islands,PAS,SAP,South-East Asia and developing Pacific
SLB,2001,409508556.613392,Solomon Islands,PAS,SAP,South-East Asia and developing Pacific
SLB,2002,346406733.603556,Solomon Islands,PAS,SAP,South-East Asia and developing Pacific
SLB,2003,417668997.397615,Solomon Islands,PAS,SAP,South-East Asia and developing Pacific
SLB,2004,468005324.460339,Solomon Islands,PAS,SAP,South-East Asia and developing Pacific
SLB,2005,552864568.402293,Solomon Islands,PAS,SAP,South-East Asia and developing Pacific
SLB,2006,617258127.221057,Solomon Islands,PAS,SAP,South-East Asia and developing Pacific
SLB,2007,695295347.621537,Solomon Islands,PAS,SAP,South-East Asia and developing Pacific
SLB,2008,776337725.194945,Solomon Islands,PAS,SAP,South-East Asia and developing Pacific
SLB,2009,805557595.915601,Solomon Islands,PAS,SAP,South-East Asia and developing Pacific
SLB,2010,898133646.578352,Solomon Islands,PAS,SAP,South-East Asia and developing Pacific
SLB,2011,1063895356.50841,Solomon Islands,PAS,SAP,South-East Asia and developing Pacific
SLB,2012,1185283421.976,Solomon Islands,PAS,SAP,South-East Asia and developing Pacific
SLB,2013,1285911568.51452,Solomon Islands,PAS,SAP,South-East Asia and developing Pacific
SLB,2014,1335571356.68714,Solomon Islands,PAS,SAP,South-East Asia and developing Pacific
SLB,2015,1307909891.29375,Solomon Islands,PAS,SAP,South-East Asia and developing Pacific
SLB,2016,1379490315.02286,Solomon Islands,PAS,SAP,South-East Asia and developing Pacific
SLB,2017,1469789050.30851,Solomon Islands,PAS,SAP,South-East Asia and developing Pacific
SLB,2018,1615478421.45974,Solomon Islands,PAS,SAP,South-East Asia and developing Pacific
SLB,2019,1619154958.40233,Solomon Islands,PAS,SAP,South-East Asia and developing Pacific
THA,1989,72250747142.1734,Thailand,PAS,SAP,South-East Asia and developing Pacific
THA,1990,85343189320.7519,Thailand,PAS,SAP,South-East Asia and developing Pacific
THA,1991,98234713407.7323,Thailand,PAS,SAP,South-East Asia and developing Pacific
THA,1992,111452745855.989,Thailand,PAS,SAP,South-East Asia and developing Pacific
THA,1993,128889262554.627,Thailand,PAS,SAP,South-East Asia and developing Pacific
THA,1994,146683779608.917,Thailand,PAS,SAP,South-East Asia and developing Pacific
THA,1995,169278918603.436,Thailand,PAS,SAP,South-East Asia and developing Pacific
THA,1996,183035238433.438,Thailand,PAS,SAP,South-East Asia and developing Pacific
THA,1997,150180454390.446,Thailand,PAS,SAP,South-East Asia and developing Pacific
THA,1998,113675595413.496,Thailand,PAS,SAP,South-East Asia and developing Pacific
THA,1999,126669212337.245,Thailand,PAS,SAP,South-East Asia and developing Pacific
THA,2000,126392223203.461,Thailand,PAS,SAP,South-East Asia and developing Pacific
THA,2001,120296476180.402,Thailand,PAS,SAP,South-East Asia and developing Pacific
THA,2002,134300903357.962,Thailand,PAS,SAP,South-East Asia and developing Pacific
THA,2003,152280616469.478,Thailand,PAS,SAP,South-East Asia and developing Pacific
THA,2004,172895685509.275,Thailand,PAS,SAP,South-East Asia and developing Pacific
THA,2005,189318407487.959,Thailand,PAS,SAP,South-East Asia and developing Pacific
THA,2006,221758294724.764,Thailand,PAS,SAP,South-East Asia and developing Pacific
THA,2007,262942624565.273,Thailand,PAS,SAP,South-East Asia and developing Pacific
THA,2008,291382985568.988,Thailand,PAS,SAP,South-East Asia and developing Pacific
THA,2009,281710629173.199,Thailand,PAS,SAP,South-East Asia and developing Pacific
THA,2010,341104766329.17,Thailand,PAS,SAP,South-East Asia and developing Pacific
THA,2011,370818735569.86,Thailand,PAS,SAP,South-East Asia and developing Pacific
THA,2012,397558329541.972,Thailand,PAS,SAP,South-East Asia and developing Pacific
THA,2013,420333659152.573,Thailand,PAS,SAP,South-East Asia and developing Pacific
THA,2014,407339036017.221,Thailand,PAS,SAP,South-East Asia and developing Pacific
THA,2015,401296242133.903,Thailand,PAS,SAP,South-East Asia and developing Pacific
THA,2016,413366345843.744,Thailand,PAS,SAP,South-East Asia and developing Pacific
THA,2017,456356812774.563,Thailand,PAS,SAP,South-East Asia and developing Pacific
THA,2018,506754212432.991,Thailand,PAS,SAP,South-East Asia and developing Pacific
THA,2019,543976695638.812,Thailand,PAS,SAP,South-East Asia and developing Pacific
TLS,1989,NA,Timor-Leste,PAS,SAP,South-East Asia and developing Pacific
TLS,1990,NA,Timor-Leste,PAS,SAP,South-East Asia and developing Pacific
TLS,1991,NA,Timor-Leste,PAS,SAP,South-East Asia and developing Pacific
TLS,1992,NA,Timor-Leste,PAS,SAP,South-East Asia and developing Pacific
TLS,1993,NA,Timor-Leste,PAS,SAP,South-East Asia and developing Pacific
TLS,1994,NA,Timor-Leste,PAS,SAP,South-East Asia and developing Pacific
TLS,1995,NA,Timor-Leste,PAS,SAP,South-East Asia and developing Pacific
TLS,1996,NA,Timor-Leste,PAS,SAP,South-East Asia and developing Pacific
TLS,1997,NA,Timor-Leste,PAS,SAP,South-East Asia and developing Pacific
TLS,1998,NA,Timor-Leste,PAS,SAP,South-East Asia and developing Pacific
TLS,1999,NA,Timor-Leste,PAS,SAP,South-East Asia and developing Pacific
TLS,2000,367087900,Timor-Leste,PAS,SAP,South-East Asia and developing Pacific
TLS,2001,477443500,Timor-Leste,PAS,SAP,South-East Asia and developing Pacific
TLS,2002,469506700,Timor-Leste,PAS,SAP,South-East Asia and developing Pacific
TLS,2003,490439100,Timor-Leste,PAS,SAP,South-East Asia and developing Pacific
TLS,2004,440764600,Timor-Leste,PAS,SAP,South-East Asia and developing Pacific
TLS,2005,462283600,Timor-Leste,PAS,SAP,South-East Asia and developing Pacific
TLS,2006,453805100,Timor-Leste,PAS,SAP,South-East Asia and developing Pacific
TLS,2007,542795400,Timor-Leste,PAS,SAP,South-East Asia and developing Pacific
TLS,2008,648492700,Timor-Leste,PAS,SAP,South-East Asia and developing Pacific
TLS,2009,726882400,Timor-Leste,PAS,SAP,South-East Asia and developing Pacific
TLS,2010,881827800,Timor-Leste,PAS,SAP,South-East Asia and developing Pacific
TLS,2011,1042411500,Timor-Leste,PAS,SAP,South-East Asia and developing Pacific
TLS,2012,1160389600,Timor-Leste,PAS,SAP,South-East Asia and developing Pacific
TLS,2013,1395519600,Timor-Leste,PAS,SAP,South-East Asia and developing Pacific
TLS,2014,1447310400,Timor-Leste,PAS,SAP,South-East Asia and developing Pacific
TLS,2015,1594447600,Timor-Leste,PAS,SAP,South-East Asia and developing Pacific
TLS,2016,1650619400,Timor-Leste,PAS,SAP,South-East Asia and developing Pacific
TLS,2017,1595724300,Timor-Leste,PAS,SAP,South-East Asia and developing Pacific
TLS,2018,1563887900,Timor-Leste,PAS,SAP,South-East Asia and developing Pacific
TLS,2019,2028551600,Timor-Leste,PAS,SAP,South-East Asia and developing Pacific
TON,1989,106344854.986095,Tonga,PAS,SAP,South-East Asia and developing Pacific
TON,1990,113563821.577404,Tonga,PAS,SAP,South-East Asia and developing Pacific
TON,1991,132201141.446861,Tonga,PAS,SAP,South-East Asia and developing Pacific
TON,1992,137066290.550071,Tonga,PAS,SAP,South-East Asia and developing Pacific
TON,1993,138489884.393064,Tonga,PAS,SAP,South-East Asia and developing Pacific
TON,1994,195990986.21421,Tonga,PAS,SAP,South-East Asia and developing Pacific
TON,1995,208871665.748682,Tonga,PAS,SAP,South-East Asia and developing Pacific
TON,1996,222100576.345483,Tonga,PAS,SAP,South-East Asia and developing Pacific
TON,1997,214991452.314998,Tonga,PAS,SAP,South-East Asia and developing Pacific
TON,1998,191504892.761394,Tonga,PAS,SAP,South-East Asia and developing Pacific
TON,1999,199208752.453675,Tonga,PAS,SAP,South-East Asia and developing Pacific
TON,2000,204848436.577021,Tonga,PAS,SAP,South-East Asia and developing Pacific
TON,2001,181117272.403138,Tonga,PAS,SAP,South-East Asia and developing Pacific
TON,2002,182764299.854513,Tonga,PAS,SAP,South-East Asia and developing Pacific
TON,2003,202246621.151561,Tonga,PAS,SAP,South-East Asia and developing Pacific
TON,2004,230657579.058937,Tonga,PAS,SAP,South-East Asia and developing Pacific
TON,2005,261803692.13042,Tonga,PAS,SAP,South-East Asia and developing Pacific
TON,2006,292230634.197573,Tonga,PAS,SAP,South-East Asia and developing Pacific
TON,2007,298519087.685864,Tonga,PAS,SAP,South-East Asia and developing Pacific
TON,2008,344436494.4047,Tonga,PAS,SAP,South-East Asia and developing Pacific
TON,2009,312377751.087121,Tonga,PAS,SAP,South-East Asia and developing Pacific
TON,2010,366832186.493476,Tonga,PAS,SAP,South-East Asia and developing Pacific
TON,2011,414533045.126956,Tonga,PAS,SAP,South-East Asia and developing Pacific
TON,2012,470705334.756043,Tonga,PAS,SAP,South-East Asia and developing Pacific
TON,2013,450650718.154379,Tonga,PAS,SAP,South-East Asia and developing Pacific
TON,2014,439877675.693345,Tonga,PAS,SAP,South-East Asia and developing Pacific
TON,2015,437003006.744784,Tonga,PAS,SAP,South-East Asia and developing Pacific
TON,2016,420548768.072805,Tonga,PAS,SAP,South-East Asia and developing Pacific
TON,2017,460374252.206137,Tonga,PAS,SAP,South-East Asia and developing Pacific
TON,2018,488906860.874058,Tonga,PAS,SAP,South-East Asia and developing Pacific
TON,2019,512053639.842631,Tonga,PAS,SAP,South-East Asia and developing Pacific
TUV,1989,8824746.23813152,Tuvalu,PAS,SAP,South-East Asia and developing Pacific
TUV,1990,8824746.23813152,Tuvalu,PAS,SAP,South-East Asia and developing Pacific
TUV,1991,9365488.11527636,Tuvalu,PAS,SAP,South-East Asia and developing Pacific
TUV,1992,9742603.63358628,Tuvalu,PAS,SAP,South-East Asia and developing Pacific
TUV,1993,9631024.91567838,Tuvalu,PAS,SAP,South-East Asia and developing Pacific
TUV,1994,10887216.9090252,Tuvalu,PAS,SAP,South-East Asia and developing Pacific
TUV,1995,11025679.5147634,Tuvalu,PAS,SAP,South-East Asia and developing Pacific
TUV,1996,12335200.1648586,Tuvalu,PAS,SAP,South-East Asia and developing Pacific
TUV,1997,12701093.9749737,Tuvalu,PAS,SAP,South-East Asia and developing Pacific
TUV,1998,12757405.7922913,Tuvalu,PAS,SAP,South-East Asia and developing Pacific
TUV,1999,13687141.1058778,Tuvalu,PAS,SAP,South-East Asia and developing Pacific
TUV,2000,15073978.4480759,Tuvalu,PAS,SAP,South-East Asia and developing Pacific
TUV,2001,13964728.7157492,Tuvalu,PAS,SAP,South-East Asia and developing Pacific
TUV,2002,16842677.1707019,Tuvalu,PAS,SAP,South-East Asia and developing Pacific
TUV,2003,19456335.9287725,Tuvalu,PAS,SAP,South-East Asia and developing Pacific
TUV,2004,22798266.5963107,Tuvalu,PAS,SAP,South-East Asia and developing Pacific
TUV,2005,22909973.9844518,Tuvalu,PAS,SAP,South-East Asia and developing Pacific
TUV,2006,24096867.4704455,Tuvalu,PAS,SAP,South-East Asia and developing Pacific
TUV,2007,28450156.7896508,Tuvalu,PAS,SAP,South-East Asia and developing Pacific
TUV,2008,31874425.9457828,Tuvalu,PAS,SAP,South-East Asia and developing Pacific
TUV,2009,28076988.1290938,Tuvalu,PAS,SAP,South-East Asia and developing Pacific
TUV,2010,32105394.1529273,Tuvalu,PAS,SAP,South-East Asia and developing Pacific
TUV,2011,39196949.3440623,Tuvalu,PAS,SAP,South-East Asia and developing Pacific
TUV,2012,39345578.2233767,Tuvalu,PAS,SAP,South-East Asia and developing Pacific
TUV,2013,38615887.0338205,Tuvalu,PAS,SAP,South-East Asia and developing Pacific
TUV,2014,38760972.4230315,Tuvalu,PAS,SAP,South-East Asia and developing Pacific
TUV,2015,36811928.82414,Tuvalu,PAS,SAP,South-East Asia and developing Pacific
TUV,2016,41629064.9653416,Tuvalu,PAS,SAP,South-East Asia and developing Pacific
TUV,2017,45276606.0014551,Tuvalu,PAS,SAP,South-East Asia and developing Pacific
TUV,2018,48015219.9526234,Tuvalu,PAS,SAP,South-East Asia and developing Pacific
TUV,2019,54123195.2727502,Tuvalu,PAS,SAP,South-East Asia and developing Pacific
VNM,1989,6293304974.59403,Vietnam,PAS,SAP,South-East Asia and developing Pacific
VNM,1990,6471740805.56984,Vietnam,PAS,SAP,South-East Asia and developing Pacific
VNM,1991,9613369520.41885,Vietnam,PAS,SAP,South-East Asia and developing Pacific
VNM,1992,9866990236.43587,Vietnam,PAS,SAP,South-East Asia and developing Pacific
VNM,1993,13180953598.1716,Vietnam,PAS,SAP,South-East Asia and developing Pacific
VNM,1994,16286433533.3228,Vietnam,PAS,SAP,South-East Asia and developing Pacific
VNM,1995,20736164458.9505,Vietnam,PAS,SAP,South-East Asia and developing Pacific
VNM,1996,24657470574.7501,Vietnam,PAS,SAP,South-East Asia and developing Pacific
VNM,1997,26843700441.5482,Vietnam,PAS,SAP,South-East Asia and developing Pacific
VNM,1998,27209602050.0452,Vietnam,PAS,SAP,South-East Asia and developing Pacific
VNM,1999,28683659006.7752,Vietnam,PAS,SAP,South-East Asia and developing Pacific
VNM,2000,31172518403.3162,Vietnam,PAS,SAP,South-East Asia and developing Pacific
VNM,2001,32685198809.2947,Vietnam,PAS,SAP,South-East Asia and developing Pacific
VNM,2002,35064105500.8344,Vietnam,PAS,SAP,South-East Asia and developing Pacific
VNM,2003,39552513231.0669,Vietnam,PAS,SAP,South-East Asia and developing Pacific
VNM,2004,45427854693.2554,Vietnam,PAS,SAP,South-East Asia and developing Pacific
VNM,2005,57633255739.4104,Vietnam,PAS,SAP,South-East Asia and developing Pacific
VNM,2006,66371664817.0436,Vietnam,PAS,SAP,South-East Asia and developing Pacific
VNM,2007,77414425532.2452,Vietnam,PAS,SAP,South-East Asia and developing Pacific
VNM,2008,99130304099.1274,Vietnam,PAS,SAP,South-East Asia and developing Pacific
VNM,2009,106014659563.143,Vietnam,PAS,SAP,South-East Asia and developing Pacific
VNM,2010,147201164066.172,Vietnam,PAS,SAP,South-East Asia and developing Pacific
VNM,2011,172595034069.162,Vietnam,PAS,SAP,South-East Asia and developing Pacific
VNM,2012,195590647205.685,Vietnam,PAS,SAP,South-East Asia and developing Pacific
VNM,2013,213708830776.947,Vietnam,PAS,SAP,South-East Asia and developing Pacific
VNM,2014,233451484773.974,Vietnam,PAS,SAP,South-East Asia and developing Pacific
VNM,2015,239258340825.533,Vietnam,PAS,SAP,South-East Asia and developing Pacific
VNM,2016,257096001174.075,Vietnam,PAS,SAP,South-East Asia and developing Pacific
VNM,2017,281353626107.245,Vietnam,PAS,SAP,South-East Asia and developing Pacific
VNM,2018,310106472642.968,Vietnam,PAS,SAP,South-East Asia and developing Pacific
VNM,2019,334365257920.289,Vietnam,PAS,SAP,South-East Asia and developing Pacific
VUT,1989,154013202.116475,Vanuatu,PAS,SAP,South-East Asia and developing Pacific
VUT,1990,168879207.244148,Vanuatu,PAS,SAP,South-East Asia and developing Pacific
VUT,1991,201334169.054441,Vanuatu,PAS,SAP,South-East Asia and developing Pacific
VUT,1992,209088824.608438,Vanuatu,PAS,SAP,South-East Asia and developing Pacific
VUT,1993,200491853.167847,Vanuatu,PAS,SAP,South-East Asia and developing Pacific
VUT,1994,233701301.490486,Vanuatu,PAS,SAP,South-East Asia and developing Pacific
VUT,1995,249333250.082507,Vanuatu,PAS,SAP,South-East Asia and developing Pacific
VUT,1996,261370044.486614,Vanuatu,PAS,SAP,South-East Asia and developing Pacific
VUT,1997,272771209.113662,Vanuatu,PAS,SAP,South-East Asia and developing Pacific
VUT,1998,262293410.708334,Vanuatu,PAS,SAP,South-East Asia and developing Pacific
VUT,1999,268006972.690296,Vanuatu,PAS,SAP,South-East Asia and developing Pacific
VUT,2000,272014627.17652,Vanuatu,PAS,SAP,South-East Asia and developing Pacific
VUT,2001,257926881.72043,Vanuatu,PAS,SAP,South-East Asia and developing Pacific
VUT,2002,262596534.920198,Vanuatu,PAS,SAP,South-East Asia and developing Pacific
VUT,2003,314471413.859657,Vanuatu,PAS,SAP,South-East Asia and developing Pacific
VUT,2004,364996869.129618,Vanuatu,PAS,SAP,South-East Asia and developing Pacific
VUT,2005,394962431.824251,Vanuatu,PAS,SAP,South-East Asia and developing Pacific
VUT,2006,439358585.211911,Vanuatu,PAS,SAP,South-East Asia and developing Pacific
VUT,2007,516392922.513728,Vanuatu,PAS,SAP,South-East Asia and developing Pacific
VUT,2008,590748431.345135,Vanuatu,PAS,SAP,South-East Asia and developing Pacific
VUT,2009,592622317.295008,Vanuatu,PAS,SAP,South-East Asia and developing Pacific
VUT,2010,670712977.374943,Vanuatu,PAS,SAP,South-East Asia and developing Pacific
VUT,2011,770153591.088177,Vanuatu,PAS,SAP,South-East Asia and developing Pacific
VUT,2012,747839697.746593,Vanuatu,PAS,SAP,South-East Asia and developing Pacific
VUT,2013,758304466.245339,Vanuatu,PAS,SAP,South-East Asia and developing Pacific
VUT,2014,772315986.470477,Vanuatu,PAS,SAP,South-East Asia and developing Pacific
VUT,2015,730870805.20235,Vanuatu,PAS,SAP,South-East Asia and developing Pacific
VUT,2016,780889605.899977,Vanuatu,PAS,SAP,South-East Asia and developing Pacific
VUT,2017,880061830.96959,Vanuatu,PAS,SAP,South-East Asia and developing Pacific
VUT,2018,914736985.430944,Vanuatu,PAS,SAP,South-East Asia and developing Pacific
VUT,2019,936526267.622513,Vanuatu,PAS,SAP,South-East Asia and developing Pacific
WSM,1989,122888609.715243,Samoa,PAS,SAP,South-East Asia and developing Pacific
WSM,1990,125766269.755358,Samoa,PAS,SAP,South-East Asia and developing Pacific
WSM,1991,125597205.422315,Samoa,PAS,SAP,South-East Asia and developing Pacific
WSM,1992,132303041.36253,Samoa,PAS,SAP,South-East Asia and developing Pacific
WSM,1993,133122897.196262,Samoa,PAS,SAP,South-East Asia and developing Pacific
WSM,1994,221098106.508876,Samoa,PAS,SAP,South-East Asia and developing Pacific
WSM,1995,224865731.381903,Samoa,PAS,SAP,South-East Asia and developing Pacific
WSM,1996,249907893.815192,Samoa,PAS,SAP,South-East Asia and developing Pacific
WSM,1997,285475620.929503,Samoa,PAS,SAP,South-East Asia and developing Pacific
WSM,1998,269485284.955621,Samoa,PAS,SAP,South-East Asia and developing Pacific
WSM,1999,255408053.16629,Samoa,PAS,SAP,South-East Asia and developing Pacific
WSM,2000,258856139.798489,Samoa,PAS,SAP,South-East Asia and developing Pacific
WSM,2001,266299591.479428,Samoa,PAS,SAP,South-East Asia and developing Pacific
WSM,2002,281790139.027035,Samoa,PAS,SAP,South-East Asia and developing Pacific
WSM,2003,333426144.540765,Samoa,PAS,SAP,South-East Asia and developing Pacific
WSM,2004,407747521.116429,Samoa,PAS,SAP,South-East Asia and developing Pacific
WSM,2005,476801793.159429,Samoa,PAS,SAP,South-East Asia and developing Pacific
WSM,2006,499923757.780736,Samoa,PAS,SAP,South-East Asia and developing Pacific
WSM,2007,573548459.833372,Samoa,PAS,SAP,South-East Asia and developing Pacific
WSM,2008,641346191.664776,Samoa,PAS,SAP,South-East Asia and developing Pacific
WSM,2009,628006115.424052,Samoa,PAS,SAP,South-East Asia and developing Pacific
WSM,2010,680260919.878945,Samoa,PAS,SAP,South-East Asia and developing Pacific
WSM,2011,744096948.492259,Samoa,PAS,SAP,South-East Asia and developing Pacific
WSM,2012,773141695.14845,Samoa,PAS,SAP,South-East Asia and developing Pacific
WSM,2013,797736265.919418,Samoa,PAS,SAP,South-East Asia and developing Pacific
WSM,2014,796683672.75348,Samoa,PAS,SAP,South-East Asia and developing Pacific
WSM,2015,824150487.210566,Samoa,PAS,SAP,South-East Asia and developing Pacific
WSM,2016,843924750.673535,Samoa,PAS,SAP,South-East Asia and developing Pacific
WSM,2017,884844419.778891,Samoa,PAS,SAP,South-East Asia and developing Pacific
WSM,2018,878448439.453724,Samoa,PAS,SAP,South-East Asia and developing Pacific
WSM,2019,912950619.371868,Samoa,PAS,SAP,South-East Asia and developing Pacific
AFG,1989,NA,Afghanistan,SAS,SAS,Southern Asia
AFG,1990,NA,Afghanistan,SAS,SAS,Southern Asia
AFG,1991,NA,Afghanistan,SAS,SAS,Southern Asia
AFG,1992,NA,Afghanistan,SAS,SAS,Southern Asia
AFG,1993,NA,Afghanistan,SAS,SAS,Southern Asia
AFG,1994,NA,Afghanistan,SAS,SAS,Southern Asia
AFG,1995,NA,Afghanistan,SAS,SAS,Southern Asia
AFG,1996,NA,Afghanistan,SAS,SAS,Southern Asia
AFG,1997,NA,Afghanistan,SAS,SAS,Southern Asia
AFG,1998,NA,Afghanistan,SAS,SAS,Southern Asia
AFG,1999,NA,Afghanistan,SAS,SAS,Southern Asia
AFG,2000,NA,Afghanistan,SAS,SAS,Southern Asia
AFG,2001,NA,Afghanistan,SAS,SAS,Southern Asia
AFG,2002,3854235264.37171,Afghanistan,SAS,SAS,Southern Asia
AFG,2003,4539496562.95373,Afghanistan,SAS,SAS,Southern Asia
AFG,2004,5220825048.64637,Afghanistan,SAS,SAS,Southern Asia
AFG,2005,6226198934.83329,Afghanistan,SAS,SAS,Southern Asia
AFG,2006,6971383338.70803,Afghanistan,SAS,SAS,Southern Asia
AFG,2007,9715765105.48016,Afghanistan,SAS,SAS,Southern Asia
AFG,2008,10249770318.5697,Afghanistan,SAS,SAS,Southern Asia
AFG,2009,12154835707.8987,Afghanistan,SAS,SAS,Southern Asia
AFG,2010,15633843661.8051,Afghanistan,SAS,SAS,Southern Asia
AFG,2011,18190413831.9037,Afghanistan,SAS,SAS,Southern Asia
AFG,2012,20203572959.5023,Afghanistan,SAS,SAS,Southern Asia
AFG,2013,20564485419.1684,Afghanistan,SAS,SAS,Southern Asia
AFG,2014,20550582746.8448,Afghanistan,SAS,SAS,Southern Asia
AFG,2015,19998143635.873,Afghanistan,SAS,SAS,Southern Asia
AFG,2016,18019554403.4503,Afghanistan,SAS,SAS,Southern Asia
AFG,2017,18896353155.8839,Afghanistan,SAS,SAS,Southern Asia
AFG,2018,18418860354.4238,Afghanistan,SAS,SAS,Southern Asia
AFG,2019,18904502222.2108,Afghanistan,SAS,SAS,Southern Asia
BGD,1989,28781714763.8909,Bangladesh,SAS,SAS,Southern Asia
BGD,1990,31598341233.463,Bangladesh,SAS,SAS,Southern Asia
BGD,1991,30957483949.5798,Bangladesh,SAS,SAS,Southern Asia
BGD,1992,31708874594.1645,Bangladesh,SAS,SAS,Southern Asia
BGD,1993,33166519417.9894,Bangladesh,SAS,SAS,Southern Asia
BGD,1994,33768660882.793,Bangladesh,SAS,SAS,Southern Asia
BGD,1995,37939748768.6567,Bangladesh,SAS,SAS,Southern Asia
BGD,1996,46438484107.5795,Bangladesh,SAS,SAS,Southern Asia
BGD,1997,48244309133.4895,Bangladesh,SAS,SAS,Southern Asia
BGD,1998,49984559471.3656,Bangladesh,SAS,SAS,Southern Asia
BGD,1999,51270569883.5275,Bangladesh,SAS,SAS,Southern Asia
BGD,2000,53369787318.6245,Bangladesh,SAS,SAS,Southern Asia
BGD,2001,53991289844.3291,Bangladesh,SAS,SAS,Southern Asia
BGD,2002,54724081490.5102,Bangladesh,SAS,SAS,Southern Asia
BGD,2003,60158929188.2556,Bangladesh,SAS,SAS,Southern Asia
BGD,2004,65108544250.0425,Bangladesh,SAS,SAS,Southern Asia
BGD,2005,69442943089.4309,Bangladesh,SAS,SAS,Southern Asia
BGD,2006,71819083683.7403,Bangladesh,SAS,SAS,Southern Asia
BGD,2007,79611888213.148,Bangladesh,SAS,SAS,Southern Asia
BGD,2008,91631278239.3237,Bangladesh,SAS,SAS,Southern Asia
BGD,2009,102477779060.302,Bangladesh,SAS,SAS,Southern Asia
BGD,2010,115279077465.226,Bangladesh,SAS,SAS,Southern Asia
BGD,2011,128637983882.833,Bangladesh,SAS,SAS,Southern Asia
BGD,2012,133355819704.936,Bangladesh,SAS,SAS,Southern Asia
BGD,2013,149990529207.544,Bangladesh,SAS,SAS,Southern Asia
BGD,2014,172885432686.945,Bangladesh,SAS,SAS,Southern Asia
BGD,2015,195078574089.067,Bangladesh,SAS,SAS,Southern Asia
BGD,2016,265236389198.948,Bangladesh,SAS,SAS,Southern Asia
BGD,2017,293754769935.148,Bangladesh,SAS,SAS,Southern Asia
BGD,2018,321379163135.647,Bangladesh,SAS,SAS,Southern Asia
BGD,2019,351238397263.802,Bangladesh,SAS,SAS,Southern Asia
BTN,1989,264798626.162522,Bhutan,SAS,SAS,Southern Asia
BTN,1990,287765007.10715,Bhutan,SAS,SAS,Southern Asia
BTN,1991,240294282.493958,Bhutan,SAS,SAS,Southern Asia
BTN,1992,240233528.070813,Bhutan,SAS,SAS,Southern Asia
BTN,1993,225973695.307301,Bhutan,SAS,SAS,Southern Asia
BTN,1994,258954703.921599,Bhutan,SAS,SAS,Southern Asia
BTN,1995,290490986.801873,Bhutan,SAS,SAS,Southern Asia
BTN,1996,303408342.7658,Bhutan,SAS,SAS,Southern Asia
BTN,1997,352229078.324249,Bhutan,SAS,SAS,Southern Asia
BTN,1998,363458380.903342,Bhutan,SAS,SAS,Southern Asia
BTN,1999,399311196.41631,Bhutan,SAS,SAS,Southern Asia
BTN,2000,424448931.007248,Bhutan,SAS,SAS,Southern Asia
BTN,2001,461479580.18354,Bhutan,SAS,SAS,Southern Asia
BTN,2002,520846131.727551,Bhutan,SAS,SAS,Southern Asia
BTN,2003,603999372.378586,Bhutan,SAS,SAS,Southern Asia
BTN,2004,682577073.528827,Bhutan,SAS,SAS,Southern Asia
BTN,2005,796938571.960642,Bhutan,SAS,SAS,Southern Asia
BTN,2006,874989734.663935,Bhutan,SAS,SAS,Southern Asia
BTN,2007,1168307574.79508,Bhutan,SAS,SAS,Southern Asia
BTN,2008,1227809261.04208,Bhutan,SAS,SAS,Southern Asia
BTN,2009,1234015141.60305,Bhutan,SAS,SAS,Southern Asia
BTN,2010,1547990907.46305,Bhutan,SAS,SAS,Southern Asia
BTN,2011,1777102585.93229,Bhutan,SAS,SAS,Southern Asia
BTN,2012,1781280170.44296,Bhutan,SAS,SAS,Southern Asia
BTN,2013,1756214303.92609,Bhutan,SAS,SAS,Southern Asia
BTN,2014,1907090361.57887,Bhutan,SAS,SAS,Southern Asia
BTN,2015,2003596824.31099,Bhutan,SAS,SAS,Southern Asia
BTN,2016,2158971717.50418,Bhutan,SAS,SAS,Southern Asia
BTN,2017,2450366107.88229,Bhutan,SAS,SAS,Southern Asia
BTN,2018,2446867582.27133,Bhutan,SAS,SAS,Southern Asia
BTN,2019,2535655609.45889,Bhutan,SAS,SAS,Southern Asia
IND,1989,296042058867.01,India,SAS,SAS,Southern Asia
IND,1990,320979026420.035,India,SAS,SAS,Southern Asia
IND,1991,270105341879.226,India,SAS,SAS,Southern Asia
IND,1992,288208066640.584,India,SAS,SAS,Southern Asia
IND,1993,279295644530.09,India,SAS,SAS,Southern Asia
IND,1994,327275583539.559,India,SAS,SAS,Southern Asia
IND,1995,360281907854.994,India,SAS,SAS,Southern Asia
IND,1996,392896860670.885,India,SAS,SAS,Southern Asia
IND,1997,415867567334.185,India,SAS,SAS,Southern Asia
IND,1998,421351318896.874,India,SAS,SAS,Southern Asia
IND,1999,458820417337.807,India,SAS,SAS,Southern Asia
IND,2000,468394937262.37,India,SAS,SAS,Southern Asia
IND,2001,485441014538.638,India,SAS,SAS,Southern Asia
IND,2002,514937948870.08,India,SAS,SAS,Southern Asia
IND,2003,607699285433.872,India,SAS,SAS,Southern Asia
IND,2004,709148514804.659,India,SAS,SAS,Southern Asia
IND,2005,820381595512.902,India,SAS,SAS,Southern Asia
IND,2006,940259888792.141,India,SAS,SAS,Southern Asia
IND,2007,1216736448906.29,India,SAS,SAS,Southern Asia
IND,2008,1198895147694.77,India,SAS,SAS,Southern Asia
IND,2009,1341888016988.57,India,SAS,SAS,Southern Asia
IND,2010,1675615502766.2,India,SAS,SAS,Southern Asia
IND,2011,1823051829894.55,India,SAS,SAS,Southern Asia
IND,2012,1827637579584.79,India,SAS,SAS,Southern Asia
IND,2013,1856721494834.64,India,SAS,SAS,Southern Asia
IND,2014,2039126469963.35,India,SAS,SAS,Southern Asia
IND,2015,2103588347241.77,India,SAS,SAS,Southern Asia
IND,2016,2294796889945.04,India,SAS,SAS,Southern Asia
IND,2017,2651474263257.15,India,SAS,SAS,Southern Asia
IND,2018,2702929639861.5,India,SAS,SAS,Southern Asia
IND,2019,2835606242052.48,India,SAS,SAS,Southern Asia
LKA,1989,6987267683.77254,Sri Lanka,SAS,SAS,Southern Asia
LKA,1990,8032551173.24014,Sri Lanka,SAS,SAS,Southern Asia
LKA,1991,9000362581.58086,Sri Lanka,SAS,SAS,Southern Asia
LKA,1992,9703011635.86585,Sri Lanka,SAS,SAS,Southern Asia
LKA,1993,10338679635.7616,Sri Lanka,SAS,SAS,Southern Asia
LKA,1994,11717604208.8223,Sri Lanka,SAS,SAS,Southern Asia
LKA,1995,13029697560.9756,Sri Lanka,SAS,SAS,Southern Asia
LKA,1996,13897738375.2488,Sri Lanka,SAS,SAS,Southern Asia
LKA,1997,15091913883.7091,Sri Lanka,SAS,SAS,Southern Asia
LKA,1998,15794972847.1683,Sri Lanka,SAS,SAS,Southern Asia
LKA,1999,15656327859.5696,Sri Lanka,SAS,SAS,Southern Asia
LKA,2000,16330814179.9766,Sri Lanka,SAS,SAS,Southern Asia
LKA,2001,15749753804.8344,Sri Lanka,SAS,SAS,Southern Asia
LKA,2002,16536535647.0834,Sri Lanka,SAS,SAS,Southern Asia
LKA,2003,18881765437.2151,Sri Lanka,SAS,SAS,Southern Asia
LKA,2004,20662525941.2985,Sri Lanka,SAS,SAS,Southern Asia
LKA,2005,24405791044.7761,Sri Lanka,SAS,SAS,Southern Asia
LKA,2006,28279802451.2714,Sri Lanka,SAS,SAS,Southern Asia
LKA,2007,32350238662.9452,Sri Lanka,SAS,SAS,Southern Asia
LKA,2008,40713826320.5023,Sri Lanka,SAS,SAS,Southern Asia
LKA,2009,42066223971.0169,Sri Lanka,SAS,SAS,Southern Asia
LKA,2010,58636160848.9497,Sri Lanka,SAS,SAS,Southern Asia
LKA,2011,67753284134.9913,Sri Lanka,SAS,SAS,Southern Asia
LKA,2012,70447217163.6167,Sri Lanka,SAS,SAS,Southern Asia
LKA,2013,77000578207.3909,Sri Lanka,SAS,SAS,Southern Asia
LKA,2014,82528535572.5429,Sri Lanka,SAS,SAS,Southern Asia
LKA,2015,85140955516.7505,Sri Lanka,SAS,SAS,Southern Asia
LKA,2016,88012281909.7522,Sri Lanka,SAS,SAS,Southern Asia
LKA,2017,94376237831.5778,Sri Lanka,SAS,SAS,Southern Asia
LKA,2018,94493871351.4217,Sri Lanka,SAS,SAS,Southern Asia
LKA,2019,89014978319.0703,Sri Lanka,SAS,SAS,Southern Asia
MDV,1989,189514434.244,Maldives,SAS,SAS,Southern Asia
MDV,1990,215043969.849246,Maldives,SAS,SAS,Southern Asia
MDV,1991,244396761.92334,Maldives,SAS,SAS,Southern Asia
MDV,1992,284875818.024126,Maldives,SAS,SAS,Southern Asia
MDV,1993,322417837.161971,Maldives,SAS,SAS,Southern Asia
MDV,1994,356014932.136461,Maldives,SAS,SAS,Southern Asia
MDV,1995,398988954.970263,Maldives,SAS,SAS,Southern Asia
MDV,1996,450382327.952421,Maldives,SAS,SAS,Southern Asia
MDV,1997,508223602.378929,Maldives,SAS,SAS,Southern Asia
MDV,1998,540096397.621071,Maldives,SAS,SAS,Southern Asia
MDV,1999,589239753.610875,Maldives,SAS,SAS,Southern Asia
MDV,2000,624337145.284622,Maldives,SAS,SAS,Southern Asia
MDV,2001,870031653.109155,Maldives,SAS,SAS,Southern Asia
MDV,2002,897031250,Maldives,SAS,SAS,Southern Asia
MDV,2003,1052121054.6875,Maldives,SAS,SAS,Southern Asia
MDV,2004,1226829562.5,Maldives,SAS,SAS,Southern Asia
MDV,2005,1163362437.5,Maldives,SAS,SAS,Southern Asia
MDV,2006,1575200390.625,Maldives,SAS,SAS,Southern Asia
MDV,2007,1868383460.9375,Maldives,SAS,SAS,Southern Asia
MDV,2008,2271646187.5,Maldives,SAS,SAS,Southern Asia
MDV,2009,2345294875,Maldives,SAS,SAS,Southern Asia
MDV,2010,2588176054.6875,Maldives,SAS,SAS,Southern Asia
MDV,2011,2774350163.34773,Maldives,SAS,SAS,Southern Asia
MDV,2012,2886163937.77963,Maldives,SAS,SAS,Southern Asia
MDV,2013,3295009231.00739,Maldives,SAS,SAS,Southern Asia
MDV,2014,3697353155.04883,Maldives,SAS,SAS,Southern Asia
MDV,2015,4109416450.22514,Maldives,SAS,SAS,Southern Asia
MDV,2016,4379134272.943,Maldives,SAS,SAS,Southern Asia
MDV,2017,4754185598.8417,Maldives,SAS,SAS,Southern Asia
MDV,2018,5300949822.99805,Maldives,SAS,SAS,Southern Asia
MDV,2019,5609385433.592,Maldives,SAS,SAS,Southern Asia
NPL,1989,3525225832.99053,Nepal,SAS,SAS,Southern Asia
NPL,1990,3627560281.90505,Nepal,SAS,SAS,Southern Asia
NPL,1991,3921476084.89072,Nepal,SAS,SAS,Southern Asia
NPL,1992,3401211581.29176,Nepal,SAS,SAS,Southern Asia
NPL,1993,3660041666.66667,Nepal,SAS,SAS,Southern Asia
NPL,1994,4066775510.20408,Nepal,SAS,SAS,Southern Asia
NPL,1995,4401104417.67068,Nepal,SAS,SAS,Southern Asia
NPL,1996,4521580381.47139,Nepal,SAS,SAS,Southern Asia
NPL,1997,4918691916.53516,Nepal,SAS,SAS,Southern Asia
NPL,1998,4856255044.39064,Nepal,SAS,SAS,Southern Asia
NPL,1999,5033642384.10596,Nepal,SAS,SAS,Southern Asia
NPL,2000,5494252207.90502,Nepal,SAS,SAS,Southern Asia
NPL,2001,6007055042.17687,Nepal,SAS,SAS,Southern Asia
NPL,2002,6050875806.66403,Nepal,SAS,SAS,Southern Asia
NPL,2003,6330473096.54071,Nepal,SAS,SAS,Southern Asia
NPL,2004,7273938314.71988,Nepal,SAS,SAS,Southern Asia
NPL,2005,8130258415.29215,Nepal,SAS,SAS,Southern Asia
NPL,2006,9043715355.8881,Nepal,SAS,SAS,Southern Asia
NPL,2007,10325618017.379,Nepal,SAS,SAS,Southern Asia
NPL,2008,12545438605.3959,Nepal,SAS,SAS,Southern Asia
NPL,2009,12854985464.0764,Nepal,SAS,SAS,Southern Asia
NPL,2010,16002656434.4746,Nepal,SAS,SAS,Southern Asia
NPL,2011,21573872273.6695,Nepal,SAS,SAS,Southern Asia
NPL,2012,21703100746.8206,Nepal,SAS,SAS,Southern Asia
NPL,2013,22162205045.9731,Nepal,SAS,SAS,Southern Asia
NPL,2014,22731612827.3458,Nepal,SAS,SAS,Southern Asia
NPL,2015,24360801338.0543,Nepal,SAS,SAS,Southern Asia
NPL,2016,24524109484.7453,Nepal,SAS,SAS,Southern Asia
NPL,2017,28971588880.8208,Nepal,SAS,SAS,Southern Asia
NPL,2018,33111525182.7133,Nepal,SAS,SAS,Southern Asia
NPL,2019,34186180694.9285,Nepal,SAS,SAS,Southern Asia
PAK,1989,40171105580.1973,Pakistan,SAS,SAS,Southern Asia
PAK,1990,40010423970.4576,Pakistan,SAS,SAS,Southern Asia
PAK,1991,45625336680.2047,Pakistan,SAS,SAS,Southern Asia
PAK,1992,48884672605.0356,Pakistan,SAS,SAS,Southern Asia
PAK,1993,51809999353.1614,Pakistan,SAS,SAS,Southern Asia
PAK,1994,52293471392.5867,Pakistan,SAS,SAS,Southern Asia
PAK,1995,60636071684.1918,Pakistan,SAS,SAS,Southern Asia
PAK,1996,63320170084.4076,Pakistan,SAS,SAS,Southern Asia
PAK,1997,62433340468.0228,Pakistan,SAS,SAS,Southern Asia
PAK,1998,62191955814.3478,Pakistan,SAS,SAS,Southern Asia
PAK,1999,62973856843.5739,Pakistan,SAS,SAS,Southern Asia
PAK,2000,82017743416.2841,Pakistan,SAS,SAS,Southern Asia
PAK,2001,79484403984.8849,Pakistan,SAS,SAS,Southern Asia
PAK,2002,79904985384.8652,Pakistan,SAS,SAS,Southern Asia
PAK,2003,91760542940.0717,Pakistan,SAS,SAS,Southern Asia
PAK,2004,107759683863.123,Pakistan,SAS,SAS,Southern Asia
PAK,2005,120055291992.938,Pakistan,SAS,SAS,Southern Asia
PAK,2006,137264061106.043,Pakistan,SAS,SAS,Southern Asia
PAK,2007,152385716311.916,Pakistan,SAS,SAS,Southern Asia
PAK,2008,170077814106.305,Pakistan,SAS,SAS,Southern Asia
PAK,2009,168152775283.032,Pakistan,SAS,SAS,Southern Asia
PAK,2010,177165547828.889,Pakistan,SAS,SAS,Southern Asia
PAK,2011,213587517187.669,Pakistan,SAS,SAS,Southern Asia
PAK,2012,224383544087.452,Pakistan,SAS,SAS,Southern Asia
PAK,2013,231218467669.571,Pakistan,SAS,SAS,Southern Asia
PAK,2014,244360858682.762,Pakistan,SAS,SAS,Southern Asia
PAK,2015,270556104886.456,Pakistan,SAS,SAS,Southern Asia
PAK,2016,313629998960.445,Pakistan,SAS,SAS,Southern Asia
PAK,2017,339205536454.445,Pakistan,SAS,SAS,Southern Asia
PAK,2018,356128167702.894,Pakistan,SAS,SAS,Southern Asia
PAK,2019,320909472926.461,Pakistan,SAS,SAS,Southern Asia
