r10,category,pf,ppp,ppp_pf,name,year,rcb,pop_yearto2050
R10AFRICA,PP2015,NA,NA,NA,pp2015,1991,92.94916811490945,76800867546
R10AFRICA,PP2015,NA,NA,NA,pp2015,1992,92.94916811490945,76164605981
R10AFRICA,PP2015,NA,NA,NA,pp2015,1993,92.94916811490945,75511303447
R10AFRICA,PP2015,NA,NA,NA,pp2015,1994,92.94916811490945,74841251376
R10AFRICA,PP2015,NA,NA,NA,pp2015,1995,92.94916811490945,74154457654
R10AFRICA,PP2015,NA,NA,NA,pp2015,1996,92.94916811490945,73450446881
R10AFRICA,PP2015,NA,NA,NA,pp2015,1997,92.94916811490945,72728659829
R10AFRICA,PP2015,NA,NA,NA,pp2015,1998,92.94916811490945,71989137922
R10AFRICA,PP2015,NA,NA,NA,pp2015,1999,92.94916811490945,71231757024
R10AFRICA,PP2015,NA,NA,NA,pp2015,2000,92.94916811490945,70455947767
R10AFRICA,PP2015,NA,NA,NA,pp2015,2001,92.94916811490945,69661125508
R10AFRICA,PP2015,NA,NA,NA,pp2015,2002,92.94916811490945,68846670613
R10AFRICA,PP2015,NA,NA,NA,pp2015,2003,92.94916811490945,68011954795
R10AFRICA,PP2015,NA,NA,NA,pp2015,2004,92.94916811490945,67156364448
R10AFRICA,PP2015,NA,NA,NA,pp2015,2005,92.94916811490945,66279242235
R10AFRICA,PP2015,NA,NA,NA,pp2015,2006,92.94916811490945,65379978748
R10AFRICA,PP2015,NA,NA,NA,pp2015,2007,92.94916811490945,64457869955
R10AFRICA,PP2015,NA,NA,NA,pp2015,2008,92.94916811490945,63512067948
R10AFRICA,PP2015,NA,NA,NA,pp2015,2009,92.94916811490945,62541793291
R10AFRICA,PP2015,NA,NA,NA,pp2015,2010,92.94916811490945,61546271913
R10AFRICA,PP2015,NA,NA,NA,pp2015,2011,92.94916811490945,60524760604
R10AFRICA,PP2015,NA,NA,NA,pp2015,2012,92.94916811490945,59476830918
R10AFRICA,PP2015,NA,NA,NA,pp2015,2013,92.94916811490945,58401743845
R10AFRICA,PP2015,NA,NA,NA,pp2015,2014,92.94916811490945,57298318046
R10AFRICA,PP2015,NA,NA,NA,pp2015,2015,92.94916811490945,56165549753
R10AFRICA,PP2015,NA,NA,NA,pp2015,2016,91.63691865400722,55002610901
R10AFRICA,PP2015,NA,NA,NA,pp2015,2017,90.28899025705196,53809279138
R10AFRICA,PP2015,NA,NA,NA,pp2015,2018,88.92716359854543,52585104529
R10AFRICA,PP2015,NA,NA,NA,pp2015,2019,87.57786721131079,51329519454
R10AFRICA,PP2015,NA,NA,NA,pp2015,2020,86.12864182248293,50042365095
R10AFRICA,PP1990,NA,NA,NA,pp1990,1991,201.11519960864575,76800867546
R10AFRICA,PP1990,NA,NA,NA,pp1990,1992,200.42993983531113,76164605981
R10AFRICA,PP1990,NA,NA,NA,pp1990,1993,199.76565816868353,75511303447
R10AFRICA,PP1990,NA,NA,NA,pp1990,1994,199.06171286652648,74841251376
R10AFRICA,PP1990,NA,NA,NA,pp1990,1995,198.27511386067846,74154457654
R10AFRICA,PP1990,NA,NA,NA,pp1990,1996,197.43431353394703,73450446881
R10AFRICA,PP1990,NA,NA,NA,pp1990,1997,196.5659526788537,72728659829
R10AFRICA,PP1990,NA,NA,NA,pp1990,1998,195.67599218302658,71989137922
R10AFRICA,PP1990,NA,NA,NA,pp1990,1999,194.76739419620841,71231757024
R10AFRICA,PP1990,NA,NA,NA,pp1990,2000,193.87137777815602,70455947767
R10AFRICA,PP1990,NA,NA,NA,pp1990,2001,192.944945711682,69661125508
R10AFRICA,PP1990,NA,NA,NA,pp1990,2002,192.02959291011976,68846670613
R10AFRICA,PP1990,NA,NA,NA,pp1990,2003,191.13453677603846,68011954795
R10AFRICA,PP1990,NA,NA,NA,pp1990,2004,190.15046672592723,67156364448
R10AFRICA,PP1990,NA,NA,NA,pp1990,2005,189.11050402893898,66279242235
R10AFRICA,PP1990,NA,NA,NA,pp1990,2006,188.05264545107335,65379978748
R10AFRICA,PP1990,NA,NA,NA,pp1990,2007,186.96570536809153,64457869955
R10AFRICA,PP1990,NA,NA,NA,pp1990,2008,185.84836554445158,63512067948
R10AFRICA,PP1990,NA,NA,NA,pp1990,2009,184.67838681201852,62541793291
R10AFRICA,PP1990,NA,NA,NA,pp1990,2010,183.51097852818035,61546271913
R10AFRICA,PP1990,NA,NA,NA,pp1990,2011,182.30181797630223,60524760604
R10AFRICA,PP1990,NA,NA,NA,pp1990,2012,181.05291614765747,59476830918
R10AFRICA,PP1990,NA,NA,NA,pp1990,2013,179.80405382053664,58401743845
R10AFRICA,PP1990,NA,NA,NA,pp1990,2014,178.5448452787924,57298318046
R10AFRICA,PP1990,NA,NA,NA,pp1990,2015,177.2071617972923,56165549753
R10AFRICA,PP1990,NA,NA,NA,pp1990,2016,175.89491233638992,55002610901
R10AFRICA,PP1990,NA,NA,NA,pp1990,2017,174.5469839394347,53809279138
R10AFRICA,PP1990,NA,NA,NA,pp1990,2018,173.1851572809282,52585104529
R10AFRICA,PP1990,NA,NA,NA,pp1990,2019,171.83586089369356,51329519454
R10AFRICA,PP1990,NA,NA,NA,pp1990,2020,170.38663550486567,50042365095
R10AFRICA,PP1850,NA,NA,NA,pp1850,1991,340.6489834845046,76800867546
R10AFRICA,PP1850,NA,NA,NA,pp1850,1992,339.9637237111696,76164605981
R10AFRICA,PP1850,NA,NA,NA,pp1850,1993,339.2994420445422,75511303447
R10AFRICA,PP1850,NA,NA,NA,pp1850,1994,338.5954967423851,74841251376
R10AFRICA,PP1850,NA,NA,NA,pp1850,1995,337.8088977365372,74154457654
R10AFRICA,PP1850,NA,NA,NA,pp1850,1996,336.96809740980564,73450446881
R10AFRICA,PP1850,NA,NA,NA,pp1850,1997,336.0997365547123,72728659829
R10AFRICA,PP1850,NA,NA,NA,pp1850,1998,335.20977605888527,71989137922
R10AFRICA,PP1850,NA,NA,NA,pp1850,1999,334.30117807206716,71231757024
R10AFRICA,PP1850,NA,NA,NA,pp1850,2000,333.40516165401465,70455947767
R10AFRICA,PP1850,NA,NA,NA,pp1850,2001,332.47872958754056,69661125508
R10AFRICA,PP1850,NA,NA,NA,pp1850,2002,331.5633767859784,68846670613
R10AFRICA,PP1850,NA,NA,NA,pp1850,2003,330.6683206518971,68011954795
R10AFRICA,PP1850,NA,NA,NA,pp1850,2004,329.6842506017859,67156364448
R10AFRICA,PP1850,NA,NA,NA,pp1850,2005,328.6442879047976,66279242235
R10AFRICA,PP1850,NA,NA,NA,pp1850,2006,327.586429326932,65379978748
R10AFRICA,PP1850,NA,NA,NA,pp1850,2007,326.49948924395,64457869955
R10AFRICA,PP1850,NA,NA,NA,pp1850,2008,325.38214942031027,63512067948
R10AFRICA,PP1850,NA,NA,NA,pp1850,2009,324.2121706878772,62541793291
R10AFRICA,PP1850,NA,NA,NA,pp1850,2010,323.044762404039,61546271913
R10AFRICA,PP1850,NA,NA,NA,pp1850,2011,321.8356018521609,60524760604
R10AFRICA,PP1850,NA,NA,NA,pp1850,2012,320.5867000235162,59476830918
R10AFRICA,PP1850,NA,NA,NA,pp1850,2013,319.33783769639524,58401743845
R10AFRICA,PP1850,NA,NA,NA,pp1850,2014,318.07862915465086,57298318046
R10AFRICA,PP1850,NA,NA,NA,pp1850,2015,316.7409456731509,56165549753
R10AFRICA,PP1850,NA,NA,NA,pp1850,2016,315.42869621224855,55002610901
R10AFRICA,PP1850,NA,NA,NA,pp1850,2017,314.0807678152934,53809279138
R10AFRICA,PP1850,NA,NA,NA,pp1850,2018,312.7189411567868,52585104529
R10AFRICA,PP1850,NA,NA,NA,pp1850,2019,311.3696447695522,51329519454
R10AFRICA,PP1850,NA,NA,NA,pp1850,2020,309.9204193807243,50042365095
R10AFRICA,PP2015adjATP,1/asinh(x),MER,MER_1/asinh(x),pp2015_atp_mer_pf3,1991,98.65053707272082,76800867546
R10AFRICA,PP2015adjATP,1/asinh(x),MER,MER_1/asinh(x),pp2015_atp_mer_pf3,1992,98.74176202829307,76164605981
R10AFRICA,PP2015adjATP,1/asinh(x),MER,MER_1/asinh(x),pp2015_atp_mer_pf3,1993,99.37732016471809,75511303447
R10AFRICA,PP2015adjATP,1/asinh(x),MER,MER_1/asinh(x),pp2015_atp_mer_pf3,1994,100.08415378597225,74841251376
R10AFRICA,PP2015adjATP,1/asinh(x),MER,MER_1/asinh(x),pp2015_atp_mer_pf3,1995,101.11889593721732,74154457654
R10AFRICA,PP2015adjATP,1/asinh(x),MER,MER_1/asinh(x),pp2015_atp_mer_pf3,1996,101.89142456245946,73450446881
R10AFRICA,PP2015adjATP,1/asinh(x),MER,MER_1/asinh(x),pp2015_atp_mer_pf3,1997,102.44462054258112,72728659829
R10AFRICA,PP2015adjATP,1/asinh(x),MER,MER_1/asinh(x),pp2015_atp_mer_pf3,1998,102.86331308525436,71989137922
R10AFRICA,PP2015adjATP,1/asinh(x),MER,MER_1/asinh(x),pp2015_atp_mer_pf3,1999,103.10181034119057,71231757024
R10AFRICA,PP2015adjATP,1/asinh(x),MER,MER_1/asinh(x),pp2015_atp_mer_pf3,2000,103.3797269438889,70455947767
R10AFRICA,PP2015adjATP,1/asinh(x),MER,MER_1/asinh(x),pp2015_atp_mer_pf3,2001,103.47862970818184,69661125508
R10AFRICA,PP2015adjATP,1/asinh(x),MER,MER_1/asinh(x),pp2015_atp_mer_pf3,2002,103.71657991215086,68846670613
R10AFRICA,PP2015adjATP,1/asinh(x),MER,MER_1/asinh(x),pp2015_atp_mer_pf3,2003,103.86909932578723,68011954795
R10AFRICA,PP2015adjATP,1/asinh(x),MER,MER_1/asinh(x),pp2015_atp_mer_pf3,2004,104.02862159716511,67156364448
R10AFRICA,PP2015adjATP,1/asinh(x),MER,MER_1/asinh(x),pp2015_atp_mer_pf3,2005,104.15460847529663,66279242235
R10AFRICA,PP2015adjATP,1/asinh(x),MER,MER_1/asinh(x),pp2015_atp_mer_pf3,2006,104.21768241145399,65379978748
R10AFRICA,PP2015adjATP,1/asinh(x),MER,MER_1/asinh(x),pp2015_atp_mer_pf3,2007,104.20689632261302,64457869955
R10AFRICA,PP2015adjATP,1/asinh(x),MER,MER_1/asinh(x),pp2015_atp_mer_pf3,2008,104.25508953699004,63512067948
R10AFRICA,PP2015adjATP,1/asinh(x),MER,MER_1/asinh(x),pp2015_atp_mer_pf3,2009,104.20778072984909,62541793291
R10AFRICA,PP2015adjATP,1/asinh(x),MER,MER_1/asinh(x),pp2015_atp_mer_pf3,2010,104.21583251558314,61546271913
R10AFRICA,PP2015adjATP,1/asinh(x),MER,MER_1/asinh(x),pp2015_atp_mer_pf3,2011,104.32400220652997,60524760604
R10AFRICA,PP2015adjATP,1/asinh(x),MER,MER_1/asinh(x),pp2015_atp_mer_pf3,2012,104.45478216454343,59476830918
R10AFRICA,PP2015adjATP,1/asinh(x),MER,MER_1/asinh(x),pp2015_atp_mer_pf3,2013,104.50733898983938,58401743845
R10AFRICA,PP2015adjATP,1/asinh(x),MER,MER_1/asinh(x),pp2015_atp_mer_pf3,2014,104.50696370503704,57298318046
R10AFRICA,PP2015adjATP,1/asinh(x),MER,MER_1/asinh(x),pp2015_atp_mer_pf3,2015,104.49180305726325,56165549753
R10AFRICA,PP2015adjATP,1/asinh(x),MER,MER_1/asinh(x),pp2015_atp_mer_pf3,2016,103.21919597288299,55002610901
R10AFRICA,PP2015adjATP,1/asinh(x),MER,MER_1/asinh(x),pp2015_atp_mer_pf3,2017,101.97218378468537,53809279138
R10AFRICA,PP2015adjATP,1/asinh(x),MER,MER_1/asinh(x),pp2015_atp_mer_pf3,2018,100.75444931638576,52585104529
R10AFRICA,PP2015adjATP,1/asinh(x),MER,MER_1/asinh(x),pp2015_atp_mer_pf3,2019,99.53646559855373,51329519454
R10AFRICA,PP2015adjATP,1/asinh(x),MER,MER_1/asinh(x),pp2015_atp_mer_pf3,2020,98.18228780505238,50042365095
R10AFRICA,PP2015adjATP,1/sqrt(x),MER,MER_1/sqrt(x),pp2015_atp_mer_pf2,1991,107.98889652799673,76800867546
R10AFRICA,PP2015adjATP,1/sqrt(x),MER,MER_1/sqrt(x),pp2015_atp_mer_pf2,1992,108.26738038576102,76164605981
R10AFRICA,PP2015adjATP,1/sqrt(x),MER,MER_1/sqrt(x),pp2015_atp_mer_pf2,1993,110.61163032154596,75511303447
R10AFRICA,PP2015adjATP,1/sqrt(x),MER,MER_1/sqrt(x),pp2015_atp_mer_pf2,1994,113.21102680780376,74841251376
R10AFRICA,PP2015adjATP,1/sqrt(x),MER,MER_1/sqrt(x),pp2015_atp_mer_pf2,1995,117.26432058722665,74154457654
R10AFRICA,PP2015adjATP,1/sqrt(x),MER,MER_1/sqrt(x),pp2015_atp_mer_pf2,1996,120.48007526843365,73450446881
R10AFRICA,PP2015adjATP,1/sqrt(x),MER,MER_1/sqrt(x),pp2015_atp_mer_pf2,1997,122.92011476350082,72728659829
R10AFRICA,PP2015adjATP,1/sqrt(x),MER,MER_1/sqrt(x),pp2015_atp_mer_pf2,1998,124.8279615690679,71989137922
R10AFRICA,PP2015adjATP,1/sqrt(x),MER,MER_1/sqrt(x),pp2015_atp_mer_pf2,1999,125.95854351948188,71231757024
R10AFRICA,PP2015adjATP,1/sqrt(x),MER,MER_1/sqrt(x),pp2015_atp_mer_pf2,2000,127.29400645191629,70455947767
R10AFRICA,PP2015adjATP,1/sqrt(x),MER,MER_1/sqrt(x),pp2015_atp_mer_pf2,2001,127.85437938670881,69661125508
R10AFRICA,PP2015adjATP,1/sqrt(x),MER,MER_1/sqrt(x),pp2015_atp_mer_pf2,2002,129.0200776777494,68846670613
R10AFRICA,PP2015adjATP,1/sqrt(x),MER,MER_1/sqrt(x),pp2015_atp_mer_pf2,2003,129.8534941642674,68011954795
R10AFRICA,PP2015adjATP,1/sqrt(x),MER,MER_1/sqrt(x),pp2015_atp_mer_pf2,2004,130.7962584843866,67156364448
R10AFRICA,PP2015adjATP,1/sqrt(x),MER,MER_1/sqrt(x),pp2015_atp_mer_pf2,2005,131.67954367279603,66279242235
R10AFRICA,PP2015adjATP,1/sqrt(x),MER,MER_1/sqrt(x),pp2015_atp_mer_pf2,2006,132.37551187890432,65379978748
R10AFRICA,PP2015adjATP,1/sqrt(x),MER,MER_1/sqrt(x),pp2015_atp_mer_pf2,2007,132.84478252722013,64457869955
R10AFRICA,PP2015adjATP,1/sqrt(x),MER,MER_1/sqrt(x),pp2015_atp_mer_pf2,2008,133.66770651672704,63512067948
R10AFRICA,PP2015adjATP,1/sqrt(x),MER,MER_1/sqrt(x),pp2015_atp_mer_pf2,2009,134.06356789715298,62541793291
R10AFRICA,PP2015adjATP,1/sqrt(x),MER,MER_1/sqrt(x),pp2015_atp_mer_pf2,2010,134.62379927843844,61546271913
R10AFRICA,PP2015adjATP,1/sqrt(x),MER,MER_1/sqrt(x),pp2015_atp_mer_pf2,2011,135.75950535100603,60524760604
R10AFRICA,PP2015adjATP,1/sqrt(x),MER,MER_1/sqrt(x),pp2015_atp_mer_pf2,2012,137.0176720910654,59476830918
R10AFRICA,PP2015adjATP,1/sqrt(x),MER,MER_1/sqrt(x),pp2015_atp_mer_pf2,2013,137.82597520048557,58401743845
R10AFRICA,PP2015adjATP,1/sqrt(x),MER,MER_1/sqrt(x),pp2015_atp_mer_pf2,2014,138.3338493133577,57298318046
R10AFRICA,PP2015adjATP,1/sqrt(x),MER,MER_1/sqrt(x),pp2015_atp_mer_pf2,2015,138.74611384722976,56165549753
R10AFRICA,PP2015adjATP,1/sqrt(x),MER,MER_1/sqrt(x),pp2015_atp_mer_pf2,2016,138.01226632607725,55002610901
R10AFRICA,PP2015adjATP,1/sqrt(x),MER,MER_1/sqrt(x),pp2015_atp_mer_pf2,2017,137.51382834843756,53809279138
R10AFRICA,PP2015adjATP,1/sqrt(x),MER,MER_1/sqrt(x),pp2015_atp_mer_pf2,2018,137.2193167388139,52585104529
R10AFRICA,PP2015adjATP,1/sqrt(x),MER,MER_1/sqrt(x),pp2015_atp_mer_pf2,2019,136.83251298587015,51329519454
R10AFRICA,PP2015adjATP,1/sqrt(x),MER,MER_1/sqrt(x),pp2015_atp_mer_pf2,2020,136.15989193960996,50042365095
R10AFRICA,PP2015adjATP,1/x,MER,MER_1/x,pp2015_atp_mer_pf1,1991,108.29934969581366,76800867546
R10AFRICA,PP2015adjATP,1/x,MER,MER_1/x,pp2015_atp_mer_pf1,1992,109.08021706987124,76164605981
R10AFRICA,PP2015adjATP,1/x,MER,MER_1/x,pp2015_atp_mer_pf1,1993,114.0230403424457,75511303447
R10AFRICA,PP2015adjATP,1/x,MER,MER_1/x,pp2015_atp_mer_pf1,1994,119.48409703007984,74841251376
R10AFRICA,PP2015adjATP,1/x,MER,MER_1/x,pp2015_atp_mer_pf1,1995,128.5451995744766,74154457654
R10AFRICA,PP2015adjATP,1/x,MER,MER_1/x,pp2015_atp_mer_pf1,1996,136.02340610637745,73450446881
R10AFRICA,PP2015adjATP,1/x,MER,MER_1/x,pp2015_atp_mer_pf1,1997,141.858359817129,72728659829
R10AFRICA,PP2015adjATP,1/x,MER,MER_1/x,pp2015_atp_mer_pf1,1998,146.43392158861963,71989137922
R10AFRICA,PP2015adjATP,1/x,MER,MER_1/x,pp2015_atp_mer_pf1,1999,149.16565916485212,71231757024
R10AFRICA,PP2015adjATP,1/x,MER,MER_1/x,pp2015_atp_mer_pf1,2000,152.67286575967674,70455947767
R10AFRICA,PP2015adjATP,1/x,MER,MER_1/x,pp2015_atp_mer_pf1,2001,153.9146215681252,69661125508
R10AFRICA,PP2015adjATP,1/x,MER,MER_1/x,pp2015_atp_mer_pf1,2002,156.9447074814784,68846670613
R10AFRICA,PP2015adjATP,1/x,MER,MER_1/x,pp2015_atp_mer_pf1,2003,159.2449082197401,68011954795
R10AFRICA,PP2015adjATP,1/x,MER,MER_1/x,pp2015_atp_mer_pf1,2004,161.9444697791649,67156364448
R10AFRICA,PP2015adjATP,1/x,MER,MER_1/x,pp2015_atp_mer_pf1,2005,164.5685194263199,66279242235
R10AFRICA,PP2015adjATP,1/x,MER,MER_1/x,pp2015_atp_mer_pf1,2006,166.7866885773859,65379978748
R10AFRICA,PP2015adjATP,1/x,MER,MER_1/x,pp2015_atp_mer_pf1,2007,168.52847519217292,64457869955
R10AFRICA,PP2015adjATP,1/x,MER,MER_1/x,pp2015_atp_mer_pf1,2008,171.03921297747786,63512067948
R10AFRICA,PP2015adjATP,1/x,MER,MER_1/x,pp2015_atp_mer_pf1,2009,172.27438154568284,62541793291
R10AFRICA,PP2015adjATP,1/x,MER,MER_1/x,pp2015_atp_mer_pf1,2010,173.7169484967101,61546271913
R10AFRICA,PP2015adjATP,1/x,MER,MER_1/x,pp2015_atp_mer_pf1,2011,176.8631770128374,60524760604
R10AFRICA,PP2015adjATP,1/x,MER,MER_1/x,pp2015_atp_mer_pf1,2012,180.24696362986552,59476830918
R10AFRICA,PP2015adjATP,1/x,MER,MER_1/x,pp2015_atp_mer_pf1,2013,182.18958312428623,58401743845
R10AFRICA,PP2015adjATP,1/x,MER,MER_1/x,pp2015_atp_mer_pf1,2014,183.3571545633521,57298318046
R10AFRICA,PP2015adjATP,1/x,MER,MER_1/x,pp2015_atp_mer_pf1,2015,184.29241246173083,56165549753
R10AFRICA,PP2015adjATP,1/x,MER,MER_1/x,pp2015_atp_mer_pf1,2016,184.1880347614789,55002610901
R10AFRICA,PP2015adjATP,1/x,MER,MER_1/x,pp2015_atp_mer_pf1,2017,184.77380327341288,53809279138
R10AFRICA,PP2015adjATP,1/x,MER,MER_1/x,pp2015_atp_mer_pf1,2018,185.8946104870906,52585104529
R10AFRICA,PP2015adjATP,1/x,MER,MER_1/x,pp2015_atp_mer_pf1,2019,186.6517213026906,51329519454
R10AFRICA,PP2015adjATP,1/x,MER,MER_1/x,pp2015_atp_mer_pf1,2020,186.90241982100346,50042365095
R10AFRICA,PP2015adjATP,1/asinh(x),PPP,PPP_1/asinh(x),pp2015_atp_ppp_pf3,1991,98.87243115291469,76800867546
R10AFRICA,PP2015adjATP,1/asinh(x),PPP,PPP_1/asinh(x),pp2015_atp_ppp_pf3,1992,99.08245672521046,76164605981
R10AFRICA,PP2015adjATP,1/asinh(x),PPP,PPP_1/asinh(x),pp2015_atp_ppp_pf3,1993,99.43585209409412,75511303447
R10AFRICA,PP2015adjATP,1/asinh(x),PPP,PPP_1/asinh(x),pp2015_atp_ppp_pf3,1994,99.76791909911715,74841251376
R10AFRICA,PP2015adjATP,1/asinh(x),PPP,PPP_1/asinh(x),pp2015_atp_ppp_pf3,1995,100.10658258033554,74154457654
R10AFRICA,PP2015adjATP,1/asinh(x),PPP,PPP_1/asinh(x),pp2015_atp_ppp_pf3,1996,100.39378713822857,73450446881
R10AFRICA,PP2015adjATP,1/asinh(x),PPP,PPP_1/asinh(x),pp2015_atp_ppp_pf3,1997,100.6190412391973,72728659829
R10AFRICA,PP2015adjATP,1/asinh(x),PPP,PPP_1/asinh(x),pp2015_atp_ppp_pf3,1998,100.81548391199313,71989137922
R10AFRICA,PP2015adjATP,1/asinh(x),PPP,PPP_1/asinh(x),pp2015_atp_ppp_pf3,1999,100.98967195941745,71231757024
R10AFRICA,PP2015adjATP,1/asinh(x),PPP,PPP_1/asinh(x),pp2015_atp_ppp_pf3,2000,101.16667778135565,70455947767
R10AFRICA,PP2015adjATP,1/asinh(x),PPP,PPP_1/asinh(x),pp2015_atp_ppp_pf3,2001,101.34879496190698,69661125508
R10AFRICA,PP2015adjATP,1/asinh(x),PPP,PPP_1/asinh(x),pp2015_atp_ppp_pf3,2002,101.50216223902204,68846670613
R10AFRICA,PP2015adjATP,1/asinh(x),PPP,PPP_1/asinh(x),pp2015_atp_ppp_pf3,2003,101.63037296391889,68011954795
R10AFRICA,PP2015adjATP,1/asinh(x),PPP,PPP_1/asinh(x),pp2015_atp_ppp_pf3,2004,101.763555937873,67156364448
R10AFRICA,PP2015adjATP,1/asinh(x),PPP,PPP_1/asinh(x),pp2015_atp_ppp_pf3,2005,101.88666193047119,66279242235
R10AFRICA,PP2015adjATP,1/asinh(x),PPP,PPP_1/asinh(x),pp2015_atp_ppp_pf3,2006,102.00514404356699,65379978748
R10AFRICA,PP2015adjATP,1/asinh(x),PPP,PPP_1/asinh(x),pp2015_atp_ppp_pf3,2007,102.12830049339308,64457869955
R10AFRICA,PP2015adjATP,1/asinh(x),PPP,PPP_1/asinh(x),pp2015_atp_ppp_pf3,2008,102.25455166625144,63512067948
R10AFRICA,PP2015adjATP,1/asinh(x),PPP,PPP_1/asinh(x),pp2015_atp_ppp_pf3,2009,102.35984580689346,62541793291
R10AFRICA,PP2015adjATP,1/asinh(x),PPP,PPP_1/asinh(x),pp2015_atp_ppp_pf3,2010,102.45743294906639,61546271913
R10AFRICA,PP2015adjATP,1/asinh(x),PPP,PPP_1/asinh(x),pp2015_atp_ppp_pf3,2011,102.5486697528764,60524760604
R10AFRICA,PP2015adjATP,1/asinh(x),PPP,PPP_1/asinh(x),pp2015_atp_ppp_pf3,2012,102.63689634209118,59476830918
R10AFRICA,PP2015adjATP,1/asinh(x),PPP,PPP_1/asinh(x),pp2015_atp_ppp_pf3,2013,102.74517757897993,58401743845
R10AFRICA,PP2015adjATP,1/asinh(x),PPP,PPP_1/asinh(x),pp2015_atp_ppp_pf3,2014,102.83507682296339,57298318046
R10AFRICA,PP2015adjATP,1/asinh(x),PPP,PPP_1/asinh(x),pp2015_atp_ppp_pf3,2015,102.88603189862489,56165549753
R10AFRICA,PP2015adjATP,1/asinh(x),PPP,PPP_1/asinh(x),pp2015_atp_ppp_pf3,2016,101.60739766975455,55002610901
R10AFRICA,PP2015adjATP,1/asinh(x),PPP,PPP_1/asinh(x),pp2015_atp_ppp_pf3,2017,100.29268120916198,53809279138
R10AFRICA,PP2015adjATP,1/asinh(x),PPP,PPP_1/asinh(x),pp2015_atp_ppp_pf3,2018,98.97117376789176,52585104529
R10AFRICA,PP2015adjATP,1/asinh(x),PPP,PPP_1/asinh(x),pp2015_atp_ppp_pf3,2019,97.67191289748969,51329519454
R10AFRICA,PP2015adjATP,1/asinh(x),PPP,PPP_1/asinh(x),pp2015_atp_ppp_pf3,2020,96.26023008439293,50042365095
R10AFRICA,PP2015adjATP,1/sqrt(x),PPP,PPP_1/sqrt(x),pp2015_atp_ppp_pf2,1991,116.18008460171606,76800867546
R10AFRICA,PP2015adjATP,1/sqrt(x),PPP,PPP_1/sqrt(x),pp2015_atp_ppp_pf2,1992,117.31318993893262,76164605981
R10AFRICA,PP2015adjATP,1/sqrt(x),PPP,PPP_1/sqrt(x),pp2015_atp_ppp_pf2,1993,119.25158231028013,75511303447
R10AFRICA,PP2015adjATP,1/sqrt(x),PPP,PPP_1/sqrt(x),pp2015_atp_ppp_pf2,1994,121.0165806829936,74841251376
R10AFRICA,PP2015adjATP,1/sqrt(x),PPP,PPP_1/sqrt(x),pp2015_atp_ppp_pf2,1995,122.84256145600547,74154457654
R10AFRICA,PP2015adjATP,1/sqrt(x),PPP,PPP_1/sqrt(x),pp2015_atp_ppp_pf2,1996,124.43888731651151,73450446881
R10AFRICA,PP2015adjATP,1/sqrt(x),PPP,PPP_1/sqrt(x),pp2015_atp_ppp_pf2,1997,125.7477304706796,72728659829
R10AFRICA,PP2015adjATP,1/sqrt(x),PPP,PPP_1/sqrt(x),pp2015_atp_ppp_pf2,1998,126.92029499543786,71989137922
R10AFRICA,PP2015adjATP,1/sqrt(x),PPP,PPP_1/sqrt(x),pp2015_atp_ppp_pf2,1999,128.004968676903,71231757024
R10AFRICA,PP2015adjATP,1/sqrt(x),PPP,PPP_1/sqrt(x),pp2015_atp_ppp_pf2,2000,129.1102134454798,70455947767
R10AFRICA,PP2015adjATP,1/sqrt(x),PPP,PPP_1/sqrt(x),pp2015_atp_ppp_pf2,2001,130.24786599746966,69661125508
R10AFRICA,PP2015adjATP,1/sqrt(x),PPP,PPP_1/sqrt(x),pp2015_atp_ppp_pf2,2002,131.2549731841719,68846670613
R10AFRICA,PP2015adjATP,1/sqrt(x),PPP,PPP_1/sqrt(x),pp2015_atp_ppp_pf2,2003,132.1544722552679,68011954795
R10AFRICA,PP2015adjATP,1/sqrt(x),PPP,PPP_1/sqrt(x),pp2015_atp_ppp_pf2,2004,133.112739006408,67156364448
R10AFRICA,PP2015adjATP,1/sqrt(x),PPP,PPP_1/sqrt(x),pp2015_atp_ppp_pf2,2005,134.03419431160432,66279242235
R10AFRICA,PP2015adjATP,1/sqrt(x),PPP,PPP_1/sqrt(x),pp2015_atp_ppp_pf2,2006,134.9569851272973,65379978748
R10AFRICA,PP2015adjATP,1/sqrt(x),PPP,PPP_1/sqrt(x),pp2015_atp_ppp_pf2,2007,135.92479218916503,64457869955
R10AFRICA,PP2015adjATP,1/sqrt(x),PPP,PPP_1/sqrt(x),pp2015_atp_ppp_pf2,2008,136.93024006578452,63512067948
R10AFRICA,PP2015adjATP,1/sqrt(x),PPP,PPP_1/sqrt(x),pp2015_atp_ppp_pf2,2009,137.81648481323083,62541793291
R10AFRICA,PP2015adjATP,1/sqrt(x),PPP,PPP_1/sqrt(x),pp2015_atp_ppp_pf2,2010,138.6684441560067,61546271913
R10AFRICA,PP2015adjATP,1/sqrt(x),PPP,PPP_1/sqrt(x),pp2015_atp_ppp_pf2,2011,139.48604959739757,60524760604
R10AFRICA,PP2015adjATP,1/sqrt(x),PPP,PPP_1/sqrt(x),pp2015_atp_ppp_pf2,2012,140.2704964666388,59476830918
R10AFRICA,PP2015adjATP,1/sqrt(x),PPP,PPP_1/sqrt(x),pp2015_atp_ppp_pf2,2013,141.17460217678564,58401743845
R10AFRICA,PP2015adjATP,1/sqrt(x),PPP,PPP_1/sqrt(x),pp2015_atp_ppp_pf2,2014,141.9637281345368,57298318046
R10AFRICA,PP2015adjATP,1/sqrt(x),PPP,PPP_1/sqrt(x),pp2015_atp_ppp_pf2,2015,142.51316159185865,56165549753
R10AFRICA,PP2015adjATP,1/sqrt(x),PPP,PPP_1/sqrt(x),pp2015_atp_ppp_pf2,2016,141.62934205686338,55002610901
R10AFRICA,PP2015adjATP,1/sqrt(x),PPP,PPP_1/sqrt(x),pp2015_atp_ppp_pf2,2017,140.68502616346768,53809279138
R10AFRICA,PP2015adjATP,1/sqrt(x),PPP,PPP_1/sqrt(x),pp2015_atp_ppp_pf2,2018,139.76026780502343,52585104529
R10AFRICA,PP2015adjATP,1/sqrt(x),PPP,PPP_1/sqrt(x),pp2015_atp_ppp_pf2,2019,138.92226341663715,51329519454
R10AFRICA,PP2015adjATP,1/sqrt(x),PPP,PPP_1/sqrt(x),pp2015_atp_ppp_pf2,2020,137.91876910643902,50042365095
R10AFRICA,PP2015adjATP,1/x,PPP,PPP_1/x,pp2015_atp_ppp_pf1,1991,138.49168529735277,76800867546
R10AFRICA,PP2015adjATP,1/x,PPP,PPP_1/x,pp2015_atp_ppp_pf1,1992,141.51455715697568,76164605981
R10AFRICA,PP2015adjATP,1/x,PPP,PPP_1/x,pp2015_atp_ppp_pf1,1993,146.93343377464623,75511303447
R10AFRICA,PP2015adjATP,1/x,PPP,PPP_1/x,pp2015_atp_ppp_pf1,1994,151.39059105511384,74841251376
R10AFRICA,PP2015adjATP,1/x,PPP,PPP_1/x,pp2015_atp_ppp_pf1,1995,156.04768141713805,74154457654
R10AFRICA,PP2015adjATP,1/x,PPP,PPP_1/x,pp2015_atp_ppp_pf1,1996,160.12901037215065,73450446881
R10AFRICA,PP2015adjATP,1/x,PPP,PPP_1/x,pp2015_atp_ppp_pf1,1997,163.4511199532666,72728659829
R10AFRICA,PP2015adjATP,1/x,PPP,PPP_1/x,pp2015_atp_ppp_pf1,1998,166.4663879067875,71989137922
R10AFRICA,PP2015adjATP,1/x,PPP,PPP_1/x,pp2015_atp_ppp_pf1,1999,169.40441036319712,71231757024
R10AFRICA,PP2015adjATP,1/x,PPP,PPP_1/x,pp2015_atp_ppp_pf1,2000,172.38385399509747,70455947767
R10AFRICA,PP2015adjATP,1/x,PPP,PPP_1/x,pp2015_atp_ppp_pf1,2001,175.4501502992344,69661125508
R10AFRICA,PP2015adjATP,1/x,PPP,PPP_1/x,pp2015_atp_ppp_pf1,2002,178.19166088512284,68846670613
R10AFRICA,PP2015adjATP,1/x,PPP,PPP_1/x,pp2015_atp_ppp_pf1,2003,180.73201825581927,68011954795
R10AFRICA,PP2015adjATP,1/x,PPP,PPP_1/x,pp2015_atp_ppp_pf1,2004,183.5081698666048,67156364448
R10AFRICA,PP2015adjATP,1/x,PPP,PPP_1/x,pp2015_atp_ppp_pf1,2005,186.12414624857337,66279242235
R10AFRICA,PP2015adjATP,1/x,PPP,PPP_1/x,pp2015_atp_ppp_pf1,2006,188.71193693684518,65379978748
R10AFRICA,PP2015adjATP,1/x,PPP,PPP_1/x,pp2015_atp_ppp_pf1,2007,191.36070278150652,64457869955
R10AFRICA,PP2015adjATP,1/x,PPP,PPP_1/x,pp2015_atp_ppp_pf1,2008,194.0609959791587,63512067948
R10AFRICA,PP2015adjATP,1/x,PPP,PPP_1/x,pp2015_atp_ppp_pf1,2009,196.4001914965959,62541793291
R10AFRICA,PP2015adjATP,1/x,PPP,PPP_1/x,pp2015_atp_ppp_pf1,2010,198.6960620728181,61546271913
R10AFRICA,PP2015adjATP,1/x,PPP,PPP_1/x,pp2015_atp_ppp_pf1,2011,200.86075655412955,60524760604
R10AFRICA,PP2015adjATP,1/x,PPP,PPP_1/x,pp2015_atp_ppp_pf1,2012,202.85973713992897,59476830918
R10AFRICA,PP2015adjATP,1/x,PPP,PPP_1/x,pp2015_atp_ppp_pf1,2013,205.1721851164419,58401743845
R10AFRICA,PP2015adjATP,1/x,PPP,PPP_1/x,pp2015_atp_ppp_pf1,2014,207.15166615301803,57298318046
R10AFRICA,PP2015adjATP,1/x,PPP,PPP_1/x,pp2015_atp_ppp_pf1,2015,208.43975029465713,56165549753
R10AFRICA,PP2015adjATP,1/x,PPP,PPP_1/x,pp2015_atp_ppp_pf1,2016,208.06955986619522,55002610901
R10AFRICA,PP2015adjATP,1/x,PPP,PPP_1/x,pp2015_atp_ppp_pf1,2017,207.5379780463758,53809279138
R10AFRICA,PP2015adjATP,1/x,PPP,PPP_1/x,pp2015_atp_ppp_pf1,2018,207.05984243612508,52585104529
R10AFRICA,PP2015adjATP,1/x,PPP,PPP_1/x,pp2015_atp_ppp_pf1,2019,206.83094794076555,51329519454
R10AFRICA,PP2015adjATP,1/x,PPP,PPP_1/x,pp2015_atp_ppp_pf1,2020,206.3410532463963,50042365095
R10AFRICA,PP1990adjATP,1/asinh(x),MER,MER_1/asinh(x),pp1990_atp_mer_pf3,1991,213.2991476312079,76800867546
R10AFRICA,PP1990adjATP,1/asinh(x),MER,MER_1/asinh(x),pp1990_atp_mer_pf3,1992,212.85417586043386,76164605981
R10AFRICA,PP1990adjATP,1/asinh(x),MER,MER_1/asinh(x),pp1990_atp_mer_pf3,1993,213.58967867747566,75511303447
R10AFRICA,PP1990adjATP,1/asinh(x),MER,MER_1/asinh(x),pp1990_atp_mer_pf3,1994,214.44611429133,74841251376
R10AFRICA,PP1990adjATP,1/asinh(x),MER,MER_1/asinh(x),pp1990_atp_mer_pf3,1995,215.95263859003907,74154457654
R10AFRICA,PP1990adjATP,1/asinh(x),MER,MER_1/asinh(x),pp1990_atp_mer_pf3,1996,216.84764767013135,73450446881
R10AFRICA,PP1990adjATP,1/asinh(x),MER,MER_1/asinh(x),pp1990_atp_mer_pf3,1997,217.2254341041133,72728659829
R10AFRICA,PP1990adjATP,1/asinh(x),MER,MER_1/asinh(x),pp1990_atp_mer_pf3,1998,217.2808864599783,71989137922
R10AFRICA,PP1990adjATP,1/asinh(x),MER,MER_1/asinh(x),pp1990_atp_mer_pf3,1999,216.91902971177663,71231757024
R10AFRICA,PP1990adjATP,1/asinh(x),MER,MER_1/asinh(x),pp1990_atp_mer_pf3,2000,216.6469342268555,70455947767
R10AFRICA,PP1990adjATP,1/asinh(x),MER,MER_1/asinh(x),pp1990_atp_mer_pf3,2001,215.9599533550548,69661125508
R10AFRICA,PP1990adjATP,1/asinh(x),MER,MER_1/asinh(x),pp1990_atp_mer_pf3,2002,215.5878346399665,68846670613
R10AFRICA,PP1990adjATP,1/asinh(x),MER,MER_1/asinh(x),pp1990_atp_mer_pf3,2003,215.05569302423277,68011954795
R10AFRICA,PP1990adjATP,1/asinh(x),MER,MER_1/asinh(x),pp1990_atp_mer_pf3,2004,214.447011165745,67156364448
R10AFRICA,PP1990adjATP,1/asinh(x),MER,MER_1/asinh(x),pp1990_atp_mer_pf3,2005,213.70998600247358,66279242235
R10AFRICA,PP1990adjATP,1/asinh(x),MER,MER_1/asinh(x),pp1990_atp_mer_pf3,2006,212.81863892392136,65379978748
R10AFRICA,PP1990adjATP,1/asinh(x),MER,MER_1/asinh(x),pp1990_atp_mer_pf3,2007,211.73649534576708,64457869955
R10AFRICA,PP1990adjATP,1/asinh(x),MER,MER_1/asinh(x),pp1990_atp_mer_pf3,2008,210.75632731471615,63512067948
R10AFRICA,PP1990adjATP,1/asinh(x),MER,MER_1/asinh(x),pp1990_atp_mer_pf3,2009,209.5214961838516,62541793291
R10AFRICA,PP1990adjATP,1/asinh(x),MER,MER_1/asinh(x),pp1990_atp_mer_pf3,2010,208.4034298452114,61546271913
R10AFRICA,PP1990adjATP,1/asinh(x),MER,MER_1/asinh(x),pp1990_atp_mer_pf3,2011,207.4614968700727,60524760604
R10AFRICA,PP1990adjATP,1/asinh(x),MER,MER_1/asinh(x),pp1990_atp_mer_pf3,2012,206.53189685736663,59476830918
R10AFRICA,PP1990adjATP,1/asinh(x),MER,MER_1/asinh(x),pp1990_atp_mer_pf3,2013,205.42309979176977,58401743845
R10AFRICA,PP1990adjATP,1/asinh(x),MER,MER_1/asinh(x),pp1990_atp_mer_pf3,2014,204.18639538258967,57298318046
R10AFRICA,PP1990adjATP,1/asinh(x),MER,MER_1/asinh(x),pp1990_atp_mer_pf3,2015,202.83552079558484,56165549753
R10AFRICA,PP1990adjATP,1/asinh(x),MER,MER_1/asinh(x),pp1990_atp_mer_pf3,2016,201.62514944951394,55002610901
R10AFRICA,PP1990adjATP,1/asinh(x),MER,MER_1/asinh(x),pp1990_atp_mer_pf3,2017,200.507843463223,53809279138
R10AFRICA,PP1990adjATP,1/asinh(x),MER,MER_1/asinh(x),pp1990_atp_mer_pf3,2018,199.47351567085448,52585104529
R10AFRICA,PP1990adjATP,1/asinh(x),MER,MER_1/asinh(x),pp1990_atp_mer_pf3,2019,198.42127198299207,51329519454
R10AFRICA,PP1990adjATP,1/asinh(x),MER,MER_1/asinh(x),pp1990_atp_mer_pf3,2020,197.1891534536164,50042365095
R10AFRICA,PP1990adjATP,1/sqrt(x),MER,MER_1/sqrt(x),pp1990_atp_mer_pf2,1991,232.8295731341114,76800867546
R10AFRICA,PP1990adjATP,1/sqrt(x),MER,MER_1/sqrt(x),pp1990_atp_mer_pf2,1992,232.89428643721797,76164605981
R10AFRICA,PP1990adjATP,1/sqrt(x),MER,MER_1/sqrt(x),pp1990_atp_mer_pf2,1993,237.44332946213467,75511303447
R10AFRICA,PP1990adjATP,1/sqrt(x),MER,MER_1/sqrt(x),pp1990_atp_mer_pf2,1994,242.54349933369102,74841251376
R10AFRICA,PP1990adjATP,1/sqrt(x),MER,MER_1/sqrt(x),pp1990_atp_mer_pf2,1995,250.83778828644813,74154457654
R10AFRICA,PP1990adjATP,1/sqrt(x),MER,MER_1/sqrt(x),pp1990_atp_mer_pf2,1996,257.3077536357301,73450446881
R10AFRICA,PP1990adjATP,1/sqrt(x),MER,MER_1/sqrt(x),pp1990_atp_mer_pf2,1997,262.0090041846013,72728659829
R10AFRICA,PP1990adjATP,1/sqrt(x),MER,MER_1/sqrt(x),pp1990_atp_mer_pf2,1998,265.49007391082375,71989137922
R10AFRICA,PP1990adjATP,1/sqrt(x),MER,MER_1/sqrt(x),pp1990_atp_mer_pf2,1999,267.2122871891169,71231757024
R10AFRICA,PP1990adjATP,1/sqrt(x),MER,MER_1/sqrt(x),pp1990_atp_mer_pf2,2000,269.3654834274495,70455947767
R10AFRICA,PP1990adjATP,1/sqrt(x),MER,MER_1/sqrt(x),pp1990_atp_mer_pf2,2001,269.7941081477162,69661125508
R10AFRICA,PP1990adjATP,1/sqrt(x),MER,MER_1/sqrt(x),pp1990_atp_mer_pf2,2002,271.5751687032757,68846670613
R10AFRICA,PP1990adjATP,1/sqrt(x),MER,MER_1/sqrt(x),pp1990_atp_mer_pf2,2003,272.66102130506187,68011954795
R10AFRICA,PP1990adjATP,1/sqrt(x),MER,MER_1/sqrt(x),pp1990_atp_mer_pf2,2004,273.89365278241735,67156364448
R10AFRICA,PP1990adjATP,1/sqrt(x),MER,MER_1/sqrt(x),pp1990_atp_mer_pf2,2005,274.9451272910082,66279242235
R10AFRICA,PP1990adjATP,1/sqrt(x),MER,MER_1/sqrt(x),pp1990_atp_mer_pf2,2006,275.5685430244979,65379978748
R10AFRICA,PP1990adjATP,1/sqrt(x),MER,MER_1/sqrt(x),pp1990_atp_mer_pf2,2007,275.6581296594205,64457869955
R10AFRICA,PP1990adjATP,1/sqrt(x),MER,MER_1/sqrt(x),pp1990_atp_mer_pf2,2008,276.52314795335246,63512067948
R10AFRICA,PP1990adjATP,1/sqrt(x),MER,MER_1/sqrt(x),pp1990_atp_mer_pf2,2009,276.42460458355174,62541793291
R10AFRICA,PP1990adjATP,1/sqrt(x),MER,MER_1/sqrt(x),pp1990_atp_mer_pf2,2010,276.6687267388381,61546271913
R10AFRICA,PP1990adjATP,1/sqrt(x),MER,MER_1/sqrt(x),pp1990_atp_mer_pf2,2011,278.15931812885674,60524760604
R10AFRICA,PP1990adjATP,1/sqrt(x),MER,MER_1/sqrt(x),pp1990_atp_mer_pf2,2012,279.90359314138436,59476830918
R10AFRICA,PP1990adjATP,1/sqrt(x),MER,MER_1/sqrt(x),pp1990_atp_mer_pf2,2013,280.60633821236524,58401743845
R10AFRICA,PP1990adjATP,1/sqrt(x),MER,MER_1/sqrt(x),pp1990_atp_mer_pf2,2014,280.616332542265,57298318046
R10AFRICA,PP1990adjATP,1/sqrt(x),MER,MER_1/sqrt(x),pp1990_atp_mer_pf2,2015,280.3141366431567,56165549753
R10AFRICA,PP1990adjATP,1/sqrt(x),MER,MER_1/sqrt(x),pp1990_atp_mer_pf2,2016,280.3812861480176,55002610901
R10AFRICA,PP1990adjATP,1/sqrt(x),MER,MER_1/sqrt(x),pp1990_atp_mer_pf2,2017,280.99050794623935,53809279138
R10AFRICA,PP1990adjATP,1/sqrt(x),MER,MER_1/sqrt(x),pp1990_atp_mer_pf2,2018,282.08297730504165,52585104529
R10AFRICA,PP1990adjATP,1/sqrt(x),MER,MER_1/sqrt(x),pp1990_atp_mer_pf2,2019,282.94744697761416,51329519454
R10AFRICA,PP1990adjATP,1/sqrt(x),MER,MER_1/sqrt(x),pp1990_atp_mer_pf2,2020,283.2926897694663,50042365095
R10AFRICA,PP1990adjATP,1/x,MER,MER_1/x,pp1990_atp_mer_pf1,1991,231.82208467202946,76800867546
R10AFRICA,PP1990adjATP,1/x,MER,MER_1/x,pp1990_atp_mer_pf1,1992,233.07013530562867,76164605981
R10AFRICA,PP1990adjATP,1/x,MER,MER_1/x,pp1990_atp_mer_pf1,1993,243.43248294918521,75511303447
R10AFRICA,PP1990adjATP,1/x,MER,MER_1/x,pp1990_atp_mer_pf1,1994,255.01545924809355,74841251376
R10AFRICA,PP1990adjATP,1/x,MER,MER_1/x,pp1990_atp_mer_pf1,1995,274.67116528564304,74154457654
R10AFRICA,PP1990adjATP,1/x,MER,MER_1/x,pp1990_atp_mer_pf1,1996,290.9899317595826,73450446881
R10AFRICA,PP1990adjATP,1/x,MER,MER_1/x,pp1990_atp_mer_pf1,1997,303.601180517039,72728659829
R10AFRICA,PP1990adjATP,1/x,MER,MER_1/x,pp1990_atp_mer_pf1,1998,313.3355520563525,71989137922
R10AFRICA,PP1990adjATP,1/x,MER,MER_1/x,pp1990_atp_mer_pf1,1999,318.87464994026396,71231757024
R10AFRICA,PP1990adjATP,1/x,MER,MER_1/x,pp1990_atp_mer_pf1,2000,326.1113624800324,70455947767
R10AFRICA,PP1990adjATP,1/x,MER,MER_1/x,pp1990_atp_mer_pf1,2001,328.2787701136168,69661125508
R10AFRICA,PP1990adjATP,1/x,MER,MER_1/x,pp1990_atp_mer_pf1,2002,334.4533322254752,68846670613
R10AFRICA,PP1990adjATP,1/x,MER,MER_1/x,pp1990_atp_mer_pf1,2003,339.0401851243336,68011954795
R10AFRICA,PP1990adjATP,1/x,MER,MER_1/x,pp1990_atp_mer_pf1,2004,344.4388494552513,67156364448
R10AFRICA,PP1990adjATP,1/x,MER,MER_1/x,pp1990_atp_mer_pf1,2005,349.63209863981314,66279242235
R10AFRICA,PP1990adjATP,1/x,MER,MER_1/x,pp1990_atp_mer_pf1,2006,353.8972054263102,65379978748
R10AFRICA,PP1990adjATP,1/x,MER,MER_1/x,pp1990_atp_mer_pf1,2007,357.0390984201441,64457869955
R10AFRICA,PP1990adjATP,1/x,MER,MER_1/x,pp1990_atp_mer_pf1,2008,361.9346653151156,63512067948
R10AFRICA,PP1990adjATP,1/x,MER,MER_1/x,pp1990_atp_mer_pf1,2009,363.9728503134758,62541793291
R10AFRICA,PP1990adjATP,1/x,MER,MER_1/x,pp1990_atp_mer_pf1,2010,366.4513306165226,61546271913
R10AFRICA,PP1990adjATP,1/x,MER,MER_1/x,pp1990_atp_mer_pf1,2011,372.81514623141703,60524760604
R10AFRICA,PP1990adjATP,1/x,MER,MER_1/x,pp1990_atp_mer_pf1,2012,379.73808582415137,59476830918
R10AFRICA,PP1990adjATP,1/x,MER,MER_1/x,pp1990_atp_mer_pf1,2013,383.25582773984587,58401743845
R10AFRICA,PP1990adjATP,1/x,MER,MER_1/x,pp1990_atp_mer_pf1,2014,384.9475411717227,57298318046
R10AFRICA,PP1990adjATP,1/x,MER,MER_1/x,pp1990_atp_mer_pf1,2015,385.9743603296327,56165549753
R10AFRICA,PP1990adjATP,1/x,MER,MER_1/x,pp1990_atp_mer_pf1,2016,387.58040722765014,55002610901
R10AFRICA,PP1990adjATP,1/x,MER,MER_1/x,pp1990_atp_mer_pf1,2017,390.7554132474158,53809279138
R10AFRICA,PP1990adjATP,1/x,MER,MER_1/x,pp1990_atp_mer_pf1,2018,395.19301244312567,52585104529
R10AFRICA,PP1990adjATP,1/x,MER,MER_1/x,pp1990_atp_mer_pf1,2019,398.7812183232427,51329519454
R10AFRICA,PP1990adjATP,1/x,MER,MER_1/x,pp1990_atp_mer_pf1,2020,401.33346037425076,50042365095
R10AFRICA,PP1990adjATP,1/asinh(x),PPP,PPP_1/asinh(x),pp1990_atp_ppp_pf3,1991,213.7891629160386,76800867546
R10AFRICA,PP1990adjATP,1/asinh(x),PPP,PPP_1/asinh(x),pp1990_atp_ppp_pf3,1992,213.58144085187544,76164605981
R10AFRICA,PP1990adjATP,1/asinh(x),PPP,PPP_1/asinh(x),pp1990_atp_ppp_pf3,1993,213.7103961902004,75511303447
R10AFRICA,PP1990adjATP,1/asinh(x),PPP,PPP_1/asinh(x),pp1990_atp_ppp_pf3,1994,213.751641680143,74841251376
R10AFRICA,PP1990adjATP,1/asinh(x),PPP,PPP_1/asinh(x),pp1990_atp_ppp_pf3,1995,213.72087522888972,74154457654
R10AFRICA,PP1990adjATP,1/asinh(x),PPP,PPP_1/asinh(x),pp1990_atp_ppp_pf3,1996,213.5245332983357,73450446881
R10AFRICA,PP1990adjATP,1/asinh(x),PPP,PPP_1/asinh(x),pp1990_atp_ppp_pf3,1997,213.16085945768452,72728659829
R10AFRICA,PP1990adjATP,1/asinh(x),PPP,PPP_1/asinh(x),pp1990_atp_ppp_pf3,1998,212.7125845989119,71989137922
R10AFRICA,PP1990adjATP,1/asinh(x),PPP,PPP_1/asinh(x),pp1990_atp_ppp_pf3,1999,212.1954790196588,71231757024
R10AFRICA,PP1990adjATP,1/asinh(x),PPP,PPP_1/asinh(x),pp1990_atp_ppp_pf3,2000,211.695844252733,70455947767
R10AFRICA,PP1990adjATP,1/asinh(x),PPP,PPP_1/asinh(x),pp1990_atp_ppp_pf3,2001,211.17756093849286,69661125508
R10AFRICA,PP1990adjATP,1/asinh(x),PPP,PPP_1/asinh(x),pp1990_atp_ppp_pf3,2002,210.60839315394392,68846670613
R10AFRICA,PP1990adjATP,1/asinh(x),PPP,PPP_1/asinh(x),pp1990_atp_ppp_pf3,2003,210.00762815765407,68011954795
R10AFRICA,PP1990adjATP,1/asinh(x),PPP,PPP_1/asinh(x),pp1990_atp_ppp_pf3,2004,209.33137927298725,67156364448
R10AFRICA,PP1990adjATP,1/asinh(x),PPP,PPP_1/asinh(x),pp1990_atp_ppp_pf3,2005,208.5764031338385,66279242235
R10AFRICA,PP1990adjATP,1/asinh(x),PPP,PPP_1/asinh(x),pp1990_atp_ppp_pf3,2006,207.79418007768504,65379978748
R10AFRICA,PP1990adjATP,1/asinh(x),PPP,PPP_1/asinh(x),pp1990_atp_ppp_pf3,2007,206.99454657548202,64457869955
R10AFRICA,PP1990adjATP,1/asinh(x),PPP,PPP_1/asinh(x),pp1990_atp_ppp_pf3,2008,206.17268689209155,63512067948
R10AFRICA,PP1990adjATP,1/asinh(x),PPP,PPP_1/asinh(x),pp1990_atp_ppp_pf3,2009,205.25290869201734,62541793291
R10AFRICA,PP1990adjATP,1/asinh(x),PPP,PPP_1/asinh(x),pp1990_atp_ppp_pf3,2010,204.31670627245535,61546271913
R10AFRICA,PP1990adjATP,1/asinh(x),PPP,PPP_1/asinh(x),pp1990_atp_ppp_pf3,2011,203.3240859701079,60524760604
R10AFRICA,PP1990adjATP,1/asinh(x),PPP,PPP_1/asinh(x),pp1990_atp_ppp_pf3,2012,202.28491746272573,59476830918
R10AFRICA,PP1990adjATP,1/asinh(x),PPP,PPP_1/asinh(x),pp1990_atp_ppp_pf3,2013,201.28587375795834,58401743845
R10AFRICA,PP1990adjATP,1/asinh(x),PPP,PPP_1/asinh(x),pp1990_atp_ppp_pf3,2014,200.235546697677,57298318046
R10AFRICA,PP1990adjATP,1/asinh(x),PPP,PPP_1/asinh(x),pp1990_atp_ppp_pf3,2015,199.02048593275225,56165549753
R10AFRICA,PP1990adjATP,1/asinh(x),PPP,PPP_1/asinh(x),pp1990_atp_ppp_pf3,2016,197.79083638644627,55002610901
R10AFRICA,PP1990adjATP,1/asinh(x),PPP,PPP_1/asinh(x),pp1990_atp_ppp_pf3,2017,196.52358854651263,53809279138
R10AFRICA,PP1990adjATP,1/asinh(x),PPP,PPP_1/asinh(x),pp1990_atp_ppp_pf3,2018,195.25751856085978,52585104529
R10AFRICA,PP1990adjATP,1/asinh(x),PPP,PPP_1/asinh(x),pp1990_atp_ppp_pf3,2019,194.02536819228573,51329519454
R10AFRICA,PP1990adjATP,1/asinh(x),PPP,PPP_1/asinh(x),pp1990_atp_ppp_pf3,2020,192.66623541462022,50042365095
R10AFRICA,PP1990adjATP,1/sqrt(x),PPP,PPP_1/sqrt(x),pp1990_atp_ppp_pf2,1991,250.9024127270475,76800867546
R10AFRICA,PP1990adjATP,1/sqrt(x),PPP,PPP_1/sqrt(x),pp1990_atp_ppp_pf2,1992,252.81657782391466,76164605981
R10AFRICA,PP1990adjATP,1/sqrt(x),PPP,PPP_1/sqrt(x),pp1990_atp_ppp_pf2,1993,256.548543537259,75511303447
R10AFRICA,PP1990adjATP,1/sqrt(x),PPP,PPP_1/sqrt(x),pp1990_atp_ppp_pf2,1994,259.85154594536294,74841251376
R10AFRICA,PP1990adjATP,1/sqrt(x),PPP,PPP_1/sqrt(x),pp1990_atp_ppp_pf2,1995,263.1954118764271,74154457654
R10AFRICA,PP1990adjATP,1/sqrt(x),PPP,PPP_1/sqrt(x),pp1990_atp_ppp_pf2,1996,265.98150850182253,73450446881
R10AFRICA,PP1990adjATP,1/sqrt(x),PPP,PPP_1/sqrt(x),pp1990_atp_ppp_pf2,1997,268.0836290540009,72728659829
R10AFRICA,PP1990adjATP,1/sqrt(x),PPP,PPP_1/sqrt(x),pp1990_atp_ppp_pf2,1998,269.86324142712243,71989137922
R10AFRICA,PP1990adjATP,1/sqrt(x),PPP,PPP_1/sqrt(x),pp1990_atp_ppp_pf2,1999,271.42484743764936,71231757024
R10AFRICA,PP1990adjATP,1/sqrt(x),PPP,PPP_1/sqrt(x),pp1990_atp_ppp_pf2,2000,273.03754430822687,70455947767
R10AFRICA,PP1990adjATP,1/sqrt(x),PPP,PPP_1/sqrt(x),pp1990_atp_ppp_pf2,2001,274.69656141832013,69661125508
R10AFRICA,PP1990adjATP,1/sqrt(x),PPP,PPP_1/sqrt(x),pp1990_atp_ppp_pf2,2002,276.0815368754509,68846670613
R10AFRICA,PP1990adjATP,1/sqrt(x),PPP,PPP_1/sqrt(x),pp1990_atp_ppp_pf2,2003,277.2640218829476,68011954795
R10AFRICA,PP1990adjATP,1/sqrt(x),PPP,PPP_1/sqrt(x),pp1990_atp_ppp_pf2,2004,278.50316288902894,67156364448
R10AFRICA,PP1990adjATP,1/sqrt(x),PPP,PPP_1/sqrt(x),pp1990_atp_ppp_pf2,2005,279.6012431438989,66279242235
R10AFRICA,PP1990adjATP,1/sqrt(x),PPP,PPP_1/sqrt(x),pp1990_atp_ppp_pf2,2006,280.6898817506205,65379978748
R10AFRICA,PP1990adjATP,1/sqrt(x),PPP,PPP_1/sqrt(x),pp1990_atp_ppp_pf2,2007,281.8590650806375,64457869955
R10AFRICA,PP1990adjATP,1/sqrt(x),PPP,PPP_1/sqrt(x),pp1990_atp_ppp_pf2,2008,283.09170352971006,63512067948
R10AFRICA,PP1990adjATP,1/sqrt(x),PPP,PPP_1/sqrt(x),pp1990_atp_ppp_pf2,2009,284.0108589229025,62541793291
R10AFRICA,PP1990adjATP,1/sqrt(x),PPP,PPP_1/sqrt(x),pp1990_atp_ppp_pf2,2010,284.84607988994475,61546271913
R10AFRICA,PP1990adjATP,1/sqrt(x),PPP,PPP_1/sqrt(x),pp1990_atp_ppp_pf2,2011,285.5594897207071,60524760604
R10AFRICA,PP1990adjATP,1/sqrt(x),PPP,PPP_1/sqrt(x),pp1990_atp_ppp_pf2,2012,286.158540682379,59476830918
R10AFRICA,PP1990adjATP,1/sqrt(x),PPP,PPP_1/sqrt(x),pp1990_atp_ppp_pf2,2013,287.00769642499324,58401743845
R10AFRICA,PP1990adjATP,1/sqrt(x),PPP,PPP_1/sqrt(x),pp1990_atp_ppp_pf2,2014,287.58556941159196,57298318046
R10AFRICA,PP1990adjATP,1/sqrt(x),PPP,PPP_1/sqrt(x),pp1990_atp_ppp_pf2,2015,287.53994967211094,56165549753
R10AFRICA,PP1990adjATP,1/sqrt(x),PPP,PPP_1/sqrt(x),pp1990_atp_ppp_pf2,2016,287.236398410321,55002610901
R10AFRICA,PP1990adjATP,1/sqrt(x),PPP,PPP_1/sqrt(x),pp1990_atp_ppp_pf2,2017,286.8336945389493,53809279138
R10AFRICA,PP1990adjATP,1/sqrt(x),PPP,PPP_1/sqrt(x),pp1990_atp_ppp_pf2,2018,286.4900412864025,52585104529
R10AFRICA,PP1990adjATP,1/sqrt(x),PPP,PPP_1/sqrt(x),pp1990_atp_ppp_pf2,2019,286.32699777354054,51329519454
R10AFRICA,PP1990adjATP,1/sqrt(x),PPP,PPP_1/sqrt(x),pp1990_atp_ppp_pf2,2020,285.9196833571271,50042365095
R10AFRICA,PP1990adjATP,1/x,PPP,PPP_1/x,pp1990_atp_ppp_pf1,1991,299.2232344334338,76800867546
R10AFRICA,PP1990adjATP,1/x,PPP,PPP_1/x,pp1990_atp_ppp_pf1,1992,305.5672047166748,76164605981
R10AFRICA,PP1990adjATP,1/x,PPP,PPP_1/x,pp1990_atp_ppp_pf1,1993,317.3753836265083,75511303447
R10AFRICA,PP1990adjATP,1/x,PPP,PPP_1/x,pp1990_atp_ppp_pf1,1994,326.96645728472043,74841251376
R10AFRICA,PP1990adjATP,1/x,PPP,PPP_1/x,pp1990_atp_ppp_pf1,1995,336.9232292371322,74154457654
R10AFRICA,PP1990adjATP,1/x,PPP,PPP_1/x,pp1990_atp_ppp_pf1,1996,345.5444641574027,73450446881
R10AFRICA,PP1990adjATP,1/x,PPP,PPP_1/x,pp1990_atp_ppp_pf1,1997,352.38268170418837,72728659829
R10AFRICA,PP1990adjATP,1/x,PPP,PPP_1/x,pp1990_atp_ppp_pf1,1998,358.5135507658217,71989137922
R10AFRICA,PP1990adjATP,1/x,PPP,PPP_1/x,pp1990_atp_ppp_pf1,1999,364.4558907215317,71231757024
R10AFRICA,PP1990adjATP,1/x,PPP,PPP_1/x,pp1990_atp_ppp_pf1,2000,370.4871688943128,70455947767
R10AFRICA,PP1990adjATP,1/x,PPP,PPP_1/x,pp1990_atp_ppp_pf1,2001,376.70347320226,69661125508
R10AFRICA,PP1990adjATP,1/x,PPP,PPP_1/x,pp1990_atp_ppp_pf1,2002,382.20261708823267,68846670613
R10AFRICA,PP1990adjATP,1/x,PPP,PPP_1/x,pp1990_atp_ppp_pf1,2003,387.3047938652814,68011954795
R10AFRICA,PP1990adjATP,1/x,PPP,PPP_1/x,pp1990_atp_ppp_pf1,2004,392.8974029645348,67156364448
R10AFRICA,PP1990adjATP,1/x,PPP,PPP_1/x,pp1990_atp_ppp_pf1,2005,398.0621921983924,66279242235
R10AFRICA,PP1990adjATP,1/x,PPP,PPP_1/x,pp1990_atp_ppp_pf1,2006,403.1596951640326,65379978748
R10AFRICA,PP1990adjATP,1/x,PPP,PPP_1/x,pp1990_atp_ppp_pf1,2007,408.3916512079479,64457869955
R10AFRICA,PP1990adjATP,1/x,PPP,PPP_1/x,pp1990_atp_ppp_pf1,2008,413.7382657982686,63512067948
R10AFRICA,PP1990adjATP,1/x,PPP,PPP_1/x,pp1990_atp_ppp_pf1,2009,418.21414437669216,62541793291
R10AFRICA,PP1990adjATP,1/x,PPP,PPP_1/x,pp1990_atp_ppp_pf1,2010,422.5731935472445,61546271913
R10AFRICA,PP1990adjATP,1/x,PPP,PPP_1/x,pp1990_atp_ppp_pf1,2011,426.5798369737899,60524760604
R10AFRICA,PP1990adjATP,1/x,PPP,PPP_1/x,pp1990_atp_ppp_pf1,2012,430.16092369319176,59476830918
R10AFRICA,PP1990adjATP,1/x,PPP,PPP_1/x,pp1990_atp_ppp_pf1,2013,434.4339582428118,58401743845
R10AFRICA,PP1990adjATP,1/x,PPP,PPP_1/x,pp1990_atp_ppp_pf1,2014,437.9186893434033,57298318046
R10AFRICA,PP1990adjATP,1/x,PPP,PPP_1/x,pp1990_atp_ppp_pf1,2015,439.6914816272529,56165549753
R10AFRICA,PP1990adjATP,1/x,PPP,PPP_1/x,pp1990_atp_ppp_pf1,2016,440.6544576237272,55002610901
R10AFRICA,PP1990adjATP,1/x,PPP,PPP_1/x,pp1990_atp_ppp_pf1,2017,441.2648837005179,53809279138
R10AFRICA,PP1990adjATP,1/x,PPP,PPP_1/x,pp1990_atp_ppp_pf1,2018,442.01567977651695,52585104529
R10AFRICA,PP1990adjATP,1/x,PPP,PPP_1/x,pp1990_atp_ppp_pf1,2019,443.3385694931886,51329519454
R10AFRICA,PP1990adjATP,1/x,PPP,PPP_1/x,pp1990_atp_ppp_pf1,2020,444.1961979582622,50042365095
R10AFRICA,PP1850adjATP,1/asinh(x),MER,MER_1/asinh(x),pp1850_atp_mer_pf3,1991,268.5192146186996,76800867546
R10AFRICA,PP1850adjATP,1/asinh(x),MER,MER_1/asinh(x),pp1850_atp_mer_pf3,1992,268.0742428479255,76164605981
R10AFRICA,PP1850adjATP,1/asinh(x),MER,MER_1/asinh(x),pp1850_atp_mer_pf3,1993,268.8097456649674,75511303447
R10AFRICA,PP1850adjATP,1/asinh(x),MER,MER_1/asinh(x),pp1850_atp_mer_pf3,1994,269.66618127882174,74841251376
R10AFRICA,PP1850adjATP,1/asinh(x),MER,MER_1/asinh(x),pp1850_atp_mer_pf3,1995,271.1727055775308,74154457654
R10AFRICA,PP1850adjATP,1/asinh(x),MER,MER_1/asinh(x),pp1850_atp_mer_pf3,1996,272.0677146576232,73450446881
R10AFRICA,PP1850adjATP,1/asinh(x),MER,MER_1/asinh(x),pp1850_atp_mer_pf3,1997,272.445501091605,72728659829
R10AFRICA,PP1850adjATP,1/asinh(x),MER,MER_1/asinh(x),pp1850_atp_mer_pf3,1998,272.5009534474701,71989137922
R10AFRICA,PP1850adjATP,1/asinh(x),MER,MER_1/asinh(x),pp1850_atp_mer_pf3,1999,272.1390966992685,71231757024
R10AFRICA,PP1850adjATP,1/asinh(x),MER,MER_1/asinh(x),pp1850_atp_mer_pf3,2000,271.8670012143472,70455947767
R10AFRICA,PP1850adjATP,1/asinh(x),MER,MER_1/asinh(x),pp1850_atp_mer_pf3,2001,271.1800203425464,69661125508
R10AFRICA,PP1850adjATP,1/asinh(x),MER,MER_1/asinh(x),pp1850_atp_mer_pf3,2002,270.8079016274583,68846670613
R10AFRICA,PP1850adjATP,1/asinh(x),MER,MER_1/asinh(x),pp1850_atp_mer_pf3,2003,270.2757600117245,68011954795
R10AFRICA,PP1850adjATP,1/asinh(x),MER,MER_1/asinh(x),pp1850_atp_mer_pf3,2004,269.66707815323673,67156364448
R10AFRICA,PP1850adjATP,1/asinh(x),MER,MER_1/asinh(x),pp1850_atp_mer_pf3,2005,268.9300529899653,66279242235
R10AFRICA,PP1850adjATP,1/asinh(x),MER,MER_1/asinh(x),pp1850_atp_mer_pf3,2006,268.0387059114131,65379978748
R10AFRICA,PP1850adjATP,1/asinh(x),MER,MER_1/asinh(x),pp1850_atp_mer_pf3,2007,266.95656233325894,64457869955
R10AFRICA,PP1850adjATP,1/asinh(x),MER,MER_1/asinh(x),pp1850_atp_mer_pf3,2008,265.97639430220784,63512067948
R10AFRICA,PP1850adjATP,1/asinh(x),MER,MER_1/asinh(x),pp1850_atp_mer_pf3,2009,264.74156317134333,62541793291
R10AFRICA,PP1850adjATP,1/asinh(x),MER,MER_1/asinh(x),pp1850_atp_mer_pf3,2010,263.6234968327032,61546271913
R10AFRICA,PP1850adjATP,1/asinh(x),MER,MER_1/asinh(x),pp1850_atp_mer_pf3,2011,262.6815638575645,60524760604
R10AFRICA,PP1850adjATP,1/asinh(x),MER,MER_1/asinh(x),pp1850_atp_mer_pf3,2012,261.7519638448584,59476830918
R10AFRICA,PP1850adjATP,1/asinh(x),MER,MER_1/asinh(x),pp1850_atp_mer_pf3,2013,260.6431667792615,58401743845
R10AFRICA,PP1850adjATP,1/asinh(x),MER,MER_1/asinh(x),pp1850_atp_mer_pf3,2014,259.4064623700814,57298318046
R10AFRICA,PP1850adjATP,1/asinh(x),MER,MER_1/asinh(x),pp1850_atp_mer_pf3,2015,258.05558778307665,56165549753
R10AFRICA,PP1850adjATP,1/asinh(x),MER,MER_1/asinh(x),pp1850_atp_mer_pf3,2016,256.8452164370058,55002610901
R10AFRICA,PP1850adjATP,1/asinh(x),MER,MER_1/asinh(x),pp1850_atp_mer_pf3,2017,255.72791045071472,53809279138
R10AFRICA,PP1850adjATP,1/asinh(x),MER,MER_1/asinh(x),pp1850_atp_mer_pf3,2018,254.69358265834617,52585104529
R10AFRICA,PP1850adjATP,1/asinh(x),MER,MER_1/asinh(x),pp1850_atp_mer_pf3,2019,253.64133897048384,51329519454
R10AFRICA,PP1850adjATP,1/asinh(x),MER,MER_1/asinh(x),pp1850_atp_mer_pf3,2020,252.40922044110815,50042365095
R10AFRICA,PP1850adjATP,1/sqrt(x),MER,MER_1/sqrt(x),pp1850_atp_mer_pf2,1991,288.0496401216031,76800867546
R10AFRICA,PP1850adjATP,1/sqrt(x),MER,MER_1/sqrt(x),pp1850_atp_mer_pf2,1992,288.1143534247097,76164605981
R10AFRICA,PP1850adjATP,1/sqrt(x),MER,MER_1/sqrt(x),pp1850_atp_mer_pf2,1993,292.66339644962653,75511303447
R10AFRICA,PP1850adjATP,1/sqrt(x),MER,MER_1/sqrt(x),pp1850_atp_mer_pf2,1994,297.76356632118257,74841251376
R10AFRICA,PP1850adjATP,1/sqrt(x),MER,MER_1/sqrt(x),pp1850_atp_mer_pf2,1995,306.05785527393994,74154457654
R10AFRICA,PP1850adjATP,1/sqrt(x),MER,MER_1/sqrt(x),pp1850_atp_mer_pf2,1996,312.52782062322177,73450446881
R10AFRICA,PP1850adjATP,1/sqrt(x),MER,MER_1/sqrt(x),pp1850_atp_mer_pf2,1997,317.2290711720929,72728659829
R10AFRICA,PP1850adjATP,1/sqrt(x),MER,MER_1/sqrt(x),pp1850_atp_mer_pf2,1998,320.71014089831533,71989137922
R10AFRICA,PP1850adjATP,1/sqrt(x),MER,MER_1/sqrt(x),pp1850_atp_mer_pf2,1999,322.4323541766086,71231757024
R10AFRICA,PP1850adjATP,1/sqrt(x),MER,MER_1/sqrt(x),pp1850_atp_mer_pf2,2000,324.5855504149412,70455947767
R10AFRICA,PP1850adjATP,1/sqrt(x),MER,MER_1/sqrt(x),pp1850_atp_mer_pf2,2001,325.0141751352079,69661125508
R10AFRICA,PP1850adjATP,1/sqrt(x),MER,MER_1/sqrt(x),pp1850_atp_mer_pf2,2002,326.7952356907677,68846670613
R10AFRICA,PP1850adjATP,1/sqrt(x),MER,MER_1/sqrt(x),pp1850_atp_mer_pf2,2003,327.8810882925536,68011954795
R10AFRICA,PP1850adjATP,1/sqrt(x),MER,MER_1/sqrt(x),pp1850_atp_mer_pf2,2004,329.1137197699091,67156364448
R10AFRICA,PP1850adjATP,1/sqrt(x),MER,MER_1/sqrt(x),pp1850_atp_mer_pf2,2005,330.16519427849977,66279242235
R10AFRICA,PP1850adjATP,1/sqrt(x),MER,MER_1/sqrt(x),pp1850_atp_mer_pf2,2006,330.7886100119897,65379978748
R10AFRICA,PP1850adjATP,1/sqrt(x),MER,MER_1/sqrt(x),pp1850_atp_mer_pf2,2007,330.8781966469123,64457869955
R10AFRICA,PP1850adjATP,1/sqrt(x),MER,MER_1/sqrt(x),pp1850_atp_mer_pf2,2008,331.7432149408442,63512067948
R10AFRICA,PP1850adjATP,1/sqrt(x),MER,MER_1/sqrt(x),pp1850_atp_mer_pf2,2009,331.6446715710435,62541793291
R10AFRICA,PP1850adjATP,1/sqrt(x),MER,MER_1/sqrt(x),pp1850_atp_mer_pf2,2010,331.8887937263297,61546271913
R10AFRICA,PP1850adjATP,1/sqrt(x),MER,MER_1/sqrt(x),pp1850_atp_mer_pf2,2011,333.37938511634866,60524760604
R10AFRICA,PP1850adjATP,1/sqrt(x),MER,MER_1/sqrt(x),pp1850_atp_mer_pf2,2012,335.1236601288762,59476830918
R10AFRICA,PP1850adjATP,1/sqrt(x),MER,MER_1/sqrt(x),pp1850_atp_mer_pf2,2013,335.82640519985705,58401743845
R10AFRICA,PP1850adjATP,1/sqrt(x),MER,MER_1/sqrt(x),pp1850_atp_mer_pf2,2014,335.8363995297567,57298318046
R10AFRICA,PP1850adjATP,1/sqrt(x),MER,MER_1/sqrt(x),pp1850_atp_mer_pf2,2015,335.53420363064834,56165549753
R10AFRICA,PP1850adjATP,1/sqrt(x),MER,MER_1/sqrt(x),pp1850_atp_mer_pf2,2016,335.6013531355093,55002610901
R10AFRICA,PP1850adjATP,1/sqrt(x),MER,MER_1/sqrt(x),pp1850_atp_mer_pf2,2017,336.2105749337311,53809279138
R10AFRICA,PP1850adjATP,1/sqrt(x),MER,MER_1/sqrt(x),pp1850_atp_mer_pf2,2018,337.3030442925333,52585104529
R10AFRICA,PP1850adjATP,1/sqrt(x),MER,MER_1/sqrt(x),pp1850_atp_mer_pf2,2019,338.1675139651059,51329519454
R10AFRICA,PP1850adjATP,1/sqrt(x),MER,MER_1/sqrt(x),pp1850_atp_mer_pf2,2020,338.51275675695797,50042365095
R10AFRICA,PP1850adjATP,1/x,MER,MER_1/x,pp1850_atp_mer_pf1,1991,287.04215165952127,76800867546
R10AFRICA,PP1850adjATP,1/x,MER,MER_1/x,pp1850_atp_mer_pf1,1992,288.29020229312044,76164605981
R10AFRICA,PP1850adjATP,1/x,MER,MER_1/x,pp1850_atp_mer_pf1,1993,298.6525499366769,75511303447
R10AFRICA,PP1850adjATP,1/x,MER,MER_1/x,pp1850_atp_mer_pf1,1994,310.2355262355852,74841251376
R10AFRICA,PP1850adjATP,1/x,MER,MER_1/x,pp1850_atp_mer_pf1,1995,329.89123227313473,74154457654
R10AFRICA,PP1850adjATP,1/x,MER,MER_1/x,pp1850_atp_mer_pf1,1996,346.2099987470744,73450446881
R10AFRICA,PP1850adjATP,1/x,MER,MER_1/x,pp1850_atp_mer_pf1,1997,358.82124750453085,72728659829
R10AFRICA,PP1850adjATP,1/x,MER,MER_1/x,pp1850_atp_mer_pf1,1998,368.5556190438443,71989137922
R10AFRICA,PP1850adjATP,1/x,MER,MER_1/x,pp1850_atp_mer_pf1,1999,374.09471692775594,71231757024
R10AFRICA,PP1850adjATP,1/x,MER,MER_1/x,pp1850_atp_mer_pf1,2000,381.33142946752423,70455947767
R10AFRICA,PP1850adjATP,1/x,MER,MER_1/x,pp1850_atp_mer_pf1,2001,383.49883710110845,69661125508
R10AFRICA,PP1850adjATP,1/x,MER,MER_1/x,pp1850_atp_mer_pf1,2002,389.673399212967,68846670613
R10AFRICA,PP1850adjATP,1/x,MER,MER_1/x,pp1850_atp_mer_pf1,2003,394.2602521118254,68011954795
R10AFRICA,PP1850adjATP,1/x,MER,MER_1/x,pp1850_atp_mer_pf1,2004,399.6589164427431,67156364448
R10AFRICA,PP1850adjATP,1/x,MER,MER_1/x,pp1850_atp_mer_pf1,2005,404.85216562730494,66279242235
R10AFRICA,PP1850adjATP,1/x,MER,MER_1/x,pp1850_atp_mer_pf1,2006,409.117272413802,65379978748
R10AFRICA,PP1850adjATP,1/x,MER,MER_1/x,pp1850_atp_mer_pf1,2007,412.25916540763586,64457869955
R10AFRICA,PP1850adjATP,1/x,MER,MER_1/x,pp1850_atp_mer_pf1,2008,417.1547323026075,63512067948
R10AFRICA,PP1850adjATP,1/x,MER,MER_1/x,pp1850_atp_mer_pf1,2009,419.19291730096757,62541793291
R10AFRICA,PP1850adjATP,1/x,MER,MER_1/x,pp1850_atp_mer_pf1,2010,421.67139760401443,61546271913
R10AFRICA,PP1850adjATP,1/x,MER,MER_1/x,pp1850_atp_mer_pf1,2011,428.0352132189087,60524760604
R10AFRICA,PP1850adjATP,1/x,MER,MER_1/x,pp1850_atp_mer_pf1,2012,434.95815281164323,59476830918
R10AFRICA,PP1850adjATP,1/x,MER,MER_1/x,pp1850_atp_mer_pf1,2013,438.47589472733745,58401743845
R10AFRICA,PP1850adjATP,1/x,MER,MER_1/x,pp1850_atp_mer_pf1,2014,440.1676081592143,57298318046
R10AFRICA,PP1850adjATP,1/x,MER,MER_1/x,pp1850_atp_mer_pf1,2015,441.1944273171245,56165549753
R10AFRICA,PP1850adjATP,1/x,MER,MER_1/x,pp1850_atp_mer_pf1,2016,442.80047421514195,55002610901
R10AFRICA,PP1850adjATP,1/x,MER,MER_1/x,pp1850_atp_mer_pf1,2017,445.9754802349077,53809279138
R10AFRICA,PP1850adjATP,1/x,MER,MER_1/x,pp1850_atp_mer_pf1,2018,450.4130794306175,52585104529
R10AFRICA,PP1850adjATP,1/x,MER,MER_1/x,pp1850_atp_mer_pf1,2019,454.00128531073443,51329519454
R10AFRICA,PP1850adjATP,1/x,MER,MER_1/x,pp1850_atp_mer_pf1,2020,456.5535273617425,50042365095
R10AFRICA,PP1850adjATP,1/asinh(x),PPP,PPP_1/asinh(x),pp1850_atp_ppp_pf3,1991,269.00922990353047,76800867546
R10AFRICA,PP1850adjATP,1/asinh(x),PPP,PPP_1/asinh(x),pp1850_atp_ppp_pf3,1992,268.8015078393672,76164605981
R10AFRICA,PP1850adjATP,1/asinh(x),PPP,PPP_1/asinh(x),pp1850_atp_ppp_pf3,1993,268.93046317769216,75511303447
R10AFRICA,PP1850adjATP,1/asinh(x),PPP,PPP_1/asinh(x),pp1850_atp_ppp_pf3,1994,268.97170866763463,74841251376
R10AFRICA,PP1850adjATP,1/asinh(x),PPP,PPP_1/asinh(x),pp1850_atp_ppp_pf3,1995,268.94094221638153,74154457654
R10AFRICA,PP1850adjATP,1/asinh(x),PPP,PPP_1/asinh(x),pp1850_atp_ppp_pf3,1996,268.7446002858275,73450446881
R10AFRICA,PP1850adjATP,1/asinh(x),PPP,PPP_1/asinh(x),pp1850_atp_ppp_pf3,1997,268.38092644517627,72728659829
R10AFRICA,PP1850adjATP,1/asinh(x),PPP,PPP_1/asinh(x),pp1850_atp_ppp_pf3,1998,267.93265158640367,71989137922
R10AFRICA,PP1850adjATP,1/asinh(x),PPP,PPP_1/asinh(x),pp1850_atp_ppp_pf3,1999,267.41554600715057,71231757024
R10AFRICA,PP1850adjATP,1/asinh(x),PPP,PPP_1/asinh(x),pp1850_atp_ppp_pf3,2000,266.9159112402248,70455947767
R10AFRICA,PP1850adjATP,1/asinh(x),PPP,PPP_1/asinh(x),pp1850_atp_ppp_pf3,2001,266.3976279259847,69661125508
R10AFRICA,PP1850adjATP,1/asinh(x),PPP,PPP_1/asinh(x),pp1850_atp_ppp_pf3,2002,265.82846014143576,68846670613
R10AFRICA,PP1850adjATP,1/asinh(x),PPP,PPP_1/asinh(x),pp1850_atp_ppp_pf3,2003,265.2276951451458,68011954795
R10AFRICA,PP1850adjATP,1/asinh(x),PPP,PPP_1/asinh(x),pp1850_atp_ppp_pf3,2004,264.55144626047894,67156364448
R10AFRICA,PP1850adjATP,1/asinh(x),PPP,PPP_1/asinh(x),pp1850_atp_ppp_pf3,2005,263.79647012133023,66279242235
R10AFRICA,PP1850adjATP,1/asinh(x),PPP,PPP_1/asinh(x),pp1850_atp_ppp_pf3,2006,263.0142470651768,65379978748
R10AFRICA,PP1850adjATP,1/asinh(x),PPP,PPP_1/asinh(x),pp1850_atp_ppp_pf3,2007,262.2146135629738,64457869955
R10AFRICA,PP1850adjATP,1/asinh(x),PPP,PPP_1/asinh(x),pp1850_atp_ppp_pf3,2008,261.39275387958327,63512067948
R10AFRICA,PP1850adjATP,1/asinh(x),PPP,PPP_1/asinh(x),pp1850_atp_ppp_pf3,2009,260.4729756795091,62541793291
R10AFRICA,PP1850adjATP,1/asinh(x),PPP,PPP_1/asinh(x),pp1850_atp_ppp_pf3,2010,259.5367732599471,61546271913
R10AFRICA,PP1850adjATP,1/asinh(x),PPP,PPP_1/asinh(x),pp1850_atp_ppp_pf3,2011,258.5441529575997,60524760604
R10AFRICA,PP1850adjATP,1/asinh(x),PPP,PPP_1/asinh(x),pp1850_atp_ppp_pf3,2012,257.50498445021753,59476830918
R10AFRICA,PP1850adjATP,1/asinh(x),PPP,PPP_1/asinh(x),pp1850_atp_ppp_pf3,2013,256.50594074545006,58401743845
R10AFRICA,PP1850adjATP,1/asinh(x),PPP,PPP_1/asinh(x),pp1850_atp_ppp_pf3,2014,255.45561368516877,57298318046
R10AFRICA,PP1850adjATP,1/asinh(x),PPP,PPP_1/asinh(x),pp1850_atp_ppp_pf3,2015,254.24055292024403,56165549753
R10AFRICA,PP1850adjATP,1/asinh(x),PPP,PPP_1/asinh(x),pp1850_atp_ppp_pf3,2016,253.01090337393805,55002610901
R10AFRICA,PP1850adjATP,1/asinh(x),PPP,PPP_1/asinh(x),pp1850_atp_ppp_pf3,2017,251.7436555340045,53809279138
R10AFRICA,PP1850adjATP,1/asinh(x),PPP,PPP_1/asinh(x),pp1850_atp_ppp_pf3,2018,250.47758554835153,52585104529
R10AFRICA,PP1850adjATP,1/asinh(x),PPP,PPP_1/asinh(x),pp1850_atp_ppp_pf3,2019,249.24543517977753,51329519454
R10AFRICA,PP1850adjATP,1/asinh(x),PPP,PPP_1/asinh(x),pp1850_atp_ppp_pf3,2020,247.88630240211188,50042365095
R10AFRICA,PP1850adjATP,1/sqrt(x),PPP,PPP_1/sqrt(x),pp1850_atp_ppp_pf2,1991,306.12247971453917,76800867546
R10AFRICA,PP1850adjATP,1/sqrt(x),PPP,PPP_1/sqrt(x),pp1850_atp_ppp_pf2,1992,308.03664481140635,76164605981
R10AFRICA,PP1850adjATP,1/sqrt(x),PPP,PPP_1/sqrt(x),pp1850_atp_ppp_pf2,1993,311.76861052475067,75511303447
R10AFRICA,PP1850adjATP,1/sqrt(x),PPP,PPP_1/sqrt(x),pp1850_atp_ppp_pf2,1994,315.0716129328547,74841251376
R10AFRICA,PP1850adjATP,1/sqrt(x),PPP,PPP_1/sqrt(x),pp1850_atp_ppp_pf2,1995,318.4154788639189,74154457654
R10AFRICA,PP1850adjATP,1/sqrt(x),PPP,PPP_1/sqrt(x),pp1850_atp_ppp_pf2,1996,321.20157548931434,73450446881
R10AFRICA,PP1850adjATP,1/sqrt(x),PPP,PPP_1/sqrt(x),pp1850_atp_ppp_pf2,1997,323.30369604149257,72728659829
R10AFRICA,PP1850adjATP,1/sqrt(x),PPP,PPP_1/sqrt(x),pp1850_atp_ppp_pf2,1998,325.0833084146142,71989137922
R10AFRICA,PP1850adjATP,1/sqrt(x),PPP,PPP_1/sqrt(x),pp1850_atp_ppp_pf2,1999,326.64491442514105,71231757024
R10AFRICA,PP1850adjATP,1/sqrt(x),PPP,PPP_1/sqrt(x),pp1850_atp_ppp_pf2,2000,328.2576112957187,70455947767
R10AFRICA,PP1850adjATP,1/sqrt(x),PPP,PPP_1/sqrt(x),pp1850_atp_ppp_pf2,2001,329.9166284058117,69661125508
R10AFRICA,PP1850adjATP,1/sqrt(x),PPP,PPP_1/sqrt(x),pp1850_atp_ppp_pf2,2002,331.30160386294267,68846670613
R10AFRICA,PP1850adjATP,1/sqrt(x),PPP,PPP_1/sqrt(x),pp1850_atp_ppp_pf2,2003,332.4840888704392,68011954795
R10AFRICA,PP1850adjATP,1/sqrt(x),PPP,PPP_1/sqrt(x),pp1850_atp_ppp_pf2,2004,333.7232298765206,67156364448
R10AFRICA,PP1850adjATP,1/sqrt(x),PPP,PPP_1/sqrt(x),pp1850_atp_ppp_pf2,2005,334.82131013139065,66279242235
R10AFRICA,PP1850adjATP,1/sqrt(x),PPP,PPP_1/sqrt(x),pp1850_atp_ppp_pf2,2006,335.9099487381123,65379978748
R10AFRICA,PP1850adjATP,1/sqrt(x),PPP,PPP_1/sqrt(x),pp1850_atp_ppp_pf2,2007,337.0791320681294,64457869955
R10AFRICA,PP1850adjATP,1/sqrt(x),PPP,PPP_1/sqrt(x),pp1850_atp_ppp_pf2,2008,338.3117705172017,63512067948
R10AFRICA,PP1850adjATP,1/sqrt(x),PPP,PPP_1/sqrt(x),pp1850_atp_ppp_pf2,2009,339.23092591039426,62541793291
R10AFRICA,PP1850adjATP,1/sqrt(x),PPP,PPP_1/sqrt(x),pp1850_atp_ppp_pf2,2010,340.06614687743644,61546271913
R10AFRICA,PP1850adjATP,1/sqrt(x),PPP,PPP_1/sqrt(x),pp1850_atp_ppp_pf2,2011,340.7795567081987,60524760604
R10AFRICA,PP1850adjATP,1/sqrt(x),PPP,PPP_1/sqrt(x),pp1850_atp_ppp_pf2,2012,341.3786076698708,59476830918
R10AFRICA,PP1850adjATP,1/sqrt(x),PPP,PPP_1/sqrt(x),pp1850_atp_ppp_pf2,2013,342.2277634124849,58401743845
R10AFRICA,PP1850adjATP,1/sqrt(x),PPP,PPP_1/sqrt(x),pp1850_atp_ppp_pf2,2014,342.80563639908365,57298318046
R10AFRICA,PP1850adjATP,1/sqrt(x),PPP,PPP_1/sqrt(x),pp1850_atp_ppp_pf2,2015,342.76001665960274,56165549753
R10AFRICA,PP1850adjATP,1/sqrt(x),PPP,PPP_1/sqrt(x),pp1850_atp_ppp_pf2,2016,342.4564653978128,55002610901
R10AFRICA,PP1850adjATP,1/sqrt(x),PPP,PPP_1/sqrt(x),pp1850_atp_ppp_pf2,2017,342.05376152644095,53809279138
R10AFRICA,PP1850adjATP,1/sqrt(x),PPP,PPP_1/sqrt(x),pp1850_atp_ppp_pf2,2018,341.71010827389426,52585104529
R10AFRICA,PP1850adjATP,1/sqrt(x),PPP,PPP_1/sqrt(x),pp1850_atp_ppp_pf2,2019,341.54706476103235,51329519454
R10AFRICA,PP1850adjATP,1/sqrt(x),PPP,PPP_1/sqrt(x),pp1850_atp_ppp_pf2,2020,341.13975034461885,50042365095
R10AFRICA,PP1850adjATP,1/x,PPP,PPP_1/x,pp1850_atp_ppp_pf1,1991,354.4433014209256,76800867546
R10AFRICA,PP1850adjATP,1/x,PPP,PPP_1/x,pp1850_atp_ppp_pf1,1992,360.7872717041666,76164605981
R10AFRICA,PP1850adjATP,1/x,PPP,PPP_1/x,pp1850_atp_ppp_pf1,1993,372.59545061400013,75511303447
R10AFRICA,PP1850adjATP,1/x,PPP,PPP_1/x,pp1850_atp_ppp_pf1,1994,382.1865242722122,74841251376
R10AFRICA,PP1850adjATP,1/x,PPP,PPP_1/x,pp1850_atp_ppp_pf1,1995,392.1432962246237,74154457654
R10AFRICA,PP1850adjATP,1/x,PPP,PPP_1/x,pp1850_atp_ppp_pf1,1996,400.76453114489436,73450446881
R10AFRICA,PP1850adjATP,1/x,PPP,PPP_1/x,pp1850_atp_ppp_pf1,1997,407.60274869168,72728659829
R10AFRICA,PP1850adjATP,1/x,PPP,PPP_1/x,pp1850_atp_ppp_pf1,1998,413.7336177533134,71989137922
R10AFRICA,PP1850adjATP,1/x,PPP,PPP_1/x,pp1850_atp_ppp_pf1,1999,419.6759577090236,71231757024
R10AFRICA,PP1850adjATP,1/x,PPP,PPP_1/x,pp1850_atp_ppp_pf1,2000,425.70723588180465,70455947767
R10AFRICA,PP1850adjATP,1/x,PPP,PPP_1/x,pp1850_atp_ppp_pf1,2001,431.9235401897517,69661125508
R10AFRICA,PP1850adjATP,1/x,PPP,PPP_1/x,pp1850_atp_ppp_pf1,2002,437.4226840757244,68846670613
R10AFRICA,PP1850adjATP,1/x,PPP,PPP_1/x,pp1850_atp_ppp_pf1,2003,442.5248608527732,68011954795
R10AFRICA,PP1850adjATP,1/x,PPP,PPP_1/x,pp1850_atp_ppp_pf1,2004,448.11746995202674,67156364448
R10AFRICA,PP1850adjATP,1/x,PPP,PPP_1/x,pp1850_atp_ppp_pf1,2005,453.2822591858842,66279242235
R10AFRICA,PP1850adjATP,1/x,PPP,PPP_1/x,pp1850_atp_ppp_pf1,2006,458.37976215152423,65379978748
R10AFRICA,PP1850adjATP,1/x,PPP,PPP_1/x,pp1850_atp_ppp_pf1,2007,463.6117181954398,64457869955
R10AFRICA,PP1850adjATP,1/x,PPP,PPP_1/x,pp1850_atp_ppp_pf1,2008,468.9583327857604,63512067948
R10AFRICA,PP1850adjATP,1/x,PPP,PPP_1/x,pp1850_atp_ppp_pf1,2009,473.43421136418374,62541793291
R10AFRICA,PP1850adjATP,1/x,PPP,PPP_1/x,pp1850_atp_ppp_pf1,2010,477.79326053473625,61546271913
R10AFRICA,PP1850adjATP,1/x,PPP,PPP_1/x,pp1850_atp_ppp_pf1,2011,481.79990396128153,60524760604
R10AFRICA,PP1850adjATP,1/x,PPP,PPP_1/x,pp1850_atp_ppp_pf1,2012,485.3809906806835,59476830918
R10AFRICA,PP1850adjATP,1/x,PPP,PPP_1/x,pp1850_atp_ppp_pf1,2013,489.65402523030355,58401743845
R10AFRICA,PP1850adjATP,1/x,PPP,PPP_1/x,pp1850_atp_ppp_pf1,2014,493.13875633089515,57298318046
R10AFRICA,PP1850adjATP,1/x,PPP,PPP_1/x,pp1850_atp_ppp_pf1,2015,494.9115486147447,56165549753
R10AFRICA,PP1850adjATP,1/x,PPP,PPP_1/x,pp1850_atp_ppp_pf1,2016,495.87452461121893,55002610901
R10AFRICA,PP1850adjATP,1/x,PPP,PPP_1/x,pp1850_atp_ppp_pf1,2017,496.4849506880096,53809279138
R10AFRICA,PP1850adjATP,1/x,PPP,PPP_1/x,pp1850_atp_ppp_pf1,2018,497.23574676400864,52585104529
R10AFRICA,PP1850adjATP,1/x,PPP,PPP_1/x,pp1850_atp_ppp_pf1,2019,498.5586364806804,51329519454
R10AFRICA,PP1850adjATP,1/x,PPP,PPP_1/x,pp1850_atp_ppp_pf1,2020,499.416264945754,50042365095
R10CHINA+,PP2015,NA,NA,NA,pp2015,1991,91.76258761241799,89782541073
R10CHINA+,PP2015,NA,NA,NA,pp2015,1992,91.76258761241799,88486978861
R10CHINA+,PP2015,NA,NA,NA,pp2015,1993,91.76258761241799,87175623088
R10CHINA+,PP2015,NA,NA,NA,pp2015,1994,91.76258761241799,85849603600
R10CHINA+,PP2015,NA,NA,NA,pp2015,1995,91.76258761241799,84509732921
R10CHINA+,PP2015,NA,NA,NA,pp2015,1996,91.76258761241799,83156771938
R10CHINA+,PP2015,NA,NA,NA,pp2015,1997,91.76258761241799,81791519655
R10CHINA+,PP2015,NA,NA,NA,pp2015,1998,91.76258761241799,80414723629
R10CHINA+,PP2015,NA,NA,NA,pp2015,1999,91.76258761241799,79026921756
R10CHINA+,PP2015,NA,NA,NA,pp2015,2000,91.76258761241799,77628655614
R10CHINA+,PP2015,NA,NA,NA,pp2015,2001,91.76258761241799,76220016364
R10CHINA+,PP2015,NA,NA,NA,pp2015,2002,91.76258761241799,74801113660
R10CHINA+,PP2015,NA,NA,NA,pp2015,2003,91.76258761241799,73372402532
R10CHINA+,PP2015,NA,NA,NA,pp2015,2004,91.76258761241799,71934135829
R10CHINA+,PP2015,NA,NA,NA,pp2015,2005,91.76258761241799,70486346883
R10CHINA+,PP2015,NA,NA,NA,pp2015,2006,91.76258761241799,69028933948
R10CHINA+,PP2015,NA,NA,NA,pp2015,2007,91.76258761241799,67561801657
R10CHINA+,PP2015,NA,NA,NA,pp2015,2008,91.76258761241799,66084718717
R10CHINA+,PP2015,NA,NA,NA,pp2015,2009,91.76258761241799,64597511181
R10CHINA+,PP2015,NA,NA,NA,pp2015,2010,91.76258761241799,63099834400
R10CHINA+,PP2015,NA,NA,NA,pp2015,2011,91.76258761241799,61591451550
R10CHINA+,PP2015,NA,NA,NA,pp2015,2012,91.76258761241799,60072478323
R10CHINA+,PP2015,NA,NA,NA,pp2015,2013,91.76258761241799,58542310221
R10CHINA+,PP2015,NA,NA,NA,pp2015,2014,91.76258761241799,57000848210
R10CHINA+,PP2015,NA,NA,NA,pp2015,2015,91.76258761241799,55448545528
R10CHINA+,PP2015,NA,NA,NA,pp2015,2016,81.61002632496057,53885985013
R10CHINA+,PP2015,NA,NA,NA,pp2015,2017,71.54032004244286,52313530958
R10CHINA+,PP2015,NA,NA,NA,pp2015,2018,61.20208233611913,50731008946
R10CHINA+,PP2015,NA,NA,NA,pp2015,2019,50.46879508810241,49140064918
R10CHINA+,PP2015,NA,NA,NA,pp2015,2020,39.2792011155856,47542731691
R10CHINA+,PP1990,NA,NA,NA,pp1990,1991,234.79347821761974,89782541073
R10CHINA+,PP1990,NA,NA,NA,pp1990,1992,232.14613362895153,88486978861
R10CHINA+,PP1990,NA,NA,NA,pp1990,1993,229.37413797909863,87175623088
R10CHINA+,PP1990,NA,NA,NA,pp1990,1994,226.4109905347723,85849603600
R10CHINA+,PP1990,NA,NA,NA,pp1990,1995,223.26144420218444,84509732921
R10CHINA+,PP1990,NA,NA,NA,pp1990,1996,219.8502812314557,83156771938
R10CHINA+,PP1990,NA,NA,NA,pp1990,1997,216.28588468311705,81791519655
R10CHINA+,PP1990,NA,NA,NA,pp1990,1998,212.70480494614017,80414723629
R10CHINA+,PP1990,NA,NA,NA,pp1990,1999,209.27140355169198,79026921756
R10CHINA+,PP1990,NA,NA,NA,pp1990,2000,205.6437810317773,77628655614
R10CHINA+,PP1990,NA,NA,NA,pp1990,2001,201.91734799501518,76220016364
R10CHINA+,PP1990,NA,NA,NA,pp1990,2002,198.1051060900833,74801113660
R10CHINA+,PP1990,NA,NA,NA,pp1990,2003,193.90858746449933,73372402532
R10CHINA+,PP1990,NA,NA,NA,pp1990,2004,188.96508494934506,71934135829
R10CHINA+,PP1990,NA,NA,NA,pp1990,2005,183.6301219605896,70486346883
R10CHINA+,PP1990,NA,NA,NA,pp1990,2006,177.62358421787087,69028933948
R10CHINA+,PP1990,NA,NA,NA,pp1990,2007,170.99792613221115,67561801657
R10CHINA+,PP1990,NA,NA,NA,pp1990,2008,163.8776359885987,66084718717
R10CHINA+,PP1990,NA,NA,NA,pp1990,2009,156.22858463651556,64597511181
R10CHINA+,PP1990,NA,NA,NA,pp1990,2010,148.1766877946533,63099834400
R10CHINA+,PP1990,NA,NA,NA,pp1990,2011,139.37511947124122,61591451550
R10CHINA+,PP1990,NA,NA,NA,pp1990,2012,129.63813407963428,60072478323
R10CHINA+,PP1990,NA,NA,NA,pp1990,2013,119.65144715232894,58542310221
R10CHINA+,PP1990,NA,NA,NA,pp1990,2014,109.47013026625744,57000848210
R10CHINA+,PP1990,NA,NA,NA,pp1990,2015,99.22540324139192,55448545528
R10CHINA+,PP1990,NA,NA,NA,pp1990,2016,89.07284195393453,53885985013
R10CHINA+,PP1990,NA,NA,NA,pp1990,2017,79.00313567141684,52313530958
R10CHINA+,PP1990,NA,NA,NA,pp1990,2018,68.6648979650931,50731008946
R10CHINA+,PP1990,NA,NA,NA,pp1990,2019,57.93161071707638,49140064918
R10CHINA+,PP1990,NA,NA,NA,pp1990,2020,46.742016744559564,47542731691
R10CHINA+,PP1850,NA,NA,NA,pp1850,1991,322.9136634703708,89782541073
R10CHINA+,PP1850,NA,NA,NA,pp1850,1992,320.2663188817026,88486978861
R10CHINA+,PP1850,NA,NA,NA,pp1850,1993,317.4943232318497,87175623088
R10CHINA+,PP1850,NA,NA,NA,pp1850,1994,314.53117578752335,85849603600
R10CHINA+,PP1850,NA,NA,NA,pp1850,1995,311.3816294549355,84509732921
R10CHINA+,PP1850,NA,NA,NA,pp1850,1996,307.9704664842068,83156771938
R10CHINA+,PP1850,NA,NA,NA,pp1850,1997,304.40606993586806,81791519655
R10CHINA+,PP1850,NA,NA,NA,pp1850,1998,300.82499019889127,80414723629
R10CHINA+,PP1850,NA,NA,NA,pp1850,1999,297.391588804443,79026921756
R10CHINA+,PP1850,NA,NA,NA,pp1850,2000,293.7639662845284,77628655614
R10CHINA+,PP1850,NA,NA,NA,pp1850,2001,290.0375332477662,76220016364
R10CHINA+,PP1850,NA,NA,NA,pp1850,2002,286.22529134283434,74801113660
R10CHINA+,PP1850,NA,NA,NA,pp1850,2003,282.0287727172504,73372402532
R10CHINA+,PP1850,NA,NA,NA,pp1850,2004,277.08527020209607,71934135829
R10CHINA+,PP1850,NA,NA,NA,pp1850,2005,271.75030721334065,70486346883
R10CHINA+,PP1850,NA,NA,NA,pp1850,2006,265.743769470622,69028933948
R10CHINA+,PP1850,NA,NA,NA,pp1850,2007,259.1181113849622,67561801657
R10CHINA+,PP1850,NA,NA,NA,pp1850,2008,251.99782124134975,66084718717
R10CHINA+,PP1850,NA,NA,NA,pp1850,2009,244.34876988926663,64597511181
R10CHINA+,PP1850,NA,NA,NA,pp1850,2010,236.2968730474044,63099834400
R10CHINA+,PP1850,NA,NA,NA,pp1850,2011,227.4953047239923,61591451550
R10CHINA+,PP1850,NA,NA,NA,pp1850,2012,217.75831933238535,60072478323
R10CHINA+,PP1850,NA,NA,NA,pp1850,2013,207.77163240507997,58542310221
R10CHINA+,PP1850,NA,NA,NA,pp1850,2014,197.59031551900847,57000848210
R10CHINA+,PP1850,NA,NA,NA,pp1850,2015,187.345588494143,55448545528
R10CHINA+,PP1850,NA,NA,NA,pp1850,2016,177.19302720668557,53885985013
R10CHINA+,PP1850,NA,NA,NA,pp1850,2017,167.12332092416787,52313530958
R10CHINA+,PP1850,NA,NA,NA,pp1850,2018,156.78508321784415,50731008946
R10CHINA+,PP1850,NA,NA,NA,pp1850,2019,146.05179596982745,49140064918
R10CHINA+,PP1850,NA,NA,NA,pp1850,2020,134.86220199731062,47542731691
R10CHINA+,PP2015adjATP,1/asinh(x),MER,MER_1/asinh(x),pp2015_atp_mer_pf3,1991,106.6083768412522,89782541073
R10CHINA+,PP2015adjATP,1/asinh(x),MER,MER_1/asinh(x),pp2015_atp_mer_pf3,1992,105.7982123783495,88486978861
R10CHINA+,PP2015adjATP,1/asinh(x),MER,MER_1/asinh(x),pp2015_atp_mer_pf3,1993,105.14477799066394,87175623088
R10CHINA+,PP2015adjATP,1/asinh(x),MER,MER_1/asinh(x),pp2015_atp_mer_pf3,1994,104.52099079907633,85849603600
R10CHINA+,PP2015adjATP,1/asinh(x),MER,MER_1/asinh(x),pp2015_atp_mer_pf3,1995,103.52577402233722,84509732921
R10CHINA+,PP2015adjATP,1/asinh(x),MER,MER_1/asinh(x),pp2015_atp_mer_pf3,1996,102.39084216288731,83156771938
R10CHINA+,PP2015adjATP,1/asinh(x),MER,MER_1/asinh(x),pp2015_atp_mer_pf3,1997,101.39297014933624,81791519655
R10CHINA+,PP2015adjATP,1/asinh(x),MER,MER_1/asinh(x),pp2015_atp_mer_pf3,1998,100.55951531874337,80414723629
R10CHINA+,PP2015adjATP,1/asinh(x),MER,MER_1/asinh(x),pp2015_atp_mer_pf3,1999,99.84875816168233,79026921756
R10CHINA+,PP2015adjATP,1/asinh(x),MER,MER_1/asinh(x),pp2015_atp_mer_pf3,2000,99.23951567499002,77628655614
R10CHINA+,PP2015adjATP,1/asinh(x),MER,MER_1/asinh(x),pp2015_atp_mer_pf3,2001,98.70245556425917,76220016364
R10CHINA+,PP2015adjATP,1/asinh(x),MER,MER_1/asinh(x),pp2015_atp_mer_pf3,2002,98.12825516710875,74801113660
R10CHINA+,PP2015adjATP,1/asinh(x),MER,MER_1/asinh(x),pp2015_atp_mer_pf3,2003,97.61122559038168,73372402532
R10CHINA+,PP2015adjATP,1/asinh(x),MER,MER_1/asinh(x),pp2015_atp_mer_pf3,2004,97.14259494145334,71934135829
R10CHINA+,PP2015adjATP,1/asinh(x),MER,MER_1/asinh(x),pp2015_atp_mer_pf3,2005,96.69454415284086,70486346883
R10CHINA+,PP2015adjATP,1/asinh(x),MER,MER_1/asinh(x),pp2015_atp_mer_pf3,2006,96.27005600974294,69028933948
R10CHINA+,PP2015adjATP,1/asinh(x),MER,MER_1/asinh(x),pp2015_atp_mer_pf3,2007,95.85071568747031,67561801657
R10CHINA+,PP2015adjATP,1/asinh(x),MER,MER_1/asinh(x),pp2015_atp_mer_pf3,2008,95.37766946828424,66084718717
R10CHINA+,PP2015adjATP,1/asinh(x),MER,MER_1/asinh(x),pp2015_atp_mer_pf3,2009,94.74092711865633,64597511181
R10CHINA+,PP2015adjATP,1/asinh(x),MER,MER_1/asinh(x),pp2015_atp_mer_pf3,2010,94.1158518360501,63099834400
R10CHINA+,PP2015adjATP,1/asinh(x),MER,MER_1/asinh(x),pp2015_atp_mer_pf3,2011,93.52109201794943,61591451550
R10CHINA+,PP2015adjATP,1/asinh(x),MER,MER_1/asinh(x),pp2015_atp_mer_pf3,2012,92.86517522537477,60072478323
R10CHINA+,PP2015adjATP,1/asinh(x),MER,MER_1/asinh(x),pp2015_atp_mer_pf3,2013,92.24362460443263,58542310221
R10CHINA+,PP2015adjATP,1/asinh(x),MER,MER_1/asinh(x),pp2015_atp_mer_pf3,2014,91.66275295096345,57000848210
R10CHINA+,PP2015adjATP,1/asinh(x),MER,MER_1/asinh(x),pp2015_atp_mer_pf3,2015,91.15018250406631,55448545528
R10CHINA+,PP2015adjATP,1/asinh(x),MER,MER_1/asinh(x),pp2015_atp_mer_pf3,2016,80.51628574133285,53885985013
R10CHINA+,PP2015adjATP,1/asinh(x),MER,MER_1/asinh(x),pp2015_atp_mer_pf3,2017,70.06959449522442,52313530958
R10CHINA+,PP2015adjATP,1/asinh(x),MER,MER_1/asinh(x),pp2015_atp_mer_pf3,2018,59.39508367649711,50731008946
R10CHINA+,PP2015adjATP,1/asinh(x),MER,MER_1/asinh(x),pp2015_atp_mer_pf3,2019,48.29824019255058,49140064918
R10CHINA+,PP2015adjATP,1/asinh(x),MER,MER_1/asinh(x),pp2015_atp_mer_pf3,2020,36.799071967921265,47542731691
R10CHINA+,PP2015adjATP,1/sqrt(x),MER,MER_1/sqrt(x),pp2015_atp_mer_pf2,1991,141.0075441664706,89782541073
R10CHINA+,PP2015adjATP,1/sqrt(x),MER,MER_1/sqrt(x),pp2015_atp_mer_pf2,1992,137.4447438559059,88486978861
R10CHINA+,PP2015adjATP,1/sqrt(x),MER,MER_1/sqrt(x),pp2015_atp_mer_pf2,1993,134.7460676366877,87175623088
R10CHINA+,PP2015adjATP,1/sqrt(x),MER,MER_1/sqrt(x),pp2015_atp_mer_pf2,1994,132.0735434187933,85849603600
R10CHINA+,PP2015adjATP,1/sqrt(x),MER,MER_1/sqrt(x),pp2015_atp_mer_pf2,1995,128.1368257062297,84509732921
R10CHINA+,PP2015adjATP,1/sqrt(x),MER,MER_1/sqrt(x),pp2015_atp_mer_pf2,1996,123.83119546490919,83156771938
R10CHINA+,PP2015adjATP,1/sqrt(x),MER,MER_1/sqrt(x),pp2015_atp_mer_pf2,1997,120.11761199984764,81791519655
R10CHINA+,PP2015adjATP,1/sqrt(x),MER,MER_1/sqrt(x),pp2015_atp_mer_pf2,1998,117.04258982108936,80414723629
R10CHINA+,PP2015adjATP,1/sqrt(x),MER,MER_1/sqrt(x),pp2015_atp_mer_pf2,1999,114.45763096534886,79026921756
R10CHINA+,PP2015adjATP,1/sqrt(x),MER,MER_1/sqrt(x),pp2015_atp_mer_pf2,2000,112.22756549201112,77628655614
R10CHINA+,PP2015adjATP,1/sqrt(x),MER,MER_1/sqrt(x),pp2015_atp_mer_pf2,2001,110.31011929627525,76220016364
R10CHINA+,PP2015adjATP,1/sqrt(x),MER,MER_1/sqrt(x),pp2015_atp_mer_pf2,2002,108.21558451408632,74801113660
R10CHINA+,PP2015adjATP,1/sqrt(x),MER,MER_1/sqrt(x),pp2015_atp_mer_pf2,2003,106.35884990850442,73372402532
R10CHINA+,PP2015adjATP,1/sqrt(x),MER,MER_1/sqrt(x),pp2015_atp_mer_pf2,2004,104.68192280242828,71934135829
R10CHINA+,PP2015adjATP,1/sqrt(x),MER,MER_1/sqrt(x),pp2015_atp_mer_pf2,2005,103.08413075847835,70486346883
R10CHINA+,PP2015adjATP,1/sqrt(x),MER,MER_1/sqrt(x),pp2015_atp_mer_pf2,2006,101.57693927932264,69028933948
R10CHINA+,PP2015adjATP,1/sqrt(x),MER,MER_1/sqrt(x),pp2015_atp_mer_pf2,2007,100.10413709881286,67561801657
R10CHINA+,PP2015adjATP,1/sqrt(x),MER,MER_1/sqrt(x),pp2015_atp_mer_pf2,2008,98.44769617225624,66084718717
R10CHINA+,PP2015adjATP,1/sqrt(x),MER,MER_1/sqrt(x),pp2015_atp_mer_pf2,2009,96.11526400908517,64597511181
R10CHINA+,PP2015adjATP,1/sqrt(x),MER,MER_1/sqrt(x),pp2015_atp_mer_pf2,2010,93.84550035443341,63099834400
R10CHINA+,PP2015adjATP,1/sqrt(x),MER,MER_1/sqrt(x),pp2015_atp_mer_pf2,2011,91.63589924580579,61591451550
R10CHINA+,PP2015adjATP,1/sqrt(x),MER,MER_1/sqrt(x),pp2015_atp_mer_pf2,2012,89.14515971061554,60072478323
R10CHINA+,PP2015adjATP,1/sqrt(x),MER,MER_1/sqrt(x),pp2015_atp_mer_pf2,2013,86.79548036831096,58542310221
R10CHINA+,PP2015adjATP,1/sqrt(x),MER,MER_1/sqrt(x),pp2015_atp_mer_pf2,2014,84.61174648101083,57000848210
R10CHINA+,PP2015adjATP,1/sqrt(x),MER,MER_1/sqrt(x),pp2015_atp_mer_pf2,2015,82.70506576646373,55448545528
R10CHINA+,PP2015adjATP,1/sqrt(x),MER,MER_1/sqrt(x),pp2015_atp_mer_pf2,2016,70.80148645613828,53885985013
R10CHINA+,PP2015adjATP,1/sqrt(x),MER,MER_1/sqrt(x),pp2015_atp_mer_pf2,2017,59.37735152257089,52313530958
R10CHINA+,PP2015adjATP,1/sqrt(x),MER,MER_1/sqrt(x),pp2015_atp_mer_pf2,2018,47.83180299206413,50731008946
R10CHINA+,PP2015adjATP,1/sqrt(x),MER,MER_1/sqrt(x),pp2015_atp_mer_pf2,2019,35.7819481986138,49140064918
R10CHINA+,PP2015adjATP,1/sqrt(x),MER,MER_1/sqrt(x),pp2015_atp_mer_pf2,2020,23.469498678216073,47542731691
R10CHINA+,PP2015adjATP,1/x,MER,MER_1/x,pp2015_atp_mer_pf1,1991,182.50856724943023,89782541073
R10CHINA+,PP2015adjATP,1/x,MER,MER_1/x,pp2015_atp_mer_pf1,1992,172.98361790426176,88486978861
R10CHINA+,PP2015adjATP,1/x,MER,MER_1/x,pp2015_atp_mer_pf1,1993,166.4599639690834,87175623088
R10CHINA+,PP2015adjATP,1/x,MER,MER_1/x,pp2015_atp_mer_pf1,1994,159.23412420505096,85849603600
R10CHINA+,PP2015adjATP,1/x,MER,MER_1/x,pp2015_atp_mer_pf1,1995,149.4576494250296,84509732921
R10CHINA+,PP2015adjATP,1/x,MER,MER_1/x,pp2015_atp_mer_pf1,1996,139.35658810072442,83156771938
R10CHINA+,PP2015adjATP,1/x,MER,MER_1/x,pp2015_atp_mer_pf1,1997,130.9681666955993,81791519655
R10CHINA+,PP2015adjATP,1/x,MER,MER_1/x,pp2015_atp_mer_pf1,1998,124.43051154556147,80414723629
R10CHINA+,PP2015adjATP,1/x,MER,MER_1/x,pp2015_atp_mer_pf1,1999,119.52536600597936,79026921756
R10CHINA+,PP2015adjATP,1/x,MER,MER_1/x,pp2015_atp_mer_pf1,2000,115.10293809957247,77628655614
R10CHINA+,PP2015adjATP,1/x,MER,MER_1/x,pp2015_atp_mer_pf1,2001,111.46064236872589,76220016364
R10CHINA+,PP2015adjATP,1/x,MER,MER_1/x,pp2015_atp_mer_pf1,2002,107.48341971670717,74801113660
R10CHINA+,PP2015adjATP,1/x,MER,MER_1/x,pp2015_atp_mer_pf1,2003,104.08452676536601,73372402532
R10CHINA+,PP2015adjATP,1/x,MER,MER_1/x,pp2015_atp_mer_pf1,2004,100.9252652703176,71934135829
R10CHINA+,PP2015adjATP,1/x,MER,MER_1/x,pp2015_atp_mer_pf1,2005,97.8903519521242,70486346883
R10CHINA+,PP2015adjATP,1/x,MER,MER_1/x,pp2015_atp_mer_pf1,2006,95.04000735466495,69028933948
R10CHINA+,PP2015adjATP,1/x,MER,MER_1/x,pp2015_atp_mer_pf1,2007,92.3319247569936,67561801657
R10CHINA+,PP2015adjATP,1/x,MER,MER_1/x,pp2015_atp_mer_pf1,2008,89.34000435045257,66084718717
R10CHINA+,PP2015adjATP,1/x,MER,MER_1/x,pp2015_atp_mer_pf1,2009,85.0448566067615,64597511181
R10CHINA+,PP2015adjATP,1/x,MER,MER_1/x,pp2015_atp_mer_pf1,2010,81.00517303232128,63099834400
R10CHINA+,PP2015adjATP,1/x,MER,MER_1/x,pp2015_atp_mer_pf1,2011,76.92280213028097,61591451550
R10CHINA+,PP2015adjATP,1/x,MER,MER_1/x,pp2015_atp_mer_pf1,2012,72.35615380246622,60072478323
R10CHINA+,PP2015adjATP,1/x,MER,MER_1/x,pp2015_atp_mer_pf1,2013,68.36532145005188,58542310221
R10CHINA+,PP2015adjATP,1/x,MER,MER_1/x,pp2015_atp_mer_pf1,2014,64.87832094787525,57000848210
R10CHINA+,PP2015adjATP,1/x,MER,MER_1/x,pp2015_atp_mer_pf1,2015,61.998988208499384,55448545528
R10CHINA+,PP2015adjATP,1/x,MER,MER_1/x,pp2015_atp_mer_pf1,2016,49.37844058416856,53885985013
R10CHINA+,PP2015adjATP,1/x,MER,MER_1/x,pp2015_atp_mer_pf1,2017,37.48165070460624,52313530958
R10CHINA+,PP2015adjATP,1/x,MER,MER_1/x,pp2015_atp_mer_pf1,2018,25.56005240976151,50731008946
R10CHINA+,PP2015adjATP,1/x,MER,MER_1/x,pp2015_atp_mer_pf1,2019,13.117934015048126,49140064918
R10CHINA+,PP2015adjATP,1/x,MER,MER_1/x,pp2015_atp_mer_pf1,2020,0.49036695408261277,47542731691
R10CHINA+,PP2015adjATP,1/asinh(x),PPP,PPP_1/asinh(x),pp2015_atp_ppp_pf3,1991,101.90568574536121,89782541073
R10CHINA+,PP2015adjATP,1/asinh(x),PPP,PPP_1/asinh(x),pp2015_atp_ppp_pf3,1992,101.48947629134474,88486978861
R10CHINA+,PP2015adjATP,1/asinh(x),PPP,PPP_1/asinh(x),pp2015_atp_ppp_pf3,1993,100.92205368039572,87175623088
R10CHINA+,PP2015adjATP,1/asinh(x),PPP,PPP_1/asinh(x),pp2015_atp_ppp_pf3,1994,100.32552806459032,85849603600
R10CHINA+,PP2015adjATP,1/asinh(x),PPP,PPP_1/asinh(x),pp2015_atp_ppp_pf3,1995,99.74951409196349,84509732921
R10CHINA+,PP2015adjATP,1/asinh(x),PPP,PPP_1/asinh(x),pp2015_atp_ppp_pf3,1996,99.2337640494975,83156771938
R10CHINA+,PP2015adjATP,1/asinh(x),PPP,PPP_1/asinh(x),pp2015_atp_ppp_pf3,1997,98.78096079586246,81791519655
R10CHINA+,PP2015adjATP,1/asinh(x),PPP,PPP_1/asinh(x),pp2015_atp_ppp_pf3,1998,98.35690709227444,80414723629
R10CHINA+,PP2015adjATP,1/asinh(x),PPP,PPP_1/asinh(x),pp2015_atp_ppp_pf3,1999,97.95898425151859,79026921756
R10CHINA+,PP2015adjATP,1/asinh(x),PPP,PPP_1/asinh(x),pp2015_atp_ppp_pf3,2000,97.59572289176374,77628655614
R10CHINA+,PP2015adjATP,1/asinh(x),PPP,PPP_1/asinh(x),pp2015_atp_ppp_pf3,2001,97.23673528891649,76220016364
R10CHINA+,PP2015adjATP,1/asinh(x),PPP,PPP_1/asinh(x),pp2015_atp_ppp_pf3,2002,96.881320899829,74801113660
R10CHINA+,PP2015adjATP,1/asinh(x),PPP,PPP_1/asinh(x),pp2015_atp_ppp_pf3,2003,96.52227971616408,73372402532
R10CHINA+,PP2015adjATP,1/asinh(x),PPP,PPP_1/asinh(x),pp2015_atp_ppp_pf3,2004,96.15766456603234,71934135829
R10CHINA+,PP2015adjATP,1/asinh(x),PPP,PPP_1/asinh(x),pp2015_atp_ppp_pf3,2005,95.80350414315798,70486346883
R10CHINA+,PP2015adjATP,1/asinh(x),PPP,PPP_1/asinh(x),pp2015_atp_ppp_pf3,2006,95.43905801273475,69028933948
R10CHINA+,PP2015adjATP,1/asinh(x),PPP,PPP_1/asinh(x),pp2015_atp_ppp_pf3,2007,95.06167403645446,67561801657
R10CHINA+,PP2015adjATP,1/asinh(x),PPP,PPP_1/asinh(x),pp2015_atp_ppp_pf3,2008,94.6582768102867,66084718717
R10CHINA+,PP2015adjATP,1/asinh(x),PPP,PPP_1/asinh(x),pp2015_atp_ppp_pf3,2009,94.26543839809086,64597511181
R10CHINA+,PP2015adjATP,1/asinh(x),PPP,PPP_1/asinh(x),pp2015_atp_ppp_pf3,2010,93.88097562817731,63099834400
R10CHINA+,PP2015adjATP,1/asinh(x),PPP,PPP_1/asinh(x),pp2015_atp_ppp_pf3,2011,93.51074521920131,61591451550
R10CHINA+,PP2015adjATP,1/asinh(x),PPP,PPP_1/asinh(x),pp2015_atp_ppp_pf3,2012,93.15004977213115,60072478323
R10CHINA+,PP2015adjATP,1/asinh(x),PPP,PPP_1/asinh(x),pp2015_atp_ppp_pf3,2013,92.80597403496071,58542310221
R10CHINA+,PP2015adjATP,1/asinh(x),PPP,PPP_1/asinh(x),pp2015_atp_ppp_pf3,2014,92.49160269487926,57000848210
R10CHINA+,PP2015adjATP,1/asinh(x),PPP,PPP_1/asinh(x),pp2015_atp_ppp_pf3,2015,92.20912095760843,55448545528
R10CHINA+,PP2015adjATP,1/asinh(x),PPP,PPP_1/asinh(x),pp2015_atp_ppp_pf3,2016,81.8050863152676,53885985013
R10CHINA+,PP2015adjATP,1/asinh(x),PPP,PPP_1/asinh(x),pp2015_atp_ppp_pf3,2017,71.50996257348883,52313530958
R10CHINA+,PP2015adjATP,1/asinh(x),PPP,PPP_1/asinh(x),pp2015_atp_ppp_pf3,2018,60.96082454438574,50731008946
R10CHINA+,PP2015adjATP,1/asinh(x),PPP,PPP_1/asinh(x),pp2015_atp_ppp_pf3,2019,50.02176695273524,49140064918
R10CHINA+,PP2015adjATP,1/asinh(x),PPP,PPP_1/asinh(x),pp2015_atp_ppp_pf3,2020,38.63389726813747,47542731691
R10CHINA+,PP2015adjATP,1/sqrt(x),PPP,PPP_1/sqrt(x),pp2015_atp_ppp_pf2,1991,130.50750554395646,89782541073
R10CHINA+,PP2015adjATP,1/sqrt(x),PPP,PPP_1/sqrt(x),pp2015_atp_ppp_pf2,1992,128.65918133230508,88486978861
R10CHINA+,PP2015adjATP,1/sqrt(x),PPP,PPP_1/sqrt(x),pp2015_atp_ppp_pf2,1993,126.12124126082168,87175623088
R10CHINA+,PP2015adjATP,1/sqrt(x),PPP,PPP_1/sqrt(x),pp2015_atp_ppp_pf2,1994,123.50402770617572,85849603600
R10CHINA+,PP2015adjATP,1/sqrt(x),PPP,PPP_1/sqrt(x),pp2015_atp_ppp_pf2,1995,120.98055049224429,84509732921
R10CHINA+,PP2015adjATP,1/sqrt(x),PPP,PPP_1/sqrt(x),pp2015_atp_ppp_pf2,1996,118.75513608991162,83156771938
R10CHINA+,PP2015adjATP,1/sqrt(x),PPP,PPP_1/sqrt(x),pp2015_atp_ppp_pf2,1997,116.82960918728607,81791519655
R10CHINA+,PP2015adjATP,1/sqrt(x),PPP,PPP_1/sqrt(x),pp2015_atp_ppp_pf2,1998,115.01007204292122,80414723629
R10CHINA+,PP2015adjATP,1/sqrt(x),PPP,PPP_1/sqrt(x),pp2015_atp_ppp_pf2,1999,113.30266106788831,79026921756
R10CHINA+,PP2015adjATP,1/sqrt(x),PPP,PPP_1/sqrt(x),pp2015_atp_ppp_pf2,2000,111.75048245368507,77628655614
R10CHINA+,PP2015adjATP,1/sqrt(x),PPP,PPP_1/sqrt(x),pp2015_atp_ppp_pf2,2001,110.18824176097482,76220016364
R10CHINA+,PP2015adjATP,1/sqrt(x),PPP,PPP_1/sqrt(x),pp2015_atp_ppp_pf2,2002,108.64815481435468,74801113660
R10CHINA+,PP2015adjATP,1/sqrt(x),PPP,PPP_1/sqrt(x),pp2015_atp_ppp_pf2,2003,107.08539047921276,73372402532
R10CHINA+,PP2015adjATP,1/sqrt(x),PPP,PPP_1/sqrt(x),pp2015_atp_ppp_pf2,2004,105.49890793176627,71934135829
R10CHINA+,PP2015adjATP,1/sqrt(x),PPP,PPP_1/sqrt(x),pp2015_atp_ppp_pf2,2005,103.96497961108926,70486346883
R10CHINA+,PP2015adjATP,1/sqrt(x),PPP,PPP_1/sqrt(x),pp2015_atp_ppp_pf2,2006,102.39294140185791,69028933948
R10CHINA+,PP2015adjATP,1/sqrt(x),PPP,PPP_1/sqrt(x),pp2015_atp_ppp_pf2,2007,100.76223484570323,67561801657
R10CHINA+,PP2015adjATP,1/sqrt(x),PPP,PPP_1/sqrt(x),pp2015_atp_ppp_pf2,2008,99.01825850155804,66084718717
R10CHINA+,PP2015adjATP,1/sqrt(x),PPP,PPP_1/sqrt(x),pp2015_atp_ppp_pf2,2009,97.31673404594801,64597511181
R10CHINA+,PP2015adjATP,1/sqrt(x),PPP,PPP_1/sqrt(x),pp2015_atp_ppp_pf2,2010,95.66544704282374,63099834400
R10CHINA+,PP2015adjATP,1/sqrt(x),PPP,PPP_1/sqrt(x),pp2015_atp_ppp_pf2,2011,94.07820270759268,61591451550
R10CHINA+,PP2015adjATP,1/sqrt(x),PPP,PPP_1/sqrt(x),pp2015_atp_ppp_pf2,2012,92.53213434643904,60072478323
R10CHINA+,PP2015adjATP,1/sqrt(x),PPP,PPP_1/sqrt(x),pp2015_atp_ppp_pf2,2013,91.05455833087551,58542310221
R10CHINA+,PP2015adjATP,1/sqrt(x),PPP,PPP_1/sqrt(x),pp2015_atp_ppp_pf2,2014,89.70588812077654,57000848210
R10CHINA+,PP2015adjATP,1/sqrt(x),PPP,PPP_1/sqrt(x),pp2015_atp_ppp_pf2,2015,88.50799100721511,55448545528
R10CHINA+,PP2015adjATP,1/sqrt(x),PPP,PPP_1/sqrt(x),pp2015_atp_ppp_pf2,2016,77.3014900473722,53885985013
R10CHINA+,PP2015adjATP,1/sqrt(x),PPP,PPP_1/sqrt(x),pp2015_atp_ppp_pf2,2017,66.2954948944712,52313530958
R10CHINA+,PP2015adjATP,1/sqrt(x),PPP,PPP_1/sqrt(x),pp2015_atp_ppp_pf2,2018,55.07701101248723,50731008946
R10CHINA+,PP2015adjATP,1/sqrt(x),PPP,PPP_1/sqrt(x),pp2015_atp_ppp_pf2,2019,43.47637741882491,49140064918
R10CHINA+,PP2015adjATP,1/sqrt(x),PPP,PPP_1/sqrt(x),pp2015_atp_ppp_pf2,2020,31.450564808472006,47542731691
R10CHINA+,PP2015adjATP,1/x,PPP,PPP_1/x,pp2015_atp_ppp_pf1,1991,154.2517671701195,89782541073
R10CHINA+,PP2015adjATP,1/x,PPP,PPP_1/x,pp2015_atp_ppp_pf1,1992,149.97608013824365,88486978861
R10CHINA+,PP2015adjATP,1/x,PPP,PPP_1/x,pp2015_atp_ppp_pf1,1993,144.04120563597215,87175623088
R10CHINA+,PP2015adjATP,1/x,PPP,PPP_1/x,pp2015_atp_ppp_pf1,1994,138.32537540109593,85849603600
R10CHINA+,PP2015adjATP,1/x,PPP,PPP_1/x,pp2015_atp_ppp_pf1,1995,132.87465408580965,84509732921
R10CHINA+,PP2015adjATP,1/x,PPP,PPP_1/x,pp2015_atp_ppp_pf1,1996,128.17911833801634,83156771938
R10CHINA+,PP2015adjATP,1/x,PPP,PPP_1/x,pp2015_atp_ppp_pf1,1997,124.2271020315734,81791519655
R10CHINA+,PP2015adjATP,1/x,PPP,PPP_1/x,pp2015_atp_ppp_pf1,1998,120.49344312739197,80414723629
R10CHINA+,PP2015adjATP,1/x,PPP,PPP_1/x,pp2015_atp_ppp_pf1,1999,117.03235588226931,79026921756
R10CHINA+,PP2015adjATP,1/x,PPP,PPP_1/x,pp2015_atp_ppp_pf1,2000,113.9033288590662,77628655614
R10CHINA+,PP2015adjATP,1/x,PPP,PPP_1/x,pp2015_atp_ppp_pf1,2001,110.68719622602048,76220016364
R10CHINA+,PP2015adjATP,1/x,PPP,PPP_1/x,pp2015_atp_ppp_pf1,2002,107.57372281188762,74801113660
R10CHINA+,PP2015adjATP,1/x,PPP,PPP_1/x,pp2015_atp_ppp_pf1,2003,104.43014601865218,73372402532
R10CHINA+,PP2015adjATP,1/x,PPP,PPP_1/x,pp2015_atp_ppp_pf1,2004,101.24924508642484,71934135829
R10CHINA+,PP2015adjATP,1/x,PPP,PPP_1/x,pp2015_atp_ppp_pf1,2005,98.2166095112882,70486346883
R10CHINA+,PP2015adjATP,1/x,PPP,PPP_1/x,pp2015_atp_ppp_pf1,2006,95.1690583646052,69028933948
R10CHINA+,PP2015adjATP,1/x,PPP,PPP_1/x,pp2015_atp_ppp_pf1,2007,92.05449829305776,67561801657
R10CHINA+,PP2015adjATP,1/x,PPP,PPP_1/x,pp2015_atp_ppp_pf1,2008,88.79851946614352,66084718717
R10CHINA+,PP2015adjATP,1/x,PPP,PPP_1/x,pp2015_atp_ppp_pf1,2009,85.68858739314832,64597511181
R10CHINA+,PP2015adjATP,1/x,PPP,PPP_1/x,pp2015_atp_ppp_pf1,2010,82.75575879319659,63099834400
R10CHINA+,PP2015adjATP,1/x,PPP,PPP_1/x,pp2015_atp_ppp_pf1,2011,79.99698611929944,61591451550
R10CHINA+,PP2015adjATP,1/x,PPP,PPP_1/x,pp2015_atp_ppp_pf1,2012,77.37148618491409,60072478323
R10CHINA+,PP2015adjATP,1/x,PPP,PPP_1/x,pp2015_atp_ppp_pf1,2013,74.88602277529446,58542310221
R10CHINA+,PP2015adjATP,1/x,PPP,PPP_1/x,pp2015_atp_ppp_pf1,2014,72.66484224612816,57000848210
R10CHINA+,PP2015adjATP,1/x,PPP,PPP_1/x,pp2015_atp_ppp_pf1,2015,70.78186453662991,55448545528
R10CHINA+,PP2015adjATP,1/x,PPP,PPP_1/x,pp2015_atp_ppp_pf1,2016,59.0390475228335,53885985013
R10CHINA+,PP2015adjATP,1/x,PPP,PPP_1/x,pp2015_atp_ppp_pf1,2017,47.6053676809502,52313530958
R10CHINA+,PP2015adjATP,1/x,PPP,PPP_1/x,pp2015_atp_ppp_pf1,2018,35.99248681359338,50731008946
R10CHINA+,PP2015adjATP,1/x,PPP,PPP_1/x,pp2015_atp_ppp_pf1,2019,23.981140940127574,49140064918
R10CHINA+,PP2015adjATP,1/x,PPP,PPP_1/x,pp2015_atp_ppp_pf1,2020,11.577600232838929,47542731691
R10CHINA+,PP1990adjATP,1/asinh(x),MER,MER_1/asinh(x),pp1990_atp_mer_pf3,1991,273.60388454914244,89782541073
R10CHINA+,PP1990adjATP,1/asinh(x),MER,MER_1/asinh(x),pp1990_atp_mer_pf3,1992,268.9564471239328,88486978861
R10CHINA+,PP1990adjATP,1/asinh(x),MER,MER_1/asinh(x),pp1990_atp_mer_pf3,1993,264.5716949180884,87175623088
R10CHINA+,PP1990adjATP,1/asinh(x),MER,MER_1/asinh(x),pp1990_atp_mer_pf3,1994,260.08365789798756,85849603600
R10CHINA+,PP1990adjATP,1/asinh(x),MER,MER_1/asinh(x),pp1990_atp_mer_pf3,1995,254.46519676825952,84509732921
R10CHINA+,PP1990adjATP,1/asinh(x),MER,MER_1/asinh(x),pp1990_atp_mer_pf3,1996,248.20499444328382,83156771938
R10CHINA+,PP1990adjATP,1/asinh(x),MER,MER_1/asinh(x),pp1990_atp_mer_pf3,1997,242.1229169441214,81791519655
R10CHINA+,PP1990adjATP,1/asinh(x),MER,MER_1/asinh(x),pp1990_atp_mer_pf3,1998,236.43040635717418,80414723629
R10CHINA+,PP1990adjATP,1/asinh(x),MER,MER_1/asinh(x),pp1990_atp_mer_pf3,1999,231.1838025425469,79026921756
R10CHINA+,PP1990adjATP,1/asinh(x),MER,MER_1/asinh(x),pp1990_atp_mer_pf3,2000,226.00228492246632,77628655614
R10CHINA+,PP1990adjATP,1/asinh(x),MER,MER_1/asinh(x),pp1990_atp_mer_pf3,2001,220.892729346111,76220016364
R10CHINA+,PP1990adjATP,1/asinh(x),MER,MER_1/asinh(x),pp1990_atp_mer_pf3,2002,215.61468036606243,74801113660
R10CHINA+,PP1990adjATP,1/asinh(x),MER,MER_1/asinh(x),pp1990_atp_mer_pf3,2003,210.09379426156931,73372402532
R10CHINA+,PP1990adjATP,1/asinh(x),MER,MER_1/asinh(x),pp1990_atp_mer_pf3,2004,203.9527397404432,71934135829
R10CHINA+,PP1990adjATP,1/asinh(x),MER,MER_1/asinh(x),pp1990_atp_mer_pf3,2005,197.47055357429494,70486346883
R10CHINA+,PP1990adjATP,1/asinh(x),MER,MER_1/asinh(x),pp1990_atp_mer_pf3,2006,190.37441210994479,69028933948
R10CHINA+,PP1990adjATP,1/asinh(x),MER,MER_1/asinh(x),pp1990_atp_mer_pf3,2007,182.66773173535748,67561801657
R10CHINA+,PP1990adjATP,1/asinh(x),MER,MER_1/asinh(x),pp1990_atp_mer_pf3,2008,174.32913031885977,66084718717
R10CHINA+,PP1990adjATP,1/asinh(x),MER,MER_1/asinh(x),pp1990_atp_mer_pf3,2009,165.04085100514732,64597511181
R10CHINA+,PP1990adjATP,1/asinh(x),MER,MER_1/asinh(x),pp1990_atp_mer_pf3,2010,155.37728665322697,63099834400
R10CHINA+,PP1990adjATP,1/asinh(x),MER,MER_1/asinh(x),pp1990_atp_mer_pf3,2011,145.0480631352798,61591451550
R10CHINA+,PP1990adjATP,1/asinh(x),MER,MER_1/asinh(x),pp1990_atp_mer_pf3,2012,133.62788987353133,60072478323
R10CHINA+,PP1990adjATP,1/asinh(x),MER,MER_1/asinh(x),pp1990_atp_mer_pf3,2013,122.04370382939662,58542310221
R10CHINA+,PP1990adjATP,1/asinh(x),MER,MER_1/asinh(x),pp1990_atp_mer_pf3,2014,110.36654140025796,57000848210
R10CHINA+,PP1990adjATP,1/asinh(x),MER,MER_1/asinh(x),pp1990_atp_mer_pf3,2015,98.79791168079505,55448545528
R10CHINA+,PP1990adjATP,1/asinh(x),MER,MER_1/asinh(x),pp1990_atp_mer_pf3,2016,87.40261672943373,53885985013
R10CHINA+,PP1990adjATP,1/asinh(x),MER,MER_1/asinh(x),pp1990_atp_mer_pf3,2017,76.36160176840103,52313530958
R10CHINA+,PP1990adjATP,1/asinh(x),MER,MER_1/asinh(x),pp1990_atp_mer_pf3,2018,65.15773277753831,50731008946
R10CHINA+,PP1990adjATP,1/asinh(x),MER,MER_1/asinh(x),pp1990_atp_mer_pf3,2019,53.490030500044085,49140064918
R10CHINA+,PP1990adjATP,1/asinh(x),MER,MER_1/asinh(x),pp1990_atp_mer_pf3,2020,41.5042816875055,47542731691
R10CHINA+,PP1990adjATP,1/sqrt(x),MER,MER_1/sqrt(x),pp1990_atp_mer_pf2,1991,363.333219044532,89782541073
R10CHINA+,PP1990adjATP,1/sqrt(x),MER,MER_1/sqrt(x),pp1990_atp_mer_pf2,1992,351.8735015134169,88486978861
R10CHINA+,PP1990adjATP,1/sqrt(x),MER,MER_1/sqrt(x),pp1990_atp_mer_pf2,1993,342.46246701254677,87175623088
R10CHINA+,PP1990adjATP,1/sqrt(x),MER,MER_1/sqrt(x),pp1990_atp_mer_pf2,1994,332.9742344285581,85849603600
R10CHINA+,PP1990adjATP,1/sqrt(x),MER,MER_1/sqrt(x),pp1990_atp_mer_pf2,1995,320.11206503327963,84509732921
R10CHINA+,PP1990adjATP,1/sqrt(x),MER,MER_1/sqrt(x),pp1990_atp_mer_pf2,1996,305.9364948154414,83156771938
R10CHINA+,PP1990adjATP,1/sqrt(x),MER,MER_1/sqrt(x),pp1990_atp_mer_pf2,1997,293.03592767357526,81791519655
R10CHINA+,PP1990adjATP,1/sqrt(x),MER,MER_1/sqrt(x),pp1990_atp_mer_pf2,1998,281.6838901038921,80414723629
R10CHINA+,PP1990adjATP,1/sqrt(x),MER,MER_1/sqrt(x),pp1990_atp_mer_pf2,1999,271.65065443642834,79026921756
R10CHINA+,PP1990adjATP,1/sqrt(x),MER,MER_1/sqrt(x),pp1990_atp_mer_pf2,2000,262.3352621513755,77628655614
R10CHINA+,PP1990adjATP,1/sqrt(x),MER,MER_1/sqrt(x),pp1990_atp_mer_pf2,2001,253.65868197715895,76220016364
R10CHINA+,PP1990adjATP,1/sqrt(x),MER,MER_1/sqrt(x),pp1990_atp_mer_pf2,2002,244.4892035769878,74801113660
R10CHINA+,PP1990adjATP,1/sqrt(x),MER,MER_1/sqrt(x),pp1990_atp_mer_pf2,2003,235.5233682381816,73372402532
R10CHINA+,PP1990adjATP,1/sqrt(x),MER,MER_1/sqrt(x),pp1990_atp_mer_pf2,2004,226.2875713892603,71934135829
R10CHINA+,PP1990adjATP,1/sqrt(x),MER,MER_1/sqrt(x),pp1990_atp_mer_pf2,2005,216.8582522672172,70486346883
R10CHINA+,PP1990adjATP,1/sqrt(x),MER,MER_1/sqrt(x),pp1990_atp_mer_pf2,2006,206.98555803329913,69028933948
R10CHINA+,PP1990adjATP,1/sqrt(x),MER,MER_1/sqrt(x),pp1990_atp_mer_pf2,2007,196.56962945120404,67561801657
R10CHINA+,PP1990adjATP,1/sqrt(x),MER,MER_1/sqrt(x),pp1990_atp_mer_pf2,2008,185.1935757496072,66084718717
R10CHINA+,PP1990adjATP,1/sqrt(x),MER,MER_1/sqrt(x),pp1990_atp_mer_pf2,2009,171.52559875079746,64597511181
R10CHINA+,PP1990adjATP,1/sqrt(x),MER,MER_1/sqrt(x),pp1990_atp_mer_pf2,2010,157.59950643646914,63099834400
R10CHINA+,PP1990adjATP,1/sqrt(x),MER,MER_1/sqrt(x),pp1990_atp_mer_pf2,2011,143.1145661172094,61591451550
R10CHINA+,PP1990adjATP,1/sqrt(x),MER,MER_1/sqrt(x),pp1990_atp_mer_pf2,2012,126.9632660295309,60072478323
R10CHINA+,PP1990adjATP,1/sqrt(x),MER,MER_1/sqrt(x),pp1990_atp_mer_pf2,2013,110.90638995946415,58542310221
R10CHINA+,PP1990adjATP,1/sqrt(x),MER,MER_1/sqrt(x),pp1990_atp_mer_pf2,2014,95.06528486620469,57000848210
R10CHINA+,PP1990adjATP,1/sqrt(x),MER,MER_1/sqrt(x),pp1990_atp_mer_pf2,2015,79.86399193072586,55448545528
R10CHINA+,PP1990adjATP,1/sqrt(x),MER,MER_1/sqrt(x),pp1990_atp_mer_pf2,2016,65.15677685516039,53885985013
R10CHINA+,PP1990adjATP,1/sqrt(x),MER,MER_1/sqrt(x),pp1990_atp_mer_pf2,2017,51.57827511947181,52313530958
R10CHINA+,PP1990adjATP,1/sqrt(x),MER,MER_1/sqrt(x),pp1990_atp_mer_pf2,2018,38.11820636256383,50731008946
R10CHINA+,PP1990adjATP,1/sqrt(x),MER,MER_1/sqrt(x),pp1990_atp_mer_pf2,2019,23.976117058165,49140064918
R10CHINA+,PP1990adjATP,1/sqrt(x),MER,MER_1/sqrt(x),pp1990_atp_mer_pf2,2020,9.878965353492392,47542731691
R10CHINA+,PP1990adjATP,1/x,MER,MER_1/x,pp1990_atp_mer_pf1,1991,468.5508677100832,89782541073
R10CHINA+,PP1990adjATP,1/x,MER,MER_1/x,pp1990_atp_mer_pf1,1992,442.58547958552026,88486978861
R10CHINA+,PP1990adjATP,1/x,MER,MER_1/x,pp1990_atp_mer_pf1,1993,423.9141328253228,87175623088
R10CHINA+,PP1990adjATP,1/x,MER,MER_1/x,pp1990_atp_mer_pf1,1994,403.35850050350086,85849603600
R10CHINA+,PP1990adjATP,1/x,MER,MER_1/x,pp1990_atp_mer_pf1,1995,376.22753231968403,84509732921
R10CHINA+,PP1990adjATP,1/x,MER,MER_1/x,pp1990_atp_mer_pf1,1996,347.65369368417134,83156771938
R10CHINA+,PP1990adjATP,1/x,MER,MER_1/x,pp1990_atp_mer_pf1,1997,323.040101111357,81791519655
R10CHINA+,PP1990adjATP,1/x,MER,MER_1/x,pp1990_atp_mer_pf1,1998,302.94684466182633,80414723629
R10CHINA+,PP1990adjATP,1/x,MER,MER_1/x,pp1990_atp_mer_pf1,1999,286.9731997395757,79026921756
R10CHINA+,PP1990adjATP,1/x,MER,MER_1/x,pp1990_atp_mer_pf1,2000,272.0759851050202,77628655614
R10CHINA+,PP1990adjATP,1/x,MER,MER_1/x,pp1990_atp_mer_pf1,2001,258.89987506596356,76220016364
R10CHINA+,PP1990adjATP,1/x,MER,MER_1/x,pp1990_atp_mer_pf1,2002,244.8895954255543,74801113660
R10CHINA+,PP1990adjATP,1/x,MER,MER_1/x,pp1990_atp_mer_pf1,2003,231.92871295482252,73372402532
R10CHINA+,PP1990adjATP,1/x,MER,MER_1/x,pp1990_atp_mer_pf1,2004,218.86492960606998,71934135829
R10CHINA+,PP1990adjATP,1/x,MER,MER_1/x,pp1990_atp_mer_pf1,2005,205.7117482618023,70486346883
R10CHINA+,PP1990adjATP,1/x,MER,MER_1/x,pp1990_atp_mer_pf1,2006,192.35249910846704,69028933948
R10CHINA+,PP1990adjATP,1/x,MER,MER_1/x,pp1990_atp_mer_pf1,2007,178.71636676536963,67561801657
R10CHINA+,PP1990adjATP,1/x,MER,MER_1/x,pp1990_atp_mer_pf1,2008,163.85570122558218,66084718717
R10CHINA+,PP1990adjATP,1/x,MER,MER_1/x,pp1990_atp_mer_pf1,2009,144.99367021181925,64597511181
R10CHINA+,PP1990adjATP,1/x,MER,MER_1/x,pp1990_atp_mer_pf1,2010,126.36234298294545,63099834400
R10CHINA+,PP1990adjATP,1/x,MER,MER_1/x,pp1990_atp_mer_pf1,2011,106.94608778562699,61591451550
R10CHINA+,PP1990adjATP,1/x,MER,MER_1/x,pp1990_atp_mer_pf1,2012,85.28923573062269,60072478323
R10CHINA+,PP1990adjATP,1/x,MER,MER_1/x,pp1990_atp_mer_pf1,2013,64.83701803868517,58542310221
R10CHINA+,PP1990adjATP,1/x,MER,MER_1/x,pp1990_atp_mer_pf1,2014,45.47335445372481,57000848210
R10CHINA+,PP1990adjATP,1/x,MER,MER_1/x,pp1990_atp_mer_pf1,2015,27.626420423972675,55448545528
R10CHINA+,PP1990adjATP,1/x,MER,MER_1/x,pp1990_atp_mer_pf1,2016,10.95685653075511,53885985013
R10CHINA+,PP1990adjATP,1/x,MER,MER_1/x,pp1990_atp_mer_pf1,2017,-3.902078498014845,52313530958
R10CHINA+,PP1990adjATP,1/x,MER,MER_1/x,pp1990_atp_mer_pf1,2018,-18.377767663961315,50731008946
R10CHINA+,PP1990adjATP,1/x,MER,MER_1/x,pp1990_atp_mer_pf1,2019,-33.59831653021748,49140064918
R10CHINA+,PP1990adjATP,1/x,MER,MER_1/x,pp1990_atp_mer_pf1,2020,-48.562522883533106,47542731691
R10CHINA+,PP1990adjATP,1/asinh(x),PPP,PPP_1/asinh(x),pp1990_atp_ppp_pf3,1991,261.5997717337879,89782541073
R10CHINA+,PP1990adjATP,1/asinh(x),PPP,PPP_1/asinh(x),pp1990_atp_ppp_pf3,1992,257.89427206533696,88486978861
R10CHINA+,PP1990adjATP,1/asinh(x),PPP,PPP_1/asinh(x),pp1990_atp_ppp_pf3,1993,253.67569624427682,87175623088
R10CHINA+,PP1990adjATP,1/asinh(x),PPP,PPP_1/asinh(x),pp1990_atp_ppp_pf3,1994,249.1909734291238,85849603600
R10CHINA+,PP1990adjATP,1/asinh(x),PPP,PPP_1/asinh(x),pp1990_atp_ppp_pf3,1995,244.57251277963871,84509732921
R10CHINA+,PP1990adjATP,1/asinh(x),PPP,PPP_1/asinh(x),pp1990_atp_ppp_pf3,1996,239.84543257103047,83156771938
R10CHINA+,PP1990adjATP,1/asinh(x),PPP,PPP_1/asinh(x),pp1990_atp_ppp_pf3,1997,235.1242311301062,81791519655
R10CHINA+,PP1990adjATP,1/asinh(x),PPP,PPP_1/asinh(x),pp1990_atp_ppp_pf3,1998,230.45974200814697,80414723629
R10CHINA+,PP1990adjATP,1/asinh(x),PPP,PPP_1/asinh(x),pp1990_atp_ppp_pf3,1999,226.00803171382242,79026921756
R10CHINA+,PP1990adjATP,1/asinh(x),PPP,PPP_1/asinh(x),pp1990_atp_ppp_pf3,2000,221.4515869365306,77628655614
R10CHINA+,PP1990adjATP,1/asinh(x),PPP,PPP_1/asinh(x),pp1990_atp_ppp_pf3,2001,216.80959869666955,76220016364
R10CHINA+,PP1990adjATP,1/asinh(x),PPP,PPP_1/asinh(x),pp1990_atp_ppp_pf3,2002,212.09072100720482,74801113660
R10CHINA+,PP1990adjATP,1/asinh(x),PPP,PPP_1/asinh(x),pp1990_atp_ppp_pf3,2003,206.97819071415105,73372402532
R10CHINA+,PP1990adjATP,1/asinh(x),PPP,PPP_1/asinh(x),pp1990_atp_ppp_pf3,2004,201.10516349184402,71934135829
R10CHINA+,PP1990adjATP,1/asinh(x),PPP,PPP_1/asinh(x),pp1990_atp_ppp_pf3,2005,194.86574708178517,70486346883
R10CHINA+,PP1990adjATP,1/asinh(x),PPP,PPP_1/asinh(x),pp1990_atp_ppp_pf3,2006,187.92769543865984,69028933948
R10CHINA+,PP1990adjATP,1/asinh(x),PPP,PPP_1/asinh(x),pp1990_atp_ppp_pf3,2007,180.33800417628586,67561801657
R10CHINA+,PP1990adjATP,1/asinh(x),PPP,PPP_1/asinh(x),pp1990_atp_ppp_pf3,2008,172.1868764428709,66084718717
R10CHINA+,PP1990adjATP,1/asinh(x),PPP,PPP_1/asinh(x),pp1990_atp_ppp_pf3,2009,163.53392702928798,64597511181
R10CHINA+,PP1990adjATP,1/asinh(x),PPP,PPP_1/asinh(x),pp1990_atp_ppp_pf3,2010,154.49724985496582,63099834400
R10CHINA+,PP1990adjATP,1/asinh(x),PPP,PPP_1/asinh(x),pp1990_atp_ppp_pf3,2011,144.74667467180143,61591451550
R10CHINA+,PP1990adjATP,1/asinh(x),PPP,PPP_1/asinh(x),pp1990_atp_ppp_pf3,2012,134.0850971302062,60072478323
R10CHINA+,PP1990adjATP,1/asinh(x),PPP,PPP_1/asinh(x),pp1990_atp_ppp_pf3,2013,123.21801065379918,58542310221
R10CHINA+,PP1990adjATP,1/asinh(x),PPP,PPP_1/asinh(x),pp1990_atp_ppp_pf3,2014,112.23195081103813,57000848210
R10CHINA+,PP1990adjATP,1/asinh(x),PPP,PPP_1/asinh(x),pp1990_atp_ppp_pf3,2015,101.2621575457946,55448545528
R10CHINA+,PP1990adjATP,1/asinh(x),PPP,PPP_1/asinh(x),pp1990_atp_ppp_pf3,2016,90.46361666712863,53885985013
R10CHINA+,PP1990adjATP,1/asinh(x),PPP,PPP_1/asinh(x),pp1990_atp_ppp_pf3,2017,79.81499409189703,52313530958
R10CHINA+,PP1990adjATP,1/asinh(x),PPP,PPP_1/asinh(x),pp1990_atp_ppp_pf3,2018,68.93560915086513,50731008946
R10CHINA+,PP1990adjATP,1/asinh(x),PPP,PPP_1/asinh(x),pp1990_atp_ppp_pf3,2019,57.6745306859426,49140064918
R10CHINA+,PP1990adjATP,1/asinh(x),PPP,PPP_1/asinh(x),pp1990_atp_ppp_pf3,2020,45.97620401510902,47542731691
R10CHINA+,PP1990adjATP,1/sqrt(x),PPP,PPP_1/sqrt(x),pp1990_atp_ppp_pf2,1991,337.688694509729,89782541073
R10CHINA+,PP1990adjATP,1/sqrt(x),PPP,PPP_1/sqrt(x),pp1990_atp_ppp_pf2,1992,330.3780233527897,88486978861
R10CHINA+,PP1990adjATP,1/sqrt(x),PPP,PPP_1/sqrt(x),pp1990_atp_ppp_pf2,1993,321.18922975914165,87175623088
R10CHINA+,PP1990adjATP,1/sqrt(x),PPP,PPP_1/sqrt(x),pp1990_atp_ppp_pf2,1994,311.59206173959876,85849603600
R10CHINA+,PP1990adjATP,1/sqrt(x),PPP,PPP_1/sqrt(x),pp1990_atp_ppp_pf2,1995,302.0437059333616,84509732921
R10CHINA+,PP1990adjATP,1/sqrt(x),PPP,PPP_1/sqrt(x),pp1990_atp_ppp_pf2,1996,292.98192358694155,83156771938
R10CHINA+,PP1990adjATP,1/sqrt(x),PPP,PPP_1/sqrt(x),pp1990_atp_ppp_pf2,1997,284.5202378081495,81791519655
R10CHINA+,PP1990adjATP,1/sqrt(x),PPP,PPP_1/sqrt(x),pp1990_atp_ppp_pf2,1998,276.30712954861076,80414723629
R10CHINA+,PP1990adjATP,1/sqrt(x),PPP,PPP_1/sqrt(x),pp1990_atp_ppp_pf2,1999,268.5158851152167,79026921756
R10CHINA+,PP1990adjATP,1/sqrt(x),PPP,PPP_1/sqrt(x),pp1990_atp_ppp_pf2,2000,260.9305702097079,77628655614
R10CHINA+,PP1990adjATP,1/sqrt(x),PPP,PPP_1/sqrt(x),pp1990_atp_ppp_pf2,2001,253.2290339876724,76220016364
R10CHINA+,PP1990adjATP,1/sqrt(x),PPP,PPP_1/sqrt(x),pp1990_atp_ppp_pf2,2002,245.4933019316087,74801113660
R10CHINA+,PP1990adjATP,1/sqrt(x),PPP,PPP_1/sqrt(x),pp1990_atp_ppp_pf2,2003,237.30994142175015,73372402532
R10CHINA+,PP1990adjATP,1/sqrt(x),PPP,PPP_1/sqrt(x),pp1990_atp_ppp_pf2,2004,228.32035316678372,71934135829
R10CHINA+,PP1990adjATP,1/sqrt(x),PPP,PPP_1/sqrt(x),pp1990_atp_ppp_pf2,2005,219.0670095963854,70486346883
R10CHINA+,PP1990adjATP,1/sqrt(x),PPP,PPP_1/sqrt(x),pp1990_atp_ppp_pf2,2006,209.0397598029059,69028933948
R10CHINA+,PP1990adjATP,1/sqrt(x),PPP,PPP_1/sqrt(x),pp1990_atp_ppp_pf2,2007,198.24312996592346,67561801657
R10CHINA+,PP1990adjATP,1/sqrt(x),PPP,PPP_1/sqrt(x),pp1990_atp_ppp_pf2,2008,186.6562261662105,66084718717
R10CHINA+,PP1990adjATP,1/sqrt(x),PPP,PPP_1/sqrt(x),pp1990_atp_ppp_pf2,2009,174.6436986869239,64597511181
R10CHINA+,PP1990adjATP,1/sqrt(x),PPP,PPP_1/sqrt(x),pp1990_atp_ppp_pf2,2010,162.34493504622264,63099834400
R10CHINA+,PP1990adjATP,1/sqrt(x),PPP,PPP_1/sqrt(x),pp1990_atp_ppp_pf2,2011,149.45637800571527,61591451550
R10CHINA+,PP1990adjATP,1/sqrt(x),PPP,PPP_1/sqrt(x),pp1990_atp_ppp_pf2,2012,135.73564605739818,60072478323
R10CHINA+,PP1990adjATP,1/sqrt(x),PPP,PPP_1/sqrt(x),pp1990_atp_ppp_pf2,2013,121.94983958564241,58542310221
R10CHINA+,PP1990adjATP,1/sqrt(x),PPP,PPP_1/sqrt(x),pp1990_atp_ppp_pf2,2014,108.2974301988691,57000848210
R10CHINA+,PP1990adjATP,1/sqrt(x),PPP,PPP_1/sqrt(x),pp1990_atp_ppp_pf2,2015,94.95938315056199,55448545528
R10CHINA+,PP1990adjATP,1/sqrt(x),PPP,PPP_1/sqrt(x),pp1990_atp_ppp_pf2,2016,82.08160746357026,53885985013
R10CHINA+,PP1990adjATP,1/sqrt(x),PPP,PPP_1/sqrt(x),pp1990_atp_ppp_pf2,2017,69.59208533940833,52313530958
R10CHINA+,PP1990adjATP,1/sqrt(x),PPP,PPP_1/sqrt(x),pp1990_atp_ppp_pf2,2018,56.98115533954215,50731008946
R10CHINA+,PP1990adjATP,1/sqrt(x),PPP,PPP_1/sqrt(x),pp1990_atp_ppp_pf2,2019,44.010507318673405,49140064918
R10CHINA+,PP1990adjATP,1/sqrt(x),PPP,PPP_1/sqrt(x),pp1990_atp_ppp_pf2,2020,30.66227892541376,47542731691
R10CHINA+,PP1990adjATP,1/x,PPP,PPP_1/x,pp1990_atp_ppp_pf1,1991,401.6667899513969,89782541073
R10CHINA+,PP1990adjATP,1/x,PPP,PPP_1/x,pp1990_atp_ppp_pf1,1992,388.2971363797815,88486978861
R10CHINA+,PP1990adjATP,1/x,PPP,PPP_1/x,pp1990_atp_ppp_pf1,1993,370.6518332253791,87175623088
R10CHINA+,PP1990adjATP,1/x,PPP,PPP_1/x,pp1990_atp_ppp_pf1,1994,353.27611943912905,85849603600
R10CHINA+,PP1990adjATP,1/x,PPP,PPP_1/x,pp1990_atp_ppp_pf1,1995,336.3535446730131,84509732921
R10CHINA+,PP1990adjATP,1/x,PPP,PPP_1/x,pp1990_atp_ppp_pf1,1996,321.0387053128915,83156771938
R10CHINA+,PP1990adjATP,1/x,PPP,PPP_1/x,pp1990_atp_ppp_pf1,1997,307.4264203649109,81791519655
R10CHINA+,PP1990adjATP,1/x,PPP,PPP_1/x,pp1990_atp_ppp_pf1,1998,294.327909547465,80414723629
R10CHINA+,PP1990adjATP,1/x,PPP,PPP_1/x,pp1990_atp_ppp_pf1,1999,282.04597261662997,79026921756
R10CHINA+,PP1990adjATP,1/x,PPP,PPP_1/x,pp1990_atp_ppp_pf1,2000,270.42393423912,77628655614
R10CHINA+,PP1990adjATP,1/x,PPP,PPP_1/x,pp1990_atp_ppp_pf1,2001,258.4808699913407,76220016364
R10CHINA+,PP1990adjATP,1/x,PPP,PPP_1/x,pp1990_atp_ppp_pf1,2002,246.69185273236667,74801113660
R10CHINA+,PP1990adjATP,1/x,PPP,PPP_1/x,pp1990_atp_ppp_pf1,2003,234.41533234794872,73372402532
R10CHINA+,PP1990adjATP,1/x,PPP,PPP_1/x,pp1990_atp_ppp_pf1,2004,221.28861826836248,71934135829
R10CHINA+,PP1990adjATP,1/x,PPP,PPP_1/x,pp1990_atp_ppp_pf1,2005,208.1334538102076,70486346883
R10CHINA+,PP1990adjATP,1/x,PPP,PPP_1/x,pp1990_atp_ppp_pf1,2006,194.25033176713953,69028933948
R10CHINA+,PP1990adjATP,1/x,PPP,PPP_1/x,pp1990_atp_ppp_pf1,2007,179.5609749379364,67561801657
R10CHINA+,PP1990adjATP,1/x,PPP,PPP_1/x,pp1990_atp_ppp_pf1,2008,163.98768829629165,66084718717
R10CHINA+,PP1990adjATP,1/x,PPP,PPP_1/x,pp1990_atp_ppp_pf1,2009,148.23886755742873,64597511181
R10CHINA+,PP1990adjATP,1/x,PPP,PPP_1/x,pp1990_atp_ppp_pf1,2010,132.52750524148084,63099834400
R10CHINA+,PP1990adjATP,1/x,PPP,PPP_1/x,pp1990_atp_ppp_pf1,2011,116.50607350661032,61591451550
R10CHINA+,PP1990adjATP,1/x,PPP,PPP_1/x,pp1990_atp_ppp_pf1,2012,99.88511466090226,60072478323
R10CHINA+,PP1990adjATP,1/x,PPP,PPP_1/x,pp1990_atp_ppp_pf1,2013,83.39723489734462,58542310221
R10CHINA+,PP1990adjATP,1/x,PPP,PPP_1/x,pp1990_atp_ppp_pf1,2014,67.39381229535425,57000848210
R10CHINA+,PP1990adjATP,1/x,PPP,PPP_1/x,pp1990_atp_ppp_pf1,2015,52.192675471937186,55448545528
R10CHINA+,PP1990adjATP,1/x,PPP,PPP_1/x,pp1990_atp_ppp_pf1,2016,37.8463895115501,53885985013
R10CHINA+,PP1990adjATP,1/x,PPP,PPP_1/x,pp1990_atp_ppp_pf1,2017,24.182226864757258,52313530958
R10CHINA+,PP1990adjATP,1/x,PPP,PPP_1/x,pp1990_atp_ppp_pf1,2018,10.487002101893388,50731008946
R10CHINA+,PP1990adjATP,1/x,PPP,PPP_1/x,pp1990_atp_ppp_pf1,2019,-3.607856529820573,49140064918
R10CHINA+,PP1990adjATP,1/x,PPP,PPP_1/x,pp1990_atp_ppp_pf1,2020,-17.99580215382548,47542731691
R10CHINA+,PP1850adjATP,1/asinh(x),MER,MER_1/asinh(x),pp1850_atp_mer_pf3,1991,429.5851167703787,89782541073
R10CHINA+,PP1850adjATP,1/asinh(x),MER,MER_1/asinh(x),pp1850_atp_mer_pf3,1992,424.9376793451691,88486978861
R10CHINA+,PP1850adjATP,1/asinh(x),MER,MER_1/asinh(x),pp1850_atp_mer_pf3,1993,420.55292713932465,87175623088
R10CHINA+,PP1850adjATP,1/asinh(x),MER,MER_1/asinh(x),pp1850_atp_mer_pf3,1994,416.06489011922395,85849603600
R10CHINA+,PP1850adjATP,1/asinh(x),MER,MER_1/asinh(x),pp1850_atp_mer_pf3,1995,410.44642898949587,84509732921
R10CHINA+,PP1850adjATP,1/asinh(x),MER,MER_1/asinh(x),pp1850_atp_mer_pf3,1996,404.1862266645202,83156771938
R10CHINA+,PP1850adjATP,1/asinh(x),MER,MER_1/asinh(x),pp1850_atp_mer_pf3,1997,398.1041491653577,81791519655
R10CHINA+,PP1850adjATP,1/asinh(x),MER,MER_1/asinh(x),pp1850_atp_mer_pf3,1998,392.4116385784106,80414723629
R10CHINA+,PP1850adjATP,1/asinh(x),MER,MER_1/asinh(x),pp1850_atp_mer_pf3,1999,387.16503476378335,79026921756
R10CHINA+,PP1850adjATP,1/asinh(x),MER,MER_1/asinh(x),pp1850_atp_mer_pf3,2000,381.98351714370267,77628655614
R10CHINA+,PP1850adjATP,1/asinh(x),MER,MER_1/asinh(x),pp1850_atp_mer_pf3,2001,376.87396156734735,76220016364
R10CHINA+,PP1850adjATP,1/asinh(x),MER,MER_1/asinh(x),pp1850_atp_mer_pf3,2002,371.59591258729887,74801113660
R10CHINA+,PP1850adjATP,1/asinh(x),MER,MER_1/asinh(x),pp1850_atp_mer_pf3,2003,366.07502648280564,73372402532
R10CHINA+,PP1850adjATP,1/asinh(x),MER,MER_1/asinh(x),pp1850_atp_mer_pf3,2004,359.9339719616795,71934135829
R10CHINA+,PP1850adjATP,1/asinh(x),MER,MER_1/asinh(x),pp1850_atp_mer_pf3,2005,353.45178579553124,70486346883
R10CHINA+,PP1850adjATP,1/asinh(x),MER,MER_1/asinh(x),pp1850_atp_mer_pf3,2006,346.3556443311811,69028933948
R10CHINA+,PP1850adjATP,1/asinh(x),MER,MER_1/asinh(x),pp1850_atp_mer_pf3,2007,338.6489639565938,67561801657
R10CHINA+,PP1850adjATP,1/asinh(x),MER,MER_1/asinh(x),pp1850_atp_mer_pf3,2008,330.31036254009615,66084718717
R10CHINA+,PP1850adjATP,1/asinh(x),MER,MER_1/asinh(x),pp1850_atp_mer_pf3,2009,321.0220832263836,64597511181
R10CHINA+,PP1850adjATP,1/asinh(x),MER,MER_1/asinh(x),pp1850_atp_mer_pf3,2010,311.35851887446324,63099834400
R10CHINA+,PP1850adjATP,1/asinh(x),MER,MER_1/asinh(x),pp1850_atp_mer_pf3,2011,301.0292953565161,61591451550
R10CHINA+,PP1850adjATP,1/asinh(x),MER,MER_1/asinh(x),pp1850_atp_mer_pf3,2012,289.6091220947676,60072478323
R10CHINA+,PP1850adjATP,1/asinh(x),MER,MER_1/asinh(x),pp1850_atp_mer_pf3,2013,278.0249360506329,58542310221
R10CHINA+,PP1850adjATP,1/asinh(x),MER,MER_1/asinh(x),pp1850_atp_mer_pf3,2014,266.3477736214943,57000848210
R10CHINA+,PP1850adjATP,1/asinh(x),MER,MER_1/asinh(x),pp1850_atp_mer_pf3,2015,254.7791439020314,55448545528
R10CHINA+,PP1850adjATP,1/asinh(x),MER,MER_1/asinh(x),pp1850_atp_mer_pf3,2016,243.38384895067003,53885985013
R10CHINA+,PP1850adjATP,1/asinh(x),MER,MER_1/asinh(x),pp1850_atp_mer_pf3,2017,232.34283398963737,52313530958
R10CHINA+,PP1850adjATP,1/asinh(x),MER,MER_1/asinh(x),pp1850_atp_mer_pf3,2018,221.1389649987746,50731008946
R10CHINA+,PP1850adjATP,1/asinh(x),MER,MER_1/asinh(x),pp1850_atp_mer_pf3,2019,209.47126272128037,49140064918
R10CHINA+,PP1850adjATP,1/asinh(x),MER,MER_1/asinh(x),pp1850_atp_mer_pf3,2020,197.48551390874186,47542731691
R10CHINA+,PP1850adjATP,1/sqrt(x),MER,MER_1/sqrt(x),pp1850_atp_mer_pf2,1991,519.3144512657683,89782541073
R10CHINA+,PP1850adjATP,1/sqrt(x),MER,MER_1/sqrt(x),pp1850_atp_mer_pf2,1992,507.8547337346533,88486978861
R10CHINA+,PP1850adjATP,1/sqrt(x),MER,MER_1/sqrt(x),pp1850_atp_mer_pf2,1993,498.443699233783,87175623088
R10CHINA+,PP1850adjATP,1/sqrt(x),MER,MER_1/sqrt(x),pp1850_atp_mer_pf2,1994,488.9554666497944,85849603600
R10CHINA+,PP1850adjATP,1/sqrt(x),MER,MER_1/sqrt(x),pp1850_atp_mer_pf2,1995,476.09329725451596,84509732921
R10CHINA+,PP1850adjATP,1/sqrt(x),MER,MER_1/sqrt(x),pp1850_atp_mer_pf2,1996,461.91772703667766,83156771938
R10CHINA+,PP1850adjATP,1/sqrt(x),MER,MER_1/sqrt(x),pp1850_atp_mer_pf2,1997,449.01715989481164,81791519655
R10CHINA+,PP1850adjATP,1/sqrt(x),MER,MER_1/sqrt(x),pp1850_atp_mer_pf2,1998,437.66512232512844,80414723629
R10CHINA+,PP1850adjATP,1/sqrt(x),MER,MER_1/sqrt(x),pp1850_atp_mer_pf2,1999,427.63188665766467,79026921756
R10CHINA+,PP1850adjATP,1/sqrt(x),MER,MER_1/sqrt(x),pp1850_atp_mer_pf2,2000,418.3164943726118,77628655614
R10CHINA+,PP1850adjATP,1/sqrt(x),MER,MER_1/sqrt(x),pp1850_atp_mer_pf2,2001,409.6399141983953,76220016364
R10CHINA+,PP1850adjATP,1/sqrt(x),MER,MER_1/sqrt(x),pp1850_atp_mer_pf2,2002,400.4704357982241,74801113660
R10CHINA+,PP1850adjATP,1/sqrt(x),MER,MER_1/sqrt(x),pp1850_atp_mer_pf2,2003,391.504600459418,73372402532
R10CHINA+,PP1850adjATP,1/sqrt(x),MER,MER_1/sqrt(x),pp1850_atp_mer_pf2,2004,382.2688036104967,71934135829
R10CHINA+,PP1850adjATP,1/sqrt(x),MER,MER_1/sqrt(x),pp1850_atp_mer_pf2,2005,372.8394844884536,70486346883
R10CHINA+,PP1850adjATP,1/sqrt(x),MER,MER_1/sqrt(x),pp1850_atp_mer_pf2,2006,362.96679025453545,69028933948
R10CHINA+,PP1850adjATP,1/sqrt(x),MER,MER_1/sqrt(x),pp1850_atp_mer_pf2,2007,352.5508616724404,67561801657
R10CHINA+,PP1850adjATP,1/sqrt(x),MER,MER_1/sqrt(x),pp1850_atp_mer_pf2,2008,341.17480797084346,66084718717
R10CHINA+,PP1850adjATP,1/sqrt(x),MER,MER_1/sqrt(x),pp1850_atp_mer_pf2,2009,327.50683097203375,64597511181
R10CHINA+,PP1850adjATP,1/sqrt(x),MER,MER_1/sqrt(x),pp1850_atp_mer_pf2,2010,313.5807386577054,63099834400
R10CHINA+,PP1850adjATP,1/sqrt(x),MER,MER_1/sqrt(x),pp1850_atp_mer_pf2,2011,299.0957983384457,61591451550
R10CHINA+,PP1850adjATP,1/sqrt(x),MER,MER_1/sqrt(x),pp1850_atp_mer_pf2,2012,282.9444982507673,60072478323
R10CHINA+,PP1850adjATP,1/sqrt(x),MER,MER_1/sqrt(x),pp1850_atp_mer_pf2,2013,266.8876221807005,58542310221
R10CHINA+,PP1850adjATP,1/sqrt(x),MER,MER_1/sqrt(x),pp1850_atp_mer_pf2,2014,251.04651708744103,57000848210
R10CHINA+,PP1850adjATP,1/sqrt(x),MER,MER_1/sqrt(x),pp1850_atp_mer_pf2,2015,235.8452241519621,55448545528
R10CHINA+,PP1850adjATP,1/sqrt(x),MER,MER_1/sqrt(x),pp1850_atp_mer_pf2,2016,221.1380090763967,53885985013
R10CHINA+,PP1850adjATP,1/sqrt(x),MER,MER_1/sqrt(x),pp1850_atp_mer_pf2,2017,207.5595073407082,52313530958
R10CHINA+,PP1850adjATP,1/sqrt(x),MER,MER_1/sqrt(x),pp1850_atp_mer_pf2,2018,194.09943858380018,50731008946
R10CHINA+,PP1850adjATP,1/sqrt(x),MER,MER_1/sqrt(x),pp1850_atp_mer_pf2,2019,179.9573492794013,49140064918
R10CHINA+,PP1850adjATP,1/sqrt(x),MER,MER_1/sqrt(x),pp1850_atp_mer_pf2,2020,165.86019757472874,47542731691
R10CHINA+,PP1850adjATP,1/x,MER,MER_1/x,pp1850_atp_mer_pf1,1991,624.5320999313194,89782541073
R10CHINA+,PP1850adjATP,1/x,MER,MER_1/x,pp1850_atp_mer_pf1,1992,598.5667118067565,88486978861
R10CHINA+,PP1850adjATP,1/x,MER,MER_1/x,pp1850_atp_mer_pf1,1993,579.8953650465592,87175623088
R10CHINA+,PP1850adjATP,1/x,MER,MER_1/x,pp1850_atp_mer_pf1,1994,559.3397327247372,85849603600
R10CHINA+,PP1850adjATP,1/x,MER,MER_1/x,pp1850_atp_mer_pf1,1995,532.2087645409204,84509732921
R10CHINA+,PP1850adjATP,1/x,MER,MER_1/x,pp1850_atp_mer_pf1,1996,503.6349259054077,83156771938
R10CHINA+,PP1850adjATP,1/x,MER,MER_1/x,pp1850_atp_mer_pf1,1997,479.02133333259326,81791519655
R10CHINA+,PP1850adjATP,1/x,MER,MER_1/x,pp1850_atp_mer_pf1,1998,458.9280768830627,80414723629
R10CHINA+,PP1850adjATP,1/x,MER,MER_1/x,pp1850_atp_mer_pf1,1999,442.9544319608121,79026921756
R10CHINA+,PP1850adjATP,1/x,MER,MER_1/x,pp1850_atp_mer_pf1,2000,428.05721732625653,77628655614
R10CHINA+,PP1850adjATP,1/x,MER,MER_1/x,pp1850_atp_mer_pf1,2001,414.88110728719994,76220016364
R10CHINA+,PP1850adjATP,1/x,MER,MER_1/x,pp1850_atp_mer_pf1,2002,400.87082764679064,74801113660
R10CHINA+,PP1850adjATP,1/x,MER,MER_1/x,pp1850_atp_mer_pf1,2003,387.90994517605884,73372402532
R10CHINA+,PP1850adjATP,1/x,MER,MER_1/x,pp1850_atp_mer_pf1,2004,374.8461618273063,71934135829
R10CHINA+,PP1850adjATP,1/x,MER,MER_1/x,pp1850_atp_mer_pf1,2005,361.6929804830386,70486346883
R10CHINA+,PP1850adjATP,1/x,MER,MER_1/x,pp1850_atp_mer_pf1,2006,348.3337313297034,69028933948
R10CHINA+,PP1850adjATP,1/x,MER,MER_1/x,pp1850_atp_mer_pf1,2007,334.69759898660595,67561801657
R10CHINA+,PP1850adjATP,1/x,MER,MER_1/x,pp1850_atp_mer_pf1,2008,319.8369334468184,66084718717
R10CHINA+,PP1850adjATP,1/x,MER,MER_1/x,pp1850_atp_mer_pf1,2009,300.97490243305555,64597511181
R10CHINA+,PP1850adjATP,1/x,MER,MER_1/x,pp1850_atp_mer_pf1,2010,282.3435752041818,63099834400
R10CHINA+,PP1850adjATP,1/x,MER,MER_1/x,pp1850_atp_mer_pf1,2011,262.9273200068633,61591451550
R10CHINA+,PP1850adjATP,1/x,MER,MER_1/x,pp1850_atp_mer_pf1,2012,241.270467951859,60072478323
R10CHINA+,PP1850adjATP,1/x,MER,MER_1/x,pp1850_atp_mer_pf1,2013,220.81825025992143,58542310221
R10CHINA+,PP1850adjATP,1/x,MER,MER_1/x,pp1850_atp_mer_pf1,2014,201.45458667496112,57000848210
R10CHINA+,PP1850adjATP,1/x,MER,MER_1/x,pp1850_atp_mer_pf1,2015,183.60765264520901,55448545528
R10CHINA+,PP1850adjATP,1/x,MER,MER_1/x,pp1850_atp_mer_pf1,2016,166.9380887519914,53885985013
R10CHINA+,PP1850adjATP,1/x,MER,MER_1/x,pp1850_atp_mer_pf1,2017,152.07915372322142,52313530958
R10CHINA+,PP1850adjATP,1/x,MER,MER_1/x,pp1850_atp_mer_pf1,2018,137.603464557275,50731008946
R10CHINA+,PP1850adjATP,1/x,MER,MER_1/x,pp1850_atp_mer_pf1,2019,122.38291569101884,49140064918
R10CHINA+,PP1850adjATP,1/x,MER,MER_1/x,pp1850_atp_mer_pf1,2020,107.41870933770318,47542731691
R10CHINA+,PP1850adjATP,1/asinh(x),PPP,PPP_1/asinh(x),pp1850_atp_ppp_pf3,1991,417.58100395502424,89782541073
R10CHINA+,PP1850adjATP,1/asinh(x),PPP,PPP_1/asinh(x),pp1850_atp_ppp_pf3,1992,413.8755042865733,88486978861
R10CHINA+,PP1850adjATP,1/asinh(x),PPP,PPP_1/asinh(x),pp1850_atp_ppp_pf3,1993,409.6569284655131,87175623088
R10CHINA+,PP1850adjATP,1/asinh(x),PPP,PPP_1/asinh(x),pp1850_atp_ppp_pf3,1994,405.1722056503602,85849603600
R10CHINA+,PP1850adjATP,1/asinh(x),PPP,PPP_1/asinh(x),pp1850_atp_ppp_pf3,1995,400.5537450008751,84509732921
R10CHINA+,PP1850adjATP,1/asinh(x),PPP,PPP_1/asinh(x),pp1850_atp_ppp_pf3,1996,395.8266647922669,83156771938
R10CHINA+,PP1850adjATP,1/asinh(x),PPP,PPP_1/asinh(x),pp1850_atp_ppp_pf3,1997,391.10546335134245,81791519655
R10CHINA+,PP1850adjATP,1/asinh(x),PPP,PPP_1/asinh(x),pp1850_atp_ppp_pf3,1998,386.4409742293833,80414723629
R10CHINA+,PP1850adjATP,1/asinh(x),PPP,PPP_1/asinh(x),pp1850_atp_ppp_pf3,1999,381.98926393505866,79026921756
R10CHINA+,PP1850adjATP,1/asinh(x),PPP,PPP_1/asinh(x),pp1850_atp_ppp_pf3,2000,377.43281915776697,77628655614
R10CHINA+,PP1850adjATP,1/asinh(x),PPP,PPP_1/asinh(x),pp1850_atp_ppp_pf3,2001,372.79083091790596,76220016364
R10CHINA+,PP1850adjATP,1/asinh(x),PPP,PPP_1/asinh(x),pp1850_atp_ppp_pf3,2002,368.07195322844115,74801113660
R10CHINA+,PP1850adjATP,1/asinh(x),PPP,PPP_1/asinh(x),pp1850_atp_ppp_pf3,2003,362.95942293538735,73372402532
R10CHINA+,PP1850adjATP,1/asinh(x),PPP,PPP_1/asinh(x),pp1850_atp_ppp_pf3,2004,357.0863957130803,71934135829
R10CHINA+,PP1850adjATP,1/asinh(x),PPP,PPP_1/asinh(x),pp1850_atp_ppp_pf3,2005,350.84697930302156,70486346883
R10CHINA+,PP1850adjATP,1/asinh(x),PPP,PPP_1/asinh(x),pp1850_atp_ppp_pf3,2006,343.9089276598962,69028933948
R10CHINA+,PP1850adjATP,1/asinh(x),PPP,PPP_1/asinh(x),pp1850_atp_ppp_pf3,2007,336.3192363975222,67561801657
R10CHINA+,PP1850adjATP,1/asinh(x),PPP,PPP_1/asinh(x),pp1850_atp_ppp_pf3,2008,328.1681086641073,66084718717
R10CHINA+,PP1850adjATP,1/asinh(x),PPP,PPP_1/asinh(x),pp1850_atp_ppp_pf3,2009,319.5151592505244,64597511181
R10CHINA+,PP1850adjATP,1/asinh(x),PPP,PPP_1/asinh(x),pp1850_atp_ppp_pf3,2010,310.47848207620217,63099834400
R10CHINA+,PP1850adjATP,1/asinh(x),PPP,PPP_1/asinh(x),pp1850_atp_ppp_pf3,2011,300.72790689303775,61591451550
R10CHINA+,PP1850adjATP,1/asinh(x),PPP,PPP_1/asinh(x),pp1850_atp_ppp_pf3,2012,290.0663293514426,60072478323
R10CHINA+,PP1850adjATP,1/asinh(x),PPP,PPP_1/asinh(x),pp1850_atp_ppp_pf3,2013,279.1992428750355,58542310221
R10CHINA+,PP1850adjATP,1/asinh(x),PPP,PPP_1/asinh(x),pp1850_atp_ppp_pf3,2014,268.21318303227446,57000848210
R10CHINA+,PP1850adjATP,1/asinh(x),PPP,PPP_1/asinh(x),pp1850_atp_ppp_pf3,2015,257.24338976703086,55448545528
R10CHINA+,PP1850adjATP,1/asinh(x),PPP,PPP_1/asinh(x),pp1850_atp_ppp_pf3,2016,246.444848888365,53885985013
R10CHINA+,PP1850adjATP,1/asinh(x),PPP,PPP_1/asinh(x),pp1850_atp_ppp_pf3,2017,235.79622631313336,52313530958
R10CHINA+,PP1850adjATP,1/asinh(x),PPP,PPP_1/asinh(x),pp1850_atp_ppp_pf3,2018,224.9168413721014,50731008946
R10CHINA+,PP1850adjATP,1/asinh(x),PPP,PPP_1/asinh(x),pp1850_atp_ppp_pf3,2019,213.65576290717894,49140064918
R10CHINA+,PP1850adjATP,1/asinh(x),PPP,PPP_1/asinh(x),pp1850_atp_ppp_pf3,2020,201.9574362363453,47542731691
R10CHINA+,PP1850adjATP,1/sqrt(x),PPP,PPP_1/sqrt(x),pp1850_atp_ppp_pf2,1991,493.6699267309653,89782541073
R10CHINA+,PP1850adjATP,1/sqrt(x),PPP,PPP_1/sqrt(x),pp1850_atp_ppp_pf2,1992,486.35925557402607,88486978861
R10CHINA+,PP1850adjATP,1/sqrt(x),PPP,PPP_1/sqrt(x),pp1850_atp_ppp_pf2,1993,477.17046198037804,87175623088
R10CHINA+,PP1850adjATP,1/sqrt(x),PPP,PPP_1/sqrt(x),pp1850_atp_ppp_pf2,1994,467.5732939608351,85849603600
R10CHINA+,PP1850adjATP,1/sqrt(x),PPP,PPP_1/sqrt(x),pp1850_atp_ppp_pf2,1995,458.0249381545979,84509732921
R10CHINA+,PP1850adjATP,1/sqrt(x),PPP,PPP_1/sqrt(x),pp1850_atp_ppp_pf2,1996,448.96315580817793,83156771938
R10CHINA+,PP1850adjATP,1/sqrt(x),PPP,PPP_1/sqrt(x),pp1850_atp_ppp_pf2,1997,440.50147002938587,81791519655
R10CHINA+,PP1850adjATP,1/sqrt(x),PPP,PPP_1/sqrt(x),pp1850_atp_ppp_pf2,1998,432.288361769847,80414723629
R10CHINA+,PP1850adjATP,1/sqrt(x),PPP,PPP_1/sqrt(x),pp1850_atp_ppp_pf2,1999,424.497117336453,79026921756
R10CHINA+,PP1850adjATP,1/sqrt(x),PPP,PPP_1/sqrt(x),pp1850_atp_ppp_pf2,2000,416.9118024309442,77628655614
R10CHINA+,PP1850adjATP,1/sqrt(x),PPP,PPP_1/sqrt(x),pp1850_atp_ppp_pf2,2001,409.2102662089088,76220016364
R10CHINA+,PP1850adjATP,1/sqrt(x),PPP,PPP_1/sqrt(x),pp1850_atp_ppp_pf2,2002,401.474534152845,74801113660
R10CHINA+,PP1850adjATP,1/sqrt(x),PPP,PPP_1/sqrt(x),pp1850_atp_ppp_pf2,2003,393.2911736429864,73372402532
R10CHINA+,PP1850adjATP,1/sqrt(x),PPP,PPP_1/sqrt(x),pp1850_atp_ppp_pf2,2004,384.30158538802004,71934135829
R10CHINA+,PP1850adjATP,1/sqrt(x),PPP,PPP_1/sqrt(x),pp1850_atp_ppp_pf2,2005,375.0482418176217,70486346883
R10CHINA+,PP1850adjATP,1/sqrt(x),PPP,PPP_1/sqrt(x),pp1850_atp_ppp_pf2,2006,365.0209920241423,69028933948
R10CHINA+,PP1850adjATP,1/sqrt(x),PPP,PPP_1/sqrt(x),pp1850_atp_ppp_pf2,2007,354.22436218715984,67561801657
R10CHINA+,PP1850adjATP,1/sqrt(x),PPP,PPP_1/sqrt(x),pp1850_atp_ppp_pf2,2008,342.6374583874468,66084718717
R10CHINA+,PP1850adjATP,1/sqrt(x),PPP,PPP_1/sqrt(x),pp1850_atp_ppp_pf2,2009,330.62493090816025,64597511181
R10CHINA+,PP1850adjATP,1/sqrt(x),PPP,PPP_1/sqrt(x),pp1850_atp_ppp_pf2,2010,318.32616726745897,63099834400
R10CHINA+,PP1850adjATP,1/sqrt(x),PPP,PPP_1/sqrt(x),pp1850_atp_ppp_pf2,2011,305.4376102269517,61591451550
R10CHINA+,PP1850adjATP,1/sqrt(x),PPP,PPP_1/sqrt(x),pp1850_atp_ppp_pf2,2012,291.7168782786346,60072478323
R10CHINA+,PP1850adjATP,1/sqrt(x),PPP,PPP_1/sqrt(x),pp1850_atp_ppp_pf2,2013,277.9310718068787,58542310221
R10CHINA+,PP1850adjATP,1/sqrt(x),PPP,PPP_1/sqrt(x),pp1850_atp_ppp_pf2,2014,264.27866242010543,57000848210
R10CHINA+,PP1850adjATP,1/sqrt(x),PPP,PPP_1/sqrt(x),pp1850_atp_ppp_pf2,2015,250.9406153717983,55448545528
R10CHINA+,PP1850adjATP,1/sqrt(x),PPP,PPP_1/sqrt(x),pp1850_atp_ppp_pf2,2016,238.06283968480653,53885985013
R10CHINA+,PP1850adjATP,1/sqrt(x),PPP,PPP_1/sqrt(x),pp1850_atp_ppp_pf2,2017,225.57331756064468,52313530958
R10CHINA+,PP1850adjATP,1/sqrt(x),PPP,PPP_1/sqrt(x),pp1850_atp_ppp_pf2,2018,212.96238756077844,50731008946
R10CHINA+,PP1850adjATP,1/sqrt(x),PPP,PPP_1/sqrt(x),pp1850_atp_ppp_pf2,2019,199.99173953990973,49140064918
R10CHINA+,PP1850adjATP,1/sqrt(x),PPP,PPP_1/sqrt(x),pp1850_atp_ppp_pf2,2020,186.6435111466501,47542731691
R10CHINA+,PP1850adjATP,1/x,PPP,PPP_1/x,pp1850_atp_ppp_pf1,1991,557.6480221726333,89782541073
R10CHINA+,PP1850adjATP,1/x,PPP,PPP_1/x,pp1850_atp_ppp_pf1,1992,544.2783686010179,88486978861
R10CHINA+,PP1850adjATP,1/x,PPP,PPP_1/x,pp1850_atp_ppp_pf1,1993,526.6330654466153,87175623088
R10CHINA+,PP1850adjATP,1/x,PPP,PPP_1/x,pp1850_atp_ppp_pf1,1994,509.2573516603654,85849603600
R10CHINA+,PP1850adjATP,1/x,PPP,PPP_1/x,pp1850_atp_ppp_pf1,1995,492.33477689424933,84509732921
R10CHINA+,PP1850adjATP,1/x,PPP,PPP_1/x,pp1850_atp_ppp_pf1,1996,477.0199375341279,83156771938
R10CHINA+,PP1850adjATP,1/x,PPP,PPP_1/x,pp1850_atp_ppp_pf1,1997,463.40765258614726,81791519655
R10CHINA+,PP1850adjATP,1/x,PPP,PPP_1/x,pp1850_atp_ppp_pf1,1998,450.3091417687014,80414723629
R10CHINA+,PP1850adjATP,1/x,PPP,PPP_1/x,pp1850_atp_ppp_pf1,1999,438.02720483786635,79026921756
R10CHINA+,PP1850adjATP,1/x,PPP,PPP_1/x,pp1850_atp_ppp_pf1,2000,426.4051664603563,77628655614
R10CHINA+,PP1850adjATP,1/x,PPP,PPP_1/x,pp1850_atp_ppp_pf1,2001,414.46210221257695,76220016364
R10CHINA+,PP1850adjATP,1/x,PPP,PPP_1/x,pp1850_atp_ppp_pf1,2002,402.67308495360305,74801113660
R10CHINA+,PP1850adjATP,1/x,PPP,PPP_1/x,pp1850_atp_ppp_pf1,2003,390.396564569185,73372402532
R10CHINA+,PP1850adjATP,1/x,PPP,PPP_1/x,pp1850_atp_ppp_pf1,2004,377.2698504895988,71934135829
R10CHINA+,PP1850adjATP,1/x,PPP,PPP_1/x,pp1850_atp_ppp_pf1,2005,364.11468603144385,70486346883
R10CHINA+,PP1850adjATP,1/x,PPP,PPP_1/x,pp1850_atp_ppp_pf1,2006,350.2315639883759,69028933948
R10CHINA+,PP1850adjATP,1/x,PPP,PPP_1/x,pp1850_atp_ppp_pf1,2007,335.5422071591727,67561801657
R10CHINA+,PP1850adjATP,1/x,PPP,PPP_1/x,pp1850_atp_ppp_pf1,2008,319.9689205175279,66084718717
R10CHINA+,PP1850adjATP,1/x,PPP,PPP_1/x,pp1850_atp_ppp_pf1,2009,304.22009977866503,64597511181
R10CHINA+,PP1850adjATP,1/x,PPP,PPP_1/x,pp1850_atp_ppp_pf1,2010,288.50873746271714,63099834400
R10CHINA+,PP1850adjATP,1/x,PPP,PPP_1/x,pp1850_atp_ppp_pf1,2011,272.48730572784666,61591451550
R10CHINA+,PP1850adjATP,1/x,PPP,PPP_1/x,pp1850_atp_ppp_pf1,2012,255.86634688213857,60072478323
R10CHINA+,PP1850adjATP,1/x,PPP,PPP_1/x,pp1850_atp_ppp_pf1,2013,239.37846711858091,58542310221
R10CHINA+,PP1850adjATP,1/x,PPP,PPP_1/x,pp1850_atp_ppp_pf1,2014,223.37504451659058,57000848210
R10CHINA+,PP1850adjATP,1/x,PPP,PPP_1/x,pp1850_atp_ppp_pf1,2015,208.17390769317348,55448545528
R10CHINA+,PP1850adjATP,1/x,PPP,PPP_1/x,pp1850_atp_ppp_pf1,2016,193.82762173278644,53885985013
R10CHINA+,PP1850adjATP,1/x,PPP,PPP_1/x,pp1850_atp_ppp_pf1,2017,180.16345908599348,52313530958
R10CHINA+,PP1850adjATP,1/x,PPP,PPP_1/x,pp1850_atp_ppp_pf1,2018,166.46823432312968,50731008946
R10CHINA+,PP1850adjATP,1/x,PPP,PPP_1/x,pp1850_atp_ppp_pf1,2019,152.37337569141573,49140064918
R10CHINA+,PP1850adjATP,1/x,PPP,PPP_1/x,pp1850_atp_ppp_pf1,2020,137.98543006741082,47542731691
R10EUROPE,PP2015,NA,NA,NA,pp2015,1991,37.92610221065653,36673081098
R10EUROPE,PP2015,NA,NA,NA,pp2015,1992,37.92610221065653,36125091488
R10EUROPE,PP2015,NA,NA,NA,pp2015,1993,37.92610221065653,35574909801
R10EUROPE,PP2015,NA,NA,NA,pp2015,1994,37.92610221065653,35022749106
R10EUROPE,PP2015,NA,NA,NA,pp2015,1995,37.92610221065653,34468592692
R10EUROPE,PP2015,NA,NA,NA,pp2015,1996,37.92610221065653,33912471569
R10EUROPE,PP2015,NA,NA,NA,pp2015,1997,37.92610221065653,33354373614
R10EUROPE,PP2015,NA,NA,NA,pp2015,1998,37.92610221065653,32794350545
R10EUROPE,PP2015,NA,NA,NA,pp2015,1999,37.92610221065653,32232544700
R10EUROPE,PP2015,NA,NA,NA,pp2015,2000,37.92610221065653,31669025918
R10EUROPE,PP2015,NA,NA,NA,pp2015,2001,37.92610221065653,31103554892
R10EUROPE,PP2015,NA,NA,NA,pp2015,2002,37.92610221065653,30536006612
R10EUROPE,PP2015,NA,NA,NA,pp2015,2003,37.92610221065653,29966251914
R10EUROPE,PP2015,NA,NA,NA,pp2015,2004,37.92610221065653,29393955664
R10EUROPE,PP2015,NA,NA,NA,pp2015,2005,37.92610221065653,28818917389
R10EUROPE,PP2015,NA,NA,NA,pp2015,2006,37.92610221065653,28241129245
R10EUROPE,PP2015,NA,NA,NA,pp2015,2007,37.92610221065653,27660609590
R10EUROPE,PP2015,NA,NA,NA,pp2015,2008,37.92610221065653,27077052102
R10EUROPE,PP2015,NA,NA,NA,pp2015,2009,37.92610221065653,26490387453
R10EUROPE,PP2015,NA,NA,NA,pp2015,2010,37.92610221065653,25900954823
R10EUROPE,PP2015,NA,NA,NA,pp2015,2011,37.92610221065653,25308983125
R10EUROPE,PP2015,NA,NA,NA,pp2015,2012,37.92610221065653,24714581417
R10EUROPE,PP2015,NA,NA,NA,pp2015,2013,37.92610221065653,24117823456
R10EUROPE,PP2015,NA,NA,NA,pp2015,2014,37.92610221065653,23518781536
R10EUROPE,PP2015,NA,NA,NA,pp2015,2015,37.92610221065653,22917261379
R10EUROPE,PP2015,NA,NA,NA,pp2015,2016,33.97134186582155,22313255826
R10EUROPE,PP2015,NA,NA,NA,pp2015,2017,30.010989584739647,21706899335
R10EUROPE,PP2015,NA,NA,NA,pp2015,2018,26.017024168117054,21098439497
R10EUROPE,PP2015,NA,NA,NA,pp2015,2019,22.114507973138135,20488261388
R10EUROPE,PP2015,NA,NA,NA,pp2015,2020,18.3854067038677,19876350264
R10EUROPE,PP1990,NA,NA,NA,pp1990,1991,92.36585187672773,36673081098
R10EUROPE,PP1990,NA,NA,NA,pp1990,1992,87.79479362920377,36125091488
R10EUROPE,PP1990,NA,NA,NA,pp1990,1993,83.35096339285761,35574909801
R10EUROPE,PP1990,NA,NA,NA,pp1990,1994,78.98710415148874,35022749106
R10EUROPE,PP1990,NA,NA,NA,pp1990,1995,74.65325815305904,34468592692
R10EUROPE,PP1990,NA,NA,NA,pp1990,1996,70.26231156640864,33912471569
R10EUROPE,PP1990,NA,NA,NA,pp1990,1997,65.73809292359664,33354373614
R10EUROPE,PP1990,NA,NA,NA,pp1990,1998,61.282087064183166,32794350545
R10EUROPE,PP1990,NA,NA,NA,pp1990,1999,56.816786861338194,32232544700
R10EUROPE,PP1990,NA,NA,NA,pp1990,2000,52.425550840664954,31669025918
R10EUROPE,PP1990,NA,NA,NA,pp1990,2001,47.993306841975176,31103554892
R10EUROPE,PP1990,NA,NA,NA,pp1990,2002,43.50506694092117,30536006612
R10EUROPE,PP1990,NA,NA,NA,pp1990,2003,39.022130216442704,29966251914
R10EUROPE,PP1990,NA,NA,NA,pp1990,2004,34.42464759359415,29393955664
R10EUROPE,PP1990,NA,NA,NA,pp1990,2005,29.800950494935815,28818917389
R10EUROPE,PP1990,NA,NA,NA,pp1990,2006,25.184924057201513,28241129245
R10EUROPE,PP1990,NA,NA,NA,pp1990,2007,20.534114001764344,27660609590
R10EUROPE,PP1990,NA,NA,NA,pp1990,2008,15.899132379462447,27077052102
R10EUROPE,PP1990,NA,NA,NA,pp1990,2009,11.365005723562774,26490387453
R10EUROPE,PP1990,NA,NA,NA,pp1990,2010,7.170900508163357,25900954823
R10EUROPE,PP1990,NA,NA,NA,pp1990,2011,2.856391522326188,25308983125
R10EUROPE,PP1990,NA,NA,NA,pp1990,2012,-1.3449346881241642,24714581417
R10EUROPE,PP1990,NA,NA,NA,pp1990,2013,-5.503015734211665,24117823456
R10EUROPE,PP1990,NA,NA,NA,pp1990,2014,-9.56775536157836,23518781536
R10EUROPE,PP1990,NA,NA,NA,pp1990,2015,-13.46210457022532,22917261379
R10EUROPE,PP1990,NA,NA,NA,pp1990,2016,-17.416864915060305,22313255826
R10EUROPE,PP1990,NA,NA,NA,pp1990,2017,-21.37721719614222,21706899335
R10EUROPE,PP1990,NA,NA,NA,pp1990,2018,-25.37118261276481,21098439497
R10EUROPE,PP1990,NA,NA,NA,pp1990,2019,-29.273698807743713,20488261388
R10EUROPE,PP1990,NA,NA,NA,pp1990,2020,-33.00280007701418,19876350264
R10EUROPE,PP1850,NA,NA,NA,pp1850,1991,-53.63283819094397,36673081098
R10EUROPE,PP1850,NA,NA,NA,pp1850,1992,-58.20389643846791,36125091488
R10EUROPE,PP1850,NA,NA,NA,pp1850,1993,-62.647726674814024,35574909801
R10EUROPE,PP1850,NA,NA,NA,pp1850,1994,-67.01158591618295,35022749106
R10EUROPE,PP1850,NA,NA,NA,pp1850,1995,-71.34543191461265,34468592692
R10EUROPE,PP1850,NA,NA,NA,pp1850,1996,-75.73637850126303,33912471569
R10EUROPE,PP1850,NA,NA,NA,pp1850,1997,-80.260597144075,33354373614
R10EUROPE,PP1850,NA,NA,NA,pp1850,1998,-84.71660300348852,32794350545
R10EUROPE,PP1850,NA,NA,NA,pp1850,1999,-89.18190320633346,32232544700
R10EUROPE,PP1850,NA,NA,NA,pp1850,2000,-93.57313922700669,31669025918
R10EUROPE,PP1850,NA,NA,NA,pp1850,2001,-98.0053832256965,31103554892
R10EUROPE,PP1850,NA,NA,NA,pp1850,2002,-102.4936231267505,30536006612
R10EUROPE,PP1850,NA,NA,NA,pp1850,2003,-106.97655985122898,29966251914
R10EUROPE,PP1850,NA,NA,NA,pp1850,2004,-111.57404247407749,29393955664
R10EUROPE,PP1850,NA,NA,NA,pp1850,2005,-116.19773957273584,28818917389
R10EUROPE,PP1850,NA,NA,NA,pp1850,2006,-120.81376601047015,28241129245
R10EUROPE,PP1850,NA,NA,NA,pp1850,2007,-125.46457606590737,27660609590
R10EUROPE,PP1850,NA,NA,NA,pp1850,2008,-130.09955768820922,27077052102
R10EUROPE,PP1850,NA,NA,NA,pp1850,2009,-134.63368434410887,26490387453
R10EUROPE,PP1850,NA,NA,NA,pp1850,2010,-138.8277895595083,25900954823
R10EUROPE,PP1850,NA,NA,NA,pp1850,2011,-143.14229854534545,25308983125
R10EUROPE,PP1850,NA,NA,NA,pp1850,2012,-147.34362475579582,24714581417
R10EUROPE,PP1850,NA,NA,NA,pp1850,2013,-151.50170580188325,24117823456
R10EUROPE,PP1850,NA,NA,NA,pp1850,2014,-155.56644542924997,23518781536
R10EUROPE,PP1850,NA,NA,NA,pp1850,2015,-159.46079463789698,22917261379
R10EUROPE,PP1850,NA,NA,NA,pp1850,2016,-163.415554982732,22313255826
R10EUROPE,PP1850,NA,NA,NA,pp1850,2017,-167.37590726381393,21706899335
R10EUROPE,PP1850,NA,NA,NA,pp1850,2018,-171.36987268043652,21098439497
R10EUROPE,PP1850,NA,NA,NA,pp1850,2019,-175.2723888754154,20488261388
R10EUROPE,PP1850,NA,NA,NA,pp1850,2020,-179.00149014468582,19876350264
R10EUROPE,PP2015adjATP,1/asinh(x),MER,MER_1/asinh(x),pp2015_atp_mer_pf3,1991,28.140262385515197,36673081098
R10EUROPE,PP2015adjATP,1/asinh(x),MER,MER_1/asinh(x),pp2015_atp_mer_pf3,1992,28.065977946593893,36125091488
R10EUROPE,PP2015adjATP,1/asinh(x),MER,MER_1/asinh(x),pp2015_atp_mer_pf3,1993,28.007066272449926,35574909801
R10EUROPE,PP2015adjATP,1/asinh(x),MER,MER_1/asinh(x),pp2015_atp_mer_pf3,1994,28.000838194647965,35022749106
R10EUROPE,PP2015adjATP,1/asinh(x),MER,MER_1/asinh(x),pp2015_atp_mer_pf3,1995,28.068487574452718,34468592692
R10EUROPE,PP2015adjATP,1/asinh(x),MER,MER_1/asinh(x),pp2015_atp_mer_pf3,1996,28.122585283603538,33912471569
R10EUROPE,PP2015adjATP,1/asinh(x),MER,MER_1/asinh(x),pp2015_atp_mer_pf3,1997,28.19857820791308,33354373614
R10EUROPE,PP2015adjATP,1/asinh(x),MER,MER_1/asinh(x),pp2015_atp_mer_pf3,1998,28.280516272737742,32794350545
R10EUROPE,PP2015adjATP,1/asinh(x),MER,MER_1/asinh(x),pp2015_atp_mer_pf3,1999,28.28889703595997,32232544700
R10EUROPE,PP2015adjATP,1/asinh(x),MER,MER_1/asinh(x),pp2015_atp_mer_pf3,2000,28.316702622670853,31669025918
R10EUROPE,PP2015adjATP,1/asinh(x),MER,MER_1/asinh(x),pp2015_atp_mer_pf3,2001,28.383909126706374,31103554892
R10EUROPE,PP2015adjATP,1/asinh(x),MER,MER_1/asinh(x),pp2015_atp_mer_pf3,2002,28.442601817345107,30536006612
R10EUROPE,PP2015adjATP,1/asinh(x),MER,MER_1/asinh(x),pp2015_atp_mer_pf3,2003,28.484225278161922,29966251914
R10EUROPE,PP2015adjATP,1/asinh(x),MER,MER_1/asinh(x),pp2015_atp_mer_pf3,2004,28.505710401942483,29393955664
R10EUROPE,PP2015adjATP,1/asinh(x),MER,MER_1/asinh(x),pp2015_atp_mer_pf3,2005,28.52829314972001,28818917389
R10EUROPE,PP2015adjATP,1/asinh(x),MER,MER_1/asinh(x),pp2015_atp_mer_pf3,2006,28.57275715343237,28241129245
R10EUROPE,PP2015adjATP,1/asinh(x),MER,MER_1/asinh(x),pp2015_atp_mer_pf3,2007,28.646503484160846,27660609590
R10EUROPE,PP2015adjATP,1/asinh(x),MER,MER_1/asinh(x),pp2015_atp_mer_pf3,2008,28.7380570143369,27077052102
R10EUROPE,PP2015adjATP,1/asinh(x),MER,MER_1/asinh(x),pp2015_atp_mer_pf3,2009,28.841443308376356,26490387453
R10EUROPE,PP2015adjATP,1/asinh(x),MER,MER_1/asinh(x),pp2015_atp_mer_pf3,2010,28.973241706587118,25900954823
R10EUROPE,PP2015adjATP,1/asinh(x),MER,MER_1/asinh(x),pp2015_atp_mer_pf3,2011,29.13870967377637,25308983125
R10EUROPE,PP2015adjATP,1/asinh(x),MER,MER_1/asinh(x),pp2015_atp_mer_pf3,2012,29.309824512249673,24714581417
R10EUROPE,PP2015adjATP,1/asinh(x),MER,MER_1/asinh(x),pp2015_atp_mer_pf3,2013,29.477875204941604,24117823456
R10EUROPE,PP2015adjATP,1/asinh(x),MER,MER_1/asinh(x),pp2015_atp_mer_pf3,2014,29.62480563726778,23518781536
R10EUROPE,PP2015adjATP,1/asinh(x),MER,MER_1/asinh(x),pp2015_atp_mer_pf3,2015,29.762971280004557,22917261379
R10EUROPE,PP2015adjATP,1/asinh(x),MER,MER_1/asinh(x),pp2015_atp_mer_pf3,2016,25.93870434991407,22313255826
R10EUROPE,PP2015adjATP,1/asinh(x),MER,MER_1/asinh(x),pp2015_atp_mer_pf3,2017,22.098159095931468,21706899335
R10EUROPE,PP2015adjATP,1/asinh(x),MER,MER_1/asinh(x),pp2015_atp_mer_pf3,2018,18.22371583389236,21098439497
R10EUROPE,PP2015adjATP,1/asinh(x),MER,MER_1/asinh(x),pp2015_atp_mer_pf3,2019,14.42995198321879,20488261388
R10EUROPE,PP2015adjATP,1/asinh(x),MER,MER_1/asinh(x),pp2015_atp_mer_pf3,2020,10.804000269482092,19876350264
R10EUROPE,PP2015adjATP,1/sqrt(x),MER,MER_1/sqrt(x),pp2015_atp_mer_pf2,1991,10.749827298105151,36673081098
R10EUROPE,PP2015adjATP,1/sqrt(x),MER,MER_1/sqrt(x),pp2015_atp_mer_pf2,1992,10.64404988545907,36125091488
R10EUROPE,PP2015adjATP,1/sqrt(x),MER,MER_1/sqrt(x),pp2015_atp_mer_pf2,1993,10.55254273631046,35574909801
R10EUROPE,PP2015adjATP,1/sqrt(x),MER,MER_1/sqrt(x),pp2015_atp_mer_pf2,1994,10.517840635985486,35022749106
R10EUROPE,PP2015adjATP,1/sqrt(x),MER,MER_1/sqrt(x),pp2015_atp_mer_pf2,1995,10.61554264931933,34468592692
R10EUROPE,PP2015adjATP,1/sqrt(x),MER,MER_1/sqrt(x),pp2015_atp_mer_pf2,1996,10.633463048133041,33912471569
R10EUROPE,PP2015adjATP,1/sqrt(x),MER,MER_1/sqrt(x),pp2015_atp_mer_pf2,1997,10.685182889118273,33354373614
R10EUROPE,PP2015adjATP,1/sqrt(x),MER,MER_1/sqrt(x),pp2015_atp_mer_pf2,1998,10.753648257903942,32794350545
R10EUROPE,PP2015adjATP,1/sqrt(x),MER,MER_1/sqrt(x),pp2015_atp_mer_pf2,1999,10.694375960399743,32232544700
R10EUROPE,PP2015adjATP,1/sqrt(x),MER,MER_1/sqrt(x),pp2015_atp_mer_pf2,2000,10.690718460965684,31669025918
R10EUROPE,PP2015adjATP,1/sqrt(x),MER,MER_1/sqrt(x),pp2015_atp_mer_pf2,2001,10.75346339128589,31103554892
R10EUROPE,PP2015adjATP,1/sqrt(x),MER,MER_1/sqrt(x),pp2015_atp_mer_pf2,2002,10.818135257686118,30536006612
R10EUROPE,PP2015adjATP,1/sqrt(x),MER,MER_1/sqrt(x),pp2015_atp_mer_pf2,2003,10.845241950177995,29966251914
R10EUROPE,PP2015adjATP,1/sqrt(x),MER,MER_1/sqrt(x),pp2015_atp_mer_pf2,2004,10.818122132911636,29393955664
R10EUROPE,PP2015adjATP,1/sqrt(x),MER,MER_1/sqrt(x),pp2015_atp_mer_pf2,2005,10.768455384310489,28818917389
R10EUROPE,PP2015adjATP,1/sqrt(x),MER,MER_1/sqrt(x),pp2015_atp_mer_pf2,2006,10.735195606596559,28241129245
R10EUROPE,PP2015adjATP,1/sqrt(x),MER,MER_1/sqrt(x),pp2015_atp_mer_pf2,2007,10.741569341465542,27660609590
R10EUROPE,PP2015adjATP,1/sqrt(x),MER,MER_1/sqrt(x),pp2015_atp_mer_pf2,2008,10.753948414887503,27077052102
R10EUROPE,PP2015adjATP,1/sqrt(x),MER,MER_1/sqrt(x),pp2015_atp_mer_pf2,2009,10.778780421344914,26490387453
R10EUROPE,PP2015adjATP,1/sqrt(x),MER,MER_1/sqrt(x),pp2015_atp_mer_pf2,2010,10.90222112425984,25900954823
R10EUROPE,PP2015adjATP,1/sqrt(x),MER,MER_1/sqrt(x),pp2015_atp_mer_pf2,2011,11.079608187406745,25308983125
R10EUROPE,PP2015adjATP,1/sqrt(x),MER,MER_1/sqrt(x),pp2015_atp_mer_pf2,2012,11.267447649762026,24714581417
R10EUROPE,PP2015adjATP,1/sqrt(x),MER,MER_1/sqrt(x),pp2015_atp_mer_pf2,2013,11.469324472385665,24117823456
R10EUROPE,PP2015adjATP,1/sqrt(x),MER,MER_1/sqrt(x),pp2015_atp_mer_pf2,2014,11.643624095793317,23518781536
R10EUROPE,PP2015adjATP,1/sqrt(x),MER,MER_1/sqrt(x),pp2015_atp_mer_pf2,2015,11.81730968332242,22917261379
R10EUROPE,PP2015adjATP,1/sqrt(x),MER,MER_1/sqrt(x),pp2015_atp_mer_pf2,2016,8.048270063352707,22313255826
R10EUROPE,PP2015adjATP,1/sqrt(x),MER,MER_1/sqrt(x),pp2015_atp_mer_pf2,2017,4.264017695632761,21706899335
R10EUROPE,PP2015adjATP,1/sqrt(x),MER,MER_1/sqrt(x),pp2015_atp_mer_pf2,2018,0.4475952579279304,21098439497
R10EUROPE,PP2015adjATP,1/sqrt(x),MER,MER_1/sqrt(x),pp2015_atp_mer_pf2,2019,-3.293867443073811,20488261388
R10EUROPE,PP2015adjATP,1/sqrt(x),MER,MER_1/sqrt(x),pp2015_atp_mer_pf2,2020,-6.8654065450573185,19876350264
R10EUROPE,PP2015adjATP,1/x,MER,MER_1/x,pp2015_atp_mer_pf1,1991,3.321246766480353,36673081098
R10EUROPE,PP2015adjATP,1/x,MER,MER_1/x,pp2015_atp_mer_pf1,1992,3.289197860319129,36125091488
R10EUROPE,PP2015adjATP,1/x,MER,MER_1/x,pp2015_atp_mer_pf1,1993,3.2609678908706066,35574909801
R10EUROPE,PP2015adjATP,1/x,MER,MER_1/x,pp2015_atp_mer_pf1,1994,3.2318034380524514,35022749106
R10EUROPE,PP2015adjATP,1/x,MER,MER_1/x,pp2015_atp_mer_pf1,1995,3.2985666164574186,34468592692
R10EUROPE,PP2015adjATP,1/x,MER,MER_1/x,pp2015_atp_mer_pf1,1996,3.290549786768334,33912471569
R10EUROPE,PP2015adjATP,1/x,MER,MER_1/x,pp2015_atp_mer_pf1,1997,3.2950681623954923,33354373614
R10EUROPE,PP2015adjATP,1/x,MER,MER_1/x,pp2015_atp_mer_pf1,1998,3.3016814238007126,32794350545
R10EUROPE,PP2015adjATP,1/x,MER,MER_1/x,pp2015_atp_mer_pf1,1999,3.2267716098984844,32232544700
R10EUROPE,PP2015adjATP,1/x,MER,MER_1/x,pp2015_atp_mer_pf1,2000,3.199482810724737,31669025918
R10EUROPE,PP2015adjATP,1/x,MER,MER_1/x,pp2015_atp_mer_pf1,2001,3.2171305507837378,31103554892
R10EUROPE,PP2015adjATP,1/x,MER,MER_1/x,pp2015_atp_mer_pf1,2002,3.235930737294169,30536006612
R10EUROPE,PP2015adjATP,1/x,MER,MER_1/x,pp2015_atp_mer_pf1,2003,3.2300407181569097,29966251914
R10EUROPE,PP2015adjATP,1/x,MER,MER_1/x,pp2015_atp_mer_pf1,2004,3.190338922792197,29393955664
R10EUROPE,PP2015adjATP,1/x,MER,MER_1/x,pp2015_atp_mer_pf1,2005,3.132098979781982,28818917389
R10EUROPE,PP2015adjATP,1/x,MER,MER_1/x,pp2015_atp_mer_pf1,2006,3.07513384985844,28241129245
R10EUROPE,PP2015adjATP,1/x,MER,MER_1/x,pp2015_atp_mer_pf1,2007,3.0381860311900746,27660609590
R10EUROPE,PP2015adjATP,1/x,MER,MER_1/x,pp2015_atp_mer_pf1,2008,2.9977556936736875,27077052102
R10EUROPE,PP2015adjATP,1/x,MER,MER_1/x,pp2015_atp_mer_pf1,2009,2.963769703166739,26490387453
R10EUROPE,PP2015adjATP,1/x,MER,MER_1/x,pp2015_atp_mer_pf1,2010,3.007328118970175,25900954823
R10EUROPE,PP2015adjATP,1/x,MER,MER_1/x,pp2015_atp_mer_pf1,2011,3.076356146187515,25308983125
R10EUROPE,PP2015adjATP,1/x,MER,MER_1/x,pp2015_atp_mer_pf1,2012,3.15022361004271,24714581417
R10EUROPE,PP2015adjATP,1/x,MER,MER_1/x,pp2015_atp_mer_pf1,2013,3.237712474230753,24117823456
R10EUROPE,PP2015adjATP,1/x,MER,MER_1/x,pp2015_atp_mer_pf1,2014,3.3112406582269003,23518781536
R10EUROPE,PP2015adjATP,1/x,MER,MER_1/x,pp2015_atp_mer_pf1,2015,3.3914050049160087,22917261379
R10EUROPE,PP2015adjATP,1/x,MER,MER_1/x,pp2015_atp_mer_pf1,2016,-0.4675387694227422,22313255826
R10EUROPE,PP2015adjATP,1/x,MER,MER_1/x,pp2015_atp_mer_pf1,2017,-4.334122732221588,21706899335
R10EUROPE,PP2015adjATP,1/x,MER,MER_1/x,pp2015_atp_mer_pf1,2018,-8.23316903728715,21098439497
R10EUROPE,PP2015adjATP,1/x,MER,MER_1/x,pp2015_atp_mer_pf1,2019,-12.04849009281381,20488261388
R10EUROPE,PP2015adjATP,1/x,MER,MER_1/x,pp2015_atp_mer_pf1,2020,-15.6904211527984,19876350264
R10EUROPE,PP2015adjATP,1/asinh(x),PPP,PPP_1/asinh(x),pp2015_atp_ppp_pf3,1991,31.287404211676037,36673081098
R10EUROPE,PP2015adjATP,1/asinh(x),PPP,PPP_1/asinh(x),pp2015_atp_ppp_pf3,1992,31.33828277650273,36125091488
R10EUROPE,PP2015adjATP,1/asinh(x),PPP,PPP_1/asinh(x),pp2015_atp_ppp_pf3,1993,31.397393855654027,35574909801
R10EUROPE,PP2015adjATP,1/asinh(x),PPP,PPP_1/asinh(x),pp2015_atp_ppp_pf3,1994,31.45665421555747,35022749106
R10EUROPE,PP2015adjATP,1/asinh(x),PPP,PPP_1/asinh(x),pp2015_atp_ppp_pf3,1995,31.514816998878686,34468592692
R10EUROPE,PP2015adjATP,1/asinh(x),PPP,PPP_1/asinh(x),pp2015_atp_ppp_pf3,1996,31.566341038924634,33912471569
R10EUROPE,PP2015adjATP,1/asinh(x),PPP,PPP_1/asinh(x),pp2015_atp_ppp_pf3,1997,31.61681824527242,33354373614
R10EUROPE,PP2015adjATP,1/asinh(x),PPP,PPP_1/asinh(x),pp2015_atp_ppp_pf3,1998,31.65861778855748,32794350545
R10EUROPE,PP2015adjATP,1/asinh(x),PPP,PPP_1/asinh(x),pp2015_atp_ppp_pf3,1999,31.70631579678502,32232544700
R10EUROPE,PP2015adjATP,1/asinh(x),PPP,PPP_1/asinh(x),pp2015_atp_ppp_pf3,2000,31.75697658233507,31669025918
R10EUROPE,PP2015adjATP,1/asinh(x),PPP,PPP_1/asinh(x),pp2015_atp_ppp_pf3,2001,31.798483366061177,31103554892
R10EUROPE,PP2015adjATP,1/asinh(x),PPP,PPP_1/asinh(x),pp2015_atp_ppp_pf3,2002,31.841544559535443,30536006612
R10EUROPE,PP2015adjATP,1/asinh(x),PPP,PPP_1/asinh(x),pp2015_atp_ppp_pf3,2003,31.881804467300324,29966251914
R10EUROPE,PP2015adjATP,1/asinh(x),PPP,PPP_1/asinh(x),pp2015_atp_ppp_pf3,2004,31.930658076784667,29393955664
R10EUROPE,PP2015adjATP,1/asinh(x),PPP,PPP_1/asinh(x),pp2015_atp_ppp_pf3,2005,31.98479116738044,28818917389
R10EUROPE,PP2015adjATP,1/asinh(x),PPP,PPP_1/asinh(x),pp2015_atp_ppp_pf3,2006,32.04861311253259,28241129245
R10EUROPE,PP2015adjATP,1/asinh(x),PPP,PPP_1/asinh(x),pp2015_atp_ppp_pf3,2007,32.111088528368924,27660609590
R10EUROPE,PP2015adjATP,1/asinh(x),PPP,PPP_1/asinh(x),pp2015_atp_ppp_pf3,2008,32.17725004781563,27077052102
R10EUROPE,PP2015adjATP,1/asinh(x),PPP,PPP_1/asinh(x),pp2015_atp_ppp_pf3,2009,32.23810348398233,26490387453
R10EUROPE,PP2015adjATP,1/asinh(x),PPP,PPP_1/asinh(x),pp2015_atp_ppp_pf3,2010,32.307463211300245,25900954823
R10EUROPE,PP2015adjATP,1/asinh(x),PPP,PPP_1/asinh(x),pp2015_atp_ppp_pf3,2011,32.377439132065156,25308983125
R10EUROPE,PP2015adjATP,1/asinh(x),PPP,PPP_1/asinh(x),pp2015_atp_ppp_pf3,2012,32.444132052590106,24714581417
R10EUROPE,PP2015adjATP,1/asinh(x),PPP,PPP_1/asinh(x),pp2015_atp_ppp_pf3,2013,32.512869844148355,24117823456
R10EUROPE,PP2015adjATP,1/asinh(x),PPP,PPP_1/asinh(x),pp2015_atp_ppp_pf3,2014,32.57721010502773,23518781536
R10EUROPE,PP2015adjATP,1/asinh(x),PPP,PPP_1/asinh(x),pp2015_atp_ppp_pf3,2015,32.63769099584039,22917261379
R10EUROPE,PP2015adjATP,1/asinh(x),PPP,PPP_1/asinh(x),pp2015_atp_ppp_pf3,2016,28.735091940780784,22313255826
R10EUROPE,PP2015adjATP,1/asinh(x),PPP,PPP_1/asinh(x),pp2015_atp_ppp_pf3,2017,24.822198482753414,21706899335
R10EUROPE,PP2015adjATP,1/asinh(x),PPP,PPP_1/asinh(x),pp2015_atp_ppp_pf3,2018,20.87237431106242,21098439497
R10EUROPE,PP2015adjATP,1/asinh(x),PPP,PPP_1/asinh(x),pp2015_atp_ppp_pf3,2019,17.01809235975756,20488261388
R10EUROPE,PP2015adjATP,1/asinh(x),PPP,PPP_1/asinh(x),pp2015_atp_ppp_pf3,2020,13.334312749459453,19876350264
R10EUROPE,PP2015adjATP,1/sqrt(x),PPP,PPP_1/sqrt(x),pp2015_atp_ppp_pf2,1991,14.860616104575842,36673081098
R10EUROPE,PP2015adjATP,1/sqrt(x),PPP,PPP_1/sqrt(x),pp2015_atp_ppp_pf2,1992,14.968861091910082,36125091488
R10EUROPE,PP2015adjATP,1/sqrt(x),PPP,PPP_1/sqrt(x),pp2015_atp_ppp_pf2,1993,15.086539784154368,35574909801
R10EUROPE,PP2015adjATP,1/sqrt(x),PPP,PPP_1/sqrt(x),pp2015_atp_ppp_pf2,1994,15.199395523005336,35022749106
R10EUROPE,PP2015adjATP,1/sqrt(x),PPP,PPP_1/sqrt(x),pp2015_atp_ppp_pf2,1995,15.307666462116972,34468592692
R10EUROPE,PP2015adjATP,1/sqrt(x),PPP,PPP_1/sqrt(x),pp2015_atp_ppp_pf2,1996,15.392907926487501,33912471569
R10EUROPE,PP2015adjATP,1/sqrt(x),PPP,PPP_1/sqrt(x),pp2015_atp_ppp_pf2,1997,15.467333626118556,33354373614
R10EUROPE,PP2015adjATP,1/sqrt(x),PPP,PPP_1/sqrt(x),pp2015_atp_ppp_pf2,1998,15.518256222806004,32794350545
R10EUROPE,PP2015adjATP,1/sqrt(x),PPP,PPP_1/sqrt(x),pp2015_atp_ppp_pf2,1999,15.59728737141361,32232544700
R10EUROPE,PP2015adjATP,1/sqrt(x),PPP,PPP_1/sqrt(x),pp2015_atp_ppp_pf2,2000,15.688263615192186,31669025918
R10EUROPE,PP2015adjATP,1/sqrt(x),PPP,PPP_1/sqrt(x),pp2015_atp_ppp_pf2,2001,15.752626260145961,31103554892
R10EUROPE,PP2015adjATP,1/sqrt(x),PPP,PPP_1/sqrt(x),pp2015_atp_ppp_pf2,2002,15.822894213777696,30536006612
R10EUROPE,PP2015adjATP,1/sqrt(x),PPP,PPP_1/sqrt(x),pp2015_atp_ppp_pf2,2003,15.88470584528045,29966251914
R10EUROPE,PP2015adjATP,1/sqrt(x),PPP,PPP_1/sqrt(x),pp2015_atp_ppp_pf2,2004,15.966704464137514,29393955664
R10EUROPE,PP2015adjATP,1/sqrt(x),PPP,PPP_1/sqrt(x),pp2015_atp_ppp_pf2,2005,16.05449650957207,28818917389
R10EUROPE,PP2015adjATP,1/sqrt(x),PPP,PPP_1/sqrt(x),pp2015_atp_ppp_pf2,2006,16.163171548331675,28241129245
R10EUROPE,PP2015adjATP,1/sqrt(x),PPP,PPP_1/sqrt(x),pp2015_atp_ppp_pf2,2007,16.261448541688907,27660609590
R10EUROPE,PP2015adjATP,1/sqrt(x),PPP,PPP_1/sqrt(x),pp2015_atp_ppp_pf2,2008,16.365070896052448,27077052102
R10EUROPE,PP2015adjATP,1/sqrt(x),PPP,PPP_1/sqrt(x),pp2015_atp_ppp_pf2,2009,16.45439246817525,26490387453
R10EUROPE,PP2015adjATP,1/sqrt(x),PPP,PPP_1/sqrt(x),pp2015_atp_ppp_pf2,2010,16.576011054101738,25900954823
R10EUROPE,PP2015adjATP,1/sqrt(x),PPP,PPP_1/sqrt(x),pp2015_atp_ppp_pf2,2011,16.699374534403336,25308983125
R10EUROPE,PP2015adjATP,1/sqrt(x),PPP,PPP_1/sqrt(x),pp2015_atp_ppp_pf2,2012,16.813703752600947,24714581417
R10EUROPE,PP2015adjATP,1/sqrt(x),PPP,PPP_1/sqrt(x),pp2015_atp_ppp_pf2,2013,16.936104955873716,24117823456
R10EUROPE,PP2015adjATP,1/sqrt(x),PPP,PPP_1/sqrt(x),pp2015_atp_ppp_pf2,2014,17.050656335124,23518781536
R10EUROPE,PP2015adjATP,1/sqrt(x),PPP,PPP_1/sqrt(x),pp2015_atp_ppp_pf2,2015,17.16071618606915,22917261379
R10EUROPE,PP2015adjATP,1/sqrt(x),PPP,PPP_1/sqrt(x),pp2015_atp_ppp_pf2,2016,13.29972544103455,22313255826
R10EUROPE,PP2015adjATP,1/sqrt(x),PPP,PPP_1/sqrt(x),pp2015_atp_ppp_pf2,2017,9.424084726892065,21706899335
R10EUROPE,PP2015adjATP,1/sqrt(x),PPP,PPP_1/sqrt(x),pp2015_atp_ppp_pf2,2018,5.506286317106834,21098439497
R10EUROPE,PP2015adjATP,1/sqrt(x),PPP,PPP_1/sqrt(x),pp2015_atp_ppp_pf2,2019,1.6914940492765018,20488261388
R10EUROPE,PP2015adjATP,1/sqrt(x),PPP,PPP_1/sqrt(x),pp2015_atp_ppp_pf2,2020,-1.9568056483631526,19876350264
R10EUROPE,PP2015adjATP,1/x,PPP,PPP_1/x,pp2015_atp_ppp_pf1,1991,5.221686012489512,36673081098
R10EUROPE,PP2015adjATP,1/x,PPP,PPP_1/x,pp2015_atp_ppp_pf1,1992,5.327915111107961,36125091488
R10EUROPE,PP2015adjATP,1/x,PPP,PPP_1/x,pp2015_atp_ppp_pf1,1993,5.424592907747039,35574909801
R10EUROPE,PP2015adjATP,1/x,PPP,PPP_1/x,pp2015_atp_ppp_pf1,1994,5.513579714481603,35022749106
R10EUROPE,PP2015adjATP,1/x,PPP,PPP_1/x,pp2015_atp_ppp_pf1,1995,5.591136664293745,34468592692
R10EUROPE,PP2015adjATP,1/x,PPP,PPP_1/x,pp2015_atp_ppp_pf1,1996,5.645072038819203,33912471569
R10EUROPE,PP2015adjATP,1/x,PPP,PPP_1/x,pp2015_atp_ppp_pf1,1997,5.676305324307896,33354373614
R10EUROPE,PP2015adjATP,1/x,PPP,PPP_1/x,pp2015_atp_ppp_pf1,1998,5.6856023778195235,32794350545
R10EUROPE,PP2015adjATP,1/x,PPP,PPP_1/x,pp2015_atp_ppp_pf1,1999,5.726018660090025,32232544700
R10EUROPE,PP2015adjATP,1/x,PPP,PPP_1/x,pp2015_atp_ppp_pf1,2000,5.7838207214599535,31669025918
R10EUROPE,PP2015adjATP,1/x,PPP,PPP_1/x,pp2015_atp_ppp_pf1,2001,5.822624969659392,31103554892
R10EUROPE,PP2015adjATP,1/x,PPP,PPP_1/x,pp2015_atp_ppp_pf1,2002,5.869794835816276,30536006612
R10EUROPE,PP2015adjATP,1/x,PPP,PPP_1/x,pp2015_atp_ppp_pf1,2003,5.907925736244293,29966251914
R10EUROPE,PP2015adjATP,1/x,PPP,PPP_1/x,pp2015_atp_ppp_pf1,2004,5.959676245987389,29393955664
R10EUROPE,PP2015adjATP,1/x,PPP,PPP_1/x,pp2015_atp_ppp_pf1,2005,6.012324775518843,28818917389
R10EUROPE,PP2015adjATP,1/x,PPP,PPP_1/x,pp2015_atp_ppp_pf1,2006,6.079793686690052,28241129245
R10EUROPE,PP2015adjATP,1/x,PPP,PPP_1/x,pp2015_atp_ppp_pf1,2007,6.135701142155365,27660609590
R10EUROPE,PP2015adjATP,1/x,PPP,PPP_1/x,pp2015_atp_ppp_pf1,2008,6.192462643959901,27077052102
R10EUROPE,PP2015adjATP,1/x,PPP,PPP_1/x,pp2015_atp_ppp_pf1,2009,6.235690723662804,26490387453
R10EUROPE,PP2015adjATP,1/x,PPP,PPP_1/x,pp2015_atp_ppp_pf1,2010,6.307661473219366,25900954823
R10EUROPE,PP2015adjATP,1/x,PPP,PPP_1/x,pp2015_atp_ppp_pf1,2011,6.381108785022271,25308983125
R10EUROPE,PP2015adjATP,1/x,PPP,PPP_1/x,pp2015_atp_ppp_pf1,2012,6.446814104602264,24714581417
R10EUROPE,PP2015adjATP,1/x,PPP,PPP_1/x,pp2015_atp_ppp_pf1,2013,6.518281181894464,24117823456
R10EUROPE,PP2015adjATP,1/x,PPP,PPP_1/x,pp2015_atp_ppp_pf1,2014,6.586777929305824,23518781536
R10EUROPE,PP2015adjATP,1/x,PPP,PPP_1/x,pp2015_atp_ppp_pf1,2015,6.6589992392683754,22917261379
R10EUROPE,PP2015adjATP,1/x,PPP,PPP_1/x,pp2015_atp_ppp_pf1,2016,2.7688047642780074,22313255826
R10EUROPE,PP2015adjATP,1/x,PPP,PPP_1/x,pp2015_atp_ppp_pf1,2017,-1.1301049660834868,21706899335
R10EUROPE,PP2015adjATP,1/x,PPP,PPP_1/x,pp2015_atp_ppp_pf1,2018,-5.069161451118953,21098439497
R10EUROPE,PP2015adjATP,1/x,PPP,PPP_1/x,pp2015_atp_ppp_pf1,2019,-8.908122384083013,20488261388
R10EUROPE,PP2015adjATP,1/x,PPP,PPP_1/x,pp2015_atp_ppp_pf1,2020,-12.577060524667658,19876350264
R10EUROPE,PP1990adjATP,1/asinh(x),MER,MER_1/asinh(x),pp1990_atp_mer_pf3,1991,67.58144059922623,36673081098
R10EUROPE,PP1990adjATP,1/asinh(x),MER,MER_1/asinh(x),pp1990_atp_mer_pf3,1992,62.83652985713231,36125091488
R10EUROPE,PP1990adjATP,1/asinh(x),MER,MER_1/asinh(x),pp1990_atp_mer_pf3,1993,58.26359983134947,35574909801
R10EUROPE,PP1990adjATP,1/asinh(x),MER,MER_1/asinh(x),pp1990_atp_mer_pf3,1994,53.90565366451621,35022749106
R10EUROPE,PP1990adjATP,1/asinh(x),MER,MER_1/asinh(x),pp1990_atp_mer_pf3,1995,49.76664629519135,34468592692
R10EUROPE,PP1990adjATP,1/asinh(x),MER,MER_1/asinh(x),pp1990_atp_mer_pf3,1996,45.533078677199846,33912471569
R10EUROPE,PP1990adjATP,1/asinh(x),MER,MER_1/asinh(x),pp1990_atp_mer_pf3,1997,41.21976722841501,33354373614
R10EUROPE,PP1990adjATP,1/asinh(x),MER,MER_1/asinh(x),pp1990_atp_mer_pf3,1998,36.98727350781509,32794350545
R10EUROPE,PP1990adjATP,1/asinh(x),MER,MER_1/asinh(x),pp1990_atp_mer_pf3,1999,32.55562560157607,32232544700
R10EUROPE,PP1990adjATP,1/asinh(x),MER,MER_1/asinh(x),pp1990_atp_mer_pf3,2000,28.245707193155365,31669025918
R10EUROPE,PP1990adjATP,1/asinh(x),MER,MER_1/asinh(x),pp1990_atp_mer_pf3,2001,23.991457392168872,31103554892
R10EUROPE,PP1990adjATP,1/asinh(x),MER,MER_1/asinh(x),pp1990_atp_mer_pf3,2002,19.659708774911607,30536006612
R10EUROPE,PP1990adjATP,1/asinh(x),MER,MER_1/asinh(x),pp1990_atp_mer_pf3,2003,15.288141813492683,29966251914
R10EUROPE,PP1990adjATP,1/asinh(x),MER,MER_1/asinh(x),pp1990_atp_mer_pf3,2004,10.75100294475659,29393955664
R10EUROPE,PP1990adjATP,1/asinh(x),MER,MER_1/asinh(x),pp1990_atp_mer_pf3,2005,6.190190009035934,28818917389
R10EUROPE,PP1990adjATP,1/asinh(x),MER,MER_1/asinh(x),pp1990_atp_mer_pf3,2006,1.6919427866221195,28241129245
R10EUROPE,PP1990adjATP,1/asinh(x),MER,MER_1/asinh(x),pp1990_atp_mer_pf3,2007,-2.7677064245473257,27660609590
R10EUROPE,PP1990adjATP,1/asinh(x),MER,MER_1/asinh(x),pp1990_atp_mer_pf3,2008,-7.165502407803245,27077052102
R10EUROPE,PP1990adjATP,1/asinh(x),MER,MER_1/asinh(x),pp1990_atp_mer_pf3,2009,-11.431804013460027,26490387453
R10EUROPE,PP1990adjATP,1/asinh(x),MER,MER_1/asinh(x),pp1990_atp_mer_pf3,2010,-15.28473081688352,25900954823
R10EUROPE,PP1990adjATP,1/asinh(x),MER,MER_1/asinh(x),pp1990_atp_mer_pf3,2011,-19.169131382379863,25308983125
R10EUROPE,PP1990adjATP,1/asinh(x),MER,MER_1/asinh(x),pp1990_atp_mer_pf3,2012,-22.92472660403947,24714581417
R10EUROPE,PP1990adjATP,1/asinh(x),MER,MER_1/asinh(x),pp1990_atp_mer_pf3,2013,-26.644980357561458,24117823456
R10EUROPE,PP1990adjATP,1/asinh(x),MER,MER_1/asinh(x),pp1990_atp_mer_pf3,2014,-30.32710975172924,23518781536
R10EUROPE,PP1990adjATP,1/asinh(x),MER,MER_1/asinh(x),pp1990_atp_mer_pf3,2015,-33.86374616458519,22917261379
R10EUROPE,PP1990adjATP,1/asinh(x),MER,MER_1/asinh(x),pp1990_atp_mer_pf3,2016,-37.480110180543406,22313255826
R10EUROPE,PP1990adjATP,1/asinh(x),MER,MER_1/asinh(x),pp1990_atp_mer_pf3,2017,-41.13019111406959,21706899335
R10EUROPE,PP1990adjATP,1/asinh(x),MER,MER_1/asinh(x),pp1990_atp_mer_pf3,2018,-44.81534490956812,21098439497
R10EUROPE,PP1990adjATP,1/asinh(x),MER,MER_1/asinh(x),pp1990_atp_mer_pf3,2019,-48.43701416221651,20488261388
R10EUROPE,PP1990adjATP,1/asinh(x),MER,MER_1/asinh(x),pp1990_atp_mer_pf3,2020,-51.900631823756044,19876350264
R10EUROPE,PP1990adjATP,1/sqrt(x),MER,MER_1/sqrt(x),pp1990_atp_mer_pf2,1991,23.209407537307477,36673081098
R10EUROPE,PP1990adjATP,1/sqrt(x),MER,MER_1/sqrt(x),pp1990_atp_mer_pf2,1992,18.389831155458744,36125091488
R10EUROPE,PP1990adjATP,1/sqrt(x),MER,MER_1/sqrt(x),pp1990_atp_mer_pf2,1993,13.743987372703067,35574909801
R10EUROPE,PP1990adjATP,1/sqrt(x),MER,MER_1/sqrt(x),pp1990_atp_mer_pf2,1994,9.324602867148732,35022749106
R10EUROPE,PP1990adjATP,1/sqrt(x),MER,MER_1/sqrt(x),pp1990_atp_mer_pf2,1995,5.270913172206687,34468592692
R10EUROPE,PP1990adjATP,1/sqrt(x),MER,MER_1/sqrt(x),pp1990_atp_mer_pf2,1996,0.9500377868733789,33912471569
R10EUROPE,PP1990adjATP,1/sqrt(x),MER,MER_1/sqrt(x),pp1990_atp_mer_pf2,1997,-3.416855896289772,33354373614
R10EUROPE,PP1990adjATP,1/sqrt(x),MER,MER_1/sqrt(x),pp1990_atp_mer_pf2,1998,-7.674879431680471,32794350545
R10EUROPE,PP1990adjATP,1/sqrt(x),MER,MER_1/sqrt(x),pp1990_atp_mer_pf2,1999,-12.273348869751356,32232544700
R10EUROPE,PP1990adjATP,1/sqrt(x),MER,MER_1/sqrt(x),pp1990_atp_mer_pf2,2000,-16.65641872155656,31669025918
R10EUROPE,PP1990adjATP,1/sqrt(x),MER,MER_1/sqrt(x),pp1990_atp_mer_pf2,2001,-20.914744862231068,31103554892
R10EUROPE,PP1990adjATP,1/sqrt(x),MER,MER_1/sqrt(x),pp1990_atp_mer_pf2,2002,-25.227348249361754,30536006612
R10EUROPE,PP1990adjATP,1/sqrt(x),MER,MER_1/sqrt(x),pp1990_atp_mer_pf2,2003,-29.633807061503134,29966251914
R10EUROPE,PP1990adjATP,1/sqrt(x),MER,MER_1/sqrt(x),pp1990_atp_mer_pf2,2004,-34.29398635604356,29393955664
R10EUROPE,PP1990adjATP,1/sqrt(x),MER,MER_1/sqrt(x),pp1990_atp_mer_pf2,2005,-39.03828515390107,28818917389
R10EUROPE,PP1990adjATP,1/sqrt(x),MER,MER_1/sqrt(x),pp1990_atp_mer_pf2,2006,-43.733029617025956,28241129245
R10EUROPE,PP1990adjATP,1/sqrt(x),MER,MER_1/sqrt(x),pp1990_atp_mer_pf2,2007,-48.361737634775054,27660609590
R10EUROPE,PP1990adjATP,1/sqrt(x),MER,MER_1/sqrt(x),pp1990_atp_mer_pf2,2008,-52.95830505707328,27077052102
R10EUROPE,PP1990adjATP,1/sqrt(x),MER,MER_1/sqrt(x),pp1990_atp_mer_pf2,2009,-57.42159942626686,26490387453
R10EUROPE,PP1990adjATP,1/sqrt(x),MER,MER_1/sqrt(x),pp1990_atp_mer_pf2,2010,-61.28569627283238,25900954823
R10EUROPE,PP1990adjATP,1/sqrt(x),MER,MER_1/sqrt(x),pp1990_atp_mer_pf2,2011,-65.12122431339522,25308983125
R10EUROPE,PP1990adjATP,1/sqrt(x),MER,MER_1/sqrt(x),pp1990_atp_mer_pf2,2012,-68.81405754297377,24714581417
R10EUROPE,PP1990adjATP,1/sqrt(x),MER,MER_1/sqrt(x),pp1990_atp_mer_pf2,2013,-72.42641795558342,24117823456
R10EUROPE,PP1990adjATP,1/sqrt(x),MER,MER_1/sqrt(x),pp1990_atp_mer_pf2,2014,-76.01940102262549,23518781536
R10EUROPE,PP1990adjATP,1/sqrt(x),MER,MER_1/sqrt(x),pp1990_atp_mer_pf2,2015,-79.4482447360225,22917261379
R10EUROPE,PP1990adjATP,1/sqrt(x),MER,MER_1/sqrt(x),pp1990_atp_mer_pf2,2016,-82.90582554371133,22313255826
R10EUROPE,PP1990adjATP,1/sqrt(x),MER,MER_1/sqrt(x),pp1990_atp_mer_pf2,2017,-86.39545075655244,21706899335
R10EUROPE,PP1990adjATP,1/sqrt(x),MER,MER_1/sqrt(x),pp1990_atp_mer_pf2,2018,-89.91658665037951,21098439497
R10EUROPE,PP1990adjATP,1/sqrt(x),MER,MER_1/sqrt(x),pp1990_atp_mer_pf2,2019,-93.39183025015596,20488261388
R10EUROPE,PP1990adjATP,1/sqrt(x),MER,MER_1/sqrt(x),pp1990_atp_mer_pf2,2020,-96.70482681404809,19876350264
R10EUROPE,PP1990adjATP,1/x,MER,MER_1/x,pp1990_atp_mer_pf1,1991,4.078391208912634,36673081098
R10EUROPE,PP1990adjATP,1/x,MER,MER_1/x,pp1990_atp_mer_pf1,1992,-0.5573467703604775,36125091488
R10EUROPE,PP1990adjATP,1/x,MER,MER_1/x,pp1990_atp_mer_pf1,1993,-5.049324812863483,35574909801
R10EUROPE,PP1990adjATP,1/x,MER,MER_1/x,pp1990_atp_mer_pf1,1994,-9.464601086084734,35022749106
R10EUROPE,PP1990adjATP,1/x,MER,MER_1/x,pp1990_atp_mer_pf1,1995,-13.60425111091051,34468592692
R10EUROPE,PP1990adjATP,1/x,MER,MER_1/x,pp1990_atp_mer_pf1,1996,-18.003174375218762,33912471569
R10EUROPE,PP1990adjATP,1/x,MER,MER_1/x,pp1990_atp_mer_pf1,1997,-22.503476378718783,33354373614
R10EUROPE,PP1990adjATP,1/x,MER,MER_1/x,pp1990_atp_mer_pf1,1998,-26.932646140900996,32794350545
R10EUROPE,PP1990adjATP,1/x,MER,MER_1/x,pp1990_atp_mer_pf1,1999,-31.58494692764749,32232544700
R10EUROPE,PP1990adjATP,1/x,MER,MER_1/x,pp1990_atp_mer_pf1,2000,-36.037803217018656,31669025918
R10EUROPE,PP1990adjATP,1/x,MER,MER_1/x,pp1990_atp_mer_pf1,2001,-40.418549406209706,31103554892
R10EUROPE,PP1990adjATP,1/x,MER,MER_1/x,pp1990_atp_mer_pf1,2002,-44.85489544940136,30536006612
R10EUROPE,PP1990adjATP,1/x,MER,MER_1/x,pp1990_atp_mer_pf1,2003,-49.35225388678455,29966251914
R10EUROPE,PP1990adjATP,1/x,MER,MER_1/x,pp1990_atp_mer_pf1,2004,-54.052264943224984,29393955664
R10EUROPE,PP1990adjATP,1/x,MER,MER_1/x,pp1990_atp_mer_pf1,2005,-58.82704199203277,28818917389
R10EUROPE,PP1990adjATP,1/x,MER,MER_1/x,pp1990_atp_mer_pf1,2006,-63.59131938859877,28241129245
R10EUROPE,PP1990adjATP,1/x,MER,MER_1/x,pp1990_atp_mer_pf1,2007,-68.3391041917454,27660609590
R10EUROPE,PP1990adjATP,1/x,MER,MER_1/x,pp1990_atp_mer_pf1,2008,-73.08059837788497,27077052102
R10EUROPE,PP1990adjATP,1/x,MER,MER_1/x,pp1990_atp_mer_pf1,2009,-77.70499587499263,26490387453
R10EUROPE,PP1990adjATP,1/x,MER,MER_1/x,pp1990_atp_mer_pf1,2010,-81.78036138256394,25900954823
R10EUROPE,PP1990adjATP,1/x,MER,MER_1/x,pp1990_atp_mer_pf1,2011,-85.9011051710514,25308983125
R10EUROPE,PP1990adjATP,1/x,MER,MER_1/x,pp1990_atp_mer_pf1,2012,-89.89478501956977,24714581417
R10EUROPE,PP1990adjATP,1/x,MER,MER_1/x,pp1990_atp_mer_pf1,2013,-93.80870797337073,24117823456
R10EUROPE,PP1990adjATP,1/x,MER,MER_1/x,pp1990_atp_mer_pf1,2014,-97.6679632861732,23518781536
R10EUROPE,PP1990adjATP,1/x,MER,MER_1/x,pp1990_atp_mer_pf1,2015,-101.34188878117922,22917261379
R10EUROPE,PP1990adjATP,1/x,MER,MER_1/x,pp1990_atp_mer_pf1,2016,-105.03391256618445,22313255826
R10EUROPE,PP1990adjATP,1/x,MER,MER_1/x,pp1990_atp_mer_pf1,2017,-108.73707815366139,21706899335
R10EUROPE,PP1990adjATP,1/x,MER,MER_1/x,pp1990_atp_mer_pf1,2018,-112.47188753668365,21098439497
R10EUROPE,PP1990adjATP,1/x,MER,MER_1/x,pp1990_atp_mer_pf1,2019,-116.13892492541824,20488261388
R10EUROPE,PP1990adjATP,1/x,MER,MER_1/x,pp1990_atp_mer_pf1,2020,-119.6338051269752,19876350264
R10EUROPE,PP1990adjATP,1/asinh(x),PPP,PPP_1/asinh(x),pp1990_atp_ppp_pf3,1991,75.58945370690819,36673081098
R10EUROPE,PP1990adjATP,1/asinh(x),PPP,PPP_1/asinh(x),pp1990_atp_ppp_pf3,1992,71.1606662998123,36125091488
R10EUROPE,PP1990adjATP,1/asinh(x),PPP,PPP_1/asinh(x),pp1990_atp_ppp_pf3,1993,66.88242127851164,35574909801
R10EUROPE,PP1990adjATP,1/asinh(x),PPP,PPP_1/asinh(x),pp1990_atp_ppp_pf3,1994,62.684289222283766,35022749106
R10EUROPE,PP1990adjATP,1/asinh(x),PPP,PPP_1/asinh(x),pp1990_atp_ppp_pf3,1995,58.510497978946546,34468592692
R10EUROPE,PP1990adjATP,1/asinh(x),PPP,PPP_1/asinh(x),pp1990_atp_ppp_pf3,1996,54.26077315261691,33912471569
R10EUROPE,PP1990adjATP,1/asinh(x),PPP,PPP_1/asinh(x),pp1990_atp_ppp_pf3,1997,49.8734404274382,33354373614
R10EUROPE,PP1990adjATP,1/asinh(x),PPP,PPP_1/asinh(x),pp1990_atp_ppp_pf3,1998,45.53200047935793,32794350545
R10EUROPE,PP1990adjATP,1/asinh(x),PPP,PPP_1/asinh(x),pp1990_atp_ppp_pf3,1999,41.19213881092017,32232544700
R10EUROPE,PP1990adjATP,1/asinh(x),PPP,PPP_1/asinh(x),pp1990_atp_ppp_pf3,2000,36.93379941535073,31669025918
R10EUROPE,PP1990adjATP,1/asinh(x),PPP,PPP_1/asinh(x),pp1990_atp_ppp_pf3,2001,32.61260712665581,31103554892
R10EUROPE,PP1990adjATP,1/asinh(x),PPP,PPP_1/asinh(x),pp1990_atp_ppp_pf3,2002,28.238736839860348,30536006612
R10EUROPE,PP1990adjATP,1/asinh(x),PPP,PPP_1/asinh(x),pp1990_atp_ppp_pf3,2003,23.8627642122287,29966251914
R10EUROPE,PP1990adjATP,1/asinh(x),PPP,PPP_1/asinh(x),pp1990_atp_ppp_pf3,2004,19.3947893638591,29393955664
R10EUROPE,PP1990adjATP,1/asinh(x),PPP,PPP_1/asinh(x),pp1990_atp_ppp_pf3,2005,14.913845705799975,28818917389
R10EUROPE,PP1990adjATP,1/asinh(x),PPP,PPP_1/asinh(x),pp1990_atp_ppp_pf3,2006,10.46589956272666,28241129245
R10EUROPE,PP1990adjATP,1/asinh(x),PPP,PPP_1/asinh(x),pp1990_atp_ppp_pf3,2007,5.98047473096674,27660609590
R10EUROPE,PP1990adjATP,1/asinh(x),PPP,PPP_1/asinh(x),pp1990_atp_ppp_pf3,2008,1.520639473840241,27077052102
R10EUROPE,PP1990adjATP,1/asinh(x),PPP,PPP_1/asinh(x),pp1990_atp_ppp_pf3,2009,-2.8523597072493514,26490387453
R10EUROPE,PP1990adjATP,1/asinh(x),PPP,PPP_1/asinh(x),pp1990_atp_ppp_pf3,2010,-6.8642702275009695,25900954823
R10EUROPE,PP1990adjATP,1/asinh(x),PPP,PPP_1/asinh(x),pp1990_atp_ppp_pf3,2011,-10.994727623694931,25308983125
R10EUROPE,PP1990adjATP,1/asinh(x),PPP,PPP_1/asinh(x),pp1990_atp_ppp_pf3,2012,-15.020145427929531,24714581417
R10EUROPE,PP1990adjATP,1/asinh(x),PPP,PPP_1/asinh(x),pp1990_atp_ppp_pf3,2013,-18.996779839485207,24117823456
R10EUROPE,PP1990adjATP,1/asinh(x),PPP,PPP_1/asinh(x),pp1990_atp_ppp_pf3,2014,-22.891517341141594,23518781536
R10EUROPE,PP1990adjATP,1/asinh(x),PPP,PPP_1/asinh(x),pp1990_atp_ppp_pf3,2015,-26.6269028689328,22917261379
R10EUROPE,PP1990adjATP,1/asinh(x),PPP,PPP_1/asinh(x),pp1990_atp_ppp_pf3,2016,-30.444469951042752,22313255826
R10EUROPE,PP1990adjATP,1/asinh(x),PPP,PPP_1/asinh(x),pp1990_atp_ppp_pf3,2017,-34.280497619693435,21706899335
R10EUROPE,PP1990adjATP,1/asinh(x),PPP,PPP_1/asinh(x),pp1990_atp_ppp_pf3,2018,-38.158885416976524,21098439497
R10EUROPE,PP1990adjATP,1/asinh(x),PPP,PPP_1/asinh(x),pp1990_atp_ppp_pf3,2019,-41.93575965287795,20488261388
R10EUROPE,PP1990adjATP,1/asinh(x),PPP,PPP_1/asinh(x),pp1990_atp_ppp_pf3,2020,-45.54740380231883,19876350264
R10EUROPE,PP1990adjATP,1/sqrt(x),PPP,PPP_1/sqrt(x),pp1990_atp_ppp_pf2,1991,33.77948400184207,36673081098
R10EUROPE,PP1990adjATP,1/sqrt(x),PPP,PPP_1/sqrt(x),pp1990_atp_ppp_pf2,1992,29.522005646837354,36125091488
R10EUROPE,PP1990adjATP,1/sqrt(x),PPP,PPP_1/sqrt(x),pp1990_atp_ppp_pf2,1993,25.424151853281124,35574909801
R10EUROPE,PP1990adjATP,1/sqrt(x),PPP,PPP_1/sqrt(x),pp1990_atp_ppp_pf2,1994,21.391651069528677,35022749106
R10EUROPE,PP1990adjATP,1/sqrt(x),PPP,PPP_1/sqrt(x),pp1990_atp_ppp_pf2,1995,17.36859584662502,34468592692
R10EUROPE,PP1990adjATP,1/sqrt(x),PPP,PPP_1/sqrt(x),pp1990_atp_ppp_pf2,1996,13.223989446491537,33912471569
R10EUROPE,PP1990adjATP,1/sqrt(x),PPP,PPP_1/sqrt(x),pp1990_atp_ppp_pf2,1997,8.913242417044954,33354373614
R10EUROPE,PP1990adjATP,1/sqrt(x),PPP,PPP_1/sqrt(x),pp1990_atp_ppp_pf2,1998,4.60973969605433,32794350545
R10EUROPE,PP1990adjATP,1/sqrt(x),PPP,PPP_1/sqrt(x),pp1990_atp_ppp_pf2,1999,0.3584441993991616,32232544700
R10EUROPE,PP1990adjATP,1/sqrt(x),PPP,PPP_1/sqrt(x),pp1990_atp_ppp_pf2,2000,-3.787801464860075,31669025918
R10EUROPE,PP1990adjATP,1/sqrt(x),PPP,PPP_1/sqrt(x),pp1990_atp_ppp_pf2,2001,-8.039489674159544,31103554892
R10EUROPE,PP1990adjATP,1/sqrt(x),PPP,PPP_1/sqrt(x),pp1990_atp_ppp_pf2,2002,-12.333745369695016,30536006612
R10EUROPE,PP1990adjATP,1/sqrt(x),PPP,PPP_1/sqrt(x),pp1990_atp_ppp_pf2,2003,-16.645530920340043,29966251914
R10EUROPE,PP1990adjATP,1/sqrt(x),PPP,PPP_1/sqrt(x),pp1990_atp_ppp_pf2,2004,-21.017782529424547,29393955664
R10EUROPE,PP1990adjATP,1/sqrt(x),PPP,PPP_1/sqrt(x),pp1990_atp_ppp_pf2,2005,-25.401108118449223,28818917389
R10EUROPE,PP1990adjATP,1/sqrt(x),PPP,PPP_1/sqrt(x),pp1990_atp_ppp_pf2,2006,-29.720529422421908,28241129245
R10EUROPE,PP1990adjATP,1/sqrt(x),PPP,PPP_1/sqrt(x),pp1990_atp_ppp_pf2,2007,-34.09947578519656,27660609590
R10EUROPE,PP1990adjATP,1/sqrt(x),PPP,PPP_1/sqrt(x),pp1990_atp_ppp_pf2,2008,-38.447617961365005,27077052102
R10EUROPE,PP1990adjATP,1/sqrt(x),PPP,PPP_1/sqrt(x),pp1990_atp_ppp_pf2,2009,-42.73356291800895,26490387453
R10EUROPE,PP1990adjATP,1/sqrt(x),PPP,PPP_1/sqrt(x),pp1990_atp_ppp_pf2,2010,-46.59671674622053,25900954823
R10EUROPE,PP1990adjATP,1/sqrt(x),PPP,PPP_1/sqrt(x),pp1990_atp_ppp_pf2,2011,-50.57423625575593,25308983125
R10EUROPE,PP1990adjATP,1/sqrt(x),PPP,PPP_1/sqrt(x),pp1990_atp_ppp_pf2,2012,-54.460911861356145,24714581417
R10EUROPE,PP1990adjATP,1/sqrt(x),PPP,PPP_1/sqrt(x),pp1990_atp_ppp_pf2,2013,-58.2818782760674,24117823456
R10EUROPE,PP1990adjATP,1/sqrt(x),PPP,PPP_1/sqrt(x),pp1990_atp_ppp_pf2,2014,-62.03016122111611,23518781536
R10EUROPE,PP1990adjATP,1/sqrt(x),PPP,PPP_1/sqrt(x),pp1990_atp_ppp_pf2,2015,-65.62285101445626,22917261379
R10EUROPE,PP1990adjATP,1/sqrt(x),PPP,PPP_1/sqrt(x),pp1990_atp_ppp_pf2,2016,-69.31996507723703,22313255826
R10EUROPE,PP1990adjATP,1/sqrt(x),PPP,PPP_1/sqrt(x),pp1990_atp_ppp_pf2,2017,-73.04871137874358,21706899335
R10EUROPE,PP1990adjATP,1/sqrt(x),PPP,PPP_1/sqrt(x),pp1990_atp_ppp_pf2,2018,-76.83405168150698,21098439497
R10EUROPE,PP1990adjATP,1/sqrt(x),PPP,PPP_1/sqrt(x),pp1990_atp_ppp_pf2,2019,-80.49874999690452,20488261388
R10EUROPE,PP1990adjATP,1/sqrt(x),PPP,PPP_1/sqrt(x),pp1990_atp_ppp_pf2,2020,-84.01045123149329,19876350264
R10EUROPE,PP1990adjATP,1/x,PPP,PPP_1/x,pp1990_atp_ppp_pf1,1991,9.023012648338122,36673081098
R10EUROPE,PP1990adjATP,1/x,PPP,PPP_1/x,pp1990_atp_ppp_pf1,1992,4.762917480168407,36125091488
R10EUROPE,PP1990adjATP,1/x,PPP,PPP_1/x,pp1990_atp_ppp_pf1,1993,0.6146901409071461,35574909801
R10EUROPE,PP1990adjATP,1/x,PPP,PPP_1/x,pp1990_atp_ppp_pf1,1994,-3.478479098366975,35022749106
R10EUROPE,PP1990adjATP,1/x,PPP,PPP_1/x,pp1990_atp_ppp_pf1,1995,-7.580456777066585,34468592692
R10EUROPE,PP1990adjATP,1/x,PPP,PPP_1/x,pp1990_atp_ppp_pf1,1996,-11.807071107897535,33912471569
R10EUROPE,PP1990adjATP,1/x,PPP,PPP_1/x,pp1990_atp_ppp_pf1,1997,-16.234430418871842,33354373614
R10EUROPE,PP1990adjATP,1/x,PPP,PPP_1/x,pp1990_atp_ppp_pf1,1998,-20.65191130506757,32794350545
R10EUROPE,PP1990adjATP,1/x,PPP,PPP_1/x,pp1990_atp_ppp_pf1,1999,-25.004789916593875,32232544700
R10EUROPE,PP1990adjATP,1/x,PPP,PPP_1/x,pp1990_atp_ppp_pf1,2000,-29.236593635599384,31669025918
R10EUROPE,PP1990adjATP,1/x,PPP,PPP_1/x,pp1990_atp_ppp_pf1,2001,-33.554932389648485,31103554892
R10EUROPE,PP1990adjATP,1/x,PPP,PPP_1/x,pp1990_atp_ppp_pf1,2002,-37.90863641519057,30536006612
R10EUROPE,PP1990adjATP,1/x,PPP,PPP_1/x,pp1990_atp_ppp_pf1,2003,-42.28189666014782,29966251914
R10EUROPE,PP1990adjATP,1/x,PPP,PPP_1/x,pp1990_atp_ppp_pf1,2004,-46.73179736163911,29393955664
R10EUROPE,PP1990adjATP,1/x,PPP,PPP_1/x,pp1990_atp_ppp_pf1,2005,-51.20537739974333,28818917389
R10EUROPE,PP1990adjATP,1/x,PPP,PPP_1/x,pp1990_atp_ppp_pf1,2006,-55.63024521229431,28241129245
R10EUROPE,PP1990adjATP,1/x,PPP,PPP_1/x,pp1990_atp_ppp_pf1,2007,-60.11903773687354,27660609590
R10EUROPE,PP1990adjATP,1/x,PPP,PPP_1/x,pp1990_atp_ppp_pf1,2008,-64.58910762008196,27077052102
R10EUROPE,PP1990adjATP,1/x,PPP,PPP_1/x,pp1990_atp_ppp_pf1,2009,-68.99632704251715,26490387453
R10EUROPE,PP1990adjATP,1/x,PPP,PPP_1/x,pp1990_atp_ppp_pf1,2010,-72.98722872888617,25900954823
R10EUROPE,PP1990adjATP,1/x,PPP,PPP_1/x,pp1990_atp_ppp_pf1,2011,-77.09297310677023,25308983125
R10EUROPE,PP1990adjATP,1/x,PPP,PPP_1/x,pp1990_atp_ppp_pf1,2012,-81.10515902537553,24714581417
R10EUROPE,PP1990adjATP,1/x,PPP,PPP_1/x,pp1990_atp_ppp_pf1,2013,-85.05692694104437,24117823456
R10EUROPE,PP1990adjATP,1/x,PPP,PPP_1/x,pp1990_atp_ppp_pf1,2014,-88.92349085157353,23518781536
R10EUROPE,PP1990adjATP,1/x,PPP,PPP_1/x,pp1990_atp_ppp_pf1,2015,-92.61255355469729,22917261379
R10EUROPE,PP1990adjATP,1/x,PPP,PPP_1/x,pp1990_atp_ppp_pf1,2016,-96.3840191001031,22313255826
R10EUROPE,PP1990adjATP,1/x,PPP,PPP_1/x,pp1990_atp_ppp_pf1,2017,-100.17159826666106,21706899335
R10EUROPE,PP1990adjATP,1/x,PPP,PPP_1/x,pp1990_atp_ppp_pf1,2018,-104.01099172726298,21098439497
R10EUROPE,PP1990adjATP,1/x,PPP,PPP_1/x,pp1990_atp_ppp_pf1,2019,-107.73638506049895,20488261388
R10EUROPE,PP1990adjATP,1/x,PPP,PPP_1/x,pp1990_atp_ppp_pf1,2020,-111.29994410388731,19876350264
R10EUROPE,PP1850adjATP,1/asinh(x),MER,MER_1/asinh(x),pp1850_atp_mer_pf3,1991,-49.628547508341974,36673081098
R10EUROPE,PP1850adjATP,1/asinh(x),MER,MER_1/asinh(x),pp1850_atp_mer_pf3,1992,-54.3734582504359,36125091488
R10EUROPE,PP1850adjATP,1/asinh(x),MER,MER_1/asinh(x),pp1850_atp_mer_pf3,1993,-58.94638827621873,35574909801
R10EUROPE,PP1850adjATP,1/asinh(x),MER,MER_1/asinh(x),pp1850_atp_mer_pf3,1994,-63.304334443051985,35022749106
R10EUROPE,PP1850adjATP,1/asinh(x),MER,MER_1/asinh(x),pp1850_atp_mer_pf3,1995,-67.44334181237687,34468592692
R10EUROPE,PP1850adjATP,1/asinh(x),MER,MER_1/asinh(x),pp1850_atp_mer_pf3,1996,-71.67690943036835,33912471569
R10EUROPE,PP1850adjATP,1/asinh(x),MER,MER_1/asinh(x),pp1850_atp_mer_pf3,1997,-75.99022087915321,33354373614
R10EUROPE,PP1850adjATP,1/asinh(x),MER,MER_1/asinh(x),pp1850_atp_mer_pf3,1998,-80.22271459975312,32794350545
R10EUROPE,PP1850adjATP,1/asinh(x),MER,MER_1/asinh(x),pp1850_atp_mer_pf3,1999,-84.65436250599215,32232544700
R10EUROPE,PP1850adjATP,1/asinh(x),MER,MER_1/asinh(x),pp1850_atp_mer_pf3,2000,-88.96428091441284,31669025918
R10EUROPE,PP1850adjATP,1/asinh(x),MER,MER_1/asinh(x),pp1850_atp_mer_pf3,2001,-93.21853071539934,31103554892
R10EUROPE,PP1850adjATP,1/asinh(x),MER,MER_1/asinh(x),pp1850_atp_mer_pf3,2002,-97.55027933265659,30536006612
R10EUROPE,PP1850adjATP,1/asinh(x),MER,MER_1/asinh(x),pp1850_atp_mer_pf3,2003,-101.92184629407554,29966251914
R10EUROPE,PP1850adjATP,1/asinh(x),MER,MER_1/asinh(x),pp1850_atp_mer_pf3,2004,-106.45898516281163,29393955664
R10EUROPE,PP1850adjATP,1/asinh(x),MER,MER_1/asinh(x),pp1850_atp_mer_pf3,2005,-111.01979809853225,28818917389
R10EUROPE,PP1850adjATP,1/asinh(x),MER,MER_1/asinh(x),pp1850_atp_mer_pf3,2006,-115.51804532094613,28241129245
R10EUROPE,PP1850adjATP,1/asinh(x),MER,MER_1/asinh(x),pp1850_atp_mer_pf3,2007,-119.97769453211556,27660609590
R10EUROPE,PP1850adjATP,1/asinh(x),MER,MER_1/asinh(x),pp1850_atp_mer_pf3,2008,-124.37549051537147,27077052102
R10EUROPE,PP1850adjATP,1/asinh(x),MER,MER_1/asinh(x),pp1850_atp_mer_pf3,2009,-128.64179212102826,26490387453
R10EUROPE,PP1850adjATP,1/asinh(x),MER,MER_1/asinh(x),pp1850_atp_mer_pf3,2010,-132.49471892445175,25900954823
R10EUROPE,PP1850adjATP,1/asinh(x),MER,MER_1/asinh(x),pp1850_atp_mer_pf3,2011,-136.37911948994804,25308983125
R10EUROPE,PP1850adjATP,1/asinh(x),MER,MER_1/asinh(x),pp1850_atp_mer_pf3,2012,-140.13471471160767,24714581417
R10EUROPE,PP1850adjATP,1/asinh(x),MER,MER_1/asinh(x),pp1850_atp_mer_pf3,2013,-143.85496846512967,24117823456
R10EUROPE,PP1850adjATP,1/asinh(x),MER,MER_1/asinh(x),pp1850_atp_mer_pf3,2014,-147.53709785929743,23518781536
R10EUROPE,PP1850adjATP,1/asinh(x),MER,MER_1/asinh(x),pp1850_atp_mer_pf3,2015,-151.0737342721534,22917261379
R10EUROPE,PP1850adjATP,1/asinh(x),MER,MER_1/asinh(x),pp1850_atp_mer_pf3,2016,-154.69009828811164,22313255826
R10EUROPE,PP1850adjATP,1/asinh(x),MER,MER_1/asinh(x),pp1850_atp_mer_pf3,2017,-158.34017922163787,21706899335
R10EUROPE,PP1850adjATP,1/asinh(x),MER,MER_1/asinh(x),pp1850_atp_mer_pf3,2018,-162.0253330171364,21098439497
R10EUROPE,PP1850adjATP,1/asinh(x),MER,MER_1/asinh(x),pp1850_atp_mer_pf3,2019,-165.6470022697847,20488261388
R10EUROPE,PP1850adjATP,1/asinh(x),MER,MER_1/asinh(x),pp1850_atp_mer_pf3,2020,-169.11061993132432,19876350264
R10EUROPE,PP1850adjATP,1/sqrt(x),MER,MER_1/sqrt(x),pp1850_atp_mer_pf2,1991,-94.00058057026072,36673081098
R10EUROPE,PP1850adjATP,1/sqrt(x),MER,MER_1/sqrt(x),pp1850_atp_mer_pf2,1992,-98.82015695210947,36125091488
R10EUROPE,PP1850adjATP,1/sqrt(x),MER,MER_1/sqrt(x),pp1850_atp_mer_pf2,1993,-103.46600073486512,35574909801
R10EUROPE,PP1850adjATP,1/sqrt(x),MER,MER_1/sqrt(x),pp1850_atp_mer_pf2,1994,-107.88538524041947,35022749106
R10EUROPE,PP1850adjATP,1/sqrt(x),MER,MER_1/sqrt(x),pp1850_atp_mer_pf2,1995,-111.93907493536153,34468592692
R10EUROPE,PP1850adjATP,1/sqrt(x),MER,MER_1/sqrt(x),pp1850_atp_mer_pf2,1996,-116.25995032069483,33912471569
R10EUROPE,PP1850adjATP,1/sqrt(x),MER,MER_1/sqrt(x),pp1850_atp_mer_pf2,1997,-120.62684400385801,33354373614
R10EUROPE,PP1850adjATP,1/sqrt(x),MER,MER_1/sqrt(x),pp1850_atp_mer_pf2,1998,-124.88486753924869,32794350545
R10EUROPE,PP1850adjATP,1/sqrt(x),MER,MER_1/sqrt(x),pp1850_atp_mer_pf2,1999,-129.48333697731954,32232544700
R10EUROPE,PP1850adjATP,1/sqrt(x),MER,MER_1/sqrt(x),pp1850_atp_mer_pf2,2000,-133.86640682912477,31669025918
R10EUROPE,PP1850adjATP,1/sqrt(x),MER,MER_1/sqrt(x),pp1850_atp_mer_pf2,2001,-138.12473296979925,31103554892
R10EUROPE,PP1850adjATP,1/sqrt(x),MER,MER_1/sqrt(x),pp1850_atp_mer_pf2,2002,-142.43733635692996,30536006612
R10EUROPE,PP1850adjATP,1/sqrt(x),MER,MER_1/sqrt(x),pp1850_atp_mer_pf2,2003,-146.84379516907137,29966251914
R10EUROPE,PP1850adjATP,1/sqrt(x),MER,MER_1/sqrt(x),pp1850_atp_mer_pf2,2004,-151.5039744636118,29393955664
R10EUROPE,PP1850adjATP,1/sqrt(x),MER,MER_1/sqrt(x),pp1850_atp_mer_pf2,2005,-156.2482732614692,28818917389
R10EUROPE,PP1850adjATP,1/sqrt(x),MER,MER_1/sqrt(x),pp1850_atp_mer_pf2,2006,-160.94301772459417,28241129245
R10EUROPE,PP1850adjATP,1/sqrt(x),MER,MER_1/sqrt(x),pp1850_atp_mer_pf2,2007,-165.57172574234326,27660609590
R10EUROPE,PP1850adjATP,1/sqrt(x),MER,MER_1/sqrt(x),pp1850_atp_mer_pf2,2008,-170.1682931646415,27077052102
R10EUROPE,PP1850adjATP,1/sqrt(x),MER,MER_1/sqrt(x),pp1850_atp_mer_pf2,2009,-174.63158753383505,26490387453
R10EUROPE,PP1850adjATP,1/sqrt(x),MER,MER_1/sqrt(x),pp1850_atp_mer_pf2,2010,-178.4956843804006,25900954823
R10EUROPE,PP1850adjATP,1/sqrt(x),MER,MER_1/sqrt(x),pp1850_atp_mer_pf2,2011,-182.33121242096345,25308983125
R10EUROPE,PP1850adjATP,1/sqrt(x),MER,MER_1/sqrt(x),pp1850_atp_mer_pf2,2012,-186.02404565054195,24714581417
R10EUROPE,PP1850adjATP,1/sqrt(x),MER,MER_1/sqrt(x),pp1850_atp_mer_pf2,2013,-189.63640606315153,24117823456
R10EUROPE,PP1850adjATP,1/sqrt(x),MER,MER_1/sqrt(x),pp1850_atp_mer_pf2,2014,-193.22938913019374,23518781536
R10EUROPE,PP1850adjATP,1/sqrt(x),MER,MER_1/sqrt(x),pp1850_atp_mer_pf2,2015,-196.65823284359072,22917261379
R10EUROPE,PP1850adjATP,1/sqrt(x),MER,MER_1/sqrt(x),pp1850_atp_mer_pf2,2016,-200.11581365127952,22313255826
R10EUROPE,PP1850adjATP,1/sqrt(x),MER,MER_1/sqrt(x),pp1850_atp_mer_pf2,2017,-203.60543886412057,21706899335
R10EUROPE,PP1850adjATP,1/sqrt(x),MER,MER_1/sqrt(x),pp1850_atp_mer_pf2,2018,-207.12657475794774,21098439497
R10EUROPE,PP1850adjATP,1/sqrt(x),MER,MER_1/sqrt(x),pp1850_atp_mer_pf2,2019,-210.60181835772414,20488261388
R10EUROPE,PP1850adjATP,1/sqrt(x),MER,MER_1/sqrt(x),pp1850_atp_mer_pf2,2020,-213.91481492161634,19876350264
R10EUROPE,PP1850adjATP,1/x,MER,MER_1/x,pp1850_atp_mer_pf1,1991,-113.13159689865557,36673081098
R10EUROPE,PP1850adjATP,1/x,MER,MER_1/x,pp1850_atp_mer_pf1,1992,-117.76733487792868,36125091488
R10EUROPE,PP1850adjATP,1/x,MER,MER_1/x,pp1850_atp_mer_pf1,1993,-122.25931292043168,35574909801
R10EUROPE,PP1850adjATP,1/x,MER,MER_1/x,pp1850_atp_mer_pf1,1994,-126.67458919365293,35022749106
R10EUROPE,PP1850adjATP,1/x,MER,MER_1/x,pp1850_atp_mer_pf1,1995,-130.8142392184787,34468592692
R10EUROPE,PP1850adjATP,1/x,MER,MER_1/x,pp1850_atp_mer_pf1,1996,-135.21316248278697,33912471569
R10EUROPE,PP1850adjATP,1/x,MER,MER_1/x,pp1850_atp_mer_pf1,1997,-139.713464486287,33354373614
R10EUROPE,PP1850adjATP,1/x,MER,MER_1/x,pp1850_atp_mer_pf1,1998,-144.14263424846925,32794350545
R10EUROPE,PP1850adjATP,1/x,MER,MER_1/x,pp1850_atp_mer_pf1,1999,-148.79493503521573,32232544700
R10EUROPE,PP1850adjATP,1/x,MER,MER_1/x,pp1850_atp_mer_pf1,2000,-153.24779132458687,31669025918
R10EUROPE,PP1850adjATP,1/x,MER,MER_1/x,pp1850_atp_mer_pf1,2001,-157.62853751377799,31103554892
R10EUROPE,PP1850adjATP,1/x,MER,MER_1/x,pp1850_atp_mer_pf1,2002,-162.06488355696953,30536006612
R10EUROPE,PP1850adjATP,1/x,MER,MER_1/x,pp1850_atp_mer_pf1,2003,-166.5622419943527,29966251914
R10EUROPE,PP1850adjATP,1/x,MER,MER_1/x,pp1850_atp_mer_pf1,2004,-171.26225305079325,29393955664
R10EUROPE,PP1850adjATP,1/x,MER,MER_1/x,pp1850_atp_mer_pf1,2005,-176.037030099601,28818917389
R10EUROPE,PP1850adjATP,1/x,MER,MER_1/x,pp1850_atp_mer_pf1,2006,-180.80130749616697,28241129245
R10EUROPE,PP1850adjATP,1/x,MER,MER_1/x,pp1850_atp_mer_pf1,2007,-185.54909229931368,27660609590
R10EUROPE,PP1850adjATP,1/x,MER,MER_1/x,pp1850_atp_mer_pf1,2008,-190.29058648545316,27077052102
R10EUROPE,PP1850adjATP,1/x,MER,MER_1/x,pp1850_atp_mer_pf1,2009,-194.91498398256084,26490387453
R10EUROPE,PP1850adjATP,1/x,MER,MER_1/x,pp1850_atp_mer_pf1,2010,-198.9903494901321,25900954823
R10EUROPE,PP1850adjATP,1/x,MER,MER_1/x,pp1850_atp_mer_pf1,2011,-203.11109327861962,25308983125
R10EUROPE,PP1850adjATP,1/x,MER,MER_1/x,pp1850_atp_mer_pf1,2012,-207.10477312713797,24714581417
R10EUROPE,PP1850adjATP,1/x,MER,MER_1/x,pp1850_atp_mer_pf1,2013,-211.01869608093895,24117823456
R10EUROPE,PP1850adjATP,1/x,MER,MER_1/x,pp1850_atp_mer_pf1,2014,-214.87795139374145,23518781536
R10EUROPE,PP1850adjATP,1/x,MER,MER_1/x,pp1850_atp_mer_pf1,2015,-218.55187688874744,22917261379
R10EUROPE,PP1850adjATP,1/x,MER,MER_1/x,pp1850_atp_mer_pf1,2016,-222.24390067375273,22313255826
R10EUROPE,PP1850adjATP,1/x,MER,MER_1/x,pp1850_atp_mer_pf1,2017,-225.94706626122962,21706899335
R10EUROPE,PP1850adjATP,1/x,MER,MER_1/x,pp1850_atp_mer_pf1,2018,-229.6818756442519,21098439497
R10EUROPE,PP1850adjATP,1/x,MER,MER_1/x,pp1850_atp_mer_pf1,2019,-233.3489130329864,20488261388
R10EUROPE,PP1850adjATP,1/x,MER,MER_1/x,pp1850_atp_mer_pf1,2020,-236.8437932345434,19876350264
R10EUROPE,PP1850adjATP,1/asinh(x),PPP,PPP_1/asinh(x),pp1850_atp_ppp_pf3,1991,-41.620534400659984,36673081098
R10EUROPE,PP1850adjATP,1/asinh(x),PPP,PPP_1/asinh(x),pp1850_atp_ppp_pf3,1992,-46.0493218077559,36125091488
R10EUROPE,PP1850adjATP,1/asinh(x),PPP,PPP_1/asinh(x),pp1850_atp_ppp_pf3,1993,-50.32756682905655,35574909801
R10EUROPE,PP1850adjATP,1/asinh(x),PPP,PPP_1/asinh(x),pp1850_atp_ppp_pf3,1994,-54.525698885284456,35022749106
R10EUROPE,PP1850adjATP,1/asinh(x),PPP,PPP_1/asinh(x),pp1850_atp_ppp_pf3,1995,-58.69949012862166,34468592692
R10EUROPE,PP1850adjATP,1/asinh(x),PPP,PPP_1/asinh(x),pp1850_atp_ppp_pf3,1996,-62.949214954951266,33912471569
R10EUROPE,PP1850adjATP,1/asinh(x),PPP,PPP_1/asinh(x),pp1850_atp_ppp_pf3,1997,-67.33654768013008,33354373614
R10EUROPE,PP1850adjATP,1/asinh(x),PPP,PPP_1/asinh(x),pp1850_atp_ppp_pf3,1998,-71.67798762821026,32794350545
R10EUROPE,PP1850adjATP,1/asinh(x),PPP,PPP_1/asinh(x),pp1850_atp_ppp_pf3,1999,-76.01784929664802,32232544700
R10EUROPE,PP1850adjATP,1/asinh(x),PPP,PPP_1/asinh(x),pp1850_atp_ppp_pf3,2000,-80.27618869221749,31669025918
R10EUROPE,PP1850adjATP,1/asinh(x),PPP,PPP_1/asinh(x),pp1850_atp_ppp_pf3,2001,-84.5973809809124,31103554892
R10EUROPE,PP1850adjATP,1/asinh(x),PPP,PPP_1/asinh(x),pp1850_atp_ppp_pf3,2002,-88.97125126770783,30536006612
R10EUROPE,PP1850adjATP,1/asinh(x),PPP,PPP_1/asinh(x),pp1850_atp_ppp_pf3,2003,-93.3472238953395,29966251914
R10EUROPE,PP1850adjATP,1/asinh(x),PPP,PPP_1/asinh(x),pp1850_atp_ppp_pf3,2004,-97.81519874370909,29393955664
R10EUROPE,PP1850adjATP,1/asinh(x),PPP,PPP_1/asinh(x),pp1850_atp_ppp_pf3,2005,-102.29614240176824,28818917389
R10EUROPE,PP1850adjATP,1/asinh(x),PPP,PPP_1/asinh(x),pp1850_atp_ppp_pf3,2006,-106.74408854484155,28241129245
R10EUROPE,PP1850adjATP,1/asinh(x),PPP,PPP_1/asinh(x),pp1850_atp_ppp_pf3,2007,-111.22951337660146,27660609590
R10EUROPE,PP1850adjATP,1/asinh(x),PPP,PPP_1/asinh(x),pp1850_atp_ppp_pf3,2008,-115.68934863372796,27077052102
R10EUROPE,PP1850adjATP,1/asinh(x),PPP,PPP_1/asinh(x),pp1850_atp_ppp_pf3,2009,-120.06234781481757,26490387453
R10EUROPE,PP1850adjATP,1/asinh(x),PPP,PPP_1/asinh(x),pp1850_atp_ppp_pf3,2010,-124.07425833506917,25900954823
R10EUROPE,PP1850adjATP,1/asinh(x),PPP,PPP_1/asinh(x),pp1850_atp_ppp_pf3,2011,-128.20471573126315,25308983125
R10EUROPE,PP1850adjATP,1/asinh(x),PPP,PPP_1/asinh(x),pp1850_atp_ppp_pf3,2012,-132.2301335354977,24714581417
R10EUROPE,PP1850adjATP,1/asinh(x),PPP,PPP_1/asinh(x),pp1850_atp_ppp_pf3,2013,-136.20676794705338,24117823456
R10EUROPE,PP1850adjATP,1/asinh(x),PPP,PPP_1/asinh(x),pp1850_atp_ppp_pf3,2014,-140.10150544870982,23518781536
R10EUROPE,PP1850adjATP,1/asinh(x),PPP,PPP_1/asinh(x),pp1850_atp_ppp_pf3,2015,-143.836890976501,22917261379
R10EUROPE,PP1850adjATP,1/asinh(x),PPP,PPP_1/asinh(x),pp1850_atp_ppp_pf3,2016,-147.654458058611,22313255826
R10EUROPE,PP1850adjATP,1/asinh(x),PPP,PPP_1/asinh(x),pp1850_atp_ppp_pf3,2017,-151.4904857272616,21706899335
R10EUROPE,PP1850adjATP,1/asinh(x),PPP,PPP_1/asinh(x),pp1850_atp_ppp_pf3,2018,-155.3688735245447,21098439497
R10EUROPE,PP1850adjATP,1/asinh(x),PPP,PPP_1/asinh(x),pp1850_atp_ppp_pf3,2019,-159.14574776044614,20488261388
R10EUROPE,PP1850adjATP,1/asinh(x),PPP,PPP_1/asinh(x),pp1850_atp_ppp_pf3,2020,-162.75739190988696,19876350264
R10EUROPE,PP1850adjATP,1/sqrt(x),PPP,PPP_1/sqrt(x),pp1850_atp_ppp_pf2,1991,-83.43050410572613,36673081098
R10EUROPE,PP1850adjATP,1/sqrt(x),PPP,PPP_1/sqrt(x),pp1850_atp_ppp_pf2,1992,-87.68798246073085,36125091488
R10EUROPE,PP1850adjATP,1/sqrt(x),PPP,PPP_1/sqrt(x),pp1850_atp_ppp_pf2,1993,-91.78583625428703,35574909801
R10EUROPE,PP1850adjATP,1/sqrt(x),PPP,PPP_1/sqrt(x),pp1850_atp_ppp_pf2,1994,-95.8183370380395,35022749106
R10EUROPE,PP1850adjATP,1/sqrt(x),PPP,PPP_1/sqrt(x),pp1850_atp_ppp_pf2,1995,-99.84139226094317,34468592692
R10EUROPE,PP1850adjATP,1/sqrt(x),PPP,PPP_1/sqrt(x),pp1850_atp_ppp_pf2,1996,-103.98599866107666,33912471569
R10EUROPE,PP1850adjATP,1/sqrt(x),PPP,PPP_1/sqrt(x),pp1850_atp_ppp_pf2,1997,-108.29674569052324,33354373614
R10EUROPE,PP1850adjATP,1/sqrt(x),PPP,PPP_1/sqrt(x),pp1850_atp_ppp_pf2,1998,-112.60024841151386,32794350545
R10EUROPE,PP1850adjATP,1/sqrt(x),PPP,PPP_1/sqrt(x),pp1850_atp_ppp_pf2,1999,-116.851543908169,32232544700
R10EUROPE,PP1850adjATP,1/sqrt(x),PPP,PPP_1/sqrt(x),pp1850_atp_ppp_pf2,2000,-120.99778957242829,31669025918
R10EUROPE,PP1850adjATP,1/sqrt(x),PPP,PPP_1/sqrt(x),pp1850_atp_ppp_pf2,2001,-125.24947778172775,31103554892
R10EUROPE,PP1850adjATP,1/sqrt(x),PPP,PPP_1/sqrt(x),pp1850_atp_ppp_pf2,2002,-129.54373347726323,30536006612
R10EUROPE,PP1850adjATP,1/sqrt(x),PPP,PPP_1/sqrt(x),pp1850_atp_ppp_pf2,2003,-133.8555190279083,29966251914
R10EUROPE,PP1850adjATP,1/sqrt(x),PPP,PPP_1/sqrt(x),pp1850_atp_ppp_pf2,2004,-138.22777063699274,29393955664
R10EUROPE,PP1850adjATP,1/sqrt(x),PPP,PPP_1/sqrt(x),pp1850_atp_ppp_pf2,2005,-142.61109622601742,28818917389
R10EUROPE,PP1850adjATP,1/sqrt(x),PPP,PPP_1/sqrt(x),pp1850_atp_ppp_pf2,2006,-146.9305175299901,28241129245
R10EUROPE,PP1850adjATP,1/sqrt(x),PPP,PPP_1/sqrt(x),pp1850_atp_ppp_pf2,2007,-151.30946389276477,27660609590
R10EUROPE,PP1850adjATP,1/sqrt(x),PPP,PPP_1/sqrt(x),pp1850_atp_ppp_pf2,2008,-155.65760606893318,27077052102
R10EUROPE,PP1850adjATP,1/sqrt(x),PPP,PPP_1/sqrt(x),pp1850_atp_ppp_pf2,2009,-159.9435510255771,26490387453
R10EUROPE,PP1850adjATP,1/sqrt(x),PPP,PPP_1/sqrt(x),pp1850_atp_ppp_pf2,2010,-163.8067048537887,25900954823
R10EUROPE,PP1850adjATP,1/sqrt(x),PPP,PPP_1/sqrt(x),pp1850_atp_ppp_pf2,2011,-167.78422436332414,25308983125
R10EUROPE,PP1850adjATP,1/sqrt(x),PPP,PPP_1/sqrt(x),pp1850_atp_ppp_pf2,2012,-171.67089996892435,24714581417
R10EUROPE,PP1850adjATP,1/sqrt(x),PPP,PPP_1/sqrt(x),pp1850_atp_ppp_pf2,2013,-175.49186638363565,24117823456
R10EUROPE,PP1850adjATP,1/sqrt(x),PPP,PPP_1/sqrt(x),pp1850_atp_ppp_pf2,2014,-179.24014932868434,23518781536
R10EUROPE,PP1850adjATP,1/sqrt(x),PPP,PPP_1/sqrt(x),pp1850_atp_ppp_pf2,2015,-182.83283912202444,22917261379
R10EUROPE,PP1850adjATP,1/sqrt(x),PPP,PPP_1/sqrt(x),pp1850_atp_ppp_pf2,2016,-186.5299531848053,22313255826
R10EUROPE,PP1850adjATP,1/sqrt(x),PPP,PPP_1/sqrt(x),pp1850_atp_ppp_pf2,2017,-190.25869948631177,21706899335
R10EUROPE,PP1850adjATP,1/sqrt(x),PPP,PPP_1/sqrt(x),pp1850_atp_ppp_pf2,2018,-194.0440397890752,21098439497
R10EUROPE,PP1850adjATP,1/sqrt(x),PPP,PPP_1/sqrt(x),pp1850_atp_ppp_pf2,2019,-197.70873810447273,20488261388
R10EUROPE,PP1850adjATP,1/sqrt(x),PPP,PPP_1/sqrt(x),pp1850_atp_ppp_pf2,2020,-201.22043933906144,19876350264
R10EUROPE,PP1850adjATP,1/x,PPP,PPP_1/x,pp1850_atp_ppp_pf1,1991,-108.18697545923011,36673081098
R10EUROPE,PP1850adjATP,1/x,PPP,PPP_1/x,pp1850_atp_ppp_pf1,1992,-112.4470706273998,36125091488
R10EUROPE,PP1850adjATP,1/x,PPP,PPP_1/x,pp1850_atp_ppp_pf1,1993,-116.59529796666108,35574909801
R10EUROPE,PP1850adjATP,1/x,PPP,PPP_1/x,pp1850_atp_ppp_pf1,1994,-120.6884672059352,35022749106
R10EUROPE,PP1850adjATP,1/x,PPP,PPP_1/x,pp1850_atp_ppp_pf1,1995,-124.79044488463482,34468592692
R10EUROPE,PP1850adjATP,1/x,PPP,PPP_1/x,pp1850_atp_ppp_pf1,1996,-129.0170592154658,33912471569
R10EUROPE,PP1850adjATP,1/x,PPP,PPP_1/x,pp1850_atp_ppp_pf1,1997,-133.44441852644002,33354373614
R10EUROPE,PP1850adjATP,1/x,PPP,PPP_1/x,pp1850_atp_ppp_pf1,1998,-137.8618994126358,32794350545
R10EUROPE,PP1850adjATP,1/x,PPP,PPP_1/x,pp1850_atp_ppp_pf1,1999,-142.21477802416211,32232544700
R10EUROPE,PP1850adjATP,1/x,PPP,PPP_1/x,pp1850_atp_ppp_pf1,2000,-146.44658174316757,31669025918
R10EUROPE,PP1850adjATP,1/x,PPP,PPP_1/x,pp1850_atp_ppp_pf1,2001,-150.76492049721665,31103554892
R10EUROPE,PP1850adjATP,1/x,PPP,PPP_1/x,pp1850_atp_ppp_pf1,2002,-155.11862452275875,30536006612
R10EUROPE,PP1850adjATP,1/x,PPP,PPP_1/x,pp1850_atp_ppp_pf1,2003,-159.49188476771602,29966251914
R10EUROPE,PP1850adjATP,1/x,PPP,PPP_1/x,pp1850_atp_ppp_pf1,2004,-163.9417854692073,29393955664
R10EUROPE,PP1850adjATP,1/x,PPP,PPP_1/x,pp1850_atp_ppp_pf1,2005,-168.41536550731158,28818917389
R10EUROPE,PP1850adjATP,1/x,PPP,PPP_1/x,pp1850_atp_ppp_pf1,2006,-172.8402333198625,28241129245
R10EUROPE,PP1850adjATP,1/x,PPP,PPP_1/x,pp1850_atp_ppp_pf1,2007,-177.3290258444417,27660609590
R10EUROPE,PP1850adjATP,1/x,PPP,PPP_1/x,pp1850_atp_ppp_pf1,2008,-181.79909572765015,27077052102
R10EUROPE,PP1850adjATP,1/x,PPP,PPP_1/x,pp1850_atp_ppp_pf1,2009,-186.20631515008532,26490387453
R10EUROPE,PP1850adjATP,1/x,PPP,PPP_1/x,pp1850_atp_ppp_pf1,2010,-190.1972168364544,25900954823
R10EUROPE,PP1850adjATP,1/x,PPP,PPP_1/x,pp1850_atp_ppp_pf1,2011,-194.3029612143385,25308983125
R10EUROPE,PP1850adjATP,1/x,PPP,PPP_1/x,pp1850_atp_ppp_pf1,2012,-198.31514713294365,24714581417
R10EUROPE,PP1850adjATP,1/x,PPP,PPP_1/x,pp1850_atp_ppp_pf1,2013,-202.26691504861256,24117823456
R10EUROPE,PP1850adjATP,1/x,PPP,PPP_1/x,pp1850_atp_ppp_pf1,2014,-206.13347895914168,23518781536
R10EUROPE,PP1850adjATP,1/x,PPP,PPP_1/x,pp1850_atp_ppp_pf1,2015,-209.82254166226554,22917261379
R10EUROPE,PP1850adjATP,1/x,PPP,PPP_1/x,pp1850_atp_ppp_pf1,2016,-213.59400720767127,22313255826
R10EUROPE,PP1850adjATP,1/x,PPP,PPP_1/x,pp1850_atp_ppp_pf1,2017,-217.3815863742293,21706899335
R10EUROPE,PP1850adjATP,1/x,PPP,PPP_1/x,pp1850_atp_ppp_pf1,2018,-221.2209798348313,21098439497
R10EUROPE,PP1850adjATP,1/x,PPP,PPP_1/x,pp1850_atp_ppp_pf1,2019,-224.9463731680671,20488261388
R10EUROPE,PP1850adjATP,1/x,PPP,PPP_1/x,pp1850_atp_ppp_pf1,2020,-228.50993221145546,19876350264
R10INDIA+,PP2015,NA,NA,NA,pp2015,1991,121.84736948880527,108347322985
R10INDIA+,PP2015,NA,NA,NA,pp2015,1992,121.84736948880527,107191587569
R10INDIA+,PP2015,NA,NA,NA,pp2015,1993,121.84736948880527,106011254507
R10INDIA+,PP2015,NA,NA,NA,pp2015,1994,121.84736948880527,104806078169
R10INDIA+,PP2015,NA,NA,NA,pp2015,1995,121.84736948880527,103575376196
R10INDIA+,PP2015,NA,NA,NA,pp2015,1996,121.84736948880527,102318917382
R10INDIA+,PP2015,NA,NA,NA,pp2015,1997,121.84736948880527,101036616641
R10INDIA+,PP2015,NA,NA,NA,pp2015,1998,121.84736948880527,99728397436
R10INDIA+,PP2015,NA,NA,NA,pp2015,1999,121.84736948880527,98394041197
R10INDIA+,PP2015,NA,NA,NA,pp2015,2000,121.84736948880527,97033429184
R10INDIA+,PP2015,NA,NA,NA,pp2015,2001,121.84736948880527,95646026656
R10INDIA+,PP2015,NA,NA,NA,pp2015,2002,121.84736948880527,94231400639
R10INDIA+,PP2015,NA,NA,NA,pp2015,2003,121.84736948880527,92790330695
R10INDIA+,PP2015,NA,NA,NA,pp2015,2004,121.84736948880527,91323617678
R10INDIA+,PP2015,NA,NA,NA,pp2015,2005,121.84736948880527,89831468209
R10INDIA+,PP2015,NA,NA,NA,pp2015,2006,121.84736948880527,88314615468
R10INDIA+,PP2015,NA,NA,NA,pp2015,2007,121.84736948880527,86774165528
R10INDIA+,PP2015,NA,NA,NA,pp2015,2008,121.84736948880527,85210614225
R10INDIA+,PP2015,NA,NA,NA,pp2015,2009,121.84736948880527,83624332284
R10INDIA+,PP2015,NA,NA,NA,pp2015,2010,121.84736948880527,82015305886
R10INDIA+,PP2015,NA,NA,NA,pp2015,2011,121.84736948880527,80382949392
R10INDIA+,PP2015,NA,NA,NA,pp2015,2012,121.84736948880527,78727300468
R10INDIA+,PP2015,NA,NA,NA,pp2015,2013,121.84736948880527,77049060236
R10INDIA+,PP2015,NA,NA,NA,pp2015,2014,121.84736948880527,75348917549
R10INDIA+,PP2015,NA,NA,NA,pp2015,2015,121.84736948880527,73627603475
R10INDIA+,PP2015,NA,NA,NA,pp2015,2016,119.34281073561553,71885811725
R10INDIA+,PP2015,NA,NA,NA,pp2015,2017,116.67845049364772,70123375306
R10INDIA+,PP2015,NA,NA,NA,pp2015,2018,113.91477596597126,68340087159
R10INDIA+,PP2015,NA,NA,NA,pp2015,2019,110.99386346046148,66536329148
R10INDIA+,PP2015,NA,NA,NA,pp2015,2020,108.03375091140913,64712653431
R10INDIA+,PP1990,NA,NA,NA,pp1990,1991,284.6563859016717,108347322985
R10INDIA+,PP1990,NA,NA,NA,pp1990,1992,283.9527859514642,107191587569
R10INDIA+,PP1990,NA,NA,NA,pp1990,1993,283.2026133768576,106011254507
R10INDIA+,PP1990,NA,NA,NA,pp1990,1994,282.42475740376153,104806078169
R10INDIA+,PP1990,NA,NA,NA,pp1990,1995,281.6010734202985,103575376196
R10INDIA+,PP1990,NA,NA,NA,pp1990,1996,280.7266985072183,102318917382
R10INDIA+,PP1990,NA,NA,NA,pp1990,1997,279.7774446335811,101036616641
R10INDIA+,PP1990,NA,NA,NA,pp1990,1998,278.7909206756373,99728397436
R10INDIA+,PP1990,NA,NA,NA,pp1990,1999,277.78383547812575,98394041197
R10INDIA+,PP1990,NA,NA,NA,pp1990,2000,276.69560504121824,97033429184
R10INDIA+,PP1990,NA,NA,NA,pp1990,2001,275.5727788038786,95646026656
R10INDIA+,PP1990,NA,NA,NA,pp1990,2002,274.43013432343844,94231400639
R10INDIA+,PP1990,NA,NA,NA,pp1990,2003,273.2481707320552,92790330695
R10INDIA+,PP1990,NA,NA,NA,pp1990,2004,272.02252424650567,91323617678
R10INDIA+,PP1990,NA,NA,NA,pp1990,2005,270.7152036811222,89831468209
R10INDIA+,PP1990,NA,NA,NA,pp1990,2006,269.3402418255501,88314615468
R10INDIA+,PP1990,NA,NA,NA,pp1990,2007,267.84604432195613,86774165528
R10INDIA+,PP1990,NA,NA,NA,pp1990,2008,266.2384285858552,85210614225
R10INDIA+,PP1990,NA,NA,NA,pp1990,2009,264.53192348137355,83624332284
R10INDIA+,PP1990,NA,NA,NA,pp1990,2010,262.69545769268,82015305886
R10INDIA+,PP1990,NA,NA,NA,pp1990,2011,260.78953678332493,80382949392
R10INDIA+,PP1990,NA,NA,NA,pp1990,2012,258.79033894886635,78727300468
R10INDIA+,PP1990,NA,NA,NA,pp1990,2013,256.62425676858237,77049060236
R10INDIA+,PP1990,NA,NA,NA,pp1990,2014,254.3914727988558,75348917549
R10INDIA+,PP1990,NA,NA,NA,pp1990,2015,251.99149035641148,73627603475
R10INDIA+,PP1990,NA,NA,NA,pp1990,2016,249.4869316032217,71885811725
R10INDIA+,PP1990,NA,NA,NA,pp1990,2017,246.82257136125392,70123375306
R10INDIA+,PP1990,NA,NA,NA,pp1990,2018,244.05889683357745,68340087159
R10INDIA+,PP1990,NA,NA,NA,pp1990,2019,241.13798432806766,66536329148
R10INDIA+,PP1990,NA,NA,NA,pp1990,2020,238.1778717790153,64712653431
R10INDIA+,PP1850,NA,NA,NA,pp1850,1991,449.4520412853723,108347322985
R10INDIA+,PP1850,NA,NA,NA,pp1850,1992,448.74844133516467,107191587569
R10INDIA+,PP1850,NA,NA,NA,pp1850,1993,447.9982687605581,106011254507
R10INDIA+,PP1850,NA,NA,NA,pp1850,1994,447.22041278746207,104806078169
R10INDIA+,PP1850,NA,NA,NA,pp1850,1995,446.3967288039991,103575376196
R10INDIA+,PP1850,NA,NA,NA,pp1850,1996,445.52235389091885,102318917382
R10INDIA+,PP1850,NA,NA,NA,pp1850,1997,444.57310001728166,101036616641
R10INDIA+,PP1850,NA,NA,NA,pp1850,1998,443.58657605933786,99728397436
R10INDIA+,PP1850,NA,NA,NA,pp1850,1999,442.57949086182634,98394041197
R10INDIA+,PP1850,NA,NA,NA,pp1850,2000,441.4912604249187,97033429184
R10INDIA+,PP1850,NA,NA,NA,pp1850,2001,440.36843418757906,95646026656
R10INDIA+,PP1850,NA,NA,NA,pp1850,2002,439.2257897071391,94231400639
R10INDIA+,PP1850,NA,NA,NA,pp1850,2003,438.04382611575573,92790330695
R10INDIA+,PP1850,NA,NA,NA,pp1850,2004,436.8181796302062,91323617678
R10INDIA+,PP1850,NA,NA,NA,pp1850,2005,435.51085906482274,89831468209
R10INDIA+,PP1850,NA,NA,NA,pp1850,2006,434.13589720925063,88314615468
R10INDIA+,PP1850,NA,NA,NA,pp1850,2007,432.64169970565666,86774165528
R10INDIA+,PP1850,NA,NA,NA,pp1850,2008,431.03408396955587,85210614225
R10INDIA+,PP1850,NA,NA,NA,pp1850,2009,429.327578865074,83624332284
R10INDIA+,PP1850,NA,NA,NA,pp1850,2010,427.49111307638054,82015305886
R10INDIA+,PP1850,NA,NA,NA,pp1850,2011,425.5851921670255,80382949392
R10INDIA+,PP1850,NA,NA,NA,pp1850,2012,423.58599433256694,78727300468
R10INDIA+,PP1850,NA,NA,NA,pp1850,2013,421.4199121522829,77049060236
R10INDIA+,PP1850,NA,NA,NA,pp1850,2014,419.1871281825563,75348917549
R10INDIA+,PP1850,NA,NA,NA,pp1850,2015,416.78714574011195,73627603475
R10INDIA+,PP1850,NA,NA,NA,pp1850,2016,414.2825869869223,71885811725
R10INDIA+,PP1850,NA,NA,NA,pp1850,2017,411.6182267449544,70123375306
R10INDIA+,PP1850,NA,NA,NA,pp1850,2018,408.85455221727796,68340087159
R10INDIA+,PP1850,NA,NA,NA,pp1850,2019,405.9336397117682,66536329148
R10INDIA+,PP1850,NA,NA,NA,pp1850,2020,402.9735271627158,64712653431
R10INDIA+,PP2015adjATP,1/asinh(x),MER,MER_1/asinh(x),pp2015_atp_mer_pf3,1991,135.12313901313448,108347322985
R10INDIA+,PP2015adjATP,1/asinh(x),MER,MER_1/asinh(x),pp2015_atp_mer_pf3,1992,136.27926089795014,107191587569
R10INDIA+,PP2015adjATP,1/asinh(x),MER,MER_1/asinh(x),pp2015_atp_mer_pf3,1993,136.5645641537863,106011254507
R10INDIA+,PP2015adjATP,1/asinh(x),MER,MER_1/asinh(x),pp2015_atp_mer_pf3,1994,136.84835730526322,104806078169
R10INDIA+,PP2015adjATP,1/asinh(x),MER,MER_1/asinh(x),pp2015_atp_mer_pf3,1995,136.88645909955406,103575376196
R10INDIA+,PP2015adjATP,1/asinh(x),MER,MER_1/asinh(x),pp2015_atp_mer_pf3,1996,137.08004139814432,102318917382
R10INDIA+,PP2015adjATP,1/asinh(x),MER,MER_1/asinh(x),pp2015_atp_mer_pf3,1997,137.2355712138678,101036616641
R10INDIA+,PP2015adjATP,1/asinh(x),MER,MER_1/asinh(x),pp2015_atp_mer_pf3,1998,137.3449681978007,99728397436
R10INDIA+,PP2015adjATP,1/asinh(x),MER,MER_1/asinh(x),pp2015_atp_mer_pf3,1999,137.38563007395862,98394041197
R10INDIA+,PP2015adjATP,1/asinh(x),MER,MER_1/asinh(x),pp2015_atp_mer_pf3,2000,137.3376804382252,97033429184
R10INDIA+,PP2015adjATP,1/asinh(x),MER,MER_1/asinh(x),pp2015_atp_mer_pf3,2001,137.38201508318286,95646026656
R10INDIA+,PP2015adjATP,1/asinh(x),MER,MER_1/asinh(x),pp2015_atp_mer_pf3,2002,137.3762141621963,94231400639
R10INDIA+,PP2015adjATP,1/asinh(x),MER,MER_1/asinh(x),pp2015_atp_mer_pf3,2003,137.40568116211605,92790330695
R10INDIA+,PP2015adjATP,1/asinh(x),MER,MER_1/asinh(x),pp2015_atp_mer_pf3,2004,137.34786241217927,91323617678
R10INDIA+,PP2015adjATP,1/asinh(x),MER,MER_1/asinh(x),pp2015_atp_mer_pf3,2005,137.2817956969111,89831468209
R10INDIA+,PP2015adjATP,1/asinh(x),MER,MER_1/asinh(x),pp2015_atp_mer_pf3,2006,137.23689672232928,88314615468
R10INDIA+,PP2015adjATP,1/asinh(x),MER,MER_1/asinh(x),pp2015_atp_mer_pf3,2007,137.2446153980952,86774165528
R10INDIA+,PP2015adjATP,1/asinh(x),MER,MER_1/asinh(x),pp2015_atp_mer_pf3,2008,137.1641656246533,85210614225
R10INDIA+,PP2015adjATP,1/asinh(x),MER,MER_1/asinh(x),pp2015_atp_mer_pf3,2009,137.3763591809439,83624332284
R10INDIA+,PP2015adjATP,1/asinh(x),MER,MER_1/asinh(x),pp2015_atp_mer_pf3,2010,137.4126319346933,82015305886
R10INDIA+,PP2015adjATP,1/asinh(x),MER,MER_1/asinh(x),pp2015_atp_mer_pf3,2011,137.3463374400375,80382949392
R10INDIA+,PP2015adjATP,1/asinh(x),MER,MER_1/asinh(x),pp2015_atp_mer_pf3,2012,137.34250917571947,78727300468
R10INDIA+,PP2015adjATP,1/asinh(x),MER,MER_1/asinh(x),pp2015_atp_mer_pf3,2013,137.41786796387476,77049060236
R10INDIA+,PP2015adjATP,1/asinh(x),MER,MER_1/asinh(x),pp2015_atp_mer_pf3,2014,137.51705449505155,75348917549
R10INDIA+,PP2015adjATP,1/asinh(x),MER,MER_1/asinh(x),pp2015_atp_mer_pf3,2015,137.5310291443166,73627603475
R10INDIA+,PP2015adjATP,1/asinh(x),MER,MER_1/asinh(x),pp2015_atp_mer_pf3,2016,134.9323656440235,71885811725
R10INDIA+,PP2015adjATP,1/asinh(x),MER,MER_1/asinh(x),pp2015_atp_mer_pf3,2017,132.0451877582477,70123375306
R10INDIA+,PP2015adjATP,1/asinh(x),MER,MER_1/asinh(x),pp2015_atp_mer_pf3,2018,128.9887641054666,68340087159
R10INDIA+,PP2015adjATP,1/asinh(x),MER,MER_1/asinh(x),pp2015_atp_mer_pf3,2019,125.83743788102785,66536329148
R10INDIA+,PP2015adjATP,1/asinh(x),MER,MER_1/asinh(x),pp2015_atp_mer_pf3,2020,122.67070190435109,64712653431
R10INDIA+,PP2015adjATP,1/sqrt(x),MER,MER_1/sqrt(x),pp2015_atp_mer_pf2,1991,159.77034922152296,108347322985
R10INDIA+,PP2015adjATP,1/sqrt(x),MER,MER_1/sqrt(x),pp2015_atp_mer_pf2,1992,164.18827928979286,107191587569
R10INDIA+,PP2015adjATP,1/sqrt(x),MER,MER_1/sqrt(x),pp2015_atp_mer_pf2,1993,165.25243837358016,106011254507
R10INDIA+,PP2015adjATP,1/sqrt(x),MER,MER_1/sqrt(x),pp2015_atp_mer_pf2,1994,166.31417932871045,104806078169
R10INDIA+,PP2015adjATP,1/sqrt(x),MER,MER_1/sqrt(x),pp2015_atp_mer_pf2,1995,166.59813501794753,103575376196
R10INDIA+,PP2015adjATP,1/sqrt(x),MER,MER_1/sqrt(x),pp2015_atp_mer_pf2,1996,167.67440399509883,102318917382
R10INDIA+,PP2015adjATP,1/sqrt(x),MER,MER_1/sqrt(x),pp2015_atp_mer_pf2,1997,168.66331051136927,101036616641
R10INDIA+,PP2015adjATP,1/sqrt(x),MER,MER_1/sqrt(x),pp2015_atp_mer_pf2,1998,169.4086964645523,99728397436
R10INDIA+,PP2015adjATP,1/sqrt(x),MER,MER_1/sqrt(x),pp2015_atp_mer_pf2,1999,169.8075585492609,98394041197
R10INDIA+,PP2015adjATP,1/sqrt(x),MER,MER_1/sqrt(x),pp2015_atp_mer_pf2,2000,169.82081709831166,97033429184
R10INDIA+,PP2015adjATP,1/sqrt(x),MER,MER_1/sqrt(x),pp2015_atp_mer_pf2,2001,170.30454932309473,95646026656
R10INDIA+,PP2015adjATP,1/sqrt(x),MER,MER_1/sqrt(x),pp2015_atp_mer_pf2,2002,170.46125813347402,94231400639
R10INDIA+,PP2015adjATP,1/sqrt(x),MER,MER_1/sqrt(x),pp2015_atp_mer_pf2,2003,170.78076969454654,92790330695
R10INDIA+,PP2015adjATP,1/sqrt(x),MER,MER_1/sqrt(x),pp2015_atp_mer_pf2,2004,170.7959411785883,91323617678
R10INDIA+,PP2015adjATP,1/sqrt(x),MER,MER_1/sqrt(x),pp2015_atp_mer_pf2,2005,170.83641264712662,89831468209
R10INDIA+,PP2015adjATP,1/sqrt(x),MER,MER_1/sqrt(x),pp2015_atp_mer_pf2,2006,171.03155282595552,88314615468
R10INDIA+,PP2015adjATP,1/sqrt(x),MER,MER_1/sqrt(x),pp2015_atp_mer_pf2,2007,171.52398384820071,86774165528
R10INDIA+,PP2015adjATP,1/sqrt(x),MER,MER_1/sqrt(x),pp2015_atp_mer_pf2,2008,171.77468835850107,85210614225
R10INDIA+,PP2015adjATP,1/sqrt(x),MER,MER_1/sqrt(x),pp2015_atp_mer_pf2,2009,173.31350889232573,83624332284
R10INDIA+,PP2015adjATP,1/sqrt(x),MER,MER_1/sqrt(x),pp2015_atp_mer_pf2,2010,174.14920568786582,82015305886
R10INDIA+,PP2015adjATP,1/sqrt(x),MER,MER_1/sqrt(x),pp2015_atp_mer_pf2,2011,174.57099043558782,80382949392
R10INDIA+,PP2015adjATP,1/sqrt(x),MER,MER_1/sqrt(x),pp2015_atp_mer_pf2,2012,175.25865577280467,78727300468
R10INDIA+,PP2015adjATP,1/sqrt(x),MER,MER_1/sqrt(x),pp2015_atp_mer_pf2,2013,176.25576481109394,77049060236
R10INDIA+,PP2015adjATP,1/sqrt(x),MER,MER_1/sqrt(x),pp2015_atp_mer_pf2,2014,177.3154995430874,75348917549
R10INDIA+,PP2015adjATP,1/sqrt(x),MER,MER_1/sqrt(x),pp2015_atp_mer_pf2,2015,177.98619628162072,73627603475
R10INDIA+,PP2015adjATP,1/sqrt(x),MER,MER_1/sqrt(x),pp2015_atp_mer_pf2,2016,175.60729952596918,71885811725
R10INDIA+,PP2015adjATP,1/sqrt(x),MER,MER_1/sqrt(x),pp2015_atp_mer_pf2,2017,172.42769771276213,70123375306
R10INDIA+,PP2015adjATP,1/sqrt(x),MER,MER_1/sqrt(x),pp2015_atp_mer_pf2,2018,168.79921152972486,68340087159
R10INDIA+,PP2015adjATP,1/sqrt(x),MER,MER_1/sqrt(x),pp2015_atp_mer_pf2,2019,165.25070758957236,66536329148
R10INDIA+,PP2015adjATP,1/sqrt(x),MER,MER_1/sqrt(x),pp2015_atp_mer_pf2,2020,161.74349630124703,64712653431
R10INDIA+,PP2015adjATP,1/x,MER,MER_1/x,pp2015_atp_mer_pf1,1991,163.138351296062,108347322985
R10INDIA+,PP2015adjATP,1/x,MER,MER_1/x,pp2015_atp_mer_pf1,1992,173.0732556438155,107191587569
R10INDIA+,PP2015adjATP,1/x,MER,MER_1/x,pp2015_atp_mer_pf1,1993,175.39257182578626,106011254507
R10INDIA+,PP2015adjATP,1/x,MER,MER_1/x,pp2015_atp_mer_pf1,1994,178.11115424285674,104806078169
R10INDIA+,PP2015adjATP,1/x,MER,MER_1/x,pp2015_atp_mer_pf1,1995,179.17814848590777,103575376196
R10INDIA+,PP2015adjATP,1/x,MER,MER_1/x,pp2015_atp_mer_pf1,1996,181.74759908345004,102318917382
R10INDIA+,PP2015adjATP,1/x,MER,MER_1/x,pp2015_atp_mer_pf1,1997,184.01507457319832,101036616641
R10INDIA+,PP2015adjATP,1/x,MER,MER_1/x,pp2015_atp_mer_pf1,1998,185.54109940125437,99728397436
R10INDIA+,PP2015adjATP,1/x,MER,MER_1/x,pp2015_atp_mer_pf1,1999,186.3786734933085,98394041197
R10INDIA+,PP2015adjATP,1/x,MER,MER_1/x,pp2015_atp_mer_pf1,2000,186.2944110590969,97033429184
R10INDIA+,PP2015adjATP,1/x,MER,MER_1/x,pp2015_atp_mer_pf1,2001,187.64200456324903,95646026656
R10INDIA+,PP2015adjATP,1/x,MER,MER_1/x,pp2015_atp_mer_pf1,2002,187.75170263391192,94231400639
R10INDIA+,PP2015adjATP,1/x,MER,MER_1/x,pp2015_atp_mer_pf1,2003,188.16341117041404,92790330695
R10INDIA+,PP2015adjATP,1/x,MER,MER_1/x,pp2015_atp_mer_pf1,2004,187.92967501005603,91323617678
R10INDIA+,PP2015adjATP,1/x,MER,MER_1/x,pp2015_atp_mer_pf1,2005,187.69359566082827,89831468209
R10INDIA+,PP2015adjATP,1/x,MER,MER_1/x,pp2015_atp_mer_pf1,2006,187.7580698973507,88314615468
R10INDIA+,PP2015adjATP,1/x,MER,MER_1/x,pp2015_atp_mer_pf1,2007,188.39648797139685,86774165528
R10INDIA+,PP2015adjATP,1/x,MER,MER_1/x,pp2015_atp_mer_pf1,2008,188.5332048997802,85210614225
R10INDIA+,PP2015adjATP,1/x,MER,MER_1/x,pp2015_atp_mer_pf1,2009,191.50712836754897,83624332284
R10INDIA+,PP2015adjATP,1/x,MER,MER_1/x,pp2015_atp_mer_pf1,2010,193.43475633616373,82015305886
R10INDIA+,PP2015adjATP,1/x,MER,MER_1/x,pp2015_atp_mer_pf1,2011,194.1410645006735,80382949392
R10INDIA+,PP2015adjATP,1/x,MER,MER_1/x,pp2015_atp_mer_pf1,2012,195.2583424274282,78727300468
R10INDIA+,PP2015adjATP,1/x,MER,MER_1/x,pp2015_atp_mer_pf1,2013,197.1955433347155,77049060236
R10INDIA+,PP2015adjATP,1/x,MER,MER_1/x,pp2015_atp_mer_pf1,2014,199.27761697748758,75348917549
R10INDIA+,PP2015adjATP,1/x,MER,MER_1/x,pp2015_atp_mer_pf1,2015,200.66982329880892,73627603475
R10INDIA+,PP2015adjATP,1/x,MER,MER_1/x,pp2015_atp_mer_pf1,2016,198.56936496703304,71885811725
R10INDIA+,PP2015adjATP,1/x,MER,MER_1/x,pp2015_atp_mer_pf1,2017,194.91157551949533,70123375306
R10INDIA+,PP2015adjATP,1/x,MER,MER_1/x,pp2015_atp_mer_pf1,2018,190.33437165454689,68340087159
R10INDIA+,PP2015adjATP,1/x,MER,MER_1/x,pp2015_atp_mer_pf1,2019,186.09390554612588,66536329148
R10INDIA+,PP2015adjATP,1/x,MER,MER_1/x,pp2015_atp_mer_pf1,2020,182.04850713840634,64712653431
R10INDIA+,PP2015adjATP,1/asinh(x),PPP,PPP_1/asinh(x),pp2015_atp_ppp_pf3,1991,130.67812861110522,108347322985
R10INDIA+,PP2015adjATP,1/asinh(x),PPP,PPP_1/asinh(x),pp2015_atp_ppp_pf3,1992,130.78289127705068,107191587569
R10INDIA+,PP2015adjATP,1/asinh(x),PPP,PPP_1/asinh(x),pp2015_atp_ppp_pf3,1993,130.77582940582124,106011254507
R10INDIA+,PP2015adjATP,1/asinh(x),PPP,PPP_1/asinh(x),pp2015_atp_ppp_pf3,1994,130.79424669928173,104806078169
R10INDIA+,PP2015adjATP,1/asinh(x),PPP,PPP_1/asinh(x),pp2015_atp_ppp_pf3,1995,130.7691524585448,103575376196
R10INDIA+,PP2015adjATP,1/asinh(x),PPP,PPP_1/asinh(x),pp2015_atp_ppp_pf3,1996,130.7181891077213,102318917382
R10INDIA+,PP2015adjATP,1/asinh(x),PPP,PPP_1/asinh(x),pp2015_atp_ppp_pf3,1997,130.66383269899197,101036616641
R10INDIA+,PP2015adjATP,1/asinh(x),PPP,PPP_1/asinh(x),pp2015_atp_ppp_pf3,1998,130.65254933106021,99728397436
R10INDIA+,PP2015adjATP,1/asinh(x),PPP,PPP_1/asinh(x),pp2015_atp_ppp_pf3,1999,130.60372953837808,98394041197
R10INDIA+,PP2015adjATP,1/asinh(x),PPP,PPP_1/asinh(x),pp2015_atp_ppp_pf3,2000,130.51096208916422,97033429184
R10INDIA+,PP2015adjATP,1/asinh(x),PPP,PPP_1/asinh(x),pp2015_atp_ppp_pf3,2001,130.453394304034,95646026656
R10INDIA+,PP2015adjATP,1/asinh(x),PPP,PPP_1/asinh(x),pp2015_atp_ppp_pf3,2002,130.40636908910244,94231400639
R10INDIA+,PP2015adjATP,1/asinh(x),PPP,PPP_1/asinh(x),pp2015_atp_ppp_pf3,2003,130.38832785153818,92790330695
R10INDIA+,PP2015adjATP,1/asinh(x),PPP,PPP_1/asinh(x),pp2015_atp_ppp_pf3,2004,130.34806325474483,91323617678
R10INDIA+,PP2015adjATP,1/asinh(x),PPP,PPP_1/asinh(x),pp2015_atp_ppp_pf3,2005,130.30731372113607,89831468209
R10INDIA+,PP2015adjATP,1/asinh(x),PPP,PPP_1/asinh(x),pp2015_atp_ppp_pf3,2006,130.2593531618058,88314615468
R10INDIA+,PP2015adjATP,1/asinh(x),PPP,PPP_1/asinh(x),pp2015_atp_ppp_pf3,2007,130.21586663013545,86774165528
R10INDIA+,PP2015adjATP,1/asinh(x),PPP,PPP_1/asinh(x),pp2015_atp_ppp_pf3,2008,130.1813090539717,85210614225
R10INDIA+,PP2015adjATP,1/asinh(x),PPP,PPP_1/asinh(x),pp2015_atp_ppp_pf3,2009,130.1782224161413,83624332284
R10INDIA+,PP2015adjATP,1/asinh(x),PPP,PPP_1/asinh(x),pp2015_atp_ppp_pf3,2010,130.13813032046343,82015305886
R10INDIA+,PP2015adjATP,1/asinh(x),PPP,PPP_1/asinh(x),pp2015_atp_ppp_pf3,2011,130.09367427845598,80382949392
R10INDIA+,PP2015adjATP,1/asinh(x),PPP,PPP_1/asinh(x),pp2015_atp_ppp_pf3,2012,130.05805181809492,78727300468
R10INDIA+,PP2015adjATP,1/asinh(x),PPP,PPP_1/asinh(x),pp2015_atp_ppp_pf3,2013,129.98734964386279,77049060236
R10INDIA+,PP2015adjATP,1/asinh(x),PPP,PPP_1/asinh(x),pp2015_atp_ppp_pf3,2014,129.9252765561886,75348917549
R10INDIA+,PP2015adjATP,1/asinh(x),PPP,PPP_1/asinh(x),pp2015_atp_ppp_pf3,2015,129.8713398564051,73627603475
R10INDIA+,PP2015adjATP,1/asinh(x),PPP,PPP_1/asinh(x),pp2015_atp_ppp_pf3,2016,127.29533201513084,71885811725
R10INDIA+,PP2015adjATP,1/asinh(x),PPP,PPP_1/asinh(x),pp2015_atp_ppp_pf3,2017,124.5398069538866,70123375306
R10INDIA+,PP2015adjATP,1/asinh(x),PPP,PPP_1/asinh(x),pp2015_atp_ppp_pf3,2018,121.67891747187036,68340087159
R10INDIA+,PP2015adjATP,1/asinh(x),PPP,PPP_1/asinh(x),pp2015_atp_ppp_pf3,2019,118.64054100841443,66536329148
R10INDIA+,PP2015adjATP,1/asinh(x),PPP,PPP_1/asinh(x),pp2015_atp_ppp_pf3,2020,115.567935438415,64712653431
R10INDIA+,PP2015adjATP,1/sqrt(x),PPP,PPP_1/sqrt(x),pp2015_atp_ppp_pf2,1991,151.6185152848902,108347322985
R10INDIA+,PP2015adjATP,1/sqrt(x),PPP,PPP_1/sqrt(x),pp2015_atp_ppp_pf2,1992,152.21473542198905,107191587569
R10INDIA+,PP2015adjATP,1/sqrt(x),PPP,PPP_1/sqrt(x),pp2015_atp_ppp_pf2,1993,152.3539445751841,106011254507
R10INDIA+,PP2015adjATP,1/sqrt(x),PPP,PPP_1/sqrt(x),pp2015_atp_ppp_pf2,1994,152.66012015162204,104806078169
R10INDIA+,PP2015adjATP,1/sqrt(x),PPP,PPP_1/sqrt(x),pp2015_atp_ppp_pf2,1995,152.74698805041658,103575376196
R10INDIA+,PP2015adjATP,1/sqrt(x),PPP,PPP_1/sqrt(x),pp2015_atp_ppp_pf2,1996,152.72318592353415,102318917382
R10INDIA+,PP2015adjATP,1/sqrt(x),PPP,PPP_1/sqrt(x),pp2015_atp_ppp_pf2,1997,152.68598227439745,101036616641
R10INDIA+,PP2015adjATP,1/sqrt(x),PPP,PPP_1/sqrt(x),pp2015_atp_ppp_pf2,1998,152.81115493755357,99728397436
R10INDIA+,PP2015adjATP,1/sqrt(x),PPP,PPP_1/sqrt(x),pp2015_atp_ppp_pf2,1999,152.74944391016683,98394041197
R10INDIA+,PP2015adjATP,1/sqrt(x),PPP,PPP_1/sqrt(x),pp2015_atp_ppp_pf2,2000,152.48089716740037,97033429184
R10INDIA+,PP2015adjATP,1/sqrt(x),PPP,PPP_1/sqrt(x),pp2015_atp_ppp_pf2,2001,152.34742183226723,95646026656
R10INDIA+,PP2015adjATP,1/sqrt(x),PPP,PPP_1/sqrt(x),pp2015_atp_ppp_pf2,2002,152.27563247689378,94231400639
R10INDIA+,PP2015adjATP,1/sqrt(x),PPP,PPP_1/sqrt(x),pp2015_atp_ppp_pf2,2003,152.33778000728742,92790330695
R10INDIA+,PP2015adjATP,1/sqrt(x),PPP,PPP_1/sqrt(x),pp2015_atp_ppp_pf2,2004,152.30369195890464,91323617678
R10INDIA+,PP2015adjATP,1/sqrt(x),PPP,PPP_1/sqrt(x),pp2015_atp_ppp_pf2,2005,152.28505364369408,89831468209
R10INDIA+,PP2015adjATP,1/sqrt(x),PPP,PPP_1/sqrt(x),pp2015_atp_ppp_pf2,2006,152.2549266755688,88314615468
R10INDIA+,PP2015adjATP,1/sqrt(x),PPP,PPP_1/sqrt(x),pp2015_atp_ppp_pf2,2007,152.2551024581123,86774165528
R10INDIA+,PP2015adjATP,1/sqrt(x),PPP,PPP_1/sqrt(x),pp2015_atp_ppp_pf2,2008,152.30837366186594,85210614225
R10INDIA+,PP2015adjATP,1/sqrt(x),PPP,PPP_1/sqrt(x),pp2015_atp_ppp_pf2,2009,152.505199096415,83624332284
R10INDIA+,PP2015adjATP,1/sqrt(x),PPP,PPP_1/sqrt(x),pp2015_atp_ppp_pf2,2010,152.53215177968912,82015305886
R10INDIA+,PP2015adjATP,1/sqrt(x),PPP,PPP_1/sqrt(x),pp2015_atp_ppp_pf2,2011,152.53664916438413,80382949392
R10INDIA+,PP2015adjATP,1/sqrt(x),PPP,PPP_1/sqrt(x),pp2015_atp_ppp_pf2,2012,152.57818057775455,78727300468
R10INDIA+,PP2015adjATP,1/sqrt(x),PPP,PPP_1/sqrt(x),pp2015_atp_ppp_pf2,2013,152.43265065474878,77049060236
R10INDIA+,PP2015adjATP,1/sqrt(x),PPP,PPP_1/sqrt(x),pp2015_atp_ppp_pf2,2014,152.32206746083102,75348917549
R10INDIA+,PP2015adjATP,1/sqrt(x),PPP,PPP_1/sqrt(x),pp2015_atp_ppp_pf2,2015,152.2659504804651,73627603475
R10INDIA+,PP2015adjATP,1/sqrt(x),PPP,PPP_1/sqrt(x),pp2015_atp_ppp_pf2,2016,149.6229263647889,71885811725
R10INDIA+,PP2015adjATP,1/sqrt(x),PPP,PPP_1/sqrt(x),pp2015_atp_ppp_pf2,2017,146.72480878228356,70123375306
R10INDIA+,PP2015adjATP,1/sqrt(x),PPP,PPP_1/sqrt(x),pp2015_atp_ppp_pf2,2018,143.6826419801893,68340087159
R10INDIA+,PP2015adjATP,1/sqrt(x),PPP,PPP_1/sqrt(x),pp2015_atp_ppp_pf2,2019,140.37558067779855,66536329148
R10INDIA+,PP2015adjATP,1/sqrt(x),PPP,PPP_1/sqrt(x),pp2015_atp_ppp_pf2,2020,137.05544702243643,64712653431
R10INDIA+,PP2015adjATP,1/x,PPP,PPP_1/x,pp2015_atp_ppp_pf1,1991,156.7023845678633,108347322985
R10INDIA+,PP2015adjATP,1/x,PPP,PPP_1/x,pp2015_atp_ppp_pf1,1992,157.8612106145341,107191587569
R10INDIA+,PP2015adjATP,1/x,PPP,PPP_1/x,pp2015_atp_ppp_pf1,1993,157.99979335226027,106011254507
R10INDIA+,PP2015adjATP,1/x,PPP,PPP_1/x,pp2015_atp_ppp_pf1,1994,158.72713836122585,104806078169
R10INDIA+,PP2015adjATP,1/x,PPP,PPP_1/x,pp2015_atp_ppp_pf1,1995,158.90345038056114,103575376196
R10INDIA+,PP2015adjATP,1/x,PPP,PPP_1/x,pp2015_atp_ppp_pf1,1996,158.8515866504031,102318917382
R10INDIA+,PP2015adjATP,1/x,PPP,PPP_1/x,pp2015_atp_ppp_pf1,1997,158.80147782812222,101036616641
R10INDIA+,PP2015adjATP,1/x,PPP,PPP_1/x,pp2015_atp_ppp_pf1,1998,158.99301685719374,99728397436
R10INDIA+,PP2015adjATP,1/x,PPP,PPP_1/x,pp2015_atp_ppp_pf1,1999,158.78559987161083,98394041197
R10INDIA+,PP2015adjATP,1/x,PPP,PPP_1/x,pp2015_atp_ppp_pf1,2000,158.15720557397466,97033429184
R10INDIA+,PP2015adjATP,1/x,PPP,PPP_1/x,pp2015_atp_ppp_pf1,2001,157.7106027735412,95646026656
R10INDIA+,PP2015adjATP,1/x,PPP,PPP_1/x,pp2015_atp_ppp_pf1,2002,157.43252668185528,94231400639
R10INDIA+,PP2015adjATP,1/x,PPP,PPP_1/x,pp2015_atp_ppp_pf1,2003,157.40786129772678,92790330695
R10INDIA+,PP2015adjATP,1/x,PPP,PPP_1/x,pp2015_atp_ppp_pf1,2004,157.1498037036118,91323617678
R10INDIA+,PP2015adjATP,1/x,PPP,PPP_1/x,pp2015_atp_ppp_pf1,2005,156.9441702820347,89831468209
R10INDIA+,PP2015adjATP,1/x,PPP,PPP_1/x,pp2015_atp_ppp_pf1,2006,156.7391002412488,88314615468
R10INDIA+,PP2015adjATP,1/x,PPP,PPP_1/x,pp2015_atp_ppp_pf1,2007,156.57061063590837,86774165528
R10INDIA+,PP2015adjATP,1/x,PPP,PPP_1/x,pp2015_atp_ppp_pf1,2008,156.4904151414621,85210614225
R10INDIA+,PP2015adjATP,1/x,PPP,PPP_1/x,pp2015_atp_ppp_pf1,2009,156.70370312013378,83624332284
R10INDIA+,PP2015adjATP,1/x,PPP,PPP_1/x,pp2015_atp_ppp_pf1,2010,156.61588967027396,82015305886
R10INDIA+,PP2015adjATP,1/x,PPP,PPP_1/x,pp2015_atp_ppp_pf1,2011,156.48696165974195,80382949392
R10INDIA+,PP2015adjATP,1/x,PPP,PPP_1/x,pp2015_atp_ppp_pf1,2012,156.43570242696006,78727300468
R10INDIA+,PP2015adjATP,1/x,PPP,PPP_1/x,pp2015_atp_ppp_pf1,2013,155.9589321098432,77049060236
R10INDIA+,PP2015adjATP,1/x,PPP,PPP_1/x,pp2015_atp_ppp_pf1,2014,155.59090569738004,75348917549
R10INDIA+,PP2015adjATP,1/x,PPP,PPP_1/x,pp2015_atp_ppp_pf1,2015,155.47681392905682,73627603475
R10INDIA+,PP2015adjATP,1/x,PPP,PPP_1/x,pp2015_atp_ppp_pf1,2016,152.79362132272732,71885811725
R10INDIA+,PP2015adjATP,1/x,PPP,PPP_1/x,pp2015_atp_ppp_pf1,2017,149.81907711703835,70123375306
R10INDIA+,PP2015adjATP,1/x,PPP,PPP_1/x,pp2015_atp_ppp_pf1,2018,146.63236599548173,68340087159
R10INDIA+,PP2015adjATP,1/x,PPP,PPP_1/x,pp2015_atp_ppp_pf1,2019,143.03362635514296,66536329148
R10INDIA+,PP2015adjATP,1/x,PPP,PPP_1/x,pp2015_atp_ppp_pf1,2020,139.47170118528996,64712653431
R10INDIA+,PP1990adjATP,1/asinh(x),MER,MER_1/asinh(x),pp1990_atp_mer_pf3,1991,316.4785039504969,108347322985
R10INDIA+,PP1990adjATP,1/asinh(x),MER,MER_1/asinh(x),pp1990_atp_mer_pf3,1992,318.57314529772697,107191587569
R10INDIA+,PP1990adjATP,1/asinh(x),MER,MER_1/asinh(x),pp1990_atp_mer_pf3,1993,318.5876841878275,106011254507
R10INDIA+,PP1990adjATP,1/asinh(x),MER,MER_1/asinh(x),pp1990_atp_mer_pf3,1994,318.5691696821284,104806078169
R10INDIA+,PP1990adjATP,1/asinh(x),MER,MER_1/asinh(x),pp1990_atp_mer_pf3,1995,317.9579453657184,103575376196
R10INDIA+,PP1990adjATP,1/asinh(x),MER,MER_1/asinh(x),pp1990_atp_mer_pf3,1996,317.64855428589794,102318917382
R10INDIA+,PP1990adjATP,1/asinh(x),MER,MER_1/asinh(x),pp1990_atp_mer_pf3,1997,317.147450189888,101036616641
R10INDIA+,PP1990adjATP,1/asinh(x),MER,MER_1/asinh(x),pp1990_atp_mer_pf3,1998,316.4807036964555,99728397436
R10INDIA+,PP1990adjATP,1/asinh(x),MER,MER_1/asinh(x),pp1990_atp_mer_pf3,1999,315.61217097400623,98394041197
R10INDIA+,PP1990adjATP,1/asinh(x),MER,MER_1/asinh(x),pp1990_atp_mer_pf3,2000,314.44724372007613,97033429184
R10INDIA+,PP1990adjATP,1/asinh(x),MER,MER_1/asinh(x),pp1990_atp_mer_pf3,2001,313.4482207588429,95646026656
R10INDIA+,PP1990adjATP,1/asinh(x),MER,MER_1/asinh(x),pp1990_atp_mer_pf3,2002,312.32968649251444,94231400639
R10INDIA+,PP1990adjATP,1/asinh(x),MER,MER_1/asinh(x),pp1990_atp_mer_pf3,2003,311.2454643923872,92790330695
R10INDIA+,PP1990adjATP,1/asinh(x),MER,MER_1/asinh(x),pp1990_atp_mer_pf3,2004,309.9122932992422,91323617678
R10INDIA+,PP1990adjATP,1/asinh(x),MER,MER_1/asinh(x),pp1990_atp_mer_pf3,2005,308.47476641644005,89831468209
R10INDIA+,PP1990adjATP,1/asinh(x),MER,MER_1/asinh(x),pp1990_atp_mer_pf3,2006,307.0116325455665,88314615468
R10INDIA+,PP1990adjATP,1/asinh(x),MER,MER_1/asinh(x),pp1990_atp_mer_pf3,2007,305.54816227279,86774165528
R10INDIA+,PP1990adjATP,1/asinh(x),MER,MER_1/asinh(x),pp1990_atp_mer_pf3,2008,303.7676555458656,85210614225
R10INDIA+,PP1990adjATP,1/asinh(x),MER,MER_1/asinh(x),pp1990_atp_mer_pf3,2009,302.58361005589904,83624332284
R10INDIA+,PP1990adjATP,1/asinh(x),MER,MER_1/asinh(x),pp1990_atp_mer_pf3,2010,300.8506914120073,82015305886
R10INDIA+,PP1990adjATP,1/asinh(x),MER,MER_1/asinh(x),pp1990_atp_mer_pf3,2011,298.8067874306601,80382949392
R10INDIA+,PP1990adjATP,1/asinh(x),MER,MER_1/asinh(x),pp1990_atp_mer_pf3,2012,296.82541597528575,78727300468
R10INDIA+,PP1990adjATP,1/asinh(x),MER,MER_1/asinh(x),pp1990_atp_mer_pf3,2013,294.8593810703588,77049060236
R10INDIA+,PP1990adjATP,1/asinh(x),MER,MER_1/asinh(x),pp1990_atp_mer_pf3,2014,292.8778754822341,75348917549
R10INDIA+,PP1990adjATP,1/asinh(x),MER,MER_1/asinh(x),pp1990_atp_mer_pf3,2015,290.5202536952333,73627603475
R10INDIA+,PP1990adjATP,1/asinh(x),MER,MER_1/asinh(x),pp1990_atp_mer_pf3,2016,287.8048476968334,71885811725
R10INDIA+,PP1990adjATP,1/asinh(x),MER,MER_1/asinh(x),pp1990_atp_mer_pf3,2017,284.6243914998511,70123375306
R10INDIA+,PP1990adjATP,1/asinh(x),MER,MER_1/asinh(x),pp1990_atp_mer_pf3,2018,281.1799999480264,68340087159
R10INDIA+,PP1990adjATP,1/asinh(x),MER,MER_1/asinh(x),pp1990_atp_mer_pf3,2019,277.72947929375187,66536329148
R10INDIA+,PP1990adjATP,1/asinh(x),MER,MER_1/asinh(x),pp1990_atp_mer_pf3,2020,274.290459423605,64712653431
R10INDIA+,PP1990adjATP,1/sqrt(x),MER,MER_1/sqrt(x),pp1990_atp_mer_pf2,1991,375.69891423533267,108347322985
R10INDIA+,PP1990adjATP,1/sqrt(x),MER,MER_1/sqrt(x),pp1990_atp_mer_pf2,1992,385.7474755777032,107191587569
R10INDIA+,PP1990adjATP,1/sqrt(x),MER,MER_1/sqrt(x),pp1990_atp_mer_pf2,1993,387.92412452098245,106011254507
R10INDIA+,PP1990adjATP,1/sqrt(x),MER,MER_1/sqrt(x),pp1990_atp_mer_pf2,1994,390.07158766374255,104806078169
R10INDIA+,PP1990adjATP,1/sqrt(x),MER,MER_1/sqrt(x),pp1990_atp_mer_pf2,1995,390.51851935271327,103575376196
R10INDIA+,PP1990adjATP,1/sqrt(x),MER,MER_1/sqrt(x),pp1990_atp_mer_pf2,1996,392.7551452876047,102318917382
R10INDIA+,PP1990adjATP,1/sqrt(x),MER,MER_1/sqrt(x),pp1990_atp_mer_pf2,1997,394.6031790240077,101036616641
R10INDIA+,PP1990adjATP,1/sqrt(x),MER,MER_1/sqrt(x),pp1990_atp_mer_pf2,1998,395.7459205775168,99728397436
R10INDIA+,PP1990adjATP,1/sqrt(x),MER,MER_1/sqrt(x),pp1990_atp_mer_pf2,1999,395.9348923105441,98394041197
R10INDIA+,PP1990adjATP,1/sqrt(x),MER,MER_1/sqrt(x),pp1990_atp_mer_pf2,2000,395.10314856588826,97033429184
R10INDIA+,PP1990adjATP,1/sqrt(x),MER,MER_1/sqrt(x),pp1990_atp_mer_pf2,2001,395.2665615757469,95646026656
R10INDIA+,PP1990adjATP,1/sqrt(x),MER,MER_1/sqrt(x),pp1990_atp_mer_pf2,2002,394.72238233685545,94231400639
R10INDIA+,PP1990adjATP,1/sqrt(x),MER,MER_1/sqrt(x),pp1990_atp_mer_pf2,2003,394.4794791781649,92790330695
R10INDIA+,PP1990adjATP,1/sqrt(x),MER,MER_1/sqrt(x),pp1990_atp_mer_pf2,2004,393.4753087173687,91323617678
R10INDIA+,PP1990adjATP,1/sqrt(x),MER,MER_1/sqrt(x),pp1990_atp_mer_pf2,2005,392.4442842729258,89831468209
R10INDIA+,PP1990adjATP,1/sqrt(x),MER,MER_1/sqrt(x),pp1990_atp_mer_pf2,2006,391.68937849189456,88314615468
R10INDIA+,PP1990adjATP,1/sqrt(x),MER,MER_1/sqrt(x),pp1990_atp_mer_pf2,2007,391.513688070828,86774165528
R10INDIA+,PP1990adjATP,1/sqrt(x),MER,MER_1/sqrt(x),pp1990_atp_mer_pf2,2008,390.6892197824876,85210614225
R10INDIA+,PP1990adjATP,1/sqrt(x),MER,MER_1/sqrt(x),pp1990_atp_mer_pf2,2009,392.8761122981598,83624332284
R10INDIA+,PP1990adjATP,1/sqrt(x),MER,MER_1/sqrt(x),pp1990_atp_mer_pf2,2010,393.22581470556213,82015305886
R10INDIA+,PP1990adjATP,1/sqrt(x),MER,MER_1/sqrt(x),pp1990_atp_mer_pf2,2011,392.5463148252722,80382949392
R10INDIA+,PP1990adjATP,1/sqrt(x),MER,MER_1/sqrt(x),pp1990_atp_mer_pf2,2012,392.4600488219026,78727300468
R10INDIA+,PP1990adjATP,1/sqrt(x),MER,MER_1/sqrt(x),pp1990_atp_mer_pf2,2013,392.9121406790936,77049060236
R10INDIA+,PP1990adjATP,1/sqrt(x),MER,MER_1/sqrt(x),pp1990_atp_mer_pf2,2014,393.41137726731995,75348917549
R10INDIA+,PP1990adjATP,1/sqrt(x),MER,MER_1/sqrt(x),pp1990_atp_mer_pf2,2015,392.7636056756984,73627603475
R10INDIA+,PP1990adjATP,1/sqrt(x),MER,MER_1/sqrt(x),pp1990_atp_mer_pf2,2016,390.6997274191726,71885811725
R10INDIA+,PP1990adjATP,1/sqrt(x),MER,MER_1/sqrt(x),pp1990_atp_mer_pf2,2017,386.9266882740751,70123375306
R10INDIA+,PP1990adjATP,1/sqrt(x),MER,MER_1/sqrt(x),pp1990_atp_mer_pf2,2018,382.2182541206189,68340087159
R10INDIA+,PP1990adjATP,1/sqrt(x),MER,MER_1/sqrt(x),pp1990_atp_mer_pf2,2019,377.9346127585703,66536329148
R10INDIA+,PP1990adjATP,1/sqrt(x),MER,MER_1/sqrt(x),pp1990_atp_mer_pf2,2020,373.77039095553926,64712653431
R10INDIA+,PP1990adjATP,1/x,MER,MER_1/x,pp1990_atp_mer_pf1,1991,383.13642539699674,108347322985
R10INDIA+,PP1990adjATP,1/x,MER,MER_1/x,pp1990_atp_mer_pf1,1992,406.56827770464054,107191587569
R10INDIA+,PP1990adjATP,1/x,MER,MER_1/x,pp1990_atp_mer_pf1,1993,412.2119745603049,106011254507
R10INDIA+,PP1990adjATP,1/x,MER,MER_1/x,pp1990_atp_mer_pf1,1994,418.83126776448273,104806078169
R10INDIA+,PP1990adjATP,1/x,MER,MER_1/x,pp1990_atp_mer_pf1,1995,422.01777614622506,103575376196
R10INDIA+,PP1990adjATP,1/x,MER,MER_1/x,pp1990_atp_mer_pf1,1996,428.66093151778205,102318917382
R10INDIA+,PP1990adjATP,1/x,MER,MER_1/x,pp1990_atp_mer_pf1,1997,434.2752421910108,101036616641
R10INDIA+,PP1990adjATP,1/x,MER,MER_1/x,pp1990_atp_mer_pf1,1998,437.8517501495388,99728397436
R10INDIA+,PP1990adjATP,1/x,MER,MER_1/x,pp1990_atp_mer_pf1,1999,439.44751497166794,98394041197
R10INDIA+,PP1990adjATP,1/x,MER,MER_1/x,pp1990_atp_mer_pf1,2000,438.77182829351756,97033429184
R10INDIA+,PP1990adjATP,1/x,MER,MER_1/x,pp1990_atp_mer_pf1,2001,441.21832842878496,95646026656
R10INDIA+,PP1990adjATP,1/x,MER,MER_1/x,pp1990_atp_mer_pf1,2002,440.9206788631362,94231400639
R10INDIA+,PP1990adjATP,1/x,MER,MER_1/x,pp1990_atp_mer_pf1,2003,441.18419329836024,92790330695
R10INDIA+,PP1990adjATP,1/x,MER,MER_1/x,pp1990_atp_mer_pf1,2004,439.87435309133144,91323617678
R10INDIA+,PP1990adjATP,1/x,MER,MER_1/x,pp1990_atp_mer_pf1,2005,438.46484706597084,89831468209
R10INDIA+,PP1990adjATP,1/x,MER,MER_1/x,pp1990_atp_mer_pf1,2006,437.6550581222844,88314615468
R10INDIA+,PP1990adjATP,1/x,MER,MER_1/x,pp1990_atp_mer_pf1,2007,438.09053486346176,86774165528
R10INDIA+,PP1990adjATP,1/x,MER,MER_1/x,pp1990_atp_mer_pf1,2008,437.2973287249119,85210614225
R10INDIA+,PP1990adjATP,1/x,MER,MER_1/x,pp1990_atp_mer_pf1,2009,443.3220875181175,83624332284
R10INDIA+,PP1990adjATP,1/x,MER,MER_1/x,pp1990_atp_mer_pf1,2010,446.62589956530314,82015305886
R10INDIA+,PP1990adjATP,1/x,MER,MER_1/x,pp1990_atp_mer_pf1,2011,447.03176717907223,80382949392
R10INDIA+,PP1990adjATP,1/x,MER,MER_1/x,pp1990_atp_mer_pf1,2012,448.4509565142512,78727300468
R10INDIA+,PP1990adjATP,1/x,MER,MER_1/x,pp1990_atp_mer_pf1,2013,451.5620213484595,77049060236
R10INDIA+,PP1990adjATP,1/x,MER,MER_1/x,pp1990_atp_mer_pf1,2014,454.84882411953015,75348917549
R10INDIA+,PP1990adjATP,1/x,MER,MER_1/x,pp1990_atp_mer_pf1,2015,456.17932554167004,73627603475
R10INDIA+,PP1990adjATP,1/x,MER,MER_1/x,pp1990_atp_mer_pf1,2016,454.98024122781874,71885811725
R10INDIA+,PP1990adjATP,1/x,MER,MER_1/x,pp1990_atp_mer_pf1,2017,450.2058054014786,70123375306
R10INDIA+,PP1990adjATP,1/x,MER,MER_1/x,pp1990_atp_mer_pf1,2018,443.3409831407904,68340087159
R10INDIA+,PP1990adjATP,1/x,MER,MER_1/x,pp1990_atp_mer_pf1,2019,437.5176499765252,66536329148
R10INDIA+,PP1990adjATP,1/x,MER,MER_1/x,pp1990_atp_mer_pf1,2020,432.14993105974804,64712653431
R10INDIA+,PP1990adjATP,1/asinh(x),PPP,PPP_1/asinh(x),pp1990_atp_ppp_pf3,1991,306.0003308183543,108347322985
R10INDIA+,PP1990adjATP,1/asinh(x),PPP,PPP_1/asinh(x),pp1990_atp_ppp_pf3,1992,305.5732647431116,107191587569
R10INDIA+,PP1990adjATP,1/asinh(x),PPP,PPP_1/asinh(x),pp1990_atp_ppp_pf3,1993,304.84320974328824,106011254507
R10INDIA+,PP1990adjATP,1/asinh(x),PPP,PPP_1/asinh(x),pp1990_atp_ppp_pf3,1994,304.1455599546011,104806078169
R10INDIA+,PP1990adjATP,1/asinh(x),PPP,PPP_1/asinh(x),pp1990_atp_ppp_pf3,1995,303.30226750604913,103575376196
R10INDIA+,PP1990adjATP,1/asinh(x),PPP,PPP_1/asinh(x),pp1990_atp_ppp_pf3,1996,302.3410772545389,102318917382
R10INDIA+,PP1990adjATP,1/asinh(x),PPP,PPP_1/asinh(x),pp1990_atp_ppp_pf3,1997,301.29064053618,101036616641
R10INDIA+,PP1990adjATP,1/asinh(x),PPP,PPP_1/asinh(x),pp1990_atp_ppp_pf3,1998,300.30159783381055,99728397436
R10INDIA+,PP1990adjATP,1/asinh(x),PPP,PPP_1/asinh(x),pp1990_atp_ppp_pf3,1999,299.1999018014409,98394041197
R10INDIA+,PP1990adjATP,1/asinh(x),PPP,PPP_1/asinh(x),pp1990_atp_ppp_pf3,2000,297.9124995824039,97033429184
R10INDIA+,PP1990adjATP,1/asinh(x),PPP,PPP_1/asinh(x),pp1990_atp_ppp_pf3,2001,296.67562741274753,95646026656
R10INDIA+,PP1990adjATP,1/asinh(x),PPP,PPP_1/asinh(x),pp1990_atp_ppp_pf3,2002,295.4432964473061,94231400639
R10INDIA+,PP1990adjATP,1/asinh(x),PPP,PPP_1/asinh(x),pp1990_atp_ppp_pf3,2003,294.23981279562304,92790330695
R10INDIA+,PP1990adjATP,1/asinh(x),PPP,PPP_1/asinh(x),pp1990_atp_ppp_pf3,2004,292.9417446633706,91323617678
R10INDIA+,PP1990adjATP,1/asinh(x),PPP,PPP_1/asinh(x),pp1990_atp_ppp_pf3,2005,291.5585435964749,89831468209
R10INDIA+,PP1990adjATP,1/asinh(x),PPP,PPP_1/asinh(x),pp1990_atp_ppp_pf3,2006,290.09050168150975,88314615468
R10INDIA+,PP1990adjATP,1/asinh(x),PPP,PPP_1/asinh(x),pp1990_atp_ppp_pf3,2007,288.5155083636977,86774165528
R10INDIA+,PP1990adjATP,1/asinh(x),PPP,PPP_1/asinh(x),pp1990_atp_ppp_pf3,2008,286.8496221928032,85210614225
R10INDIA+,PP1990adjATP,1/asinh(x),PPP,PPP_1/asinh(x),pp1990_atp_ppp_pf3,2009,285.15835706045766,83624332284
R10INDIA+,PP1990adjATP,1/asinh(x),PPP,PPP_1/asinh(x),pp1990_atp_ppp_pf3,2010,283.24709586507186,82015305886
R10INDIA+,PP1990adjATP,1/asinh(x),PPP,PPP_1/asinh(x),pp1990_atp_ppp_pf3,2011,281.25446096786845,80382949392
R10INDIA+,PP1990adjATP,1/asinh(x),PPP,PPP_1/asinh(x),pp1990_atp_ppp_pf3,2012,279.1886911434649,78727300468
R10INDIA+,PP1990adjATP,1/asinh(x),PPP,PPP_1/asinh(x),pp1990_atp_ppp_pf3,2013,276.87370144243846,77049060236
R10INDIA+,PP1990adjATP,1/asinh(x),PPP,PPP_1/asinh(x),pp1990_atp_ppp_pf3,2014,274.5101734027562,75348917549
R10INDIA+,PP1990adjATP,1/asinh(x),PPP,PPP_1/asinh(x),pp1990_atp_ppp_pf3,2015,271.99407519864616,73627603475
R10INDIA+,PP1990adjATP,1/asinh(x),PPP,PPP_1/asinh(x),pp1990_atp_ppp_pf3,2016,269.32993631572293,71885811725
R10INDIA+,PP1990adjATP,1/asinh(x),PPP,PPP_1/asinh(x),pp1990_atp_ppp_pf3,2017,266.457765825748,70123375306
R10INDIA+,PP1990adjATP,1/asinh(x),PPP,PPP_1/asinh(x),pp1990_atp_ppp_pf3,2018,263.4720489834156,68340087159
R10INDIA+,PP1990adjATP,1/asinh(x),PPP,PPP_1/asinh(x),pp1990_atp_ppp_pf3,2019,260.28104259863284,66536329148
R10INDIA+,PP1990adjATP,1/asinh(x),PPP,PPP_1/asinh(x),pp1990_atp_ppp_pf3,2020,257.06155956545575,64712653431
R10INDIA+,PP1990adjATP,1/sqrt(x),PPP,PPP_1/sqrt(x),pp1990_atp_ppp_pf2,1991,357.2072958247001,108347322985
R10INDIA+,PP1990adjATP,1/sqrt(x),PPP,PPP_1/sqrt(x),pp1990_atp_ppp_pf2,1992,358.10559659146537,107191587569
R10INDIA+,PP1990adjATP,1/sqrt(x),PPP,PPP_1/sqrt(x),pp1990_atp_ppp_pf2,1993,357.94085646291836,106011254507
R10INDIA+,PP1990adjATP,1/sqrt(x),PPP,PPP_1/sqrt(x),pp1990_atp_ppp_pf2,1994,358.1403281771649,104806078169
R10INDIA+,PP1990adjATP,1/sqrt(x),PPP,PPP_1/sqrt(x),pp1990_atp_ppp_pf2,1995,357.78851618134354,103575376196
R10INDIA+,PP1990adjATP,1/sqrt(x),PPP,PPP_1/sqrt(x),pp1990_atp_ppp_pf2,1996,357.08546497538885,102318917382
R10INDIA+,PP1990adjATP,1/sqrt(x),PPP,PPP_1/sqrt(x),pp1990_atp_ppp_pf2,1997,356.23927350030044,101036616641
R10INDIA+,PP1990adjATP,1/sqrt(x),PPP,PPP_1/sqrt(x),pp1990_atp_ppp_pf2,1998,355.72645416797286,99728397436
R10INDIA+,PP1990adjATP,1/sqrt(x),PPP,PPP_1/sqrt(x),pp1990_atp_ppp_pf2,1999,354.7276323431155,98394041197
R10INDIA+,PP1990adjATP,1/sqrt(x),PPP,PPP_1/sqrt(x),pp1990_atp_ppp_pf2,2000,353.1484843421015,97033429184
R10INDIA+,PP1990adjATP,1/sqrt(x),PPP,PPP_1/sqrt(x),pp1990_atp_ppp_pf2,2001,351.86825867435465,95646026656
R10INDIA+,PP1990adjATP,1/sqrt(x),PPP,PPP_1/sqrt(x),pp1990_atp_ppp_pf2,2002,350.7098965177196,94231400639
R10INDIA+,PP1990adjATP,1/sqrt(x),PPP,PPP_1/sqrt(x),pp1990_atp_ppp_pf2,2003,349.82900590457837,92790330695
R10INDIA+,PP1990adjATP,1/sqrt(x),PPP,PPP_1/sqrt(x),pp1990_atp_ppp_pf2,2004,348.6842030696663,91323617678
R10INDIA+,PP1990adjATP,1/sqrt(x),PPP,PPP_1/sqrt(x),pp1990_atp_ppp_pf2,2005,347.4859617983635,89831468209
R10INDIA+,PP1990adjATP,1/sqrt(x),PPP,PPP_1/sqrt(x),pp1990_atp_ppp_pf2,2006,346.19447589081335,88314615468
R10INDIA+,PP1990adjATP,1/sqrt(x),PPP,PPP_1/sqrt(x),pp1990_atp_ppp_pf2,2007,344.8677573784977,86774165528
R10INDIA+,PP1990adjATP,1/sqrt(x),PPP,PPP_1/sqrt(x),pp1990_atp_ppp_pf2,2008,343.5653279966806,85210614225
R10INDIA+,PP1990adjATP,1/sqrt(x),PPP,PPP_1/sqrt(x),pp1990_atp_ppp_pf2,2009,342.50024813536106,83624332284
R10INDIA+,PP1990adjATP,1/sqrt(x),PPP,PPP_1/sqrt(x),pp1990_atp_ppp_pf2,2010,340.8849324074117,82015305886
R10INDIA+,PP1990adjATP,1/sqrt(x),PPP,PPP_1/sqrt(x),pp1990_atp_ppp_pf2,2011,339.13805204969094,80382949392
R10INDIA+,PP1990adjATP,1/sqrt(x),PPP,PPP_1/sqrt(x),pp1990_atp_ppp_pf2,2012,337.38197610987294,78727300468
R10INDIA+,PP1990adjATP,1/sqrt(x),PPP,PPP_1/sqrt(x),pp1990_atp_ppp_pf2,2013,335.01658513091843,77049060236
R10INDIA+,PP1990adjATP,1/sqrt(x),PPP,PPP_1/sqrt(x),pp1990_atp_ppp_pf2,2014,332.65228241659776,75348917549
R10INDIA+,PP1990adjATP,1/sqrt(x),PPP,PPP_1/sqrt(x),pp1990_atp_ppp_pf2,2015,330.2203841533269,73627603475
R10INDIA+,PP1990adjATP,1/sqrt(x),PPP,PPP_1/sqrt(x),pp1990_atp_ppp_pf2,2016,327.46851556951987,71885811725
R10INDIA+,PP1990adjATP,1/sqrt(x),PPP,PPP_1/sqrt(x),pp1990_atp_ppp_pf2,2017,324.3165147271334,70123375306
R10INDIA+,PP1990adjATP,1/sqrt(x),PPP,PPP_1/sqrt(x),pp1990_atp_ppp_pf2,2018,320.9577434388738,68340087159
R10INDIA+,PP1990adjATP,1/sqrt(x),PPP,PPP_1/sqrt(x),pp1990_atp_ppp_pf2,2019,317.1847725915652,66536329148
R10INDIA+,PP1990adjATP,1/sqrt(x),PPP,PPP_1/sqrt(x),pp1990_atp_ppp_pf2,2020,313.427781523504,64712653431
R10INDIA+,PP1990adjATP,1/x,PPP,PPP_1/x,pp1990_atp_ppp_pf1,1991,371.1483837598842,108347322985
R10INDIA+,PP1990adjATP,1/x,PPP,PPP_1/x,pp1990_atp_ppp_pf1,1992,373.7124993016303,107191587569
R10INDIA+,PP1990adjATP,1/x,PPP,PPP_1/x,pp1990_atp_ppp_pf1,1993,374.05333548627056,106011254507
R10INDIA+,PP1990adjATP,1/x,PPP,PPP_1/x,pp1990_atp_ppp_pf1,1994,375.7129327884884,104806078169
R10INDIA+,PP1990adjATP,1/x,PPP,PPP_1/x,pp1990_atp_ppp_pf1,1995,376.04189036320315,103575376196
R10INDIA+,PP1990adjATP,1/x,PPP,PPP_1/x,pp1990_atp_ppp_pf1,1996,375.66571321108466,102318917382
R10INDIA+,PP1990adjATP,1/x,PPP,PPP_1/x,pp1990_atp_ppp_pf1,1997,375.1182092384645,101036616641
R10INDIA+,PP1990adjATP,1/x,PPP,PPP_1/x,pp1990_atp_ppp_pf1,1998,375.07706366383223,99728397436
R10INDIA+,PP1990adjATP,1/x,PPP,PPP_1/x,pp1990_atp_ppp_pf1,1999,374.01128163803264,98394041197
R10INDIA+,PP1990adjATP,1/x,PPP,PPP_1/x,pp1990_atp_ppp_pf1,2000,371.82900349202725,97033429184
R10INDIA+,PP1990adjATP,1/x,PPP,PPP_1/x,pp1990_atp_ppp_pf1,2001,370.0751930174365,95646026656
R10INDIA+,PP1990adjATP,1/x,PPP,PPP_1/x,pp1990_atp_ppp_pf1,2002,368.6837716805726,94231400639
R10INDIA+,PP1990adjATP,1/x,PPP,PPP_1/x,pp1990_atp_ppp_pf1,2003,367.85356694090666,92790330695
R10INDIA+,PP1990adjATP,1/x,PPP,PPP_1/x,pp1990_atp_ppp_pf1,2004,366.43418518424505,91323617678
R10INDIA+,PP1990adjATP,1/x,PPP,PPP_1/x,pp1990_atp_ppp_pf1,2005,365.0379662729849,89831468209
R10INDIA+,PP1990adjATP,1/x,PPP,PPP_1/x,pp1990_atp_ppp_pf1,2006,363.5740720767446,88314615468
R10INDIA+,PP1990adjATP,1/x,PPP,PPP_1/x,pp1990_atp_ppp_pf1,2007,362.0960933550772,86774165528
R10INDIA+,PP1990adjATP,1/x,PPP,PPP_1/x,pp1990_atp_ppp_pf1,2008,360.73637449539626,85210614225
R10INDIA+,PP1990adjATP,1/x,PPP,PPP_1/x,pp1990_atp_ppp_pf1,2009,359.9599867055571,83624332284
R10INDIA+,PP1990adjATP,1/x,PPP,PPP_1/x,pp1990_atp_ppp_pf1,2010,358.2954058399558,82015305886
R10INDIA+,PP1990adjATP,1/x,PPP,PPP_1/x,pp1990_atp_ppp_pf1,2011,356.4369373970118,80382949392
R10INDIA+,PP1990adjATP,1/x,PPP,PPP_1/x,pp1990_atp_ppp_pf1,2012,354.6544877088205,78727300468
R10INDIA+,PP1990adjATP,1/x,PPP,PPP_1/x,pp1990_atp_ppp_pf1,2013,351.6840173828756,77049060236
R10INDIA+,PP1990adjATP,1/x,PPP,PPP_1/x,pp1990_atp_ppp_pf1,2014,348.8656248493977,75348917549
R10INDIA+,PP1990adjATP,1/x,PPP,PPP_1/x,pp1990_atp_ppp_pf1,2015,346.4198682915407,73627603475
R10INDIA+,PP1990adjATP,1/x,PPP,PPP_1/x,pp1990_atp_ppp_pf1,2016,343.6620113561978,71885811725
R10INDIA+,PP1990adjATP,1/x,PPP,PPP_1/x,pp1990_atp_ppp_pf1,2017,340.39183157349515,70123375306
R10INDIA+,PP1990adjATP,1/x,PPP,PPP_1/x,pp1990_atp_ppp_pf1,2018,336.74367808710446,68340087159
R10INDIA+,PP1990adjATP,1/x,PPP,PPP_1/x,pp1990_atp_ppp_pf1,2019,332.3224298518697,66536329148
R10INDIA+,PP1990adjATP,1/x,PPP,PPP_1/x,pp1990_atp_ppp_pf1,2020,328.0250328604503,64712653431
R10INDIA+,PP1850adjATP,1/asinh(x),MER,MER_1/asinh(x),pp1850_atp_mer_pf3,1991,462.61002315135113,108347322985
R10INDIA+,PP1850adjATP,1/asinh(x),MER,MER_1/asinh(x),pp1850_atp_mer_pf3,1992,464.7046644985814,107191587569
R10INDIA+,PP1850adjATP,1/asinh(x),MER,MER_1/asinh(x),pp1850_atp_mer_pf3,1993,464.7192033886818,106011254507
R10INDIA+,PP1850adjATP,1/asinh(x),MER,MER_1/asinh(x),pp1850_atp_mer_pf3,1994,464.7006888829826,104806078169
R10INDIA+,PP1850adjATP,1/asinh(x),MER,MER_1/asinh(x),pp1850_atp_mer_pf3,1995,464.08946456657264,103575376196
R10INDIA+,PP1850adjATP,1/asinh(x),MER,MER_1/asinh(x),pp1850_atp_mer_pf3,1996,463.78007348675226,102318917382
R10INDIA+,PP1850adjATP,1/asinh(x),MER,MER_1/asinh(x),pp1850_atp_mer_pf3,1997,463.27896939074213,101036616641
R10INDIA+,PP1850adjATP,1/asinh(x),MER,MER_1/asinh(x),pp1850_atp_mer_pf3,1998,462.6122228973098,99728397436
R10INDIA+,PP1850adjATP,1/asinh(x),MER,MER_1/asinh(x),pp1850_atp_mer_pf3,1999,461.7436901748605,98394041197
R10INDIA+,PP1850adjATP,1/asinh(x),MER,MER_1/asinh(x),pp1850_atp_mer_pf3,2000,460.5787629209302,97033429184
R10INDIA+,PP1850adjATP,1/asinh(x),MER,MER_1/asinh(x),pp1850_atp_mer_pf3,2001,459.5797399596971,95646026656
R10INDIA+,PP1850adjATP,1/asinh(x),MER,MER_1/asinh(x),pp1850_atp_mer_pf3,2002,458.46120569336875,94231400639
R10INDIA+,PP1850adjATP,1/asinh(x),MER,MER_1/asinh(x),pp1850_atp_mer_pf3,2003,457.3769835932415,92790330695
R10INDIA+,PP1850adjATP,1/asinh(x),MER,MER_1/asinh(x),pp1850_atp_mer_pf3,2004,456.0438125000964,91323617678
R10INDIA+,PP1850adjATP,1/asinh(x),MER,MER_1/asinh(x),pp1850_atp_mer_pf3,2005,454.6062856172944,89831468209
R10INDIA+,PP1850adjATP,1/asinh(x),MER,MER_1/asinh(x),pp1850_atp_mer_pf3,2006,453.14315174642064,88314615468
R10INDIA+,PP1850adjATP,1/asinh(x),MER,MER_1/asinh(x),pp1850_atp_mer_pf3,2007,451.6796814736444,86774165528
R10INDIA+,PP1850adjATP,1/asinh(x),MER,MER_1/asinh(x),pp1850_atp_mer_pf3,2008,449.89917474671995,85210614225
R10INDIA+,PP1850adjATP,1/asinh(x),MER,MER_1/asinh(x),pp1850_atp_mer_pf3,2009,448.71512925675324,83624332284
R10INDIA+,PP1850adjATP,1/asinh(x),MER,MER_1/asinh(x),pp1850_atp_mer_pf3,2010,446.9822106128616,82015305886
R10INDIA+,PP1850adjATP,1/asinh(x),MER,MER_1/asinh(x),pp1850_atp_mer_pf3,2011,444.9383066315143,80382949392
R10INDIA+,PP1850adjATP,1/asinh(x),MER,MER_1/asinh(x),pp1850_atp_mer_pf3,2012,442.95693517614006,78727300468
R10INDIA+,PP1850adjATP,1/asinh(x),MER,MER_1/asinh(x),pp1850_atp_mer_pf3,2013,440.99090027121304,77049060236
R10INDIA+,PP1850adjATP,1/asinh(x),MER,MER_1/asinh(x),pp1850_atp_mer_pf3,2014,439.0093946830883,75348917549
R10INDIA+,PP1850adjATP,1/asinh(x),MER,MER_1/asinh(x),pp1850_atp_mer_pf3,2015,436.65177289608755,73627603475
R10INDIA+,PP1850adjATP,1/asinh(x),MER,MER_1/asinh(x),pp1850_atp_mer_pf3,2016,433.9363668976877,71885811725
R10INDIA+,PP1850adjATP,1/asinh(x),MER,MER_1/asinh(x),pp1850_atp_mer_pf3,2017,430.75591070070533,70123375306
R10INDIA+,PP1850adjATP,1/asinh(x),MER,MER_1/asinh(x),pp1850_atp_mer_pf3,2018,427.31151914888073,68340087159
R10INDIA+,PP1850adjATP,1/asinh(x),MER,MER_1/asinh(x),pp1850_atp_mer_pf3,2019,423.86099849460606,66536329148
R10INDIA+,PP1850adjATP,1/asinh(x),MER,MER_1/asinh(x),pp1850_atp_mer_pf3,2020,420.42197862445926,64712653431
R10INDIA+,PP1850adjATP,1/sqrt(x),MER,MER_1/sqrt(x),pp1850_atp_mer_pf2,1991,521.8304334361869,108347322985
R10INDIA+,PP1850adjATP,1/sqrt(x),MER,MER_1/sqrt(x),pp1850_atp_mer_pf2,1992,531.8789947785573,107191587569
R10INDIA+,PP1850adjATP,1/sqrt(x),MER,MER_1/sqrt(x),pp1850_atp_mer_pf2,1993,534.0556437218366,106011254507
R10INDIA+,PP1850adjATP,1/sqrt(x),MER,MER_1/sqrt(x),pp1850_atp_mer_pf2,1994,536.2031068645967,104806078169
R10INDIA+,PP1850adjATP,1/sqrt(x),MER,MER_1/sqrt(x),pp1850_atp_mer_pf2,1995,536.6500385535675,103575376196
R10INDIA+,PP1850adjATP,1/sqrt(x),MER,MER_1/sqrt(x),pp1850_atp_mer_pf2,1996,538.8866644884589,102318917382
R10INDIA+,PP1850adjATP,1/sqrt(x),MER,MER_1/sqrt(x),pp1850_atp_mer_pf2,1997,540.7346982248619,101036616641
R10INDIA+,PP1850adjATP,1/sqrt(x),MER,MER_1/sqrt(x),pp1850_atp_mer_pf2,1998,541.8774397783709,99728397436
R10INDIA+,PP1850adjATP,1/sqrt(x),MER,MER_1/sqrt(x),pp1850_atp_mer_pf2,1999,542.0664115113983,98394041197
R10INDIA+,PP1850adjATP,1/sqrt(x),MER,MER_1/sqrt(x),pp1850_atp_mer_pf2,2000,541.2346677667425,97033429184
R10INDIA+,PP1850adjATP,1/sqrt(x),MER,MER_1/sqrt(x),pp1850_atp_mer_pf2,2001,541.3980807766011,95646026656
R10INDIA+,PP1850adjATP,1/sqrt(x),MER,MER_1/sqrt(x),pp1850_atp_mer_pf2,2002,540.8539015377097,94231400639
R10INDIA+,PP1850adjATP,1/sqrt(x),MER,MER_1/sqrt(x),pp1850_atp_mer_pf2,2003,540.6109983790192,92790330695
R10INDIA+,PP1850adjATP,1/sqrt(x),MER,MER_1/sqrt(x),pp1850_atp_mer_pf2,2004,539.6068279182228,91323617678
R10INDIA+,PP1850adjATP,1/sqrt(x),MER,MER_1/sqrt(x),pp1850_atp_mer_pf2,2005,538.5758034737801,89831468209
R10INDIA+,PP1850adjATP,1/sqrt(x),MER,MER_1/sqrt(x),pp1850_atp_mer_pf2,2006,537.8208976927488,88314615468
R10INDIA+,PP1850adjATP,1/sqrt(x),MER,MER_1/sqrt(x),pp1850_atp_mer_pf2,2007,537.6452072716822,86774165528
R10INDIA+,PP1850adjATP,1/sqrt(x),MER,MER_1/sqrt(x),pp1850_atp_mer_pf2,2008,536.8207389833417,85210614225
R10INDIA+,PP1850adjATP,1/sqrt(x),MER,MER_1/sqrt(x),pp1850_atp_mer_pf2,2009,539.0076314990141,83624332284
R10INDIA+,PP1850adjATP,1/sqrt(x),MER,MER_1/sqrt(x),pp1850_atp_mer_pf2,2010,539.3573339064163,82015305886
R10INDIA+,PP1850adjATP,1/sqrt(x),MER,MER_1/sqrt(x),pp1850_atp_mer_pf2,2011,538.6778340261263,80382949392
R10INDIA+,PP1850adjATP,1/sqrt(x),MER,MER_1/sqrt(x),pp1850_atp_mer_pf2,2012,538.5915680227569,78727300468
R10INDIA+,PP1850adjATP,1/sqrt(x),MER,MER_1/sqrt(x),pp1850_atp_mer_pf2,2013,539.0436598799479,77049060236
R10INDIA+,PP1850adjATP,1/sqrt(x),MER,MER_1/sqrt(x),pp1850_atp_mer_pf2,2014,539.542896468174,75348917549
R10INDIA+,PP1850adjATP,1/sqrt(x),MER,MER_1/sqrt(x),pp1850_atp_mer_pf2,2015,538.8951248765527,73627603475
R10INDIA+,PP1850adjATP,1/sqrt(x),MER,MER_1/sqrt(x),pp1850_atp_mer_pf2,2016,536.8312466200268,71885811725
R10INDIA+,PP1850adjATP,1/sqrt(x),MER,MER_1/sqrt(x),pp1850_atp_mer_pf2,2017,533.0582074749294,70123375306
R10INDIA+,PP1850adjATP,1/sqrt(x),MER,MER_1/sqrt(x),pp1850_atp_mer_pf2,2018,528.3497733214731,68340087159
R10INDIA+,PP1850adjATP,1/sqrt(x),MER,MER_1/sqrt(x),pp1850_atp_mer_pf2,2019,524.0661319594245,66536329148
R10INDIA+,PP1850adjATP,1/sqrt(x),MER,MER_1/sqrt(x),pp1850_atp_mer_pf2,2020,519.9019101563935,64712653431
R10INDIA+,PP1850adjATP,1/x,MER,MER_1/x,pp1850_atp_mer_pf1,1991,529.2679445978509,108347322985
R10INDIA+,PP1850adjATP,1/x,MER,MER_1/x,pp1850_atp_mer_pf1,1992,552.6997969054947,107191587569
R10INDIA+,PP1850adjATP,1/x,MER,MER_1/x,pp1850_atp_mer_pf1,1993,558.343493761159,106011254507
R10INDIA+,PP1850adjATP,1/x,MER,MER_1/x,pp1850_atp_mer_pf1,1994,564.9627869653369,104806078169
R10INDIA+,PP1850adjATP,1/x,MER,MER_1/x,pp1850_atp_mer_pf1,1995,568.1492953470793,103575376196
R10INDIA+,PP1850adjATP,1/x,MER,MER_1/x,pp1850_atp_mer_pf1,1996,574.7924507186362,102318917382
R10INDIA+,PP1850adjATP,1/x,MER,MER_1/x,pp1850_atp_mer_pf1,1997,580.4067613918651,101036616641
R10INDIA+,PP1850adjATP,1/x,MER,MER_1/x,pp1850_atp_mer_pf1,1998,583.983269350393,99728397436
R10INDIA+,PP1850adjATP,1/x,MER,MER_1/x,pp1850_atp_mer_pf1,1999,585.5790341725223,98394041197
R10INDIA+,PP1850adjATP,1/x,MER,MER_1/x,pp1850_atp_mer_pf1,2000,584.9033474943719,97033429184
R10INDIA+,PP1850adjATP,1/x,MER,MER_1/x,pp1850_atp_mer_pf1,2001,587.3498476296393,95646026656
R10INDIA+,PP1850adjATP,1/x,MER,MER_1/x,pp1850_atp_mer_pf1,2002,587.0521980639904,94231400639
R10INDIA+,PP1850adjATP,1/x,MER,MER_1/x,pp1850_atp_mer_pf1,2003,587.3157124992144,92790330695
R10INDIA+,PP1850adjATP,1/x,MER,MER_1/x,pp1850_atp_mer_pf1,2004,586.0058722921858,91323617678
R10INDIA+,PP1850adjATP,1/x,MER,MER_1/x,pp1850_atp_mer_pf1,2005,584.5963662668252,89831468209
R10INDIA+,PP1850adjATP,1/x,MER,MER_1/x,pp1850_atp_mer_pf1,2006,583.7865773231385,88314615468
R10INDIA+,PP1850adjATP,1/x,MER,MER_1/x,pp1850_atp_mer_pf1,2007,584.222054064316,86774165528
R10INDIA+,PP1850adjATP,1/x,MER,MER_1/x,pp1850_atp_mer_pf1,2008,583.4288479257661,85210614225
R10INDIA+,PP1850adjATP,1/x,MER,MER_1/x,pp1850_atp_mer_pf1,2009,589.4536067189717,83624332284
R10INDIA+,PP1850adjATP,1/x,MER,MER_1/x,pp1850_atp_mer_pf1,2010,592.7574187661575,82015305886
R10INDIA+,PP1850adjATP,1/x,MER,MER_1/x,pp1850_atp_mer_pf1,2011,593.1632863799264,80382949392
R10INDIA+,PP1850adjATP,1/x,MER,MER_1/x,pp1850_atp_mer_pf1,2012,594.5824757151055,78727300468
R10INDIA+,PP1850adjATP,1/x,MER,MER_1/x,pp1850_atp_mer_pf1,2013,597.6935405493139,77049060236
R10INDIA+,PP1850adjATP,1/x,MER,MER_1/x,pp1850_atp_mer_pf1,2014,600.9803433203845,75348917549
R10INDIA+,PP1850adjATP,1/x,MER,MER_1/x,pp1850_atp_mer_pf1,2015,602.3108447425244,73627603475
R10INDIA+,PP1850adjATP,1/x,MER,MER_1/x,pp1850_atp_mer_pf1,2016,601.111760428673,71885811725
R10INDIA+,PP1850adjATP,1/x,MER,MER_1/x,pp1850_atp_mer_pf1,2017,596.3373246023327,70123375306
R10INDIA+,PP1850adjATP,1/x,MER,MER_1/x,pp1850_atp_mer_pf1,2018,589.4725023416447,68340087159
R10INDIA+,PP1850adjATP,1/x,MER,MER_1/x,pp1850_atp_mer_pf1,2019,583.6491691773795,66536329148
R10INDIA+,PP1850adjATP,1/x,MER,MER_1/x,pp1850_atp_mer_pf1,2020,578.2814502606022,64712653431
R10INDIA+,PP1850adjATP,1/asinh(x),PPP,PPP_1/asinh(x),pp1850_atp_ppp_pf3,1991,452.1318500192085,108347322985
R10INDIA+,PP1850adjATP,1/asinh(x),PPP,PPP_1/asinh(x),pp1850_atp_ppp_pf3,1992,451.70478394396594,107191587569
R10INDIA+,PP1850adjATP,1/asinh(x),PPP,PPP_1/asinh(x),pp1850_atp_ppp_pf3,1993,450.9747289441425,106011254507
R10INDIA+,PP1850adjATP,1/asinh(x),PPP,PPP_1/asinh(x),pp1850_atp_ppp_pf3,1994,450.27707915545534,104806078169
R10INDIA+,PP1850adjATP,1/asinh(x),PPP,PPP_1/asinh(x),pp1850_atp_ppp_pf3,1995,449.4337867069035,103575376196
R10INDIA+,PP1850adjATP,1/asinh(x),PPP,PPP_1/asinh(x),pp1850_atp_ppp_pf3,1996,448.4725964553931,102318917382
R10INDIA+,PP1850adjATP,1/asinh(x),PPP,PPP_1/asinh(x),pp1850_atp_ppp_pf3,1997,447.42215973703424,101036616641
R10INDIA+,PP1850adjATP,1/asinh(x),PPP,PPP_1/asinh(x),pp1850_atp_ppp_pf3,1998,446.4331170346649,99728397436
R10INDIA+,PP1850adjATP,1/asinh(x),PPP,PPP_1/asinh(x),pp1850_atp_ppp_pf3,1999,445.33142100229514,98394041197
R10INDIA+,PP1850adjATP,1/asinh(x),PPP,PPP_1/asinh(x),pp1850_atp_ppp_pf3,2000,444.0440187832582,97033429184
R10INDIA+,PP1850adjATP,1/asinh(x),PPP,PPP_1/asinh(x),pp1850_atp_ppp_pf3,2001,442.80714661360173,95646026656
R10INDIA+,PP1850adjATP,1/asinh(x),PPP,PPP_1/asinh(x),pp1850_atp_ppp_pf3,2002,441.5748156481603,94231400639
R10INDIA+,PP1850adjATP,1/asinh(x),PPP,PPP_1/asinh(x),pp1850_atp_ppp_pf3,2003,440.37133199647724,92790330695
R10INDIA+,PP1850adjATP,1/asinh(x),PPP,PPP_1/asinh(x),pp1850_atp_ppp_pf3,2004,439.0732638642249,91323617678
R10INDIA+,PP1850adjATP,1/asinh(x),PPP,PPP_1/asinh(x),pp1850_atp_ppp_pf3,2005,437.6900627973291,89831468209
R10INDIA+,PP1850adjATP,1/asinh(x),PPP,PPP_1/asinh(x),pp1850_atp_ppp_pf3,2006,436.22202088236395,88314615468
R10INDIA+,PP1850adjATP,1/asinh(x),PPP,PPP_1/asinh(x),pp1850_atp_ppp_pf3,2007,434.64702756455193,86774165528
R10INDIA+,PP1850adjATP,1/asinh(x),PPP,PPP_1/asinh(x),pp1850_atp_ppp_pf3,2008,432.9811413936574,85210614225
R10INDIA+,PP1850adjATP,1/asinh(x),PPP,PPP_1/asinh(x),pp1850_atp_ppp_pf3,2009,431.2898762613119,83624332284
R10INDIA+,PP1850adjATP,1/asinh(x),PPP,PPP_1/asinh(x),pp1850_atp_ppp_pf3,2010,429.3786150659261,82015305886
R10INDIA+,PP1850adjATP,1/asinh(x),PPP,PPP_1/asinh(x),pp1850_atp_ppp_pf3,2011,427.3859801687226,80382949392
R10INDIA+,PP1850adjATP,1/asinh(x),PPP,PPP_1/asinh(x),pp1850_atp_ppp_pf3,2012,425.32021034431915,78727300468
R10INDIA+,PP1850adjATP,1/asinh(x),PPP,PPP_1/asinh(x),pp1850_atp_ppp_pf3,2013,423.0052206432927,77049060236
R10INDIA+,PP1850adjATP,1/asinh(x),PPP,PPP_1/asinh(x),pp1850_atp_ppp_pf3,2014,420.64169260361047,75348917549
R10INDIA+,PP1850adjATP,1/asinh(x),PPP,PPP_1/asinh(x),pp1850_atp_ppp_pf3,2015,418.12559439950047,73627603475
R10INDIA+,PP1850adjATP,1/asinh(x),PPP,PPP_1/asinh(x),pp1850_atp_ppp_pf3,2016,415.4614555165772,71885811725
R10INDIA+,PP1850adjATP,1/asinh(x),PPP,PPP_1/asinh(x),pp1850_atp_ppp_pf3,2017,412.5892850266023,70123375306
R10INDIA+,PP1850adjATP,1/asinh(x),PPP,PPP_1/asinh(x),pp1850_atp_ppp_pf3,2018,409.6035681842699,68340087159
R10INDIA+,PP1850adjATP,1/asinh(x),PPP,PPP_1/asinh(x),pp1850_atp_ppp_pf3,2019,406.4125617994871,66536329148
R10INDIA+,PP1850adjATP,1/asinh(x),PPP,PPP_1/asinh(x),pp1850_atp_ppp_pf3,2020,403.19307876631007,64712653431
R10INDIA+,PP1850adjATP,1/sqrt(x),PPP,PPP_1/sqrt(x),pp1850_atp_ppp_pf2,1991,503.3388150255543,108347322985
R10INDIA+,PP1850adjATP,1/sqrt(x),PPP,PPP_1/sqrt(x),pp1850_atp_ppp_pf2,1992,504.2371157923197,107191587569
R10INDIA+,PP1850adjATP,1/sqrt(x),PPP,PPP_1/sqrt(x),pp1850_atp_ppp_pf2,1993,504.07237566377256,106011254507
R10INDIA+,PP1850adjATP,1/sqrt(x),PPP,PPP_1/sqrt(x),pp1850_atp_ppp_pf2,1994,504.27184737801923,104806078169
R10INDIA+,PP1850adjATP,1/sqrt(x),PPP,PPP_1/sqrt(x),pp1850_atp_ppp_pf2,1995,503.9200353821978,103575376196
R10INDIA+,PP1850adjATP,1/sqrt(x),PPP,PPP_1/sqrt(x),pp1850_atp_ppp_pf2,1996,503.2169841762431,102318917382
R10INDIA+,PP1850adjATP,1/sqrt(x),PPP,PPP_1/sqrt(x),pp1850_atp_ppp_pf2,1997,502.3707927011546,101036616641
R10INDIA+,PP1850adjATP,1/sqrt(x),PPP,PPP_1/sqrt(x),pp1850_atp_ppp_pf2,1998,501.85797336882723,99728397436
R10INDIA+,PP1850adjATP,1/sqrt(x),PPP,PPP_1/sqrt(x),pp1850_atp_ppp_pf2,1999,500.8591515439697,98394041197
R10INDIA+,PP1850adjATP,1/sqrt(x),PPP,PPP_1/sqrt(x),pp1850_atp_ppp_pf2,2000,499.2800035429557,97033429184
R10INDIA+,PP1850adjATP,1/sqrt(x),PPP,PPP_1/sqrt(x),pp1850_atp_ppp_pf2,2001,497.9997778752089,95646026656
R10INDIA+,PP1850adjATP,1/sqrt(x),PPP,PPP_1/sqrt(x),pp1850_atp_ppp_pf2,2002,496.8414157185737,94231400639
R10INDIA+,PP1850adjATP,1/sqrt(x),PPP,PPP_1/sqrt(x),pp1850_atp_ppp_pf2,2003,495.96052510543274,92790330695
R10INDIA+,PP1850adjATP,1/sqrt(x),PPP,PPP_1/sqrt(x),pp1850_atp_ppp_pf2,2004,494.81572227052055,91323617678
R10INDIA+,PP1850adjATP,1/sqrt(x),PPP,PPP_1/sqrt(x),pp1850_atp_ppp_pf2,2005,493.6174809992178,89831468209
R10INDIA+,PP1850adjATP,1/sqrt(x),PPP,PPP_1/sqrt(x),pp1850_atp_ppp_pf2,2006,492.3259950916676,88314615468
R10INDIA+,PP1850adjATP,1/sqrt(x),PPP,PPP_1/sqrt(x),pp1850_atp_ppp_pf2,2007,490.999276579352,86774165528
R10INDIA+,PP1850adjATP,1/sqrt(x),PPP,PPP_1/sqrt(x),pp1850_atp_ppp_pf2,2008,489.69684719753474,85210614225
R10INDIA+,PP1850adjATP,1/sqrt(x),PPP,PPP_1/sqrt(x),pp1850_atp_ppp_pf2,2009,488.6317673362153,83624332284
R10INDIA+,PP1850adjATP,1/sqrt(x),PPP,PPP_1/sqrt(x),pp1850_atp_ppp_pf2,2010,487.01645160826587,82015305886
R10INDIA+,PP1850adjATP,1/sqrt(x),PPP,PPP_1/sqrt(x),pp1850_atp_ppp_pf2,2011,485.2695712505452,80382949392
R10INDIA+,PP1850adjATP,1/sqrt(x),PPP,PPP_1/sqrt(x),pp1850_atp_ppp_pf2,2012,483.51349531072714,78727300468
R10INDIA+,PP1850adjATP,1/sqrt(x),PPP,PPP_1/sqrt(x),pp1850_atp_ppp_pf2,2013,481.14810433177274,77049060236
R10INDIA+,PP1850adjATP,1/sqrt(x),PPP,PPP_1/sqrt(x),pp1850_atp_ppp_pf2,2014,478.7838016174521,75348917549
R10INDIA+,PP1850adjATP,1/sqrt(x),PPP,PPP_1/sqrt(x),pp1850_atp_ppp_pf2,2015,476.3519033541811,73627603475
R10INDIA+,PP1850adjATP,1/sqrt(x),PPP,PPP_1/sqrt(x),pp1850_atp_ppp_pf2,2016,473.6000347703742,71885811725
R10INDIA+,PP1850adjATP,1/sqrt(x),PPP,PPP_1/sqrt(x),pp1850_atp_ppp_pf2,2017,470.44803392798764,70123375306
R10INDIA+,PP1850adjATP,1/sqrt(x),PPP,PPP_1/sqrt(x),pp1850_atp_ppp_pf2,2018,467.08926263972813,68340087159
R10INDIA+,PP1850adjATP,1/sqrt(x),PPP,PPP_1/sqrt(x),pp1850_atp_ppp_pf2,2019,463.31629179241946,66536329148
R10INDIA+,PP1850adjATP,1/sqrt(x),PPP,PPP_1/sqrt(x),pp1850_atp_ppp_pf2,2020,459.55930072435825,64712653431
R10INDIA+,PP1850adjATP,1/x,PPP,PPP_1/x,pp1850_atp_ppp_pf1,1991,517.2799029607385,108347322985
R10INDIA+,PP1850adjATP,1/x,PPP,PPP_1/x,pp1850_atp_ppp_pf1,1992,519.8440185024845,107191587569
R10INDIA+,PP1850adjATP,1/x,PPP,PPP_1/x,pp1850_atp_ppp_pf1,1993,520.1848546871249,106011254507
R10INDIA+,PP1850adjATP,1/x,PPP,PPP_1/x,pp1850_atp_ppp_pf1,1994,521.8444519893426,104806078169
R10INDIA+,PP1850adjATP,1/x,PPP,PPP_1/x,pp1850_atp_ppp_pf1,1995,522.1734095640574,103575376196
R10INDIA+,PP1850adjATP,1/x,PPP,PPP_1/x,pp1850_atp_ppp_pf1,1996,521.7972324119389,102318917382
R10INDIA+,PP1850adjATP,1/x,PPP,PPP_1/x,pp1850_atp_ppp_pf1,1997,521.2497284393187,101036616641
R10INDIA+,PP1850adjATP,1/x,PPP,PPP_1/x,pp1850_atp_ppp_pf1,1998,521.2085828646864,99728397436
R10INDIA+,PP1850adjATP,1/x,PPP,PPP_1/x,pp1850_atp_ppp_pf1,1999,520.142800838887,98394041197
R10INDIA+,PP1850adjATP,1/x,PPP,PPP_1/x,pp1850_atp_ppp_pf1,2000,517.9605226928816,97033429184
R10INDIA+,PP1850adjATP,1/x,PPP,PPP_1/x,pp1850_atp_ppp_pf1,2001,516.2067122182907,95646026656
R10INDIA+,PP1850adjATP,1/x,PPP,PPP_1/x,pp1850_atp_ppp_pf1,2002,514.8152908814268,94231400639
R10INDIA+,PP1850adjATP,1/x,PPP,PPP_1/x,pp1850_atp_ppp_pf1,2003,513.9850861417609,92790330695
R10INDIA+,PP1850adjATP,1/x,PPP,PPP_1/x,pp1850_atp_ppp_pf1,2004,512.5657043850993,91323617678
R10INDIA+,PP1850adjATP,1/x,PPP,PPP_1/x,pp1850_atp_ppp_pf1,2005,511.1694854738391,89831468209
R10INDIA+,PP1850adjATP,1/x,PPP,PPP_1/x,pp1850_atp_ppp_pf1,2006,509.7055912775989,88314615468
R10INDIA+,PP1850adjATP,1/x,PPP,PPP_1/x,pp1850_atp_ppp_pf1,2007,508.2276125559314,86774165528
R10INDIA+,PP1850adjATP,1/x,PPP,PPP_1/x,pp1850_atp_ppp_pf1,2008,506.8678936962505,85210614225
R10INDIA+,PP1850adjATP,1/x,PPP,PPP_1/x,pp1850_atp_ppp_pf1,2009,506.0915059064113,83624332284
R10INDIA+,PP1850adjATP,1/x,PPP,PPP_1/x,pp1850_atp_ppp_pf1,2010,504.4269250408101,82015305886
R10INDIA+,PP1850adjATP,1/x,PPP,PPP_1/x,pp1850_atp_ppp_pf1,2011,502.5684565978661,80382949392
R10INDIA+,PP1850adjATP,1/x,PPP,PPP_1/x,pp1850_atp_ppp_pf1,2012,500.7860069096748,78727300468
R10INDIA+,PP1850adjATP,1/x,PPP,PPP_1/x,pp1850_atp_ppp_pf1,2013,497.81553658372985,77049060236
R10INDIA+,PP1850adjATP,1/x,PPP,PPP_1/x,pp1850_atp_ppp_pf1,2014,494.997144050252,75348917549
R10INDIA+,PP1850adjATP,1/x,PPP,PPP_1/x,pp1850_atp_ppp_pf1,2015,492.551387492395,73627603475
R10INDIA+,PP1850adjATP,1/x,PPP,PPP_1/x,pp1850_atp_ppp_pf1,2016,489.793530557052,71885811725
R10INDIA+,PP1850adjATP,1/x,PPP,PPP_1/x,pp1850_atp_ppp_pf1,2017,486.52335077434935,70123375306
R10INDIA+,PP1850adjATP,1/x,PPP,PPP_1/x,pp1850_atp_ppp_pf1,2018,482.8751972879588,68340087159
R10INDIA+,PP1850adjATP,1/x,PPP,PPP_1/x,pp1850_atp_ppp_pf1,2019,478.4539490527239,66536329148
R10INDIA+,PP1850adjATP,1/x,PPP,PPP_1/x,pp1850_atp_ppp_pf1,2020,474.15655206130464,64712653431
R10LATIN_AM,PP2015,NA,NA,NA,pp2015,1991,38.455599761956414,35130019057
R10LATIN_AM,PP2015,NA,NA,NA,pp2015,1992,38.455599761956414,34715502412
R10LATIN_AM,PP2015,NA,NA,NA,pp2015,1993,38.455599761956414,34293403729
R10LATIN_AM,PP2015,NA,NA,NA,pp2015,1994,38.455599761956414,33863735417
R10LATIN_AM,PP2015,NA,NA,NA,pp2015,1995,38.455599761956414,33426490012
R10LATIN_AM,PP2015,NA,NA,NA,pp2015,1996,38.455599761956414,32981702667
R10LATIN_AM,PP2015,NA,NA,NA,pp2015,1997,38.455599761956414,32529476006
R10LATIN_AM,PP2015,NA,NA,NA,pp2015,1998,38.455599761956414,32069876673
R10LATIN_AM,PP2015,NA,NA,NA,pp2015,1999,38.455599761956414,31602974599
R10LATIN_AM,PP2015,NA,NA,NA,pp2015,2000,38.455599761956414,31128875293
R10LATIN_AM,PP2015,NA,NA,NA,pp2015,2001,38.455599761956414,30647724471
R10LATIN_AM,PP2015,NA,NA,NA,pp2015,2002,38.455599761956414,30159671730
R10LATIN_AM,PP2015,NA,NA,NA,pp2015,2003,38.455599761956414,29664861110
R10LATIN_AM,PP2015,NA,NA,NA,pp2015,2004,38.455599761956414,29163489785
R10LATIN_AM,PP2015,NA,NA,NA,pp2015,2005,38.455599761956414,28655664001
R10LATIN_AM,PP2015,NA,NA,NA,pp2015,2006,38.455599761956414,28141450062
R10LATIN_AM,PP2015,NA,NA,NA,pp2015,2007,38.455599761956414,27620979546
R10LATIN_AM,PP2015,NA,NA,NA,pp2015,2008,38.455599761956414,27094360722
R10LATIN_AM,PP2015,NA,NA,NA,pp2015,2009,38.455599761956414,26561710077
R10LATIN_AM,PP2015,NA,NA,NA,pp2015,2010,38.455599761956414,26023077338
R10LATIN_AM,PP2015,NA,NA,NA,pp2015,2011,38.455599761956414,25478356597
R10LATIN_AM,PP2015,NA,NA,NA,pp2015,2012,38.455599761956414,24927377289
R10LATIN_AM,PP2015,NA,NA,NA,pp2015,2013,38.455599761956414,24370122456
R10LATIN_AM,PP2015,NA,NA,NA,pp2015,2014,38.455599761956414,23806712770
R10LATIN_AM,PP2015,NA,NA,NA,pp2015,2015,38.455599761956414,23237216056
R10LATIN_AM,PP2015,NA,NA,NA,pp2015,2016,36.80619002667457,22661670336
R10LATIN_AM,PP2015,NA,NA,NA,pp2015,2017,35.18885695033793,22080018614
R10LATIN_AM,PP2015,NA,NA,NA,pp2015,2018,33.58803038451467,21492018783
R10LATIN_AM,PP2015,NA,NA,NA,pp2015,2019,32.00894166876085,20897392513
R10LATIN_AM,PP2015,NA,NA,NA,pp2015,2020,30.41014937240298,20296349451
R10LATIN_AM,PP1990,NA,NA,NA,pp1990,1991,91.76558361068429,35130019057
R10LATIN_AM,PP1990,NA,NA,NA,pp1990,1992,90.88501652616884,34715502412
R10LATIN_AM,PP1990,NA,NA,NA,pp1990,1993,89.97440626158225,34293403729
R10LATIN_AM,PP1990,NA,NA,NA,pp1990,1994,89.04308693926718,33863735417
R10LATIN_AM,PP1990,NA,NA,NA,pp1990,1995,88.08865172937611,33426490012
R10LATIN_AM,PP1990,NA,NA,NA,pp1990,1996,87.12146298846032,32981702667
R10LATIN_AM,PP1990,NA,NA,NA,pp1990,1997,86.10137476221207,32529476006
R10LATIN_AM,PP1990,NA,NA,NA,pp1990,1998,85.01989970983138,32069876673
R10LATIN_AM,PP1990,NA,NA,NA,pp1990,1999,83.89555423935164,31602974599
R10LATIN_AM,PP1990,NA,NA,NA,pp1990,2000,82.74951630914519,31128875293
R10LATIN_AM,PP1990,NA,NA,NA,pp1990,2001,81.59307703456594,30647724471
R10LATIN_AM,PP1990,NA,NA,NA,pp1990,2002,80.42325712777104,30159671730
R10LATIN_AM,PP1990,NA,NA,NA,pp1990,2003,79.25181879571144,29664861110
R10LATIN_AM,PP1990,NA,NA,NA,pp1990,2004,78.03787098961432,29163489785
R10LATIN_AM,PP1990,NA,NA,NA,pp1990,2005,76.77620379754752,28655664001
R10LATIN_AM,PP1990,NA,NA,NA,pp1990,2006,75.4629974296739,28141450062
R10LATIN_AM,PP1990,NA,NA,NA,pp1990,2007,74.10884495462409,27620979546
R10LATIN_AM,PP1990,NA,NA,NA,pp1990,2008,72.7146998337615,27094360722
R10LATIN_AM,PP1990,NA,NA,NA,pp1990,2009,71.28091082300504,26561710077
R10LATIN_AM,PP1990,NA,NA,NA,pp1990,2010,69.88473846153592,26023077338
R10LATIN_AM,PP1990,NA,NA,NA,pp1990,2011,68.41546164492158,25478356597
R10LATIN_AM,PP1990,NA,NA,NA,pp1990,2012,66.87799254561828,24927377289
R10LATIN_AM,PP1990,NA,NA,NA,pp1990,2013,65.27608183739686,24370122456
R10LATIN_AM,PP1990,NA,NA,NA,pp1990,2014,63.63553517543547,23806712770
R10LATIN_AM,PP1990,NA,NA,NA,pp1990,2015,61.96127706615807,23237216056
R10LATIN_AM,PP1990,NA,NA,NA,pp1990,2016,60.31186733087624,22661670336
R10LATIN_AM,PP1990,NA,NA,NA,pp1990,2017,58.69453425453959,22080018614
R10LATIN_AM,PP1990,NA,NA,NA,pp1990,2018,57.09370768871634,21492018783
R10LATIN_AM,PP1990,NA,NA,NA,pp1990,2019,55.5146189729625,20897392513
R10LATIN_AM,PP1990,NA,NA,NA,pp1990,2020,53.915826676604645,20296349451
R10LATIN_AM,PP1850,NA,NA,NA,pp1850,1991,116.50678014075781,35130019057
R10LATIN_AM,PP1850,NA,NA,NA,pp1850,1992,115.62621305624239,34715502412
R10LATIN_AM,PP1850,NA,NA,NA,pp1850,1993,114.7156027916558,34293403729
R10LATIN_AM,PP1850,NA,NA,NA,pp1850,1994,113.78428346934069,33863735417
R10LATIN_AM,PP1850,NA,NA,NA,pp1850,1995,112.82984825944965,33426490012
R10LATIN_AM,PP1850,NA,NA,NA,pp1850,1996,111.86265951853385,32981702667
R10LATIN_AM,PP1850,NA,NA,NA,pp1850,1997,110.84257129228561,32529476006
R10LATIN_AM,PP1850,NA,NA,NA,pp1850,1998,109.7610962399049,32069876673
R10LATIN_AM,PP1850,NA,NA,NA,pp1850,1999,108.63675076942518,31602974599
R10LATIN_AM,PP1850,NA,NA,NA,pp1850,2000,107.49071283921876,31128875293
R10LATIN_AM,PP1850,NA,NA,NA,pp1850,2001,106.33427356463946,30647724471
R10LATIN_AM,PP1850,NA,NA,NA,pp1850,2002,105.16445365784453,30159671730
R10LATIN_AM,PP1850,NA,NA,NA,pp1850,2003,103.99301532578497,29664861110
R10LATIN_AM,PP1850,NA,NA,NA,pp1850,2004,102.77906751968786,29163489785
R10LATIN_AM,PP1850,NA,NA,NA,pp1850,2005,101.51740032762103,28655664001
R10LATIN_AM,PP1850,NA,NA,NA,pp1850,2006,100.2041939597474,28141450062
R10LATIN_AM,PP1850,NA,NA,NA,pp1850,2007,98.85004148469761,27620979546
R10LATIN_AM,PP1850,NA,NA,NA,pp1850,2008,97.45589636383502,27094360722
R10LATIN_AM,PP1850,NA,NA,NA,pp1850,2009,96.02210735307855,26561710077
R10LATIN_AM,PP1850,NA,NA,NA,pp1850,2010,94.62593499160948,26023077338
R10LATIN_AM,PP1850,NA,NA,NA,pp1850,2011,93.15665817499507,25478356597
R10LATIN_AM,PP1850,NA,NA,NA,pp1850,2012,91.61918907569185,24927377289
R10LATIN_AM,PP1850,NA,NA,NA,pp1850,2013,90.01727836747041,24370122456
R10LATIN_AM,PP1850,NA,NA,NA,pp1850,2014,88.376731705509,23806712770
R10LATIN_AM,PP1850,NA,NA,NA,pp1850,2015,86.70247359623158,23237216056
R10LATIN_AM,PP1850,NA,NA,NA,pp1850,2016,85.05306386094975,22661670336
R10LATIN_AM,PP1850,NA,NA,NA,pp1850,2017,83.43573078461313,22080018614
R10LATIN_AM,PP1850,NA,NA,NA,pp1850,2018,81.83490421878989,21492018783
R10LATIN_AM,PP1850,NA,NA,NA,pp1850,2019,80.25581550303605,20897392513
R10LATIN_AM,PP1850,NA,NA,NA,pp1850,2020,78.65702320667818,20296349451
R10LATIN_AM,PP2015adjATP,1/asinh(x),MER,MER_1/asinh(x),pp2015_atp_mer_pf3,1991,33.45325292955715,35130019057
R10LATIN_AM,PP2015adjATP,1/asinh(x),MER,MER_1/asinh(x),pp2015_atp_mer_pf3,1992,33.28911880370285,34715502412
R10LATIN_AM,PP2015adjATP,1/asinh(x),MER,MER_1/asinh(x),pp2015_atp_mer_pf3,1993,33.20326916959833,34293403729
R10LATIN_AM,PP2015adjATP,1/asinh(x),MER,MER_1/asinh(x),pp2015_atp_mer_pf3,1994,33.0425353071015,33863735417
R10LATIN_AM,PP2015adjATP,1/asinh(x),MER,MER_1/asinh(x),pp2015_atp_mer_pf3,1995,32.90042789044282,33426490012
R10LATIN_AM,PP2015adjATP,1/asinh(x),MER,MER_1/asinh(x),pp2015_atp_mer_pf3,1996,32.852635848818885,32981702667
R10LATIN_AM,PP2015adjATP,1/asinh(x),MER,MER_1/asinh(x),pp2015_atp_mer_pf3,1997,32.84942797813825,32529476006
R10LATIN_AM,PP2015adjATP,1/asinh(x),MER,MER_1/asinh(x),pp2015_atp_mer_pf3,1998,32.82867929077826,32069876673
R10LATIN_AM,PP2015adjATP,1/asinh(x),MER,MER_1/asinh(x),pp2015_atp_mer_pf3,1999,32.80704188588131,31602974599
R10LATIN_AM,PP2015adjATP,1/asinh(x),MER,MER_1/asinh(x),pp2015_atp_mer_pf3,2000,32.864198837145295,31128875293
R10LATIN_AM,PP2015adjATP,1/asinh(x),MER,MER_1/asinh(x),pp2015_atp_mer_pf3,2001,32.91141167619126,30647724471
R10LATIN_AM,PP2015adjATP,1/asinh(x),MER,MER_1/asinh(x),pp2015_atp_mer_pf3,2002,32.96131018767028,30159671730
R10LATIN_AM,PP2015adjATP,1/asinh(x),MER,MER_1/asinh(x),pp2015_atp_mer_pf3,2003,33.047053322156444,29664861110
R10LATIN_AM,PP2015adjATP,1/asinh(x),MER,MER_1/asinh(x),pp2015_atp_mer_pf3,2004,33.16748117973391,29163489785
R10LATIN_AM,PP2015adjATP,1/asinh(x),MER,MER_1/asinh(x),pp2015_atp_mer_pf3,2005,33.29420468418081,28655664001
R10LATIN_AM,PP2015adjATP,1/asinh(x),MER,MER_1/asinh(x),pp2015_atp_mer_pf3,2006,33.40626936105758,28141450062
R10LATIN_AM,PP2015adjATP,1/asinh(x),MER,MER_1/asinh(x),pp2015_atp_mer_pf3,2007,33.51959992143926,27620979546
R10LATIN_AM,PP2015adjATP,1/asinh(x),MER,MER_1/asinh(x),pp2015_atp_mer_pf3,2008,33.649199873678704,27094360722
R10LATIN_AM,PP2015adjATP,1/asinh(x),MER,MER_1/asinh(x),pp2015_atp_mer_pf3,2009,33.76920016886639,26561710077
R10LATIN_AM,PP2015adjATP,1/asinh(x),MER,MER_1/asinh(x),pp2015_atp_mer_pf3,2010,33.89761609750696,26023077338
R10LATIN_AM,PP2015adjATP,1/asinh(x),MER,MER_1/asinh(x),pp2015_atp_mer_pf3,2011,34.00792098280774,25478356597
R10LATIN_AM,PP2015adjATP,1/asinh(x),MER,MER_1/asinh(x),pp2015_atp_mer_pf3,2012,34.105762489109814,24927377289
R10LATIN_AM,PP2015adjATP,1/asinh(x),MER,MER_1/asinh(x),pp2015_atp_mer_pf3,2013,34.203753049878934,24370122456
R10LATIN_AM,PP2015adjATP,1/asinh(x),MER,MER_1/asinh(x),pp2015_atp_mer_pf3,2014,34.294318643517315,23806712770
R10LATIN_AM,PP2015adjATP,1/asinh(x),MER,MER_1/asinh(x),pp2015_atp_mer_pf3,2015,34.38884339314631,23237216056
R10LATIN_AM,PP2015adjATP,1/asinh(x),MER,MER_1/asinh(x),pp2015_atp_mer_pf3,2016,32.8491820446749,22661670336
R10LATIN_AM,PP2015adjATP,1/asinh(x),MER,MER_1/asinh(x),pp2015_atp_mer_pf3,2017,31.34055906064844,22080018614
R10LATIN_AM,PP2015adjATP,1/asinh(x),MER,MER_1/asinh(x),pp2015_atp_mer_pf3,2018,29.837828339491626,21492018783
R10LATIN_AM,PP2015adjATP,1/asinh(x),MER,MER_1/asinh(x),pp2015_atp_mer_pf3,2019,28.360452734118283,20897392513
R10LATIN_AM,PP2015adjATP,1/asinh(x),MER,MER_1/asinh(x),pp2015_atp_mer_pf3,2020,26.86152770357693,20296349451
R10LATIN_AM,PP2015adjATP,1/sqrt(x),MER,MER_1/sqrt(x),pp2015_atp_mer_pf2,1991,20.986927667379344,35130019057
R10LATIN_AM,PP2015adjATP,1/sqrt(x),MER,MER_1/sqrt(x),pp2015_atp_mer_pf2,1992,20.53893040009082,34715502412
R10LATIN_AM,PP2015adjATP,1/sqrt(x),MER,MER_1/sqrt(x),pp2015_atp_mer_pf2,1993,20.313564336810906,34293403729
R10LATIN_AM,PP2015adjATP,1/sqrt(x),MER,MER_1/sqrt(x),pp2015_atp_mer_pf2,1994,19.941953288392863,33863735417
R10LATIN_AM,PP2015adjATP,1/sqrt(x),MER,MER_1/sqrt(x),pp2015_atp_mer_pf2,1995,19.562240743230856,33426490012
R10LATIN_AM,PP2015adjATP,1/sqrt(x),MER,MER_1/sqrt(x),pp2015_atp_mer_pf2,1996,19.36406556513508,32981702667
R10LATIN_AM,PP2015adjATP,1/sqrt(x),MER,MER_1/sqrt(x),pp2015_atp_mer_pf2,1997,19.289302556508517,32529476006
R10LATIN_AM,PP2015adjATP,1/sqrt(x),MER,MER_1/sqrt(x),pp2015_atp_mer_pf2,1998,19.183219866044325,32069876673
R10LATIN_AM,PP2015adjATP,1/sqrt(x),MER,MER_1/sqrt(x),pp2015_atp_mer_pf2,1999,19.093217490746813,31602974599
R10LATIN_AM,PP2015adjATP,1/sqrt(x),MER,MER_1/sqrt(x),pp2015_atp_mer_pf2,2000,19.198904494298258,31128875293
R10LATIN_AM,PP2015adjATP,1/sqrt(x),MER,MER_1/sqrt(x),pp2015_atp_mer_pf2,2001,19.272038782443776,30647724471
R10LATIN_AM,PP2015adjATP,1/sqrt(x),MER,MER_1/sqrt(x),pp2015_atp_mer_pf2,2002,19.359988959217556,30159671730
R10LATIN_AM,PP2015adjATP,1/sqrt(x),MER,MER_1/sqrt(x),pp2015_atp_mer_pf2,2003,19.531783203774605,29664861110
R10LATIN_AM,PP2015adjATP,1/sqrt(x),MER,MER_1/sqrt(x),pp2015_atp_mer_pf2,2004,19.787439272318366,29163489785
R10LATIN_AM,PP2015adjATP,1/sqrt(x),MER,MER_1/sqrt(x),pp2015_atp_mer_pf2,2005,20.045378960965163,28655664001
R10LATIN_AM,PP2015adjATP,1/sqrt(x),MER,MER_1/sqrt(x),pp2015_atp_mer_pf2,2006,20.25734307348831,28141450062
R10LATIN_AM,PP2015adjATP,1/sqrt(x),MER,MER_1/sqrt(x),pp2015_atp_mer_pf2,2007,20.464718378961706,27620979546
R10LATIN_AM,PP2015adjATP,1/sqrt(x),MER,MER_1/sqrt(x),pp2015_atp_mer_pf2,2008,20.70189918438861,27094360722
R10LATIN_AM,PP2015adjATP,1/sqrt(x),MER,MER_1/sqrt(x),pp2015_atp_mer_pf2,2009,20.907470404173132,26561710077
R10LATIN_AM,PP2015adjATP,1/sqrt(x),MER,MER_1/sqrt(x),pp2015_atp_mer_pf2,2010,21.1657796068326,26023077338
R10LATIN_AM,PP2015adjATP,1/sqrt(x),MER,MER_1/sqrt(x),pp2015_atp_mer_pf2,2011,21.374167894394095,25478356597
R10LATIN_AM,PP2015adjATP,1/sqrt(x),MER,MER_1/sqrt(x),pp2015_atp_mer_pf2,2012,21.546182876938527,24927377289
R10LATIN_AM,PP2015adjATP,1/sqrt(x),MER,MER_1/sqrt(x),pp2015_atp_mer_pf2,2013,21.72817302148074,24370122456
R10LATIN_AM,PP2015adjATP,1/sqrt(x),MER,MER_1/sqrt(x),pp2015_atp_mer_pf2,2014,21.899172454027408,23806712770
R10LATIN_AM,PP2015adjATP,1/sqrt(x),MER,MER_1/sqrt(x),pp2015_atp_mer_pf2,2015,22.094235653345613,23237216056
R10LATIN_AM,PP2015adjATP,1/sqrt(x),MER,MER_1/sqrt(x),pp2015_atp_mer_pf2,2016,20.7047303022538,22661670336
R10LATIN_AM,PP2015adjATP,1/sqrt(x),MER,MER_1/sqrt(x),pp2015_atp_mer_pf2,2017,19.357929253465354,22080018614
R10LATIN_AM,PP2015adjATP,1/sqrt(x),MER,MER_1/sqrt(x),pp2015_atp_mer_pf2,2018,18.000924047278907,21492018783
R10LATIN_AM,PP2015adjATP,1/sqrt(x),MER,MER_1/sqrt(x),pp2015_atp_mer_pf2,2019,16.67811359988505,20897392513
R10LATIN_AM,PP2015adjATP,1/sqrt(x),MER,MER_1/sqrt(x),pp2015_atp_mer_pf2,2020,15.340257478500583,20296349451
R10LATIN_AM,PP2015adjATP,1/x,MER,MER_1/x,pp2015_atp_mer_pf1,1991,10.051539740386128,35130019057
R10LATIN_AM,PP2015adjATP,1/x,MER,MER_1/x,pp2015_atp_mer_pf1,1992,9.559108267048748,34715502412
R10LATIN_AM,PP2015adjATP,1/x,MER,MER_1/x,pp2015_atp_mer_pf1,1993,9.359671031225853,34293403729
R10LATIN_AM,PP2015adjATP,1/x,MER,MER_1/x,pp2015_atp_mer_pf1,1994,9.137441228463745,33863735417
R10LATIN_AM,PP2015adjATP,1/x,MER,MER_1/x,pp2015_atp_mer_pf1,1995,8.833870839035896,33426490012
R10LATIN_AM,PP2015adjATP,1/x,MER,MER_1/x,pp2015_atp_mer_pf1,1996,8.668346375436343,32981702667
R10LATIN_AM,PP2015adjATP,1/x,MER,MER_1/x,pp2015_atp_mer_pf1,1997,8.627049263114698,32529476006
R10LATIN_AM,PP2015adjATP,1/x,MER,MER_1/x,pp2015_atp_mer_pf1,1998,8.545616497987343,32069876673
R10LATIN_AM,PP2015adjATP,1/x,MER,MER_1/x,pp2015_atp_mer_pf1,1999,8.463782585638247,31602974599
R10LATIN_AM,PP2015adjATP,1/x,MER,MER_1/x,pp2015_atp_mer_pf1,2000,8.527315021428068,31128875293
R10LATIN_AM,PP2015adjATP,1/x,MER,MER_1/x,pp2015_atp_mer_pf1,2001,8.555197422671782,30647724471
R10LATIN_AM,PP2015adjATP,1/x,MER,MER_1/x,pp2015_atp_mer_pf1,2002,8.590090035569112,30159671730
R10LATIN_AM,PP2015adjATP,1/x,MER,MER_1/x,pp2015_atp_mer_pf1,2003,8.693545299502505,29664861110
R10LATIN_AM,PP2015adjATP,1/x,MER,MER_1/x,pp2015_atp_mer_pf1,2004,8.889262572003634,29163489785
R10LATIN_AM,PP2015adjATP,1/x,MER,MER_1/x,pp2015_atp_mer_pf1,2005,9.087391095400656,28655664001
R10LATIN_AM,PP2015adjATP,1/x,MER,MER_1/x,pp2015_atp_mer_pf1,2006,9.25201127524413,28141450062
R10LATIN_AM,PP2015adjATP,1/x,MER,MER_1/x,pp2015_atp_mer_pf1,2007,9.414289963617131,27620979546
R10LATIN_AM,PP2015adjATP,1/x,MER,MER_1/x,pp2015_atp_mer_pf1,2008,9.60645571977783,27094360722
R10LATIN_AM,PP2015adjATP,1/x,MER,MER_1/x,pp2015_atp_mer_pf1,2009,9.772460479163405,26561710077
R10LATIN_AM,PP2015adjATP,1/x,MER,MER_1/x,pp2015_atp_mer_pf1,2010,9.998651824556305,26023077338
R10LATIN_AM,PP2015adjATP,1/x,MER,MER_1/x,pp2015_atp_mer_pf1,2011,10.185852989203449,25478356597
R10LATIN_AM,PP2015adjATP,1/x,MER,MER_1/x,pp2015_atp_mer_pf1,2012,10.337700426616081,24927377289
R10LATIN_AM,PP2015adjATP,1/x,MER,MER_1/x,pp2015_atp_mer_pf1,2013,10.494040838825358,24370122456
R10LATIN_AM,PP2015adjATP,1/x,MER,MER_1/x,pp2015_atp_mer_pf1,2014,10.636586580125476,23806712770
R10LATIN_AM,PP2015adjATP,1/x,MER,MER_1/x,pp2015_atp_mer_pf1,2015,10.808509673327693,23237216056
R10LATIN_AM,PP2015adjATP,1/x,MER,MER_1/x,pp2015_atp_mer_pf1,2016,9.393766460470511,22661670336
R10LATIN_AM,PP2015adjATP,1/x,MER,MER_1/x,pp2015_atp_mer_pf1,2017,8.030964217032974,22080018614
R10LATIN_AM,PP2015adjATP,1/x,MER,MER_1/x,pp2015_atp_mer_pf1,2018,6.663789413869494,21492018783
R10LATIN_AM,PP2015adjATP,1/x,MER,MER_1/x,pp2015_atp_mer_pf1,2019,5.327263910466969,20897392513
R10LATIN_AM,PP2015adjATP,1/x,MER,MER_1/x,pp2015_atp_mer_pf1,2020,3.984837763635474,20296349451
R10LATIN_AM,PP2015adjATP,1/asinh(x),PPP,PPP_1/asinh(x),pp2015_atp_ppp_pf3,1991,34.55736295341366,35130019057
R10LATIN_AM,PP2015adjATP,1/asinh(x),PPP,PPP_1/asinh(x),pp2015_atp_ppp_pf3,1992,34.56998280685914,34715502412
R10LATIN_AM,PP2015adjATP,1/asinh(x),PPP,PPP_1/asinh(x),pp2015_atp_ppp_pf3,1993,34.611398485740736,34293403729
R10LATIN_AM,PP2015adjATP,1/asinh(x),PPP,PPP_1/asinh(x),pp2015_atp_ppp_pf3,1994,34.65781846184559,33863735417
R10LATIN_AM,PP2015adjATP,1/asinh(x),PPP,PPP_1/asinh(x),pp2015_atp_ppp_pf3,1995,34.69101754875476,33426490012
R10LATIN_AM,PP2015adjATP,1/asinh(x),PPP,PPP_1/asinh(x),pp2015_atp_ppp_pf3,1996,34.741833699175636,32981702667
R10LATIN_AM,PP2015adjATP,1/asinh(x),PPP,PPP_1/asinh(x),pp2015_atp_ppp_pf3,1997,34.798556261168045,32529476006
R10LATIN_AM,PP2015adjATP,1/asinh(x),PPP,PPP_1/asinh(x),pp2015_atp_ppp_pf3,1998,34.84308020756257,32069876673
R10LATIN_AM,PP2015adjATP,1/asinh(x),PPP,PPP_1/asinh(x),pp2015_atp_ppp_pf3,1999,34.88371456124561,31602974599
R10LATIN_AM,PP2015adjATP,1/asinh(x),PPP,PPP_1/asinh(x),pp2015_atp_ppp_pf3,2000,34.93843603003766,31128875293
R10LATIN_AM,PP2015adjATP,1/asinh(x),PPP,PPP_1/asinh(x),pp2015_atp_ppp_pf3,2001,34.99066379587261,30647724471
R10LATIN_AM,PP2015adjATP,1/asinh(x),PPP,PPP_1/asinh(x),pp2015_atp_ppp_pf3,2002,35.050529633363404,30159671730
R10LATIN_AM,PP2015adjATP,1/asinh(x),PPP,PPP_1/asinh(x),pp2015_atp_ppp_pf3,2003,35.11357146898523,29664861110
R10LATIN_AM,PP2015adjATP,1/asinh(x),PPP,PPP_1/asinh(x),pp2015_atp_ppp_pf3,2004,35.18017130688445,29163489785
R10LATIN_AM,PP2015adjATP,1/asinh(x),PPP,PPP_1/asinh(x),pp2015_atp_ppp_pf3,2005,35.249521128644766,28655664001
R10LATIN_AM,PP2015adjATP,1/asinh(x),PPP,PPP_1/asinh(x),pp2015_atp_ppp_pf3,2006,35.32267409563476,28141450062
R10LATIN_AM,PP2015adjATP,1/asinh(x),PPP,PPP_1/asinh(x),pp2015_atp_ppp_pf3,2007,35.395800332693575,27620979546
R10LATIN_AM,PP2015adjATP,1/asinh(x),PPP,PPP_1/asinh(x),pp2015_atp_ppp_pf3,2008,35.470406889897276,27094360722
R10LATIN_AM,PP2015adjATP,1/asinh(x),PPP,PPP_1/asinh(x),pp2015_atp_ppp_pf3,2009,35.53956818667856,26561710077
R10LATIN_AM,PP2015adjATP,1/asinh(x),PPP,PPP_1/asinh(x),pp2015_atp_ppp_pf3,2010,35.61462369840056,26023077338
R10LATIN_AM,PP2015adjATP,1/asinh(x),PPP,PPP_1/asinh(x),pp2015_atp_ppp_pf3,2011,35.68515691122182,25478356597
R10LATIN_AM,PP2015adjATP,1/asinh(x),PPP,PPP_1/asinh(x),pp2015_atp_ppp_pf3,2012,35.748903808395006,24927377289
R10LATIN_AM,PP2015adjATP,1/asinh(x),PPP,PPP_1/asinh(x),pp2015_atp_ppp_pf3,2013,35.815160694064616,24370122456
R10LATIN_AM,PP2015adjATP,1/asinh(x),PPP,PPP_1/asinh(x),pp2015_atp_ppp_pf3,2014,35.87634712763535,23806712770
R10LATIN_AM,PP2015adjATP,1/asinh(x),PPP,PPP_1/asinh(x),pp2015_atp_ppp_pf3,2015,35.935600527754026,23237216056
R10LATIN_AM,PP2015adjATP,1/asinh(x),PPP,PPP_1/asinh(x),pp2015_atp_ppp_pf3,2016,34.34723359651784,22661670336
R10LATIN_AM,PP2015adjATP,1/asinh(x),PPP,PPP_1/asinh(x),pp2015_atp_ppp_pf3,2017,32.790787125035706,22080018614
R10LATIN_AM,PP2015adjATP,1/asinh(x),PPP,PPP_1/asinh(x),pp2015_atp_ppp_pf3,2018,31.247710530725218,21492018783
R10LATIN_AM,PP2015adjATP,1/asinh(x),PPP,PPP_1/asinh(x),pp2015_atp_ppp_pf3,2019,29.729174246501664,20897392513
R10LATIN_AM,PP2015adjATP,1/asinh(x),PPP,PPP_1/asinh(x),pp2015_atp_ppp_pf3,2020,28.193799654616935,20296349451
R10LATIN_AM,PP2015adjATP,1/sqrt(x),PPP,PPP_1/sqrt(x),pp2015_atp_ppp_pf2,1991,22.67626307667819,35130019057
R10LATIN_AM,PP2015adjATP,1/sqrt(x),PPP,PPP_1/sqrt(x),pp2015_atp_ppp_pf2,1992,22.69112378716995,34715502412
R10LATIN_AM,PP2015adjATP,1/sqrt(x),PPP,PPP_1/sqrt(x),pp2015_atp_ppp_pf2,1993,22.79362535495141,34293403729
R10LATIN_AM,PP2015adjATP,1/sqrt(x),PPP,PPP_1/sqrt(x),pp2015_atp_ppp_pf2,1994,22.913410647972935,33863735417
R10LATIN_AM,PP2015adjATP,1/sqrt(x),PPP,PPP_1/sqrt(x),pp2015_atp_ppp_pf2,1995,22.993949934729322,33426490012
R10LATIN_AM,PP2015adjATP,1/sqrt(x),PPP,PPP_1/sqrt(x),pp2015_atp_ppp_pf2,1996,23.119825554721338,32981702667
R10LATIN_AM,PP2015adjATP,1/sqrt(x),PPP,PPP_1/sqrt(x),pp2015_atp_ppp_pf2,1997,23.266552037862994,32529476006
R10LATIN_AM,PP2015adjATP,1/sqrt(x),PPP,PPP_1/sqrt(x),pp2015_atp_ppp_pf2,1998,23.375063629361826,32069876673
R10LATIN_AM,PP2015adjATP,1/sqrt(x),PPP,PPP_1/sqrt(x),pp2015_atp_ppp_pf2,1999,23.478028638549837,31602974599
R10LATIN_AM,PP2015adjATP,1/sqrt(x),PPP,PPP_1/sqrt(x),pp2015_atp_ppp_pf2,2000,23.62682140376477,31128875293
R10LATIN_AM,PP2015adjATP,1/sqrt(x),PPP,PPP_1/sqrt(x),pp2015_atp_ppp_pf2,2001,23.76320017022174,30647724471
R10LATIN_AM,PP2015adjATP,1/sqrt(x),PPP,PPP_1/sqrt(x),pp2015_atp_ppp_pf2,2002,23.925956211664463,30159671730
R10LATIN_AM,PP2015adjATP,1/sqrt(x),PPP,PPP_1/sqrt(x),pp2015_atp_ppp_pf2,2003,24.09871397212906,29664861110
R10LATIN_AM,PP2015adjATP,1/sqrt(x),PPP,PPP_1/sqrt(x),pp2015_atp_ppp_pf2,2004,24.283906022724434,29163489785
R10LATIN_AM,PP2015adjATP,1/sqrt(x),PPP,PPP_1/sqrt(x),pp2015_atp_ppp_pf2,2005,24.47725288997839,28655664001
R10LATIN_AM,PP2015adjATP,1/sqrt(x),PPP,PPP_1/sqrt(x),pp2015_atp_ppp_pf2,2006,24.683262022849473,28141450062
R10LATIN_AM,PP2015adjATP,1/sqrt(x),PPP,PPP_1/sqrt(x),pp2015_atp_ppp_pf2,2007,24.888045547661566,27620979546
R10LATIN_AM,PP2015adjATP,1/sqrt(x),PPP,PPP_1/sqrt(x),pp2015_atp_ppp_pf2,2008,25.097569477098425,27094360722
R10LATIN_AM,PP2015adjATP,1/sqrt(x),PPP,PPP_1/sqrt(x),pp2015_atp_ppp_pf2,2009,25.291506405562796,26561710077
R10LATIN_AM,PP2015adjATP,1/sqrt(x),PPP,PPP_1/sqrt(x),pp2015_atp_ppp_pf2,2010,25.514327982541587,26023077338
R10LATIN_AM,PP2015adjATP,1/sqrt(x),PPP,PPP_1/sqrt(x),pp2015_atp_ppp_pf2,2011,25.725737275516025,25478356597
R10LATIN_AM,PP2015adjATP,1/sqrt(x),PPP,PPP_1/sqrt(x),pp2015_atp_ppp_pf2,2012,25.915643743643827,24927377289
R10LATIN_AM,PP2015adjATP,1/sqrt(x),PPP,PPP_1/sqrt(x),pp2015_atp_ppp_pf2,2013,26.116159704284346,24370122456
R10LATIN_AM,PP2015adjATP,1/sqrt(x),PPP,PPP_1/sqrt(x),pp2015_atp_ppp_pf2,2014,26.30067334033016,23806712770
R10LATIN_AM,PP2015adjATP,1/sqrt(x),PPP,PPP_1/sqrt(x),pp2015_atp_ppp_pf2,2015,26.48455782590267,23237216056
R10LATIN_AM,PP2015adjATP,1/sqrt(x),PPP,PPP_1/sqrt(x),pp2015_atp_ppp_pf2,2016,25.031950896922293,22661670336
R10LATIN_AM,PP2015adjATP,1/sqrt(x),PPP,PPP_1/sqrt(x),pp2015_atp_ppp_pf2,2017,23.614635540478705,22080018614
R10LATIN_AM,PP2015adjATP,1/sqrt(x),PPP,PPP_1/sqrt(x),pp2015_atp_ppp_pf2,2018,22.20354877528978,21492018783
R10LATIN_AM,PP2015adjATP,1/sqrt(x),PPP,PPP_1/sqrt(x),pp2015_atp_ppp_pf2,2019,20.827117017569524,20897392513
R10LATIN_AM,PP2015adjATP,1/sqrt(x),PPP,PPP_1/sqrt(x),pp2015_atp_ppp_pf2,2020,19.444184067850554,20296349451
R10LATIN_AM,PP2015adjATP,1/x,PPP,PPP_1/x,pp2015_atp_ppp_pf1,1991,11.539651603614368,35130019057
R10LATIN_AM,PP2015adjATP,1/x,PPP,PPP_1/x,pp2015_atp_ppp_pf1,1992,11.560830841832722,34715502412
R10LATIN_AM,PP2015adjATP,1/x,PPP,PPP_1/x,pp2015_atp_ppp_pf1,1993,11.661412037130551,34293403729
R10LATIN_AM,PP2015adjATP,1/x,PPP,PPP_1/x,pp2015_atp_ppp_pf1,1994,11.79319734037254,33863735417
R10LATIN_AM,PP2015adjATP,1/x,PPP,PPP_1/x,pp2015_atp_ppp_pf1,1995,11.88882819984021,33426490012
R10LATIN_AM,PP2015adjATP,1/x,PPP,PPP_1/x,pp2015_atp_ppp_pf1,1996,12.015286634699683,32981702667
R10LATIN_AM,PP2015adjATP,1/x,PPP,PPP_1/x,pp2015_atp_ppp_pf1,1997,12.17100676816553,32529476006
R10LATIN_AM,PP2015adjATP,1/x,PPP,PPP_1/x,pp2015_atp_ppp_pf1,1998,12.284358504695494,32069876673
R10LATIN_AM,PP2015adjATP,1/x,PPP,PPP_1/x,pp2015_atp_ppp_pf1,1999,12.392553722083404,31602974599
R10LATIN_AM,PP2015adjATP,1/x,PPP,PPP_1/x,pp2015_atp_ppp_pf1,2000,12.548601134449093,31128875293
R10LATIN_AM,PP2015adjATP,1/x,PPP,PPP_1/x,pp2015_atp_ppp_pf1,2001,12.68562419678681,30647724471
R10LATIN_AM,PP2015adjATP,1/x,PPP,PPP_1/x,pp2015_atp_ppp_pf1,2002,12.853219911148065,30159671730
R10LATIN_AM,PP2015adjATP,1/x,PPP,PPP_1/x,pp2015_atp_ppp_pf1,2003,13.02738276130351,29664861110
R10LATIN_AM,PP2015adjATP,1/x,PPP,PPP_1/x,pp2015_atp_ppp_pf1,2004,13.212612916401888,29163489785
R10LATIN_AM,PP2015adjATP,1/x,PPP,PPP_1/x,pp2015_atp_ppp_pf1,2005,13.411610307068038,28655664001
R10LATIN_AM,PP2015adjATP,1/x,PPP,PPP_1/x,pp2015_atp_ppp_pf1,2006,13.627187642170345,28141450062
R10LATIN_AM,PP2015adjATP,1/x,PPP,PPP_1/x,pp2015_atp_ppp_pf1,2007,13.843051295059682,27620979546
R10LATIN_AM,PP2015adjATP,1/x,PPP,PPP_1/x,pp2015_atp_ppp_pf1,2008,14.063579356590385,27094360722
R10LATIN_AM,PP2015adjATP,1/x,PPP,PPP_1/x,pp2015_atp_ppp_pf1,2009,14.26879814185225,26561710077
R10LATIN_AM,PP2015adjATP,1/x,PPP,PPP_1/x,pp2015_atp_ppp_pf1,2010,14.509486170981218,26023077338
R10LATIN_AM,PP2015adjATP,1/x,PPP,PPP_1/x,pp2015_atp_ppp_pf1,2011,14.745247892970156,25478356597
R10LATIN_AM,PP2015adjATP,1/x,PPP,PPP_1/x,pp2015_atp_ppp_pf1,2012,14.959334399672022,24927377289
R10LATIN_AM,PP2015adjATP,1/x,PPP,PPP_1/x,pp2015_atp_ppp_pf1,2013,15.182199094298817,24370122456
R10LATIN_AM,PP2015adjATP,1/x,PPP,PPP_1/x,pp2015_atp_ppp_pf1,2014,15.387377894495378,23806712770
R10LATIN_AM,PP2015adjATP,1/x,PPP,PPP_1/x,pp2015_atp_ppp_pf1,2015,15.60469849754333,23237216056
R10LATIN_AM,PP2015adjATP,1/x,PPP,PPP_1/x,pp2015_atp_ppp_pf1,2016,14.195114965414158,22661670336
R10LATIN_AM,PP2015adjATP,1/x,PPP,PPP_1/x,pp2015_atp_ppp_pf1,2017,12.825672567921822,22080018614
R10LATIN_AM,PP2015adjATP,1/x,PPP,PPP_1/x,pp2015_atp_ppp_pf1,2018,11.460422856962596,21492018783
R10LATIN_AM,PP2015adjATP,1/x,PPP,PPP_1/x,pp2015_atp_ppp_pf1,2019,10.136317278629845,20897392513
R10LATIN_AM,PP2015adjATP,1/x,PPP,PPP_1/x,pp2015_atp_ppp_pf1,2020,8.813268580562378,20296349451
R10LATIN_AM,PP1990adjATP,1/asinh(x),MER,MER_1/asinh(x),pp1990_atp_mer_pf3,1991,79.8449337411396,35130019057
R10LATIN_AM,PP1990adjATP,1/asinh(x),MER,MER_1/asinh(x),pp1990_atp_mer_pf3,1992,78.59238093762127,34715502412
R10LATIN_AM,PP1990adjATP,1/asinh(x),MER,MER_1/asinh(x),pp1990_atp_mer_pf3,1993,77.50291932222017,34293403729
R10LATIN_AM,PP1990adjATP,1/asinh(x),MER,MER_1/asinh(x),pp1990_atp_mer_pf3,1994,76.20948124332556,33863735417
R10LATIN_AM,PP1990adjATP,1/asinh(x),MER,MER_1/asinh(x),pp1990_atp_mer_pf3,1995,74.94250812235303,33426490012
R10LATIN_AM,PP1990adjATP,1/asinh(x),MER,MER_1/asinh(x),pp1990_atp_mer_pf3,1996,73.88171629890041,32981702667
R10LATIN_AM,PP1990adjATP,1/asinh(x),MER,MER_1/asinh(x),pp1990_atp_mer_pf3,1997,72.87091442595293,32529476006
R10LATIN_AM,PP1990adjATP,1/asinh(x),MER,MER_1/asinh(x),pp1990_atp_mer_pf3,1998,71.75378829463783,32069876673
R10LATIN_AM,PP1990adjATP,1/asinh(x),MER,MER_1/asinh(x),pp1990_atp_mer_pf3,1999,70.58782877471714,31602974599
R10LATIN_AM,PP1990adjATP,1/asinh(x),MER,MER_1/asinh(x),pp1990_atp_mer_pf3,2000,69.59137283945681,31128875293
R10LATIN_AM,PP1990adjATP,1/asinh(x),MER,MER_1/asinh(x),pp1990_atp_mer_pf3,2001,68.55572744095339,30647724471
R10LATIN_AM,PP1990adjATP,1/asinh(x),MER,MER_1/asinh(x),pp1990_atp_mer_pf3,2002,67.51828217421794,30159671730
R10LATIN_AM,PP1990adjATP,1/asinh(x),MER,MER_1/asinh(x),pp1990_atp_mer_pf3,2003,66.56470993783063,29664861110
R10LATIN_AM,PP1990adjATP,1/asinh(x),MER,MER_1/asinh(x),pp1990_atp_mer_pf3,2004,65.6514875874007,29163489785
R10LATIN_AM,PP1990adjATP,1/asinh(x),MER,MER_1/asinh(x),pp1990_atp_mer_pf3,2005,64.70448237630045,28655664001
R10LATIN_AM,PP1990adjATP,1/asinh(x),MER,MER_1/asinh(x),pp1990_atp_mer_pf3,2006,63.66796914381026,28141450062
R10LATIN_AM,PP1990adjATP,1/asinh(x),MER,MER_1/asinh(x),pp1990_atp_mer_pf3,2007,62.591364414629815,27620979546
R10LATIN_AM,PP1990adjATP,1/asinh(x),MER,MER_1/asinh(x),pp1990_atp_mer_pf3,2008,61.51522875311828,27094360722
R10LATIN_AM,PP1990adjATP,1/asinh(x),MER,MER_1/asinh(x),pp1990_atp_mer_pf3,2009,60.37728464589776,26561710077
R10LATIN_AM,PP1990adjATP,1/asinh(x),MER,MER_1/asinh(x),pp1990_atp_mer_pf3,2010,59.29640931680872,26023077338
R10LATIN_AM,PP1990adjATP,1/asinh(x),MER,MER_1/asinh(x),pp1990_atp_mer_pf3,2011,58.09804137425608,25478356597
R10LATIN_AM,PP1990adjATP,1/asinh(x),MER,MER_1/asinh(x),pp1990_atp_mer_pf3,2012,56.80282699439221,24927377289
R10LATIN_AM,PP1990adjATP,1/asinh(x),MER,MER_1/asinh(x),pp1990_atp_mer_pf3,2013,55.443411717718405,24370122456
R10LATIN_AM,PP1990adjATP,1/asinh(x),MER,MER_1/asinh(x),pp1990_atp_mer_pf3,2014,54.02683799121762,23806712770
R10LATIN_AM,PP1990adjATP,1/asinh(x),MER,MER_1/asinh(x),pp1990_atp_mer_pf3,2015,52.58472573973717,23237216056
R10LATIN_AM,PP1990adjATP,1/asinh(x),MER,MER_1/asinh(x),pp1990_atp_mer_pf3,2016,51.20508548765577,22661670336
R10LATIN_AM,PP1990adjATP,1/asinh(x),MER,MER_1/asinh(x),pp1990_atp_mer_pf3,2017,49.85456706809571,22080018614
R10LATIN_AM,PP1990adjATP,1/asinh(x),MER,MER_1/asinh(x),pp1990_atp_mer_pf3,2018,48.49455081548283,21492018783
R10LATIN_AM,PP1990adjATP,1/asinh(x),MER,MER_1/asinh(x),pp1990_atp_mer_pf3,2019,47.166524891057286,20897392513
R10LATIN_AM,PP1990adjATP,1/asinh(x),MER,MER_1/asinh(x),pp1990_atp_mer_pf3,2020,45.81339114505483,20296349451
R10LATIN_AM,PP1990adjATP,1/sqrt(x),MER,MER_1/sqrt(x),pp1990_atp_mer_pf2,1991,49.828954737317936,35130019057
R10LATIN_AM,PP1990adjATP,1/sqrt(x),MER,MER_1/sqrt(x),pp1990_atp_mer_pf2,1992,47.91841187332238,34715502412
R10LATIN_AM,PP1990adjATP,1/sqrt(x),MER,MER_1/sqrt(x),pp1990_atp_mer_pf2,1993,46.526850070388214,34293403729
R10LATIN_AM,PP1990adjATP,1/sqrt(x),MER,MER_1/sqrt(x),pp1990_atp_mer_pf2,1994,44.75270671741505,33863735417
R10LATIN_AM,PP1990adjATP,1/sqrt(x),MER,MER_1/sqrt(x),pp1990_atp_mer_pf2,1995,42.94782987510963,33426490012
R10LATIN_AM,PP1990adjATP,1/sqrt(x),MER,MER_1/sqrt(x),pp1990_atp_mer_pf2,1996,41.55207946474958,32981702667
R10LATIN_AM,PP1990adjATP,1/sqrt(x),MER,MER_1/sqrt(x),pp1990_atp_mer_pf2,1997,40.39371249370069,32529476006
R10LATIN_AM,PP1990adjATP,1/sqrt(x),MER,MER_1/sqrt(x),pp1990_atp_mer_pf2,1998,39.092269481068556,32069876673
R10LATIN_AM,PP1990adjATP,1/sqrt(x),MER,MER_1/sqrt(x),pp1990_atp_mer_pf2,1999,37.776780345283846,31602974599
R10LATIN_AM,PP1990adjATP,1/sqrt(x),MER,MER_1/sqrt(x),pp1990_atp_mer_pf2,2000,36.91970332238204,31128875293
R10LATIN_AM,PP1990adjATP,1/sqrt(x),MER,MER_1/sqrt(x),pp1990_atp_mer_pf2,2001,35.96168158803951,30647724471
R10LATIN_AM,PP1990adjATP,1/sqrt(x),MER,MER_1/sqrt(x),pp1990_atp_mer_pf2,2002,35.03820643815703,30159671730
R10LATIN_AM,PP1990adjATP,1/sqrt(x),MER,MER_1/sqrt(x),pp1990_atp_mer_pf2,2003,34.31512458150742,29664861110
R10LATIN_AM,PP1990adjATP,1/sqrt(x),MER,MER_1/sqrt(x),pp1990_atp_mer_pf2,2004,33.75293514668776,29163489785
R10LATIN_AM,PP1990adjATP,1/sqrt(x),MER,MER_1/sqrt(x),pp1990_atp_mer_pf2,2005,33.14733283374711,28655664001
R10LATIN_AM,PP1990adjATP,1/sqrt(x),MER,MER_1/sqrt(x),pp1990_atp_mer_pf2,2006,32.37350084401335,28141450062
R10LATIN_AM,PP1990adjATP,1/sqrt(x),MER,MER_1/sqrt(x),pp1990_atp_mer_pf2,2007,31.54366349653042,27620979546
R10LATIN_AM,PP1990adjATP,1/sqrt(x),MER,MER_1/sqrt(x),pp1990_atp_mer_pf2,2008,30.752194485856588,27094360722
R10LATIN_AM,PP1990adjATP,1/sqrt(x),MER,MER_1/sqrt(x),pp1990_atp_mer_pf2,2009,29.84719488103995,26561710077
R10LATIN_AM,PP1990adjATP,1/sqrt(x),MER,MER_1/sqrt(x),pp1990_atp_mer_pf2,2010,29.10648543000183,26023077338
R10LATIN_AM,PP1990adjATP,1/sqrt(x),MER,MER_1/sqrt(x),pp1990_atp_mer_pf2,2011,28.171998564387607,25478356597
R10LATIN_AM,PP1990adjATP,1/sqrt(x),MER,MER_1/sqrt(x),pp1990_atp_mer_pf2,2012,27.085063912094828,24927377289
R10LATIN_AM,PP1990adjATP,1/sqrt(x),MER,MER_1/sqrt(x),pp1990_atp_mer_pf2,2013,25.956802479733742,24370122456
R10LATIN_AM,PP1990adjATP,1/sqrt(x),MER,MER_1/sqrt(x),pp1990_atp_mer_pf2,2014,24.760556355728664,23806712770
R10LATIN_AM,PP1990adjATP,1/sqrt(x),MER,MER_1/sqrt(x),pp1990_atp_mer_pf2,2015,23.585812486911237,23237216056
R10LATIN_AM,PP1990adjATP,1/sqrt(x),MER,MER_1/sqrt(x),pp1990_atp_mer_pf2,2016,22.596524791628227,22661670336
R10LATIN_AM,PP1990adjATP,1/sqrt(x),MER,MER_1/sqrt(x),pp1990_atp_mer_pf2,2017,21.664471847342472,22080018614
R10LATIN_AM,PP1990adjATP,1/sqrt(x),MER,MER_1/sqrt(x),pp1990_atp_mer_pf2,2018,20.6829422841066,21492018783
R10LATIN_AM,PP1990adjATP,1/sqrt(x),MER,MER_1/sqrt(x),pp1990_atp_mer_pf2,2019,19.757274430395718,20897392513
R10LATIN_AM,PP1990adjATP,1/sqrt(x),MER,MER_1/sqrt(x),pp1990_atp_mer_pf2,2020,18.82044218294059,20296349451
R10LATIN_AM,PP1990adjATP,1/x,MER,MER_1/x,pp1990_atp_mer_pf1,1991,23.3146318892677,35130019057
R10LATIN_AM,PP1990adjATP,1/x,MER,MER_1/x,pp1990_atp_mer_pf1,1992,21.29560803953555,34715502412
R10LATIN_AM,PP1990adjATP,1/x,MER,MER_1/x,pp1990_atp_mer_pf1,1993,19.96275761357671,34293403729
R10LATIN_AM,PP1990adjATP,1/x,MER,MER_1/x,pp1990_atp_mer_pf1,1994,18.546944486571434,33863735417
R10LATIN_AM,PP1990adjATP,1/x,MER,MER_1/x,pp1990_atp_mer_pf1,1995,16.925568624354508,33426490012
R10LATIN_AM,PP1990adjATP,1/x,MER,MER_1/x,pp1990_atp_mer_pf1,1996,15.611945507016149,32981702667
R10LATIN_AM,PP1990adjATP,1/x,MER,MER_1/x,pp1990_atp_mer_pf1,1997,14.537774982219382,32529476006
R10LATIN_AM,PP1990adjATP,1/x,MER,MER_1/x,pp1990_atp_mer_pf1,1998,13.296869860851835,32069876673
R10LATIN_AM,PP1990adjATP,1/x,MER,MER_1/x,pp1990_atp_mer_pf1,1999,11.999538131583094,31602974599
R10LATIN_AM,PP1990adjATP,1/x,MER,MER_1/x,pp1990_atp_mer_pf1,2000,11.042038749335145,31128875293
R10LATIN_AM,PP1990adjATP,1/x,MER,MER_1/x,pp1990_atp_mer_pf1,2001,9.973118861700733,30647724471
R10LATIN_AM,PP1990adjATP,1/x,MER,MER_1/x,pp1990_atp_mer_pf1,2002,8.920153139787455,30159671730
R10LATIN_AM,PP1990adjATP,1/x,MER,MER_1/x,pp1990_atp_mer_pf1,2003,8.030506492932236,29664861110
R10LATIN_AM,PP1990adjATP,1/x,MER,MER_1/x,pp1990_atp_mer_pf1,2004,7.3255735094644105,29163489785
R10LATIN_AM,PP1990adjATP,1/x,MER,MER_1/x,pp1990_atp_mer_pf1,2005,6.57857593047904,28655664001
R10LATIN_AM,PP1990adjATP,1/x,MER,MER_1/x,pp1990_atp_mer_pf1,2006,5.6938460510283875,28141450062
R10LATIN_AM,PP1990adjATP,1/x,MER,MER_1/x,pp1990_atp_mer_pf1,2007,4.75889337145213,27620979546
R10LATIN_AM,PP1990adjATP,1/x,MER,MER_1/x,pp1990_atp_mer_pf1,2008,3.864077068806607,27094360722
R10LATIN_AM,PP1990adjATP,1/x,MER,MER_1/x,pp1990_atp_mer_pf1,2009,2.86685193208535,26561710077
R10LATIN_AM,PP1990adjATP,1/x,MER,MER_1/x,pp1990_atp_mer_pf1,2010,2.055151733273235,26023077338
R10LATIN_AM,PP1990adjATP,1/x,MER,MER_1/x,pp1990_atp_mer_pf1,2011,1.0790913679914602,25478356597
R10LATIN_AM,PP1990adjATP,1/x,MER,MER_1/x,pp1990_atp_mer_pf1,2012,-0.04820968866167305,24927377289
R10LATIN_AM,PP1990adjATP,1/x,MER,MER_1/x,pp1990_atp_mer_pf1,2013,-1.2331215961403632,24370122456
R10LATIN_AM,PP1990adjATP,1/x,MER,MER_1/x,pp1990_atp_mer_pf1,2014,-2.494647569668004,23806712770
R10LATIN_AM,PP1990adjATP,1/x,MER,MER_1/x,pp1990_atp_mer_pf1,2015,-3.7199364964729567,23237216056
R10LATIN_AM,PP1990adjATP,1/x,MER,MER_1/x,pp1990_atp_mer_pf1,2016,-4.7619772248546886,22661670336
R10LATIN_AM,PP1990adjATP,1/x,MER,MER_1/x,pp1990_atp_mer_pf1,2017,-5.720836597102003,22080018614
R10LATIN_AM,PP1990adjATP,1/x,MER,MER_1/x,pp1990_atp_mer_pf1,2018,-6.71443303562205,21492018783
R10LATIN_AM,PP1990adjATP,1/x,MER,MER_1/x,pp1990_atp_mer_pf1,2019,-7.662517573278456,20897392513
R10LATIN_AM,PP1990adjATP,1/x,MER,MER_1/x,pp1990_atp_mer_pf1,2020,-8.59832380317557,20296349451
R10LATIN_AM,PP1990adjATP,1/asinh(x),PPP,PPP_1/asinh(x),pp1990_atp_ppp_pf3,1991,82.52751205221979,35130019057
R10LATIN_AM,PP1990adjATP,1/asinh(x),PPP,PPP_1/asinh(x),pp1990_atp_ppp_pf3,1992,81.68527062028538,34715502412
R10LATIN_AM,PP1990adjATP,1/asinh(x),PPP,PPP_1/asinh(x),pp1990_atp_ppp_pf3,1993,80.884804844456,34293403729
R10LATIN_AM,PP1990adjATP,1/asinh(x),PPP,PPP_1/asinh(x),pp1990_atp_ppp_pf3,1994,80.07505709141043,33863735417
R10LATIN_AM,PP1990adjATP,1/asinh(x),PPP,PPP_1/asinh(x),pp1990_atp_ppp_pf3,1995,79.21056606550263,33426490012
R10LATIN_AM,PP1990adjATP,1/asinh(x),PPP,PPP_1/asinh(x),pp1990_atp_ppp_pf3,1996,78.37434977683593,32981702667
R10LATIN_AM,PP1990adjATP,1/asinh(x),PPP,PPP_1/asinh(x),pp1990_atp_ppp_pf3,1997,77.49802862837639,32529476006
R10LATIN_AM,PP1990adjATP,1/asinh(x),PPP,PPP_1/asinh(x),pp1990_atp_ppp_pf3,1998,76.53045992102979,32069876673
R10LATIN_AM,PP1990adjATP,1/asinh(x),PPP,PPP_1/asinh(x),pp1990_atp_ppp_pf3,1999,75.51008286425842,31602974599
R10LATIN_AM,PP1990adjATP,1/asinh(x),PPP,PPP_1/asinh(x),pp1990_atp_ppp_pf3,2000,74.50175482966914,31128875293
R10LATIN_AM,PP1990adjATP,1/asinh(x),PPP,PPP_1/asinh(x),pp1990_atp_ppp_pf3,2001,73.47765501120494,30647724471
R10LATIN_AM,PP1990adjATP,1/asinh(x),PPP,PPP_1/asinh(x),pp1990_atp_ppp_pf3,2002,72.4585338090308,30159671730
R10LATIN_AM,PP1990adjATP,1/asinh(x),PPP,PPP_1/asinh(x),pp1990_atp_ppp_pf3,2003,71.44560152906418,29664861110
R10LATIN_AM,PP1990adjATP,1/asinh(x),PPP,PPP_1/asinh(x),pp1990_atp_ppp_pf3,2004,70.3991100828519,29163489785
R10LATIN_AM,PP1990adjATP,1/asinh(x),PPP,PPP_1/asinh(x),pp1990_atp_ppp_pf3,2005,69.31070936654726,28655664001
R10LATIN_AM,PP1990adjATP,1/asinh(x),PPP,PPP_1/asinh(x),pp1990_atp_ppp_pf3,2006,68.1798670777104,28141450062
R10LATIN_AM,PP1990adjATP,1/asinh(x),PPP,PPP_1/asinh(x),pp1990_atp_ppp_pf3,2007,67.00862068855602,27620979546
R10LATIN_AM,PP1990adjATP,1/asinh(x),PPP,PPP_1/asinh(x),pp1990_atp_ppp_pf3,2008,65.8013995491856,27094360722
R10LATIN_AM,PP1990adjATP,1/asinh(x),PPP,PPP_1/asinh(x),pp1990_atp_ppp_pf3,2009,64.54122342709442,26561710077
R10LATIN_AM,PP1990adjATP,1/asinh(x),PPP,PPP_1/asinh(x),pp1990_atp_ppp_pf3,2010,63.33218930831801,26023077338
R10LATIN_AM,PP1990adjATP,1/asinh(x),PPP,PPP_1/asinh(x),pp1990_atp_ppp_pf3,2011,62.03855487746267,25478356597
R10LATIN_AM,PP1990adjATP,1/asinh(x),PPP,PPP_1/asinh(x),pp1990_atp_ppp_pf3,2012,60.66032797127911,24927377289
R10LATIN_AM,PP1990adjATP,1/asinh(x),PPP,PPP_1/asinh(x),pp1990_atp_ppp_pf3,2013,59.22415820355264,24370122456
R10LATIN_AM,PP1990adjATP,1/asinh(x),PPP,PPP_1/asinh(x),pp1990_atp_ppp_pf3,2014,57.73664839803077,23806712770
R10LATIN_AM,PP1990adjATP,1/asinh(x),PPP,PPP_1/asinh(x),pp1990_atp_ppp_pf3,2015,56.20973759681537,23237216056
R10LATIN_AM,PP1990adjATP,1/asinh(x),PPP,PPP_1/asinh(x),pp1990_atp_ppp_pf3,2016,54.71169152807477,22661670336
R10LATIN_AM,PP1990adjATP,1/asinh(x),PPP,PPP_1/asinh(x),pp1990_atp_ppp_pf3,2017,53.24518535638736,22080018614
R10LATIN_AM,PP1990adjATP,1/asinh(x),PPP,PPP_1/asinh(x),pp1990_atp_ppp_pf3,2018,51.78742300878057,21492018783
R10LATIN_AM,PP1990adjATP,1/asinh(x),PPP,PPP_1/asinh(x),pp1990_atp_ppp_pf3,2019,50.357958658085586,20897392513
R10LATIN_AM,PP1990adjATP,1/asinh(x),PPP,PPP_1/asinh(x),pp1990_atp_ppp_pf3,2020,48.91553252980844,20296349451
R10LATIN_AM,PP1990adjATP,1/sqrt(x),PPP,PPP_1/sqrt(x),pp1990_atp_ppp_pf2,1991,54.10311171479567,35130019057
R10LATIN_AM,PP1990adjATP,1/sqrt(x),PPP,PPP_1/sqrt(x),pp1990_atp_ppp_pf2,1992,53.286648979606156,34715502412
R10LATIN_AM,PP1990adjATP,1/sqrt(x),PPP,PPP_1/sqrt(x),pp1990_atp_ppp_pf2,1993,52.66453890473674,34293403729
R10LATIN_AM,PP1990adjATP,1/sqrt(x),PPP,PPP_1/sqrt(x),pp1990_atp_ppp_pf2,1994,52.06111629897155,33863735417
R10LATIN_AM,PP1990adjATP,1/sqrt(x),PPP,PPP_1/sqrt(x),pp1990_atp_ppp_pf2,1995,51.339885308218534,33426490012
R10LATIN_AM,PP1990adjATP,1/sqrt(x),PPP,PPP_1/sqrt(x),pp1990_atp_ppp_pf2,1996,50.71129832198674,32981702667
R10LATIN_AM,PP1990adjATP,1/sqrt(x),PPP,PPP_1/sqrt(x),pp1990_atp_ppp_pf2,1997,50.075920126991434,32529476006
R10LATIN_AM,PP1990adjATP,1/sqrt(x),PPP,PPP_1/sqrt(x),pp1990_atp_ppp_pf2,1998,49.284935235163445,32069876673
R10LATIN_AM,PP1990adjATP,1/sqrt(x),PPP,PPP_1/sqrt(x),pp1990_atp_ppp_pf2,1999,48.43596844752613,31602974599
R10LATIN_AM,PP1990adjATP,1/sqrt(x),PPP,PPP_1/sqrt(x),pp1990_atp_ppp_pf2,2000,47.67603338326394,31128875293
R10LATIN_AM,PP1990adjATP,1/sqrt(x),PPP,PPP_1/sqrt(x),pp1990_atp_ppp_pf2,2001,46.877777224815965,30647724471
R10LATIN_AM,PP1990adjATP,1/sqrt(x),PPP,PPP_1/sqrt(x),pp1990_atp_ppp_pf2,2002,46.13011333477809,30159671730
R10LATIN_AM,PP1990adjATP,1/sqrt(x),PPP,PPP_1/sqrt(x),pp1990_atp_ppp_pf2,2003,45.405685142635754,29664861110
R10LATIN_AM,PP1990adjATP,1/sqrt(x),PPP,PPP_1/sqrt(x),pp1990_atp_ppp_pf2,2004,44.670761974650574,29163489785
R10LATIN_AM,PP1990adjATP,1/sqrt(x),PPP,PPP_1/sqrt(x),pp1990_atp_ppp_pf2,2005,43.90635251663624,28655664001
R10LATIN_AM,PP1990adjATP,1/sqrt(x),PPP,PPP_1/sqrt(x),pp1990_atp_ppp_pf2,2006,43.121882931777094,28141450062
R10LATIN_AM,PP1990adjATP,1/sqrt(x),PPP,PPP_1/sqrt(x),pp1990_atp_ppp_pf2,2007,42.2961070878688,27620979546
R10LATIN_AM,PP1990adjATP,1/sqrt(x),PPP,PPP_1/sqrt(x),pp1990_atp_ppp_pf2,2008,41.44422912817808,27094360722
R10LATIN_AM,PP1990adjATP,1/sqrt(x),PPP,PPP_1/sqrt(x),pp1990_atp_ppp_pf2,2009,40.513867388794715,26561710077
R10LATIN_AM,PP1990adjATP,1/sqrt(x),PPP,PPP_1/sqrt(x),pp1990_atp_ppp_pf2,2010,39.6900014597653,26023077338
R10LATIN_AM,PP1990adjATP,1/sqrt(x),PPP,PPP_1/sqrt(x),pp1990_atp_ppp_pf2,2011,38.763503611175246,25478356597
R10LATIN_AM,PP1990adjATP,1/sqrt(x),PPP,PPP_1/sqrt(x),pp1990_atp_ppp_pf2,2012,37.71631244557897,24927377289
R10LATIN_AM,PP1990adjATP,1/sqrt(x),PPP,PPP_1/sqrt(x),pp1990_atp_ppp_pf2,2013,36.633123551016794,24370122456
R10LATIN_AM,PP1990adjATP,1/sqrt(x),PPP,PPP_1/sqrt(x),pp1990_atp_ppp_pf2,2014,35.47038694515354,23806712770
R10LATIN_AM,PP1990adjATP,1/sqrt(x),PPP,PPP_1/sqrt(x),pp1990_atp_ppp_pf2,2015,34.26836468229275,23237216056
R10LATIN_AM,PP1990adjATP,1/sqrt(x),PPP,PPP_1/sqrt(x),pp1990_atp_ppp_pf2,2016,33.12120408893822,22661670336
R10LATIN_AM,PP1990adjATP,1/sqrt(x),PPP,PPP_1/sqrt(x),pp1990_atp_ppp_pf2,2017,32.01338580328146,22080018614
R10LATIN_AM,PP1990adjATP,1/sqrt(x),PPP,PPP_1/sqrt(x),pp1990_atp_ppp_pf2,2018,30.896469675018057,21492018783
R10LATIN_AM,PP1990adjATP,1/sqrt(x),PPP,PPP_1/sqrt(x),pp1990_atp_ppp_pf2,2019,29.832981685870028,20897392513
R10LATIN_AM,PP1990adjATP,1/sqrt(x),PPP,PPP_1/sqrt(x),pp1990_atp_ppp_pf2,2020,28.781544947930808,20296349451
R10LATIN_AM,PP1990adjATP,1/x,PPP,PPP_1/x,pp1990_atp_ppp_pf1,1991,27.202540859198784,35130019057
R10LATIN_AM,PP1990adjATP,1/x,PPP,PPP_1/x,pp1990_atp_ppp_pf1,1992,26.410139642800246,34715502412
R10LATIN_AM,PP1990adjATP,1/x,PPP,PPP_1/x,pp1990_atp_ppp_pf1,1993,25.80242532166359,34293403729
R10LATIN_AM,PP1990adjATP,1/x,PPP,PPP_1/x,pp1990_atp_ppp_pf1,1994,25.244563690161293,33863735417
R10LATIN_AM,PP1990adjATP,1/x,PPP,PPP_1/x,pp1990_atp_ppp_pf1,1995,24.575612635905014,33426490012
R10LATIN_AM,PP1990adjATP,1/x,PPP,PPP_1/x,pp1990_atp_ppp_pf1,1996,23.963204678442924,32981702667
R10LATIN_AM,PP1990adjATP,1/x,PPP,PPP_1/x,pp1990_atp_ppp_pf1,1997,23.363527323492452,32529476006
R10LATIN_AM,PP1990adjATP,1/x,PPP,PPP_1/x,pp1990_atp_ppp_pf1,1998,22.59701378932066,32069876673
R10LATIN_AM,PP1990adjATP,1/x,PPP,PPP_1/x,pp1990_atp_ppp_pf1,1999,21.7738152178616,31602974599
R10LATIN_AM,PP1990adjATP,1/x,PPP,PPP_1/x,pp1990_atp_ppp_pf1,2000,21.045835658001216,31128875293
R10LATIN_AM,PP1990adjATP,1/x,PPP,PPP_1/x,pp1990_atp_ppp_pf1,2001,20.26363050689296,30647724471
R10LATIN_AM,PP1990adjATP,1/x,PPP,PPP_1/x,pp1990_atp_ppp_pf1,2002,19.54270219622007,30159671730
R10LATIN_AM,PP1990adjATP,1/x,PPP,PPP_1/x,pp1990_atp_ppp_pf1,2003,18.836851014601876,29664861110
R10LATIN_AM,PP1990adjATP,1/x,PPP,PPP_1/x,pp1990_atp_ppp_pf1,2004,18.118429114837973,29163489785
R10LATIN_AM,PP1990adjATP,1/x,PPP,PPP_1/x,pp1990_atp_ppp_pf1,2005,17.38493024736918,28655664001
R10LATIN_AM,PP1990adjATP,1/x,PPP,PPP_1/x,pp1990_atp_ppp_pf1,2006,16.641950201416183,28141450062
R10LATIN_AM,PP1990adjATP,1/x,PPP,PPP_1/x,pp1990_atp_ppp_pf1,2007,15.861618261073875,27620979546
R10LATIN_AM,PP1990adjATP,1/x,PPP,PPP_1/x,pp1990_atp_ppp_pf1,2008,15.055785515459682,27094360722
R10LATIN_AM,PP1990adjATP,1/x,PPP,PPP_1/x,pp1990_atp_ppp_pf1,2009,14.170294514053822,26561710077
R10LATIN_AM,PP1990adjATP,1/x,PPP,PPP_1/x,pp1990_atp_ppp_pf1,2010,13.409918831999386,26023077338
R10LATIN_AM,PP1990adjATP,1/x,PPP,PPP_1/x,pp1990_atp_ppp_pf1,2011,12.562252500306153,25478356597
R10LATIN_AM,PP1990adjATP,1/x,PPP,PPP_1/x,pp1990_atp_ppp_pf1,2012,11.591956970673628,24927377289
R10LATIN_AM,PP1990adjATP,1/x,PPP,PPP_1/x,pp1990_atp_ppp_pf1,2013,10.58355263759261,24370122456
R10LATIN_AM,PP1990adjATP,1/x,PPP,PPP_1/x,pp1990_atp_ppp_pf1,2014,9.489725911281472,23806712770
R10LATIN_AM,PP1990adjATP,1/x,PPP,PPP_1/x,pp1990_atp_ppp_pf1,2015,8.386640342574958,23237216056
R10LATIN_AM,PP1990adjATP,1/x,PPP,PPP_1/x,pp1990_atp_ppp_pf1,2016,7.362248919283986,22661670336
R10LATIN_AM,PP1990adjATP,1/x,PPP,PPP_1/x,pp1990_atp_ppp_pf1,2017,6.389344902030965,22080018614
R10LATIN_AM,PP1990adjATP,1/x,PPP,PPP_1/x,pp1990_atp_ppp_pf1,2018,5.401894794143436,21492018783
R10LATIN_AM,PP1990adjATP,1/x,PPP,PPP_1/x,pp1990_atp_ppp_pf1,2019,4.4859907881452195,20897392513
R10LATIN_AM,PP1990adjATP,1/x,PPP,PPP_1/x,pp1990_atp_ppp_pf1,2020,3.601287642483689,20296349451
R10LATIN_AM,PP1850adjATP,1/asinh(x),MER,MER_1/asinh(x),pp1850_atp_mer_pf3,1991,101.9603439051743,35130019057
R10LATIN_AM,PP1850adjATP,1/asinh(x),MER,MER_1/asinh(x),pp1850_atp_mer_pf3,1992,100.70779110165594,34715502412
R10LATIN_AM,PP1850adjATP,1/asinh(x),MER,MER_1/asinh(x),pp1850_atp_mer_pf3,1993,99.6183294862549,34293403729
R10LATIN_AM,PP1850adjATP,1/asinh(x),MER,MER_1/asinh(x),pp1850_atp_mer_pf3,1994,98.32489140736023,33863735417
R10LATIN_AM,PP1850adjATP,1/asinh(x),MER,MER_1/asinh(x),pp1850_atp_mer_pf3,1995,97.0579182863877,33426490012
R10LATIN_AM,PP1850adjATP,1/asinh(x),MER,MER_1/asinh(x),pp1850_atp_mer_pf3,1996,95.9971264629351,32981702667
R10LATIN_AM,PP1850adjATP,1/asinh(x),MER,MER_1/asinh(x),pp1850_atp_mer_pf3,1997,94.98632458998763,32529476006
R10LATIN_AM,PP1850adjATP,1/asinh(x),MER,MER_1/asinh(x),pp1850_atp_mer_pf3,1998,93.86919845867251,32069876673
R10LATIN_AM,PP1850adjATP,1/asinh(x),MER,MER_1/asinh(x),pp1850_atp_mer_pf3,1999,92.70323893875184,31602974599
R10LATIN_AM,PP1850adjATP,1/asinh(x),MER,MER_1/asinh(x),pp1850_atp_mer_pf3,2000,91.70678300349152,31128875293
R10LATIN_AM,PP1850adjATP,1/asinh(x),MER,MER_1/asinh(x),pp1850_atp_mer_pf3,2001,90.67113760498808,30647724471
R10LATIN_AM,PP1850adjATP,1/asinh(x),MER,MER_1/asinh(x),pp1850_atp_mer_pf3,2002,89.63369233825262,30159671730
R10LATIN_AM,PP1850adjATP,1/asinh(x),MER,MER_1/asinh(x),pp1850_atp_mer_pf3,2003,88.68012010186533,29664861110
R10LATIN_AM,PP1850adjATP,1/asinh(x),MER,MER_1/asinh(x),pp1850_atp_mer_pf3,2004,87.76689775143541,29163489785
R10LATIN_AM,PP1850adjATP,1/asinh(x),MER,MER_1/asinh(x),pp1850_atp_mer_pf3,2005,86.81989254033515,28655664001
R10LATIN_AM,PP1850adjATP,1/asinh(x),MER,MER_1/asinh(x),pp1850_atp_mer_pf3,2006,85.78337930784497,28141450062
R10LATIN_AM,PP1850adjATP,1/asinh(x),MER,MER_1/asinh(x),pp1850_atp_mer_pf3,2007,84.70677457866448,27620979546
R10LATIN_AM,PP1850adjATP,1/asinh(x),MER,MER_1/asinh(x),pp1850_atp_mer_pf3,2008,83.63063891715298,27094360722
R10LATIN_AM,PP1850adjATP,1/asinh(x),MER,MER_1/asinh(x),pp1850_atp_mer_pf3,2009,82.49269480993246,26561710077
R10LATIN_AM,PP1850adjATP,1/asinh(x),MER,MER_1/asinh(x),pp1850_atp_mer_pf3,2010,81.4118194808434,26023077338
R10LATIN_AM,PP1850adjATP,1/asinh(x),MER,MER_1/asinh(x),pp1850_atp_mer_pf3,2011,80.21345153829074,25478356597
R10LATIN_AM,PP1850adjATP,1/asinh(x),MER,MER_1/asinh(x),pp1850_atp_mer_pf3,2012,78.9182371584269,24927377289
R10LATIN_AM,PP1850adjATP,1/asinh(x),MER,MER_1/asinh(x),pp1850_atp_mer_pf3,2013,77.5588218817531,24370122456
R10LATIN_AM,PP1850adjATP,1/asinh(x),MER,MER_1/asinh(x),pp1850_atp_mer_pf3,2014,76.14224815525229,23806712770
R10LATIN_AM,PP1850adjATP,1/asinh(x),MER,MER_1/asinh(x),pp1850_atp_mer_pf3,2015,74.7001359037719,23237216056
R10LATIN_AM,PP1850adjATP,1/asinh(x),MER,MER_1/asinh(x),pp1850_atp_mer_pf3,2016,73.32049565169045,22661670336
R10LATIN_AM,PP1850adjATP,1/asinh(x),MER,MER_1/asinh(x),pp1850_atp_mer_pf3,2017,71.96997723213039,22080018614
R10LATIN_AM,PP1850adjATP,1/asinh(x),MER,MER_1/asinh(x),pp1850_atp_mer_pf3,2018,70.60996097951751,21492018783
R10LATIN_AM,PP1850adjATP,1/asinh(x),MER,MER_1/asinh(x),pp1850_atp_mer_pf3,2019,69.28193505509194,20897392513
R10LATIN_AM,PP1850adjATP,1/asinh(x),MER,MER_1/asinh(x),pp1850_atp_mer_pf3,2020,67.92880130908951,20296349451
R10LATIN_AM,PP1850adjATP,1/sqrt(x),MER,MER_1/sqrt(x),pp1850_atp_mer_pf2,1991,71.94436490135263,35130019057
R10LATIN_AM,PP1850adjATP,1/sqrt(x),MER,MER_1/sqrt(x),pp1850_atp_mer_pf2,1992,70.03382203735708,34715502412
R10LATIN_AM,PP1850adjATP,1/sqrt(x),MER,MER_1/sqrt(x),pp1850_atp_mer_pf2,1993,68.64226023442292,34293403729
R10LATIN_AM,PP1850adjATP,1/sqrt(x),MER,MER_1/sqrt(x),pp1850_atp_mer_pf2,1994,66.86811688144975,33863735417
R10LATIN_AM,PP1850adjATP,1/sqrt(x),MER,MER_1/sqrt(x),pp1850_atp_mer_pf2,1995,65.0632400391443,33426490012
R10LATIN_AM,PP1850adjATP,1/sqrt(x),MER,MER_1/sqrt(x),pp1850_atp_mer_pf2,1996,63.66748962878427,32981702667
R10LATIN_AM,PP1850adjATP,1/sqrt(x),MER,MER_1/sqrt(x),pp1850_atp_mer_pf2,1997,62.50912265773536,32529476006
R10LATIN_AM,PP1850adjATP,1/sqrt(x),MER,MER_1/sqrt(x),pp1850_atp_mer_pf2,1998,61.207679645103234,32069876673
R10LATIN_AM,PP1850adjATP,1/sqrt(x),MER,MER_1/sqrt(x),pp1850_atp_mer_pf2,1999,59.89219050931854,31602974599
R10LATIN_AM,PP1850adjATP,1/sqrt(x),MER,MER_1/sqrt(x),pp1850_atp_mer_pf2,2000,59.03511348641671,31128875293
R10LATIN_AM,PP1850adjATP,1/sqrt(x),MER,MER_1/sqrt(x),pp1850_atp_mer_pf2,2001,58.077091752074196,30647724471
R10LATIN_AM,PP1850adjATP,1/sqrt(x),MER,MER_1/sqrt(x),pp1850_atp_mer_pf2,2002,57.15361660219173,30159671730
R10LATIN_AM,PP1850adjATP,1/sqrt(x),MER,MER_1/sqrt(x),pp1850_atp_mer_pf2,2003,56.43053474554211,29664861110
R10LATIN_AM,PP1850adjATP,1/sqrt(x),MER,MER_1/sqrt(x),pp1850_atp_mer_pf2,2004,55.86834531072245,29163489785
R10LATIN_AM,PP1850adjATP,1/sqrt(x),MER,MER_1/sqrt(x),pp1850_atp_mer_pf2,2005,55.262742997781814,28655664001
R10LATIN_AM,PP1850adjATP,1/sqrt(x),MER,MER_1/sqrt(x),pp1850_atp_mer_pf2,2006,54.488911008048035,28141450062
R10LATIN_AM,PP1850adjATP,1/sqrt(x),MER,MER_1/sqrt(x),pp1850_atp_mer_pf2,2007,53.6590736605651,27620979546
R10LATIN_AM,PP1850adjATP,1/sqrt(x),MER,MER_1/sqrt(x),pp1850_atp_mer_pf2,2008,52.86760464989128,27094360722
R10LATIN_AM,PP1850adjATP,1/sqrt(x),MER,MER_1/sqrt(x),pp1850_atp_mer_pf2,2009,51.96260504507463,26561710077
R10LATIN_AM,PP1850adjATP,1/sqrt(x),MER,MER_1/sqrt(x),pp1850_atp_mer_pf2,2010,51.22189559403652,26023077338
R10LATIN_AM,PP1850adjATP,1/sqrt(x),MER,MER_1/sqrt(x),pp1850_atp_mer_pf2,2011,50.28740872842231,25478356597
R10LATIN_AM,PP1850adjATP,1/sqrt(x),MER,MER_1/sqrt(x),pp1850_atp_mer_pf2,2012,49.20047407612952,24927377289
R10LATIN_AM,PP1850adjATP,1/sqrt(x),MER,MER_1/sqrt(x),pp1850_atp_mer_pf2,2013,48.07221264376843,24370122456
R10LATIN_AM,PP1850adjATP,1/sqrt(x),MER,MER_1/sqrt(x),pp1850_atp_mer_pf2,2014,46.87596651976334,23806712770
R10LATIN_AM,PP1850adjATP,1/sqrt(x),MER,MER_1/sqrt(x),pp1850_atp_mer_pf2,2015,45.70122265094593,23237216056
R10LATIN_AM,PP1850adjATP,1/sqrt(x),MER,MER_1/sqrt(x),pp1850_atp_mer_pf2,2016,44.71193495566292,22661670336
R10LATIN_AM,PP1850adjATP,1/sqrt(x),MER,MER_1/sqrt(x),pp1850_atp_mer_pf2,2017,43.77988201137717,22080018614
R10LATIN_AM,PP1850adjATP,1/sqrt(x),MER,MER_1/sqrt(x),pp1850_atp_mer_pf2,2018,42.798352448141294,21492018783
R10LATIN_AM,PP1850adjATP,1/sqrt(x),MER,MER_1/sqrt(x),pp1850_atp_mer_pf2,2019,41.87268459443041,20897392513
R10LATIN_AM,PP1850adjATP,1/sqrt(x),MER,MER_1/sqrt(x),pp1850_atp_mer_pf2,2020,40.93585234697528,20296349451
R10LATIN_AM,PP1850adjATP,1/x,MER,MER_1/x,pp1850_atp_mer_pf1,1991,45.43004205330238,35130019057
R10LATIN_AM,PP1850adjATP,1/x,MER,MER_1/x,pp1850_atp_mer_pf1,1992,43.41101820357023,34715502412
R10LATIN_AM,PP1850adjATP,1/x,MER,MER_1/x,pp1850_atp_mer_pf1,1993,42.078167777611405,34293403729
R10LATIN_AM,PP1850adjATP,1/x,MER,MER_1/x,pp1850_atp_mer_pf1,1994,40.66235465060613,33863735417
R10LATIN_AM,PP1850adjATP,1/x,MER,MER_1/x,pp1850_atp_mer_pf1,1995,39.04097878838918,33426490012
R10LATIN_AM,PP1850adjATP,1/x,MER,MER_1/x,pp1850_atp_mer_pf1,1996,37.72735567105084,32981702667
R10LATIN_AM,PP1850adjATP,1/x,MER,MER_1/x,pp1850_atp_mer_pf1,1997,36.65318514625406,32529476006
R10LATIN_AM,PP1850adjATP,1/x,MER,MER_1/x,pp1850_atp_mer_pf1,1998,35.41228002488653,32069876673
R10LATIN_AM,PP1850adjATP,1/x,MER,MER_1/x,pp1850_atp_mer_pf1,1999,34.114948295617786,31602974599
R10LATIN_AM,PP1850adjATP,1/x,MER,MER_1/x,pp1850_atp_mer_pf1,2000,33.15744891336984,31128875293
R10LATIN_AM,PP1850adjATP,1/x,MER,MER_1/x,pp1850_atp_mer_pf1,2001,32.08852902573542,30647724471
R10LATIN_AM,PP1850adjATP,1/x,MER,MER_1/x,pp1850_atp_mer_pf1,2002,31.03556330382214,30159671730
R10LATIN_AM,PP1850adjATP,1/x,MER,MER_1/x,pp1850_atp_mer_pf1,2003,30.14591665696692,29664861110
R10LATIN_AM,PP1850adjATP,1/x,MER,MER_1/x,pp1850_atp_mer_pf1,2004,29.440983673499094,29163489785
R10LATIN_AM,PP1850adjATP,1/x,MER,MER_1/x,pp1850_atp_mer_pf1,2005,28.693986094513726,28655664001
R10LATIN_AM,PP1850adjATP,1/x,MER,MER_1/x,pp1850_atp_mer_pf1,2006,27.80925621506308,28141450062
R10LATIN_AM,PP1850adjATP,1/x,MER,MER_1/x,pp1850_atp_mer_pf1,2007,26.874303535486824,27620979546
R10LATIN_AM,PP1850adjATP,1/x,MER,MER_1/x,pp1850_atp_mer_pf1,2008,25.979487232841297,27094360722
R10LATIN_AM,PP1850adjATP,1/x,MER,MER_1/x,pp1850_atp_mer_pf1,2009,24.982262096120046,26561710077
R10LATIN_AM,PP1850adjATP,1/x,MER,MER_1/x,pp1850_atp_mer_pf1,2010,24.17056189730793,26023077338
R10LATIN_AM,PP1850adjATP,1/x,MER,MER_1/x,pp1850_atp_mer_pf1,2011,23.19450153202615,25478356597
R10LATIN_AM,PP1850adjATP,1/x,MER,MER_1/x,pp1850_atp_mer_pf1,2012,22.067200475373017,24927377289
R10LATIN_AM,PP1850adjATP,1/x,MER,MER_1/x,pp1850_atp_mer_pf1,2013,20.88228856789433,24370122456
R10LATIN_AM,PP1850adjATP,1/x,MER,MER_1/x,pp1850_atp_mer_pf1,2014,19.620762594366692,23806712770
R10LATIN_AM,PP1850adjATP,1/x,MER,MER_1/x,pp1850_atp_mer_pf1,2015,18.395473667561735,23237216056
R10LATIN_AM,PP1850adjATP,1/x,MER,MER_1/x,pp1850_atp_mer_pf1,2016,17.35343293918,22661670336
R10LATIN_AM,PP1850adjATP,1/x,MER,MER_1/x,pp1850_atp_mer_pf1,2017,16.394573566932685,22080018614
R10LATIN_AM,PP1850adjATP,1/x,MER,MER_1/x,pp1850_atp_mer_pf1,2018,15.400977128412638,21492018783
R10LATIN_AM,PP1850adjATP,1/x,MER,MER_1/x,pp1850_atp_mer_pf1,2019,14.452892590756232,20897392513
R10LATIN_AM,PP1850adjATP,1/x,MER,MER_1/x,pp1850_atp_mer_pf1,2020,13.517086360859121,20296349451
R10LATIN_AM,PP1850adjATP,1/asinh(x),PPP,PPP_1/asinh(x),pp1850_atp_ppp_pf3,1991,104.64292221625448,35130019057
R10LATIN_AM,PP1850adjATP,1/asinh(x),PPP,PPP_1/asinh(x),pp1850_atp_ppp_pf3,1992,103.80068078432006,34715502412
R10LATIN_AM,PP1850adjATP,1/asinh(x),PPP,PPP_1/asinh(x),pp1850_atp_ppp_pf3,1993,103.00021500849071,34293403729
R10LATIN_AM,PP1850adjATP,1/asinh(x),PPP,PPP_1/asinh(x),pp1850_atp_ppp_pf3,1994,102.1904672554451,33863735417
R10LATIN_AM,PP1850adjATP,1/asinh(x),PPP,PPP_1/asinh(x),pp1850_atp_ppp_pf3,1995,101.32597622953733,33426490012
R10LATIN_AM,PP1850adjATP,1/asinh(x),PPP,PPP_1/asinh(x),pp1850_atp_ppp_pf3,1996,100.4897599408706,32981702667
R10LATIN_AM,PP1850adjATP,1/asinh(x),PPP,PPP_1/asinh(x),pp1850_atp_ppp_pf3,1997,99.61343879241112,32529476006
R10LATIN_AM,PP1850adjATP,1/asinh(x),PPP,PPP_1/asinh(x),pp1850_atp_ppp_pf3,1998,98.64587008506442,32069876673
R10LATIN_AM,PP1850adjATP,1/asinh(x),PPP,PPP_1/asinh(x),pp1850_atp_ppp_pf3,1999,97.62549302829316,31602974599
R10LATIN_AM,PP1850adjATP,1/asinh(x),PPP,PPP_1/asinh(x),pp1850_atp_ppp_pf3,2000,96.6171649937038,31128875293
R10LATIN_AM,PP1850adjATP,1/asinh(x),PPP,PPP_1/asinh(x),pp1850_atp_ppp_pf3,2001,95.59306517523962,30647724471
R10LATIN_AM,PP1850adjATP,1/asinh(x),PPP,PPP_1/asinh(x),pp1850_atp_ppp_pf3,2002,94.5739439730655,30159671730
R10LATIN_AM,PP1850adjATP,1/asinh(x),PPP,PPP_1/asinh(x),pp1850_atp_ppp_pf3,2003,93.56101169309883,29664861110
R10LATIN_AM,PP1850adjATP,1/asinh(x),PPP,PPP_1/asinh(x),pp1850_atp_ppp_pf3,2004,92.5145202468866,29163489785
R10LATIN_AM,PP1850adjATP,1/asinh(x),PPP,PPP_1/asinh(x),pp1850_atp_ppp_pf3,2005,91.42611953058194,28655664001
R10LATIN_AM,PP1850adjATP,1/asinh(x),PPP,PPP_1/asinh(x),pp1850_atp_ppp_pf3,2006,90.29527724174507,28141450062
R10LATIN_AM,PP1850adjATP,1/asinh(x),PPP,PPP_1/asinh(x),pp1850_atp_ppp_pf3,2007,89.12403085259069,27620979546
R10LATIN_AM,PP1850adjATP,1/asinh(x),PPP,PPP_1/asinh(x),pp1850_atp_ppp_pf3,2008,87.91680971322029,27094360722
R10LATIN_AM,PP1850adjATP,1/asinh(x),PPP,PPP_1/asinh(x),pp1850_atp_ppp_pf3,2009,86.65663359112912,26561710077
R10LATIN_AM,PP1850adjATP,1/asinh(x),PPP,PPP_1/asinh(x),pp1850_atp_ppp_pf3,2010,85.44759947235269,26023077338
R10LATIN_AM,PP1850adjATP,1/asinh(x),PPP,PPP_1/asinh(x),pp1850_atp_ppp_pf3,2011,84.15396504149737,25478356597
R10LATIN_AM,PP1850adjATP,1/asinh(x),PPP,PPP_1/asinh(x),pp1850_atp_ppp_pf3,2012,82.77573813531382,24927377289
R10LATIN_AM,PP1850adjATP,1/asinh(x),PPP,PPP_1/asinh(x),pp1850_atp_ppp_pf3,2013,81.33956836758733,24370122456
R10LATIN_AM,PP1850adjATP,1/asinh(x),PPP,PPP_1/asinh(x),pp1850_atp_ppp_pf3,2014,79.85205856206548,23806712770
R10LATIN_AM,PP1850adjATP,1/asinh(x),PPP,PPP_1/asinh(x),pp1850_atp_ppp_pf3,2015,78.32514776085006,23237216056
R10LATIN_AM,PP1850adjATP,1/asinh(x),PPP,PPP_1/asinh(x),pp1850_atp_ppp_pf3,2016,76.8271016921095,22661670336
R10LATIN_AM,PP1850adjATP,1/asinh(x),PPP,PPP_1/asinh(x),pp1850_atp_ppp_pf3,2017,75.36059552042204,22080018614
R10LATIN_AM,PP1850adjATP,1/asinh(x),PPP,PPP_1/asinh(x),pp1850_atp_ppp_pf3,2018,73.90283317281528,21492018783
R10LATIN_AM,PP1850adjATP,1/asinh(x),PPP,PPP_1/asinh(x),pp1850_atp_ppp_pf3,2019,72.47336882212029,20897392513
R10LATIN_AM,PP1850adjATP,1/asinh(x),PPP,PPP_1/asinh(x),pp1850_atp_ppp_pf3,2020,71.03094269384316,20296349451
R10LATIN_AM,PP1850adjATP,1/sqrt(x),PPP,PPP_1/sqrt(x),pp1850_atp_ppp_pf2,1991,76.21852187883039,35130019057
R10LATIN_AM,PP1850adjATP,1/sqrt(x),PPP,PPP_1/sqrt(x),pp1850_atp_ppp_pf2,1992,75.40205914364087,34715502412
R10LATIN_AM,PP1850adjATP,1/sqrt(x),PPP,PPP_1/sqrt(x),pp1850_atp_ppp_pf2,1993,74.77994906877143,34293403729
R10LATIN_AM,PP1850adjATP,1/sqrt(x),PPP,PPP_1/sqrt(x),pp1850_atp_ppp_pf2,1994,74.17652646300624,33863735417
R10LATIN_AM,PP1850adjATP,1/sqrt(x),PPP,PPP_1/sqrt(x),pp1850_atp_ppp_pf2,1995,73.45529547225323,33426490012
R10LATIN_AM,PP1850adjATP,1/sqrt(x),PPP,PPP_1/sqrt(x),pp1850_atp_ppp_pf2,1996,72.82670848602142,32981702667
R10LATIN_AM,PP1850adjATP,1/sqrt(x),PPP,PPP_1/sqrt(x),pp1850_atp_ppp_pf2,1997,72.19133029102612,32529476006
R10LATIN_AM,PP1850adjATP,1/sqrt(x),PPP,PPP_1/sqrt(x),pp1850_atp_ppp_pf2,1998,71.40034539919814,32069876673
R10LATIN_AM,PP1850adjATP,1/sqrt(x),PPP,PPP_1/sqrt(x),pp1850_atp_ppp_pf2,1999,70.55137861156082,31602974599
R10LATIN_AM,PP1850adjATP,1/sqrt(x),PPP,PPP_1/sqrt(x),pp1850_atp_ppp_pf2,2000,69.7914435472986,31128875293
R10LATIN_AM,PP1850adjATP,1/sqrt(x),PPP,PPP_1/sqrt(x),pp1850_atp_ppp_pf2,2001,68.99318738885064,30647724471
R10LATIN_AM,PP1850adjATP,1/sqrt(x),PPP,PPP_1/sqrt(x),pp1850_atp_ppp_pf2,2002,68.24552349881276,30159671730
R10LATIN_AM,PP1850adjATP,1/sqrt(x),PPP,PPP_1/sqrt(x),pp1850_atp_ppp_pf2,2003,67.52109530667046,29664861110
R10LATIN_AM,PP1850adjATP,1/sqrt(x),PPP,PPP_1/sqrt(x),pp1850_atp_ppp_pf2,2004,66.78617213868527,29163489785
R10LATIN_AM,PP1850adjATP,1/sqrt(x),PPP,PPP_1/sqrt(x),pp1850_atp_ppp_pf2,2005,66.02176268067092,28655664001
R10LATIN_AM,PP1850adjATP,1/sqrt(x),PPP,PPP_1/sqrt(x),pp1850_atp_ppp_pf2,2006,65.23729309581178,28141450062
R10LATIN_AM,PP1850adjATP,1/sqrt(x),PPP,PPP_1/sqrt(x),pp1850_atp_ppp_pf2,2007,64.41151725190348,27620979546
R10LATIN_AM,PP1850adjATP,1/sqrt(x),PPP,PPP_1/sqrt(x),pp1850_atp_ppp_pf2,2008,63.559639292212736,27094360722
R10LATIN_AM,PP1850adjATP,1/sqrt(x),PPP,PPP_1/sqrt(x),pp1850_atp_ppp_pf2,2009,62.629277552829414,26561710077
R10LATIN_AM,PP1850adjATP,1/sqrt(x),PPP,PPP_1/sqrt(x),pp1850_atp_ppp_pf2,2010,61.805411623799984,26023077338
R10LATIN_AM,PP1850adjATP,1/sqrt(x),PPP,PPP_1/sqrt(x),pp1850_atp_ppp_pf2,2011,60.87891377520992,25478356597
R10LATIN_AM,PP1850adjATP,1/sqrt(x),PPP,PPP_1/sqrt(x),pp1850_atp_ppp_pf2,2012,59.83172260961367,24927377289
R10LATIN_AM,PP1850adjATP,1/sqrt(x),PPP,PPP_1/sqrt(x),pp1850_atp_ppp_pf2,2013,58.748533715051494,24370122456
R10LATIN_AM,PP1850adjATP,1/sqrt(x),PPP,PPP_1/sqrt(x),pp1850_atp_ppp_pf2,2014,57.585797109188256,23806712770
R10LATIN_AM,PP1850adjATP,1/sqrt(x),PPP,PPP_1/sqrt(x),pp1850_atp_ppp_pf2,2015,56.38377484632743,23237216056
R10LATIN_AM,PP1850adjATP,1/sqrt(x),PPP,PPP_1/sqrt(x),pp1850_atp_ppp_pf2,2016,55.23661425297289,22661670336
R10LATIN_AM,PP1850adjATP,1/sqrt(x),PPP,PPP_1/sqrt(x),pp1850_atp_ppp_pf2,2017,54.12879596731617,22080018614
R10LATIN_AM,PP1850adjATP,1/sqrt(x),PPP,PPP_1/sqrt(x),pp1850_atp_ppp_pf2,2018,53.01187983905277,21492018783
R10LATIN_AM,PP1850adjATP,1/sqrt(x),PPP,PPP_1/sqrt(x),pp1850_atp_ppp_pf2,2019,51.94839184990472,20897392513
R10LATIN_AM,PP1850adjATP,1/sqrt(x),PPP,PPP_1/sqrt(x),pp1850_atp_ppp_pf2,2020,50.896955111965504,20296349451
R10LATIN_AM,PP1850adjATP,1/x,PPP,PPP_1/x,pp1850_atp_ppp_pf1,1991,49.317951023233476,35130019057
R10LATIN_AM,PP1850adjATP,1/x,PPP,PPP_1/x,pp1850_atp_ppp_pf1,1992,48.52554980683493,34715502412
R10LATIN_AM,PP1850adjATP,1/x,PPP,PPP_1/x,pp1850_atp_ppp_pf1,1993,47.917835485698284,34293403729
R10LATIN_AM,PP1850adjATP,1/x,PPP,PPP_1/x,pp1850_atp_ppp_pf1,1994,47.35997385419597,33863735417
R10LATIN_AM,PP1850adjATP,1/x,PPP,PPP_1/x,pp1850_atp_ppp_pf1,1995,46.69102279993972,33426490012
R10LATIN_AM,PP1850adjATP,1/x,PPP,PPP_1/x,pp1850_atp_ppp_pf1,1996,46.07861484247763,32981702667
R10LATIN_AM,PP1850adjATP,1/x,PPP,PPP_1/x,pp1850_atp_ppp_pf1,1997,45.47893748752714,32529476006
R10LATIN_AM,PP1850adjATP,1/x,PPP,PPP_1/x,pp1850_atp_ppp_pf1,1998,44.71242395335535,32069876673
R10LATIN_AM,PP1850adjATP,1/x,PPP,PPP_1/x,pp1850_atp_ppp_pf1,1999,43.88922538189628,31602974599
R10LATIN_AM,PP1850adjATP,1/x,PPP,PPP_1/x,pp1850_atp_ppp_pf1,2000,43.16124582203591,31128875293
R10LATIN_AM,PP1850adjATP,1/x,PPP,PPP_1/x,pp1850_atp_ppp_pf1,2001,42.379040670927644,30647724471
R10LATIN_AM,PP1850adjATP,1/x,PPP,PPP_1/x,pp1850_atp_ppp_pf1,2002,41.65811236025477,30159671730
R10LATIN_AM,PP1850adjATP,1/x,PPP,PPP_1/x,pp1850_atp_ppp_pf1,2003,40.95226117863656,29664861110
R10LATIN_AM,PP1850adjATP,1/x,PPP,PPP_1/x,pp1850_atp_ppp_pf1,2004,40.233839278872665,29163489785
R10LATIN_AM,PP1850adjATP,1/x,PPP,PPP_1/x,pp1850_atp_ppp_pf1,2005,39.50034041140386,28655664001
R10LATIN_AM,PP1850adjATP,1/x,PPP,PPP_1/x,pp1850_atp_ppp_pf1,2006,38.75736036545087,28141450062
R10LATIN_AM,PP1850adjATP,1/x,PPP,PPP_1/x,pp1850_atp_ppp_pf1,2007,37.977028425108564,27620979546
R10LATIN_AM,PP1850adjATP,1/x,PPP,PPP_1/x,pp1850_atp_ppp_pf1,2008,37.17119567949438,27094360722
R10LATIN_AM,PP1850adjATP,1/x,PPP,PPP_1/x,pp1850_atp_ppp_pf1,2009,36.28570467808853,26561710077
R10LATIN_AM,PP1850adjATP,1/x,PPP,PPP_1/x,pp1850_atp_ppp_pf1,2010,35.52532899603408,26023077338
R10LATIN_AM,PP1850adjATP,1/x,PPP,PPP_1/x,pp1850_atp_ppp_pf1,2011,34.67766266434085,25478356597
R10LATIN_AM,PP1850adjATP,1/x,PPP,PPP_1/x,pp1850_atp_ppp_pf1,2012,33.70736713470831,24927377289
R10LATIN_AM,PP1850adjATP,1/x,PPP,PPP_1/x,pp1850_atp_ppp_pf1,2013,32.69896280162729,24370122456
R10LATIN_AM,PP1850adjATP,1/x,PPP,PPP_1/x,pp1850_atp_ppp_pf1,2014,31.605136075316164,23806712770
R10LATIN_AM,PP1850adjATP,1/x,PPP,PPP_1/x,pp1850_atp_ppp_pf1,2015,30.50205050660965,23237216056
R10LATIN_AM,PP1850adjATP,1/x,PPP,PPP_1/x,pp1850_atp_ppp_pf1,2016,29.477659083318667,22661670336
R10LATIN_AM,PP1850adjATP,1/x,PPP,PPP_1/x,pp1850_atp_ppp_pf1,2017,28.504755066065655,22080018614
R10LATIN_AM,PP1850adjATP,1/x,PPP,PPP_1/x,pp1850_atp_ppp_pf1,2018,27.517304958178126,21492018783
R10LATIN_AM,PP1850adjATP,1/x,PPP,PPP_1/x,pp1850_atp_ppp_pf1,2019,26.601400952179908,20897392513
R10LATIN_AM,PP1850adjATP,1/x,PPP,PPP_1/x,pp1850_atp_ppp_pf1,2020,25.71669780651838,20296349451
R10MIDDLE_EAST,PP2015,NA,NA,NA,pp2015,1991,14.663085485429486,12452114881
R10MIDDLE_EAST,PP2015,NA,NA,NA,pp2015,1992,14.663085485429486,12338898103
R10MIDDLE_EAST,PP2015,NA,NA,NA,pp2015,1993,14.663085485429486,12222109470
R10MIDDLE_EAST,PP2015,NA,NA,NA,pp2015,1994,14.663085485429486,12102684896
R10MIDDLE_EAST,PP2015,NA,NA,NA,pp2015,1995,14.663085485429486,11980857998
R10MIDDLE_EAST,PP2015,NA,NA,NA,pp2015,1996,14.663085485429486,11856315751
R10MIDDLE_EAST,PP2015,NA,NA,NA,pp2015,1997,14.663085485429486,11729030266
R10MIDDLE_EAST,PP2015,NA,NA,NA,pp2015,1998,14.663085485429486,11598892417
R10MIDDLE_EAST,PP2015,NA,NA,NA,pp2015,1999,14.663085485429486,11465787392
R10MIDDLE_EAST,PP2015,NA,NA,NA,pp2015,2000,14.663085485429486,11329649800
R10MIDDLE_EAST,PP2015,NA,NA,NA,pp2015,2001,14.663085485429486,11190383533
R10MIDDLE_EAST,PP2015,NA,NA,NA,pp2015,2002,14.663085485429486,11047946860
R10MIDDLE_EAST,PP2015,NA,NA,NA,pp2015,2003,14.663085485429486,10902806377
R10MIDDLE_EAST,PP2015,NA,NA,NA,pp2015,2004,14.663085485429486,10754997594
R10MIDDLE_EAST,PP2015,NA,NA,NA,pp2015,2005,14.663085485429486,10604024719
R10MIDDLE_EAST,PP2015,NA,NA,NA,pp2015,2006,14.663085485429486,10449386625
R10MIDDLE_EAST,PP2015,NA,NA,NA,pp2015,2007,14.663085485429486,10290758121
R10MIDDLE_EAST,PP2015,NA,NA,NA,pp2015,2008,14.663085485429486,10128167217
R10MIDDLE_EAST,PP2015,NA,NA,NA,pp2015,2009,14.663085485429486,9960943933
R10MIDDLE_EAST,PP2015,NA,NA,NA,pp2015,2010,14.663085485429486,9788742155
R10MIDDLE_EAST,PP2015,NA,NA,NA,pp2015,2011,14.663085485429486,9612209476
R10MIDDLE_EAST,PP2015,NA,NA,NA,pp2015,2012,14.663085485429486,9431692771
R10MIDDLE_EAST,PP2015,NA,NA,NA,pp2015,2013,14.663085485429486,9246790006
R10MIDDLE_EAST,PP2015,NA,NA,NA,pp2015,2014,14.663085485429486,9056472367
R10MIDDLE_EAST,PP2015,NA,NA,NA,pp2015,2015,14.663085485429486,8860329512
R10MIDDLE_EAST,PP2015,NA,NA,NA,pp2015,2016,12.581550817900233,8658851256
R10MIDDLE_EAST,PP2015,NA,NA,NA,pp2015,2017,10.453914638270001,8453009376
R10MIDDLE_EAST,PP2015,NA,NA,NA,pp2015,2018,8.275383496966612,8243451509
R10MIDDLE_EAST,PP2015,NA,NA,NA,pp2015,2019,6.069604907921707,8030239764
R10MIDDLE_EAST,PP2015,NA,NA,NA,pp2015,2020,3.8379952394567223,7813729406
R10MIDDLE_EAST,PP1990,NA,NA,NA,pp1990,1991,32.09218986190855,12452114881
R10MIDDLE_EAST,PP1990,NA,NA,NA,pp1990,1992,31.36909218139309,12338898103
R10MIDDLE_EAST,PP1990,NA,NA,NA,pp1990,1993,30.565228013534043,12222109470
R10MIDDLE_EAST,PP1990,NA,NA,NA,pp1990,1994,29.68246463631402,12102684896
R10MIDDLE_EAST,PP1990,NA,NA,NA,pp1990,1995,28.73919135045137,11980857998
R10MIDDLE_EAST,PP1990,NA,NA,NA,pp1990,1996,27.84988764550155,11856315751
R10MIDDLE_EAST,PP1990,NA,NA,NA,pp1990,1997,26.96113896464801,11729030266
R10MIDDLE_EAST,PP1990,NA,NA,NA,pp1990,1998,26.103345746555092,11598892417
R10MIDDLE_EAST,PP1990,NA,NA,NA,pp1990,1999,25.210559395664795,11465787392
R10MIDDLE_EAST,PP1990,NA,NA,NA,pp1990,2000,24.228684678320416,11329649800
R10MIDDLE_EAST,PP1990,NA,NA,NA,pp1990,2001,23.136007053196465,11190383533
R10MIDDLE_EAST,PP1990,NA,NA,NA,pp1990,2002,22.009541201711123,11047946860
R10MIDDLE_EAST,PP1990,NA,NA,NA,pp1990,2003,20.861245819561212,10902806377
R10MIDDLE_EAST,PP1990,NA,NA,NA,pp1990,2004,19.652408053042635,10754997594
R10MIDDLE_EAST,PP1990,NA,NA,NA,pp1990,2005,18.33163897621869,10604024719
R10MIDDLE_EAST,PP1990,NA,NA,NA,pp1990,2006,16.967647660713027,10449386625
R10MIDDLE_EAST,PP1990,NA,NA,NA,pp1990,2007,15.516138260564652,10290758121
R10MIDDLE_EAST,PP1990,NA,NA,NA,pp1990,2008,14.115554369032097,10128167217
R10MIDDLE_EAST,PP1990,NA,NA,NA,pp1990,2009,12.572961490324072,9960943933
R10MIDDLE_EAST,PP1990,NA,NA,NA,pp1990,2010,10.9547514047239,9788742155
R10MIDDLE_EAST,PP1990,NA,NA,NA,pp1990,2011,9.222107175515628,9612209476
R10MIDDLE_EAST,PP1990,NA,NA,NA,pp1990,2012,7.463893212463904,9431692771
R10MIDDLE_EAST,PP1990,NA,NA,NA,pp1990,2013,5.558451091208615,9246790006
R10MIDDLE_EAST,PP1990,NA,NA,NA,pp1990,2014,3.6857308879584085,9056472367
R10MIDDLE_EAST,PP1990,NA,NA,NA,pp1990,2015,1.7151711231968036,8860329512
R10MIDDLE_EAST,PP1990,NA,NA,NA,pp1990,2016,-0.3663635443324438,8658851256
R10MIDDLE_EAST,PP1990,NA,NA,NA,pp1990,2017,-2.493999723962675,8453009376
R10MIDDLE_EAST,PP1990,NA,NA,NA,pp1990,2018,-4.672530865266066,8243451509
R10MIDDLE_EAST,PP1990,NA,NA,NA,pp1990,2019,-6.878309454310973,8030239764
R10MIDDLE_EAST,PP1990,NA,NA,NA,pp1990,2020,-9.109919122775954,7813729406
R10MIDDLE_EAST,PP1850,NA,NA,NA,pp1850,1991,39.12304864883268,12452114881
R10MIDDLE_EAST,PP1850,NA,NA,NA,pp1850,1992,38.39995096831722,12338898103
R10MIDDLE_EAST,PP1850,NA,NA,NA,pp1850,1993,37.596086800458174,12222109470
R10MIDDLE_EAST,PP1850,NA,NA,NA,pp1850,1994,36.71332342323815,12102684896
R10MIDDLE_EAST,PP1850,NA,NA,NA,pp1850,1995,35.7700501373755,11980857998
R10MIDDLE_EAST,PP1850,NA,NA,NA,pp1850,1996,34.880746432425674,11856315751
R10MIDDLE_EAST,PP1850,NA,NA,NA,pp1850,1997,33.991997751572136,11729030266
R10MIDDLE_EAST,PP1850,NA,NA,NA,pp1850,1998,33.13420453347923,11598892417
R10MIDDLE_EAST,PP1850,NA,NA,NA,pp1850,1999,32.24141818258892,11465787392
R10MIDDLE_EAST,PP1850,NA,NA,NA,pp1850,2000,31.25954346524454,11329649800
R10MIDDLE_EAST,PP1850,NA,NA,NA,pp1850,2001,30.166865840120586,11190383533
R10MIDDLE_EAST,PP1850,NA,NA,NA,pp1850,2002,29.04039998863525,11047946860
R10MIDDLE_EAST,PP1850,NA,NA,NA,pp1850,2003,27.89210460648534,10902806377
R10MIDDLE_EAST,PP1850,NA,NA,NA,pp1850,2004,26.683266839966773,10754997594
R10MIDDLE_EAST,PP1850,NA,NA,NA,pp1850,2005,25.362497763142823,10604024719
R10MIDDLE_EAST,PP1850,NA,NA,NA,pp1850,2006,23.99850644763716,10449386625
R10MIDDLE_EAST,PP1850,NA,NA,NA,pp1850,2007,22.546997047488787,10290758121
R10MIDDLE_EAST,PP1850,NA,NA,NA,pp1850,2008,21.146413155956225,10128167217
R10MIDDLE_EAST,PP1850,NA,NA,NA,pp1850,2009,19.603820277248204,9960943933
R10MIDDLE_EAST,PP1850,NA,NA,NA,pp1850,2010,17.985610191648036,9788742155
R10MIDDLE_EAST,PP1850,NA,NA,NA,pp1850,2011,16.252965962439752,9612209476
R10MIDDLE_EAST,PP1850,NA,NA,NA,pp1850,2012,14.494751999388031,9431692771
R10MIDDLE_EAST,PP1850,NA,NA,NA,pp1850,2013,12.589309878132747,9246790006
R10MIDDLE_EAST,PP1850,NA,NA,NA,pp1850,2014,10.716589674882536,9056472367
R10MIDDLE_EAST,PP1850,NA,NA,NA,pp1850,2015,8.746029910120932,8860329512
R10MIDDLE_EAST,PP1850,NA,NA,NA,pp1850,2016,6.664495242591686,8658851256
R10MIDDLE_EAST,PP1850,NA,NA,NA,pp1850,2017,4.536859062961453,8453009376
R10MIDDLE_EAST,PP1850,NA,NA,NA,pp1850,2018,2.3583279216580637,8243451509
R10MIDDLE_EAST,PP1850,NA,NA,NA,pp1850,2019,0.15254933261315706,8030239764
R10MIDDLE_EAST,PP1850,NA,NA,NA,pp1850,2020,-2.0790603358518247,7813729406
R10MIDDLE_EAST,PP2015adjATP,1/asinh(x),MER,MER_1/asinh(x),pp2015_atp_mer_pf3,1991,11.704892447403592,12452114881
R10MIDDLE_EAST,PP2015adjATP,1/asinh(x),MER,MER_1/asinh(x),pp2015_atp_mer_pf3,1992,11.907721964548799,12338898103
R10MIDDLE_EAST,PP2015adjATP,1/asinh(x),MER,MER_1/asinh(x),pp2015_atp_mer_pf3,1993,12.07553584922503,12222109470
R10MIDDLE_EAST,PP2015adjATP,1/asinh(x),MER,MER_1/asinh(x),pp2015_atp_mer_pf3,1994,12.225707171166084,12102684896
R10MIDDLE_EAST,PP2015adjATP,1/asinh(x),MER,MER_1/asinh(x),pp2015_atp_mer_pf3,1995,12.354781647759136,11980857998
R10MIDDLE_EAST,PP2015adjATP,1/asinh(x),MER,MER_1/asinh(x),pp2015_atp_mer_pf3,1996,12.454035524246793,11856315751
R10MIDDLE_EAST,PP2015adjATP,1/asinh(x),MER,MER_1/asinh(x),pp2015_atp_mer_pf3,1997,12.533629243050653,11729030266
R10MIDDLE_EAST,PP2015adjATP,1/asinh(x),MER,MER_1/asinh(x),pp2015_atp_mer_pf3,1998,12.593451486015965,11598892417
R10MIDDLE_EAST,PP2015adjATP,1/asinh(x),MER,MER_1/asinh(x),pp2015_atp_mer_pf3,1999,12.644087356104421,11465787392
R10MIDDLE_EAST,PP2015adjATP,1/asinh(x),MER,MER_1/asinh(x),pp2015_atp_mer_pf3,2000,12.665162832465771,11329649800
R10MIDDLE_EAST,PP2015adjATP,1/asinh(x),MER,MER_1/asinh(x),pp2015_atp_mer_pf3,2001,12.682444208048405,11190383533
R10MIDDLE_EAST,PP2015adjATP,1/asinh(x),MER,MER_1/asinh(x),pp2015_atp_mer_pf3,2002,12.70236458494563,11047946860
R10MIDDLE_EAST,PP2015adjATP,1/asinh(x),MER,MER_1/asinh(x),pp2015_atp_mer_pf3,2003,12.731229345612384,10902806377
R10MIDDLE_EAST,PP2015adjATP,1/asinh(x),MER,MER_1/asinh(x),pp2015_atp_mer_pf3,2004,12.77071124296993,10754997594
R10MIDDLE_EAST,PP2015adjATP,1/asinh(x),MER,MER_1/asinh(x),pp2015_atp_mer_pf3,2005,12.798606642330759,10604024719
R10MIDDLE_EAST,PP2015adjATP,1/asinh(x),MER,MER_1/asinh(x),pp2015_atp_mer_pf3,2006,12.81886850448738,10449386625
R10MIDDLE_EAST,PP2015adjATP,1/asinh(x),MER,MER_1/asinh(x),pp2015_atp_mer_pf3,2007,12.837489432622444,10290758121
R10MIDDLE_EAST,PP2015adjATP,1/asinh(x),MER,MER_1/asinh(x),pp2015_atp_mer_pf3,2008,12.853645182640662,10128167217
R10MIDDLE_EAST,PP2015adjATP,1/asinh(x),MER,MER_1/asinh(x),pp2015_atp_mer_pf3,2009,12.852213666899134,9960943933
R10MIDDLE_EAST,PP2015adjATP,1/asinh(x),MER,MER_1/asinh(x),pp2015_atp_mer_pf3,2010,12.874689807038108,9788742155
R10MIDDLE_EAST,PP2015adjATP,1/asinh(x),MER,MER_1/asinh(x),pp2015_atp_mer_pf3,2011,12.896820762911535,9612209476
R10MIDDLE_EAST,PP2015adjATP,1/asinh(x),MER,MER_1/asinh(x),pp2015_atp_mer_pf3,2012,12.900129736755746,9431692771
R10MIDDLE_EAST,PP2015adjATP,1/asinh(x),MER,MER_1/asinh(x),pp2015_atp_mer_pf3,2013,12.901320392504932,9246790006
R10MIDDLE_EAST,PP2015adjATP,1/asinh(x),MER,MER_1/asinh(x),pp2015_atp_mer_pf3,2014,12.923121789510308,9056472367
R10MIDDLE_EAST,PP2015adjATP,1/asinh(x),MER,MER_1/asinh(x),pp2015_atp_mer_pf3,2015,12.955661591087049,8860329512
R10MIDDLE_EAST,PP2015adjATP,1/asinh(x),MER,MER_1/asinh(x),pp2015_atp_mer_pf3,2016,10.919501694927977,8658851256
R10MIDDLE_EAST,PP2015adjATP,1/asinh(x),MER,MER_1/asinh(x),pp2015_atp_mer_pf3,2017,8.831803855765884,8453009376
R10MIDDLE_EAST,PP2015adjATP,1/asinh(x),MER,MER_1/asinh(x),pp2015_atp_mer_pf3,2018,6.691552173339019,8243451509
R10MIDDLE_EAST,PP2015adjATP,1/asinh(x),MER,MER_1/asinh(x),pp2015_atp_mer_pf3,2019,4.528030410649958,8030239764
R10MIDDLE_EAST,PP2015adjATP,1/asinh(x),MER,MER_1/asinh(x),pp2015_atp_mer_pf3,2020,2.3400632500748637,7813729406
R10MIDDLE_EAST,PP2015adjATP,1/sqrt(x),MER,MER_1/sqrt(x),pp2015_atp_mer_pf2,1991,5.674809218084892,12452114881
R10MIDDLE_EAST,PP2015adjATP,1/sqrt(x),MER,MER_1/sqrt(x),pp2015_atp_mer_pf2,1992,6.075402578957287,12338898103
R10MIDDLE_EAST,PP2015adjATP,1/sqrt(x),MER,MER_1/sqrt(x),pp2015_atp_mer_pf2,1993,6.453092653247774,12222109470
R10MIDDLE_EAST,PP2015adjATP,1/sqrt(x),MER,MER_1/sqrt(x),pp2015_atp_mer_pf2,1994,6.822076769911357,12102684896
R10MIDDLE_EAST,PP2015adjATP,1/sqrt(x),MER,MER_1/sqrt(x),pp2015_atp_mer_pf2,1995,7.139051799733481,11980857998
R10MIDDLE_EAST,PP2015adjATP,1/sqrt(x),MER,MER_1/sqrt(x),pp2015_atp_mer_pf2,1996,7.367996870052699,11856315751
R10MIDDLE_EAST,PP2015adjATP,1/sqrt(x),MER,MER_1/sqrt(x),pp2015_atp_mer_pf2,1997,7.552888833870166,11729030266
R10MIDDLE_EAST,PP2015adjATP,1/sqrt(x),MER,MER_1/sqrt(x),pp2015_atp_mer_pf2,1998,7.693370826413272,11598892417
R10MIDDLE_EAST,PP2015adjATP,1/sqrt(x),MER,MER_1/sqrt(x),pp2015_atp_mer_pf2,1999,7.816321654317668,11465787392
R10MIDDLE_EAST,PP2015adjATP,1/sqrt(x),MER,MER_1/sqrt(x),pp2015_atp_mer_pf2,2000,7.857741365056699,11329649800
R10MIDDLE_EAST,PP2015adjATP,1/sqrt(x),MER,MER_1/sqrt(x),pp2015_atp_mer_pf2,2001,7.8919888208651505,11190383533
R10MIDDLE_EAST,PP2015adjATP,1/sqrt(x),MER,MER_1/sqrt(x),pp2015_atp_mer_pf2,2002,7.935437663614182,11047946860
R10MIDDLE_EAST,PP2015adjATP,1/sqrt(x),MER,MER_1/sqrt(x),pp2015_atp_mer_pf2,2003,8.00363608137832,10902806377
R10MIDDLE_EAST,PP2015adjATP,1/sqrt(x),MER,MER_1/sqrt(x),pp2015_atp_mer_pf2,2004,8.101043403065757,10754997594
R10MIDDLE_EAST,PP2015adjATP,1/sqrt(x),MER,MER_1/sqrt(x),pp2015_atp_mer_pf2,2005,8.157547742105029,10604024719
R10MIDDLE_EAST,PP2015adjATP,1/sqrt(x),MER,MER_1/sqrt(x),pp2015_atp_mer_pf2,2006,8.18820366195369,10449386625
R10MIDDLE_EAST,PP2015adjATP,1/sqrt(x),MER,MER_1/sqrt(x),pp2015_atp_mer_pf2,2007,8.206552746792767,10290758121
R10MIDDLE_EAST,PP2015adjATP,1/sqrt(x),MER,MER_1/sqrt(x),pp2015_atp_mer_pf2,2008,8.203386355682715,10128167217
R10MIDDLE_EAST,PP2015adjATP,1/sqrt(x),MER,MER_1/sqrt(x),pp2015_atp_mer_pf2,2009,8.143463740579765,9960943933
R10MIDDLE_EAST,PP2015adjATP,1/sqrt(x),MER,MER_1/sqrt(x),pp2015_atp_mer_pf2,2010,8.159801826043049,9788742155
R10MIDDLE_EAST,PP2015adjATP,1/sqrt(x),MER,MER_1/sqrt(x),pp2015_atp_mer_pf2,2011,8.17076496970156,9612209476
R10MIDDLE_EAST,PP2015adjATP,1/sqrt(x),MER,MER_1/sqrt(x),pp2015_atp_mer_pf2,2012,8.124846249334729,9431692771
R10MIDDLE_EAST,PP2015adjATP,1/sqrt(x),MER,MER_1/sqrt(x),pp2015_atp_mer_pf2,2013,8.078480773526653,9246790006
R10MIDDLE_EAST,PP2015adjATP,1/sqrt(x),MER,MER_1/sqrt(x),pp2015_atp_mer_pf2,2014,8.099474906153036,9056472367
R10MIDDLE_EAST,PP2015adjATP,1/sqrt(x),MER,MER_1/sqrt(x),pp2015_atp_mer_pf2,2015,8.15968112732847,8860329512
R10MIDDLE_EAST,PP2015adjATP,1/sqrt(x),MER,MER_1/sqrt(x),pp2015_atp_mer_pf2,2016,6.187872797084662,8658851256
R10MIDDLE_EAST,PP2015adjATP,1/sqrt(x),MER,MER_1/sqrt(x),pp2015_atp_mer_pf2,2017,4.158099775696925,8453009376
R10MIDDLE_EAST,PP2015adjATP,1/sqrt(x),MER,MER_1/sqrt(x),pp2015_atp_mer_pf2,2018,2.0734732460837506,8243451509
R10MIDDLE_EAST,PP2015adjATP,1/sqrt(x),MER,MER_1/sqrt(x),pp2015_atp_mer_pf2,2019,-0.020563312440027737,8030239764
R10MIDDLE_EAST,PP2015adjATP,1/sqrt(x),MER,MER_1/sqrt(x),pp2015_atp_mer_pf2,2020,-2.1318351932073547,7813729406
R10MIDDLE_EAST,PP2015adjATP,1/x,MER,MER_1/x,pp2015_atp_mer_pf1,1991,2.050746421255414,12452114881
R10MIDDLE_EAST,PP2015adjATP,1/x,MER,MER_1/x,pp2015_atp_mer_pf1,1992,2.2672113393220954,12338898103
R10MIDDLE_EAST,PP2015adjATP,1/x,MER,MER_1/x,pp2015_atp_mer_pf1,1993,2.524114499301427,12222109470
R10MIDDLE_EAST,PP2015adjATP,1/x,MER,MER_1/x,pp2015_atp_mer_pf1,1994,2.822673195070895,12102684896
R10MIDDLE_EAST,PP2015adjATP,1/x,MER,MER_1/x,pp2015_atp_mer_pf1,1995,3.100821898772991,11980857998
R10MIDDLE_EAST,PP2015adjATP,1/x,MER,MER_1/x,pp2015_atp_mer_pf1,1996,3.307886941025754,11856315751
R10MIDDLE_EAST,PP2015adjATP,1/x,MER,MER_1/x,pp2015_atp_mer_pf1,1997,3.4849619708344743,11729030266
R10MIDDLE_EAST,PP2015adjATP,1/x,MER,MER_1/x,pp2015_atp_mer_pf1,1998,3.623012780065434,11598892417
R10MIDDLE_EAST,PP2015adjATP,1/x,MER,MER_1/x,pp2015_atp_mer_pf1,1999,3.7441730723222326,11465787392
R10MIDDLE_EAST,PP2015adjATP,1/x,MER,MER_1/x,pp2015_atp_mer_pf1,2000,3.779085848115303,11329649800
R10MIDDLE_EAST,PP2015adjATP,1/x,MER,MER_1/x,pp2015_atp_mer_pf1,2001,3.816858968017147,11190383533
R10MIDDLE_EAST,PP2015adjATP,1/x,MER,MER_1/x,pp2015_atp_mer_pf1,2002,3.8565874223714505,11047946860
R10MIDDLE_EAST,PP2015adjATP,1/x,MER,MER_1/x,pp2015_atp_mer_pf1,2003,3.921508533618267,10902806377
R10MIDDLE_EAST,PP2015adjATP,1/x,MER,MER_1/x,pp2015_atp_mer_pf1,2004,4.022763523738933,10754997594
R10MIDDLE_EAST,PP2015adjATP,1/x,MER,MER_1/x,pp2015_atp_mer_pf1,2005,4.07884485630832,10604024719
R10MIDDLE_EAST,PP2015adjATP,1/x,MER,MER_1/x,pp2015_atp_mer_pf1,2006,4.1074835594377275,10449386625
R10MIDDLE_EAST,PP2015adjATP,1/x,MER,MER_1/x,pp2015_atp_mer_pf1,2007,4.117344982615667,10290758121
R10MIDDLE_EAST,PP2015adjATP,1/x,MER,MER_1/x,pp2015_atp_mer_pf1,2008,4.096575608398286,10128167217
R10MIDDLE_EAST,PP2015adjATP,1/x,MER,MER_1/x,pp2015_atp_mer_pf1,2009,4.014695983260576,9960943933
R10MIDDLE_EAST,PP2015adjATP,1/x,MER,MER_1/x,pp2015_atp_mer_pf1,2010,4.0184078351793175,9788742155
R10MIDDLE_EAST,PP2015adjATP,1/x,MER,MER_1/x,pp2015_atp_mer_pf1,2011,4.009985378983913,9612209476
R10MIDDLE_EAST,PP2015adjATP,1/x,MER,MER_1/x,pp2015_atp_mer_pf1,2012,3.943035615855526,9431692771
R10MIDDLE_EAST,PP2015adjATP,1/x,MER,MER_1/x,pp2015_atp_mer_pf1,2013,3.8796556210362247,9246790006
R10MIDDLE_EAST,PP2015adjATP,1/x,MER,MER_1/x,pp2015_atp_mer_pf1,2014,3.884346882248973,9056472367
R10MIDDLE_EAST,PP2015adjATP,1/x,MER,MER_1/x,pp2015_atp_mer_pf1,2015,3.9340883469815457,8860329512
R10MIDDLE_EAST,PP2015adjATP,1/x,MER,MER_1/x,pp2015_atp_mer_pf1,2016,1.9591937302486466,8658851256
R10MIDDLE_EAST,PP2015adjATP,1/x,MER,MER_1/x,pp2015_atp_mer_pf1,2017,-0.0708694945132835,8453009376
R10MIDDLE_EAST,PP2015adjATP,1/x,MER,MER_1/x,pp2015_atp_mer_pf1,2018,-2.155646684681777,8243451509
R10MIDDLE_EAST,PP2015adjATP,1/x,MER,MER_1/x,pp2015_atp_mer_pf1,2019,-4.245551627668413,8030239764
R10MIDDLE_EAST,PP2015adjATP,1/x,MER,MER_1/x,pp2015_atp_mer_pf1,2020,-6.349463930358812,7813729406
R10MIDDLE_EAST,PP2015adjATP,1/asinh(x),PPP,PPP_1/asinh(x),pp2015_atp_ppp_pf3,1991,12.622602465250399,12452114881
R10MIDDLE_EAST,PP2015adjATP,1/asinh(x),PPP,PPP_1/asinh(x),pp2015_atp_ppp_pf3,1992,12.610721201817956,12338898103
R10MIDDLE_EAST,PP2015adjATP,1/asinh(x),PPP,PPP_1/asinh(x),pp2015_atp_ppp_pf3,1993,12.583481463742926,12222109470
R10MIDDLE_EAST,PP2015adjATP,1/asinh(x),PPP,PPP_1/asinh(x),pp2015_atp_ppp_pf3,1994,12.563768626854802,12102684896
R10MIDDLE_EAST,PP2015adjATP,1/asinh(x),PPP,PPP_1/asinh(x),pp2015_atp_ppp_pf3,1995,12.568883794062335,11980857998
R10MIDDLE_EAST,PP2015adjATP,1/asinh(x),PPP,PPP_1/asinh(x),pp2015_atp_ppp_pf3,1996,12.584717151426037,11856315751
R10MIDDLE_EAST,PP2015adjATP,1/asinh(x),PPP,PPP_1/asinh(x),pp2015_atp_ppp_pf3,1997,12.599086041924801,11729030266
R10MIDDLE_EAST,PP2015adjATP,1/asinh(x),PPP,PPP_1/asinh(x),pp2015_atp_ppp_pf3,1998,12.60683673254415,11598892417
R10MIDDLE_EAST,PP2015adjATP,1/asinh(x),PPP,PPP_1/asinh(x),pp2015_atp_ppp_pf3,1999,12.600146120360415,11465787392
R10MIDDLE_EAST,PP2015adjATP,1/asinh(x),PPP,PPP_1/asinh(x),pp2015_atp_ppp_pf3,2000,12.596643389064733,11329649800
R10MIDDLE_EAST,PP2015adjATP,1/asinh(x),PPP,PPP_1/asinh(x),pp2015_atp_ppp_pf3,2001,12.591445472640132,11190383533
R10MIDDLE_EAST,PP2015adjATP,1/asinh(x),PPP,PPP_1/asinh(x),pp2015_atp_ppp_pf3,2002,12.5959684566416,11047946860
R10MIDDLE_EAST,PP2015adjATP,1/asinh(x),PPP,PPP_1/asinh(x),pp2015_atp_ppp_pf3,2003,12.608992368214121,10902806377
R10MIDDLE_EAST,PP2015adjATP,1/asinh(x),PPP,PPP_1/asinh(x),pp2015_atp_ppp_pf3,2004,12.636440914237095,10754997594
R10MIDDLE_EAST,PP2015adjATP,1/asinh(x),PPP,PPP_1/asinh(x),pp2015_atp_ppp_pf3,2005,12.653339990657743,10604024719
R10MIDDLE_EAST,PP2015adjATP,1/asinh(x),PPP,PPP_1/asinh(x),pp2015_atp_ppp_pf3,2006,12.674924461581524,10449386625
R10MIDDLE_EAST,PP2015adjATP,1/asinh(x),PPP,PPP_1/asinh(x),pp2015_atp_ppp_pf3,2007,12.700060000558786,10290758121
R10MIDDLE_EAST,PP2015adjATP,1/asinh(x),PPP,PPP_1/asinh(x),pp2015_atp_ppp_pf3,2008,12.727693767906532,10128167217
R10MIDDLE_EAST,PP2015adjATP,1/asinh(x),PPP,PPP_1/asinh(x),pp2015_atp_ppp_pf3,2009,12.755352943643476,9960943933
R10MIDDLE_EAST,PP2015adjATP,1/asinh(x),PPP,PPP_1/asinh(x),pp2015_atp_ppp_pf3,2010,12.784337143757309,9788742155
R10MIDDLE_EAST,PP2015adjATP,1/asinh(x),PPP,PPP_1/asinh(x),pp2015_atp_ppp_pf3,2011,12.813522791537558,9612209476
R10MIDDLE_EAST,PP2015adjATP,1/asinh(x),PPP,PPP_1/asinh(x),pp2015_atp_ppp_pf3,2012,12.840966201624378,9431692771
R10MIDDLE_EAST,PP2015adjATP,1/asinh(x),PPP,PPP_1/asinh(x),pp2015_atp_ppp_pf3,2013,12.870556131820816,9246790006
R10MIDDLE_EAST,PP2015adjATP,1/asinh(x),PPP,PPP_1/asinh(x),pp2015_atp_ppp_pf3,2014,12.902251175384606,9056472367
R10MIDDLE_EAST,PP2015adjATP,1/asinh(x),PPP,PPP_1/asinh(x),pp2015_atp_ppp_pf3,2015,12.938150533507672,8860329512
R10MIDDLE_EAST,PP2015adjATP,1/asinh(x),PPP,PPP_1/asinh(x),pp2015_atp_ppp_pf3,2016,10.90307845870542,8658851256
R10MIDDLE_EAST,PP2015adjATP,1/asinh(x),PPP,PPP_1/asinh(x),pp2015_atp_ppp_pf3,2017,8.820894585305492,8453009376
R10MIDDLE_EAST,PP2015adjATP,1/asinh(x),PPP,PPP_1/asinh(x),pp2015_atp_ppp_pf3,2018,6.6840528640612815,8243451509
R10MIDDLE_EAST,PP2015adjATP,1/asinh(x),PPP,PPP_1/asinh(x),pp2015_atp_ppp_pf3,2019,4.518422960191808,8030239764
R10MIDDLE_EAST,PP2015adjATP,1/asinh(x),PPP,PPP_1/asinh(x),pp2015_atp_ppp_pf3,2020,2.3303696059323324,7813729406
R10MIDDLE_EAST,PP2015adjATP,1/sqrt(x),PPP,PPP_1/sqrt(x),pp2015_atp_ppp_pf2,1991,7.466436181921891,12452114881
R10MIDDLE_EAST,PP2015adjATP,1/sqrt(x),PPP,PPP_1/sqrt(x),pp2015_atp_ppp_pf2,1992,7.432139211383663,12338898103
R10MIDDLE_EAST,PP2015adjATP,1/sqrt(x),PPP,PPP_1/sqrt(x),pp2015_atp_ppp_pf2,1993,7.319526066447255,12222109470
R10MIDDLE_EAST,PP2015adjATP,1/sqrt(x),PPP,PPP_1/sqrt(x),pp2015_atp_ppp_pf2,1994,7.2220325324285986,12102684896
R10MIDDLE_EAST,PP2015adjATP,1/sqrt(x),PPP,PPP_1/sqrt(x),pp2015_atp_ppp_pf2,1995,7.20933486529003,11980857998
R10MIDDLE_EAST,PP2015adjATP,1/sqrt(x),PPP,PPP_1/sqrt(x),pp2015_atp_ppp_pf2,1996,7.231829064200878,11856315751
R10MIDDLE_EAST,PP2015adjATP,1/sqrt(x),PPP,PPP_1/sqrt(x),pp2015_atp_ppp_pf2,1997,7.2490336899187735,11729030266
R10MIDDLE_EAST,PP2015adjATP,1/sqrt(x),PPP,PPP_1/sqrt(x),pp2015_atp_ppp_pf2,1998,7.242183217716843,11598892417
R10MIDDLE_EAST,PP2015adjATP,1/sqrt(x),PPP,PPP_1/sqrt(x),pp2015_atp_ppp_pf2,1999,7.188393592699345,11465787392
R10MIDDLE_EAST,PP2015adjATP,1/sqrt(x),PPP,PPP_1/sqrt(x),pp2015_atp_ppp_pf2,2000,7.143817096563582,11329649800
R10MIDDLE_EAST,PP2015adjATP,1/sqrt(x),PPP,PPP_1/sqrt(x),pp2015_atp_ppp_pf2,2001,7.096680606097072,11190383533
R10MIDDLE_EAST,PP2015adjATP,1/sqrt(x),PPP,PPP_1/sqrt(x),pp2015_atp_ppp_pf2,2002,7.082284542187628,11047946860
R10MIDDLE_EAST,PP2015adjATP,1/sqrt(x),PPP,PPP_1/sqrt(x),pp2015_atp_ppp_pf2,2003,7.096686775103772,10902806377
R10MIDDLE_EAST,PP2015adjATP,1/sqrt(x),PPP,PPP_1/sqrt(x),pp2015_atp_ppp_pf2,2004,7.160665822302695,10754997594
R10MIDDLE_EAST,PP2015adjATP,1/sqrt(x),PPP,PPP_1/sqrt(x),pp2015_atp_ppp_pf2,2005,7.187305183378634,10604024719
R10MIDDLE_EAST,PP2015adjATP,1/sqrt(x),PPP,PPP_1/sqrt(x),pp2015_atp_ppp_pf2,2006,7.226549997066371,10449386625
R10MIDDLE_EAST,PP2015adjATP,1/sqrt(x),PPP,PPP_1/sqrt(x),pp2015_atp_ppp_pf2,2007,7.274072345688444,10290758121
R10MIDDLE_EAST,PP2015adjATP,1/sqrt(x),PPP,PPP_1/sqrt(x),pp2015_atp_ppp_pf2,2008,7.326811439548035,10128167217
R10MIDDLE_EAST,PP2015adjATP,1/sqrt(x),PPP,PPP_1/sqrt(x),pp2015_atp_ppp_pf2,2009,7.3793568839533545,9960943933
R10MIDDLE_EAST,PP2015adjATP,1/sqrt(x),PPP,PPP_1/sqrt(x),pp2015_atp_ppp_pf2,2010,7.437460455578222,9788742155
R10MIDDLE_EAST,PP2015adjATP,1/sqrt(x),PPP,PPP_1/sqrt(x),pp2015_atp_ppp_pf2,2011,7.496927934504742,9612209476
R10MIDDLE_EAST,PP2015adjATP,1/sqrt(x),PPP,PPP_1/sqrt(x),pp2015_atp_ppp_pf2,2012,7.5530908849366645,9431692771
R10MIDDLE_EAST,PP2015adjATP,1/sqrt(x),PPP,PPP_1/sqrt(x),pp2015_atp_ppp_pf2,2013,7.616006775945657,9246790006
R10MIDDLE_EAST,PP2015adjATP,1/sqrt(x),PPP,PPP_1/sqrt(x),pp2015_atp_ppp_pf2,2014,7.687387399220493,9056472367
R10MIDDLE_EAST,PP2015adjATP,1/sqrt(x),PPP,PPP_1/sqrt(x),pp2015_atp_ppp_pf2,2015,7.776861907888003,8860329512
R10MIDDLE_EAST,PP2015adjATP,1/sqrt(x),PPP,PPP_1/sqrt(x),pp2015_atp_ppp_pf2,2016,5.822370189185233,8658851256
R10MIDDLE_EAST,PP2015adjATP,1/sqrt(x),PPP,PPP_1/sqrt(x),pp2015_atp_ppp_pf2,2017,3.8211545572569907,8453009376
R10MIDDLE_EAST,PP2015adjATP,1/sqrt(x),PPP,PPP_1/sqrt(x),pp2015_atp_ppp_pf2,2018,1.758848541415081,8243451509
R10MIDDLE_EAST,PP2015adjATP,1/sqrt(x),PPP,PPP_1/sqrt(x),pp2015_atp_ppp_pf2,2019,-0.3343267387491138,8030239764
R10MIDDLE_EAST,PP2015adjATP,1/sqrt(x),PPP,PPP_1/sqrt(x),pp2015_atp_ppp_pf2,2020,-2.440099539151551,7813729406
R10MIDDLE_EAST,PP2015adjATP,1/x,PPP,PPP_1/x,pp2015_atp_ppp_pf1,1991,3.7899346665001024,12452114881
R10MIDDLE_EAST,PP2015adjATP,1/x,PPP,PPP_1/x,pp2015_atp_ppp_pf1,1992,3.780114574936701,12338898103
R10MIDDLE_EAST,PP2015adjATP,1/x,PPP,PPP_1/x,pp2015_atp_ppp_pf1,1993,3.631091932916762,12222109470
R10MIDDLE_EAST,PP2015adjATP,1/x,PPP,PPP_1/x,pp2015_atp_ppp_pf1,1994,3.4941124324211033,12102684896
R10MIDDLE_EAST,PP2015adjATP,1/x,PPP,PPP_1/x,pp2015_atp_ppp_pf1,1995,3.4628493797332407,11980857998
R10MIDDLE_EAST,PP2015adjATP,1/x,PPP,PPP_1/x,pp2015_atp_ppp_pf1,1996,3.4744774326322045,11856315751
R10MIDDLE_EAST,PP2015adjATP,1/x,PPP,PPP_1/x,pp2015_atp_ppp_pf1,1997,3.4826414581326346,11729030266
R10MIDDLE_EAST,PP2015adjATP,1/x,PPP,PPP_1/x,pp2015_atp_ppp_pf1,1998,3.458152337902134,11598892417
R10MIDDLE_EAST,PP2015adjATP,1/x,PPP,PPP_1/x,pp2015_atp_ppp_pf1,1999,3.3787091040788444,11465787392
R10MIDDLE_EAST,PP2015adjATP,1/x,PPP,PPP_1/x,pp2015_atp_ppp_pf1,2000,3.31048738427382,11329649800
R10MIDDLE_EAST,PP2015adjATP,1/x,PPP,PPP_1/x,pp2015_atp_ppp_pf1,2001,3.246110872648773,11190383533
R10MIDDLE_EAST,PP2015adjATP,1/x,PPP,PPP_1/x,pp2015_atp_ppp_pf1,2002,3.220497370780696,11047946860
R10MIDDLE_EAST,PP2015adjATP,1/x,PPP,PPP_1/x,pp2015_atp_ppp_pf1,2003,3.227606628010708,10902806377
R10MIDDLE_EAST,PP2015adjATP,1/x,PPP,PPP_1/x,pp2015_atp_ppp_pf1,2004,3.287809068363429,10754997594
R10MIDDLE_EAST,PP2015adjATP,1/x,PPP,PPP_1/x,pp2015_atp_ppp_pf1,2005,3.3066549433606625,10604024719
R10MIDDLE_EAST,PP2015adjATP,1/x,PPP,PPP_1/x,pp2015_atp_ppp_pf1,2006,3.336866039085281,10449386625
R10MIDDLE_EAST,PP2015adjATP,1/x,PPP,PPP_1/x,pp2015_atp_ppp_pf1,2007,3.3744768835755403,10290758121
R10MIDDLE_EAST,PP2015adjATP,1/x,PPP,PPP_1/x,pp2015_atp_ppp_pf1,2008,3.416080675890667,10128167217
R10MIDDLE_EAST,PP2015adjATP,1/x,PPP,PPP_1/x,pp2015_atp_ppp_pf1,2009,3.4559747929578757,9960943933
R10MIDDLE_EAST,PP2015adjATP,1/x,PPP,PPP_1/x,pp2015_atp_ppp_pf1,2010,3.5000171687241264,9788742155
R10MIDDLE_EAST,PP2015adjATP,1/x,PPP,PPP_1/x,pp2015_atp_ppp_pf1,2011,3.54595211969371,9612209476
R10MIDDLE_EAST,PP2015adjATP,1/x,PPP,PPP_1/x,pp2015_atp_ppp_pf1,2012,3.589755118194885,9431692771
R10MIDDLE_EAST,PP2015adjATP,1/x,PPP,PPP_1/x,pp2015_atp_ppp_pf1,2013,3.636163690246461,9246790006
R10MIDDLE_EAST,PP2015adjATP,1/x,PPP,PPP_1/x,pp2015_atp_ppp_pf1,2014,3.6921749048939247,9056472367
R10MIDDLE_EAST,PP2015adjATP,1/x,PPP,PPP_1/x,pp2015_atp_ppp_pf1,2015,3.772095837795474,8860329512
R10MIDDLE_EAST,PP2015adjATP,1/x,PPP,PPP_1/x,pp2015_atp_ppp_pf1,2016,1.8107573460365958,8658851256
R10MIDDLE_EAST,PP2015adjATP,1/x,PPP,PPP_1/x,pp2015_atp_ppp_pf1,2017,-0.19394351316085912,8453009376
R10MIDDLE_EAST,PP2015adjATP,1/x,PPP,PPP_1/x,pp2015_atp_ppp_pf1,2018,-2.2577594724859495,8243451509
R10MIDDLE_EAST,PP2015adjATP,1/x,PPP,PPP_1/x,pp2015_atp_ppp_pf1,2019,-4.351671696449941,8030239764
R10MIDDLE_EAST,PP2015adjATP,1/x,PPP,PPP_1/x,pp2015_atp_ppp_pf1,2020,-6.455988253972842,7813729406
R10MIDDLE_EAST,PP1990adjATP,1/asinh(x),MER,MER_1/asinh(x),pp1990_atp_mer_pf3,1991,25.69796749425203,12452114881
R10MIDDLE_EAST,PP1990adjATP,1/asinh(x),MER,MER_1/asinh(x),pp1990_atp_mer_pf3,1992,25.42053044938565,12338898103
R10MIDDLE_EAST,PP1990adjATP,1/asinh(x),MER,MER_1/asinh(x),pp1990_atp_mer_pf3,1993,24.996132113420767,12222109470
R10MIDDLE_EAST,PP1990adjATP,1/asinh(x),MER,MER_1/asinh(x),pp1990_atp_mer_pf3,1994,24.456138317140702,12102684896
R10MIDDLE_EAST,PP1990adjATP,1/asinh(x),MER,MER_1/asinh(x),pp1990_atp_mer_pf3,1995,23.808967418284887,11980857998
R10MIDDLE_EAST,PP1990adjATP,1/asinh(x),MER,MER_1/asinh(x),pp1990_atp_mer_pf3,1996,23.145448018990177,11856315751
R10MIDDLE_EAST,PP1990adjATP,1/asinh(x),MER,MER_1/asinh(x),pp1990_atp_mer_pf3,1997,22.43377272589128,11729030266
R10MIDDLE_EAST,PP1990adjATP,1/asinh(x),MER,MER_1/asinh(x),pp1990_atp_mer_pf3,1998,21.711863179259783,11598892417
R10MIDDLE_EAST,PP1990adjATP,1/asinh(x),MER,MER_1/asinh(x),pp1990_atp_mer_pf3,1999,20.933241378042524,11465787392
R10MIDDLE_EAST,PP1990adjATP,1/asinh(x),MER,MER_1/asinh(x),pp1990_atp_mer_pf3,2000,20.001941059580624,11329649800
R10MIDDLE_EAST,PP1990adjATP,1/asinh(x),MER,MER_1/asinh(x),pp1990_atp_mer_pf3,2001,18.95251039071676,11190383533
R10MIDDLE_EAST,PP1990adjATP,1/asinh(x),MER,MER_1/asinh(x),pp1990_atp_mer_pf3,2002,17.873168583956318,11047946860
R10MIDDLE_EAST,PP1990adjATP,1/asinh(x),MER,MER_1/asinh(x),pp1990_atp_mer_pf3,2003,16.791054538634434,10902806377
R10MIDDLE_EAST,PP1990adjATP,1/asinh(x),MER,MER_1/asinh(x),pp1990_atp_mer_pf3,2004,15.670156850710601,10754997594
R10MIDDLE_EAST,PP1990adjATP,1/asinh(x),MER,MER_1/asinh(x),pp1990_atp_mer_pf3,2005,14.41155139509535,10604024719
R10MIDDLE_EAST,PP1990adjATP,1/asinh(x),MER,MER_1/asinh(x),pp1990_atp_mer_pf3,2006,13.092740225059789,10449386625
R10MIDDLE_EAST,PP1990adjATP,1/asinh(x),MER,MER_1/asinh(x),pp1990_atp_mer_pf3,2007,11.682863113420726,10290758121
R10MIDDLE_EAST,PP1990adjATP,1/asinh(x),MER,MER_1/asinh(x),pp1990_atp_mer_pf3,2008,10.317957184338804,10128167217
R10MIDDLE_EAST,PP1990adjATP,1/asinh(x),MER,MER_1/asinh(x),pp1990_atp_mer_pf3,2009,8.77380306354452,9960943933
R10MIDDLE_EAST,PP1990adjATP,1/asinh(x),MER,MER_1/asinh(x),pp1990_atp_mer_pf3,2010,7.204920056860426,9788742155
R10MIDDLE_EAST,PP1990adjATP,1/asinh(x),MER,MER_1/asinh(x),pp1990_atp_mer_pf3,2011,5.5214851212727,9612209476
R10MIDDLE_EAST,PP1990adjATP,1/asinh(x),MER,MER_1/asinh(x),pp1990_atp_mer_pf3,2012,3.7707598768964266,9431692771
R10MIDDLE_EAST,PP1990adjATP,1/asinh(x),MER,MER_1/asinh(x),pp1990_atp_mer_pf3,2013,1.86891406937346,9246790006
R10MIDDLE_EAST,PP1990adjATP,1/asinh(x),MER,MER_1/asinh(x),pp1990_atp_mer_pf3,2014,0.048787981096607425,9056472367
R10MIDDLE_EAST,PP1990adjATP,1/asinh(x),MER,MER_1/asinh(x),pp1990_atp_mer_pf3,2015,-1.8457826561527737,8860329512
R10MIDDLE_EAST,PP1990adjATP,1/asinh(x),MER,MER_1/asinh(x),pp1990_atp_mer_pf3,2016,-3.8238463365037325,8658851256
R10MIDDLE_EAST,PP1990adjATP,1/asinh(x),MER,MER_1/asinh(x),pp1990_atp_mer_pf3,2017,-5.8612041702582625,8453009376
R10MIDDLE_EAST,PP1990adjATP,1/asinh(x),MER,MER_1/asinh(x),pp1990_atp_mer_pf3,2018,-7.952990319088011,8243451509
R10MIDDLE_EAST,PP1990adjATP,1/asinh(x),MER,MER_1/asinh(x),pp1990_atp_mer_pf3,2019,-10.059860921927854,8030239764
R10MIDDLE_EAST,PP1990adjATP,1/asinh(x),MER,MER_1/asinh(x),pp1990_atp_mer_pf3,2020,-12.189523978703754,7813729406
R10MIDDLE_EAST,PP1990adjATP,1/sqrt(x),MER,MER_1/sqrt(x),pp1990_atp_mer_pf2,1991,12.41009741504676,12452114881
R10MIDDLE_EAST,PP1990adjATP,1/sqrt(x),MER,MER_1/sqrt(x),pp1990_atp_mer_pf2,1992,12.57344311529017,12338898103
R10MIDDLE_EAST,PP1990adjATP,1/sqrt(x),MER,MER_1/sqrt(x),pp1990_atp_mer_pf2,1993,12.629617678927563,12222109470
R10MIDDLE_EAST,PP1990adjATP,1/sqrt(x),MER,MER_1/sqrt(x),pp1990_atp_mer_pf2,1994,12.593878285163697,12102684896
R10MIDDLE_EAST,PP1990adjATP,1/sqrt(x),MER,MER_1/sqrt(x),pp1990_atp_mer_pf2,1995,12.383047963232753,11980857998
R10MIDDLE_EAST,PP1990adjATP,1/sqrt(x),MER,MER_1/sqrt(x),pp1990_atp_mer_pf2,1996,12.020478281335834,11856315751
R10MIDDLE_EAST,PP1990adjATP,1/sqrt(x),MER,MER_1/sqrt(x),pp1990_atp_mer_pf2,1997,11.547235256668888,11729030266
R10MIDDLE_EAST,PP1990adjATP,1/sqrt(x),MER,MER_1/sqrt(x),pp1990_atp_mer_pf2,1998,11.013868231374076,11598892417
R10MIDDLE_EAST,PP1990adjATP,1/sqrt(x),MER,MER_1/sqrt(x),pp1990_atp_mer_pf2,1999,10.402962814764937,11465787392
R10MIDDLE_EAST,PP1990adjATP,1/sqrt(x),MER,MER_1/sqrt(x),pp1990_atp_mer_pf2,2000,9.526542603125629,11329649800
R10MIDDLE_EAST,PP1990adjATP,1/sqrt(x),MER,MER_1/sqrt(x),pp1990_atp_mer_pf2,2001,8.526638978740886,11190383533
R10MIDDLE_EAST,PP1990adjATP,1/sqrt(x),MER,MER_1/sqrt(x),pp1990_atp_mer_pf2,2002,7.506957552745195,11047946860
R10MIDDLE_EAST,PP1990adjATP,1/sqrt(x),MER,MER_1/sqrt(x),pp1990_atp_mer_pf2,2003,6.519078538227654,10902806377
R10MIDDLE_EAST,PP1990adjATP,1/sqrt(x),MER,MER_1/sqrt(x),pp1990_atp_mer_pf2,2004,5.530923924484737,10754997594
R10MIDDLE_EAST,PP1990adjATP,1/sqrt(x),MER,MER_1/sqrt(x),pp1990_atp_mer_pf2,2005,4.339351127965711,10604024719
R10MIDDLE_EAST,PP1990adjATP,1/sqrt(x),MER,MER_1/sqrt(x),pp1990_atp_mer_pf2,2006,3.046997871784307,10449386625
R10MIDDLE_EAST,PP1990adjATP,1/sqrt(x),MER,MER_1/sqrt(x),pp1990_atp_mer_pf2,2007,1.6408095852938058,10290758121
R10MIDDLE_EAST,PP1990adjATP,1/sqrt(x),MER,MER_1/sqrt(x),pp1990_atp_mer_pf2,2008,0.23734319306121865,10128167217
R10MIDDLE_EAST,PP1990adjATP,1/sqrt(x),MER,MER_1/sqrt(x),pp1990_atp_mer_pf2,2009,-1.430389679467658,9960943933
R10MIDDLE_EAST,PP1990adjATP,1/sqrt(x),MER,MER_1/sqrt(x),pp1990_atp_mer_pf2,2010,-3.0073454827450234,9788742155
R10MIDDLE_EAST,PP1990adjATP,1/sqrt(x),MER,MER_1/sqrt(x),pp1990_atp_mer_pf2,2011,-4.707919955253113,9612209476
R10MIDDLE_EAST,PP1990adjATP,1/sqrt(x),MER,MER_1/sqrt(x),pp1990_atp_mer_pf2,2012,-6.562800059929971,9431692771
R10MIDDLE_EAST,PP1990adjATP,1/sqrt(x),MER,MER_1/sqrt(x),pp1990_atp_mer_pf2,2013,-8.564251027971899,9246790006
R10MIDDLE_EAST,PP1990adjATP,1/sqrt(x),MER,MER_1/sqrt(x),pp1990_atp_mer_pf2,2014,-10.37132543778576,9056472367
R10MIDDLE_EAST,PP1990adjATP,1/sqrt(x),MER,MER_1/sqrt(x),pp1990_atp_mer_pf2,2015,-12.188789524238658,8860329512
R10MIDDLE_EAST,PP1990adjATP,1/sqrt(x),MER,MER_1/sqrt(x),pp1990_atp_mer_pf2,2016,-14.008624342285536,8658851256
R10MIDDLE_EAST,PP1990adjATP,1/sqrt(x),MER,MER_1/sqrt(x),pp1990_atp_mer_pf2,2017,-15.904736258776843,8453009376
R10MIDDLE_EAST,PP1990adjATP,1/sqrt(x),MER,MER_1/sqrt(x),pp1990_atp_mer_pf2,2018,-17.859996074009782,8243451509
R10MIDDLE_EAST,PP1990adjATP,1/sqrt(x),MER,MER_1/sqrt(x),pp1990_atp_mer_pf2,2019,-19.791718547374927,8030239764
R10MIDDLE_EAST,PP1990adjATP,1/sqrt(x),MER,MER_1/sqrt(x),pp1990_atp_mer_pf2,2020,-21.729501090206746,7813729406
R10MIDDLE_EAST,PP1990adjATP,1/x,MER,MER_1/x,pp1990_atp_mer_pf1,1991,4.145059955170511,12452114881
R10MIDDLE_EAST,PP1990adjATP,1/x,MER,MER_1/x,pp1990_atp_mer_pf1,1992,3.9060415416823764,12338898103
R10MIDDLE_EAST,PP1990adjATP,1/x,MER,MER_1/x,pp1990_atp_mer_pf1,1993,3.6952902208881167,12222109470
R10MIDDLE_EAST,PP1990adjATP,1/x,MER,MER_1/x,pp1990_atp_mer_pf1,1994,3.5055754595388176,12102684896
R10MIDDLE_EAST,PP1990adjATP,1/x,MER,MER_1/x,pp1990_atp_mer_pf1,1995,3.213757758846815,11980857998
R10MIDDLE_EAST,PP1990adjATP,1/x,MER,MER_1/x,pp1990_atp_mer_pf1,1996,2.8081534752668214,11856315751
R10MIDDLE_EAST,PP1990adjATP,1/x,MER,MER_1/x,pp1990_atp_mer_pf1,1997,2.3227770923575624,11729030266
R10MIDDLE_EAST,PP1990adjATP,1/x,MER,MER_1/x,pp1990_atp_mer_pf1,1998,1.7880928797604922,11598892417
R10MIDDLE_EAST,PP1990adjATP,1/x,MER,MER_1/x,pp1990_atp_mer_pf1,1999,1.176592205194133,11465787392
R10MIDDLE_EAST,PP1990adjATP,1/x,MER,MER_1/x,pp1990_atp_mer_pf1,2000,0.2890085213226321,11329649800
R10MIDDLE_EAST,PP1990adjATP,1/x,MER,MER_1/x,pp1990_atp_mer_pf1,2001,-0.7005513832165531,11190383533
R10MIDDLE_EAST,PP1990adjATP,1/x,MER,MER_1/x,pp1990_atp_mer_pf1,2002,-1.726407626069855,11047946860
R10MIDDLE_EAST,PP1990adjATP,1/x,MER,MER_1/x,pp1990_atp_mer_pf1,2003,-2.7191987117975867,10902806377
R10MIDDLE_EAST,PP1990adjATP,1/x,MER,MER_1/x,pp1990_atp_mer_pf1,2004,-3.6958008721853317,10754997594
R10MIDDLE_EAST,PP1990adjATP,1/x,MER,MER_1/x,pp1990_atp_mer_pf1,2005,-4.88659810655601,10604024719
R10MIDDLE_EAST,PP1990adjATP,1/x,MER,MER_1/x,pp1990_atp_mer_pf1,2006,-6.182670074687863,10449386625
R10MIDDLE_EAST,PP1990adjATP,1/x,MER,MER_1/x,pp1990_atp_mer_pf1,2007,-7.6074011276495295,10290758121
R10MIDDLE_EAST,PP1990adjATP,1/x,MER,MER_1/x,pp1990_atp_mer_pf1,2008,-9.049962929812253,10128167217
R10MIDDLE_EAST,PP1990adjATP,1/x,MER,MER_1/x,pp1990_atp_mer_pf1,2009,-10.768837535787227,9960943933
R10MIDDLE_EAST,PP1990adjATP,1/x,MER,MER_1/x,pp1990_atp_mer_pf1,2010,-12.371889004478732,9788742155
R10MIDDLE_EAST,PP1990adjATP,1/x,MER,MER_1/x,pp1990_atp_mer_pf1,2011,-14.113349808473075,9612209476
R10MIDDLE_EAST,PP1990adjATP,1/x,MER,MER_1/x,pp1990_atp_mer_pf1,2012,-16.01591004172389,9431692771
R10MIDDLE_EAST,PP1990adjATP,1/x,MER,MER_1/x,pp1990_atp_mer_pf1,2013,-18.057122600307093,9246790006
R10MIDDLE_EAST,PP1990adjATP,1/x,MER,MER_1/x,pp1990_atp_mer_pf1,2014,-19.900240617463965,9056472367
R10MIDDLE_EAST,PP1990adjATP,1/x,MER,MER_1/x,pp1990_atp_mer_pf1,2015,-21.738397539351865,8860329512
R10MIDDLE_EAST,PP1990adjATP,1/x,MER,MER_1/x,pp1990_atp_mer_pf1,2016,-23.559233312043297,8658851256
R10MIDDLE_EAST,PP1990adjATP,1/x,MER,MER_1/x,pp1990_atp_mer_pf1,2017,-25.44947073091845,8453009376
R10MIDDLE_EAST,PP1990adjATP,1/x,MER,MER_1/x,pp1990_atp_mer_pf1,2018,-27.39829839978212,8243451509
R10MIDDLE_EAST,PP1990adjATP,1/x,MER,MER_1/x,pp1990_atp_mer_pf1,2019,-29.312663352646037,8030239764
R10MIDDLE_EAST,PP1990adjATP,1/x,MER,MER_1/x,pp1990_atp_mer_pf1,2020,-31.22434861014201,7813729406
R10MIDDLE_EAST,PP1990adjATP,1/asinh(x),PPP,PPP_1/asinh(x),pp1990_atp_ppp_pf3,1991,27.64291014099453,12452114881
R10MIDDLE_EAST,PP1990adjATP,1/asinh(x),PPP,PPP_1/asinh(x),pp1990_atp_ppp_pf3,1992,26.889247231448543,12338898103
R10MIDDLE_EAST,PP1990adjATP,1/asinh(x),PPP,PPP_1/asinh(x),pp1990_atp_ppp_pf3,1993,26.029521186761706,12222109470
R10MIDDLE_EAST,PP1990adjATP,1/asinh(x),PPP,PPP_1/asinh(x),pp1990_atp_ppp_pf3,1994,25.11007031393946,12102684896
R10MIDDLE_EAST,PP1990adjATP,1/asinh(x),PPP,PPP_1/asinh(x),pp1990_atp_ppp_pf3,1995,24.18428318024804,11980857998
R10MIDDLE_EAST,PP1990adjATP,1/asinh(x),PPP,PPP_1/asinh(x),pp1990_atp_ppp_pf3,1996,23.334786585985555,11856315751
R10MIDDLE_EAST,PP1990adjATP,1/asinh(x),PPP,PPP_1/asinh(x),pp1990_atp_ppp_pf3,1997,22.48140535502121,11729030266
R10MIDDLE_EAST,PP1990adjATP,1/asinh(x),PPP,PPP_1/asinh(x),pp1990_atp_ppp_pf3,1998,21.645128732907132,11598892417
R10MIDDLE_EAST,PP1990adjATP,1/asinh(x),PPP,PPP_1/asinh(x),pp1990_atp_ppp_pf3,1999,20.74249886908902,11465787392
R10MIDDLE_EAST,PP1990adjATP,1/asinh(x),PPP,PPP_1/asinh(x),pp1990_atp_ppp_pf3,2000,19.757706389078482,11329649800
R10MIDDLE_EAST,PP1990adjATP,1/asinh(x),PPP,PPP_1/asinh(x),pp1990_atp_ppp_pf3,2001,18.65839191589709,11190383533
R10MIDDLE_EAST,PP1990adjATP,1/asinh(x),PPP,PPP_1/asinh(x),pp1990_atp_ppp_pf3,2002,17.54601474448115,11047946860
R10MIDDLE_EAST,PP1990adjATP,1/asinh(x),PPP,PPP_1/asinh(x),pp1990_atp_ppp_pf3,2003,16.429196542769787,10902806377
R10MIDDLE_EAST,PP1990adjATP,1/asinh(x),PPP,PPP_1/asinh(x),pp1990_atp_ppp_pf3,2004,15.282029054439363,10754997594
R10MIDDLE_EAST,PP1990adjATP,1/asinh(x),PPP,PPP_1/asinh(x),pp1990_atp_ppp_pf3,2005,14.00073481403738,10604024719
R10MIDDLE_EAST,PP1990adjATP,1/asinh(x),PPP,PPP_1/asinh(x),pp1990_atp_ppp_pf3,2006,12.686641802923813,10449386625
R10MIDDLE_EAST,PP1990adjATP,1/asinh(x),PPP,PPP_1/asinh(x),pp1990_atp_ppp_pf3,2007,11.293180428454187,10290758121
R10MIDDLE_EAST,PP1990adjATP,1/asinh(x),PPP,PPP_1/asinh(x),pp1990_atp_ppp_pf3,2008,9.955847562505136,10128167217
R10MIDDLE_EAST,PP1990adjATP,1/asinh(x),PPP,PPP_1/asinh(x),pp1990_atp_ppp_pf3,2009,8.476758664159512,9960943933
R10MIDDLE_EAST,PP1990adjATP,1/asinh(x),PPP,PPP_1/asinh(x),pp1990_atp_ppp_pf3,2010,6.924495408412655,9788742155
R10MIDDLE_EAST,PP1990adjATP,1/asinh(x),PPP,PPP_1/asinh(x),pp1990_atp_ppp_pf3,2011,5.258072382576102,9612209476
R10MIDDLE_EAST,PP1990adjATP,1/asinh(x),PPP,PPP_1/asinh(x),pp1990_atp_ppp_pf3,2012,3.5625148599616727,9431692771
R10MIDDLE_EAST,PP1990adjATP,1/asinh(x),PPP,PPP_1/asinh(x),pp1990_atp_ppp_pf3,2013,1.7257922150209968,9246790006
R10MIDDLE_EAST,PP1990adjATP,1/asinh(x),PPP,PPP_1/asinh(x),pp1990_atp_ppp_pf3,2014,-0.07349319195349757,9056472367
R10MIDDLE_EAST,PP1990adjATP,1/asinh(x),PPP,PPP_1/asinh(x),pp1990_atp_ppp_pf3,2015,-1.962039810689432,8860329512
R10MIDDLE_EAST,PP1990adjATP,1/asinh(x),PPP,PPP_1/asinh(x),pp1990_atp_ppp_pf3,2016,-3.938834750959751,8658851256
R10MIDDLE_EAST,PP1990adjATP,1/asinh(x),PPP,PPP_1/asinh(x),pp1990_atp_ppp_pf3,2017,-5.964539514834665,8453009376
R10MIDDLE_EAST,PP1990adjATP,1/asinh(x),PPP,PPP_1/asinh(x),pp1990_atp_ppp_pf3,2018,-8.049374282959594,8243451509
R10MIDDLE_EAST,PP1990adjATP,1/asinh(x),PPP,PPP_1/asinh(x),pp1990_atp_ppp_pf3,2019,-10.164308744308979,8030239764
R10MIDDLE_EAST,PP1990adjATP,1/asinh(x),PPP,PPP_1/asinh(x),pp1990_atp_ppp_pf3,2020,-12.297029717682035,7813729406
R10MIDDLE_EAST,PP1990adjATP,1/sqrt(x),PPP,PPP_1/sqrt(x),pp1990_atp_ppp_pf2,1991,16.21862125852077,12452114881
R10MIDDLE_EAST,PP1990adjATP,1/sqrt(x),PPP,PPP_1/sqrt(x),pp1990_atp_ppp_pf2,1992,15.406227829874174,12338898103
R10MIDDLE_EAST,PP1990adjATP,1/sqrt(x),PPP,PPP_1/sqrt(x),pp1990_atp_ppp_pf2,1993,14.36819084575947,12222109470
R10MIDDLE_EAST,PP1990adjATP,1/sqrt(x),PPP,PPP_1/sqrt(x),pp1990_atp_ppp_pf2,1994,13.292385643182117,12102684896
R10MIDDLE_EAST,PP1990adjATP,1/sqrt(x),PPP,PPP_1/sqrt(x),pp1990_atp_ppp_pf2,1995,12.341267767746814,11980857998
R10MIDDLE_EAST,PP1990adjATP,1/sqrt(x),PPP,PPP_1/sqrt(x),pp1990_atp_ppp_pf2,1996,11.51804541028226,11856315751
R10MIDDLE_EAST,PP1990adjATP,1/sqrt(x),PPP,PPP_1/sqrt(x),pp1990_atp_ppp_pf2,1997,10.68035008985848,11729030266
R10MIDDLE_EAST,PP1990adjATP,1/sqrt(x),PPP,PPP_1/sqrt(x),pp1990_atp_ppp_pf2,1998,9.82243332633357,11598892417
R10MIDDLE_EAST,PP1990adjATP,1/sqrt(x),PPP,PPP_1/sqrt(x),pp1990_atp_ppp_pf2,1999,8.82719362883863,11465787392
R10MIDDLE_EAST,PP1990adjATP,1/sqrt(x),PPP,PPP_1/sqrt(x),pp1990_atp_ppp_pf2,2000,7.76305232223989,11329649800
R10MIDDLE_EAST,PP1990adjATP,1/sqrt(x),PPP,PPP_1/sqrt(x),pp1990_atp_ppp_pf2,2001,6.582046648774889,11190383533
R10MIDDLE_EAST,PP1990adjATP,1/sqrt(x),PPP,PPP_1/sqrt(x),pp1990_atp_ppp_pf2,2002,5.437838296023392,11047946860
R10MIDDLE_EAST,PP1990adjATP,1/sqrt(x),PPP,PPP_1/sqrt(x),pp1990_atp_ppp_pf2,2003,4.331660372489712,10902806377
R10MIDDLE_EAST,PP1990adjATP,1/sqrt(x),PPP,PPP_1/sqrt(x),pp1990_atp_ppp_pf2,2004,3.2700495366956517,10754997594
R10MIDDLE_EAST,PP1990adjATP,1/sqrt(x),PPP,PPP_1/sqrt(x),pp1990_atp_ppp_pf2,2005,2.016942252062422,10604024719
R10MIDDLE_EAST,PP1990adjATP,1/sqrt(x),PPP,PPP_1/sqrt(x),pp1990_atp_ppp_pf2,2006,0.7492780876722875,10449386625
R10MIDDLE_EAST,PP1990adjATP,1/sqrt(x),PPP,PPP_1/sqrt(x),pp1990_atp_ppp_pf2,2007,-0.5862381264127077,10290758121
R10MIDDLE_EAST,PP1990adjATP,1/sqrt(x),PPP,PPP_1/sqrt(x),pp1990_atp_ppp_pf2,2008,-1.8596494480780037,10128167217
R10MIDDLE_EAST,PP1990adjATP,1/sqrt(x),PPP,PPP_1/sqrt(x),pp1990_atp_ppp_pf2,2009,-3.2747139342167557,9960943933
R10MIDDLE_EAST,PP1990adjATP,1/sqrt(x),PPP,PPP_1/sqrt(x),pp1990_atp_ppp_pf2,2010,-4.753872427294374,9788742155
R10MIDDLE_EAST,PP1990adjATP,1/sqrt(x),PPP,PPP_1/sqrt(x),pp1990_atp_ppp_pf2,2011,-6.344872631272324,9612209476
R10MIDDLE_EAST,PP1990adjATP,1/sqrt(x),PPP,PPP_1/sqrt(x),pp1990_atp_ppp_pf2,2012,-7.96813721624026,9431692771
R10MIDDLE_EAST,PP1990adjATP,1/sqrt(x),PPP,PPP_1/sqrt(x),pp1990_atp_ppp_pf2,2013,-9.719096649573334,9246790006
R10MIDDLE_EAST,PP1990adjATP,1/sqrt(x),PPP,PPP_1/sqrt(x),pp1990_atp_ppp_pf2,2014,-11.41800710568949,9056472367
R10MIDDLE_EAST,PP1990adjATP,1/sqrt(x),PPP,PPP_1/sqrt(x),pp1990_atp_ppp_pf2,2015,-13.176367453329268,8860329512
R10MIDDLE_EAST,PP1990adjATP,1/sqrt(x),PPP,PPP_1/sqrt(x),pp1990_atp_ppp_pf2,2016,-14.963164408355038,8658851256
R10MIDDLE_EAST,PP1990adjATP,1/sqrt(x),PPP,PPP_1/sqrt(x),pp1990_atp_ppp_pf2,2017,-16.799184480039727,8453009376
R10MIDDLE_EAST,PP1990adjATP,1/sqrt(x),PPP,PPP_1/sqrt(x),pp1990_atp_ppp_pf2,2018,-18.70866316755721,8243451509
R10MIDDLE_EAST,PP1990adjATP,1/sqrt(x),PPP,PPP_1/sqrt(x),pp1990_atp_ppp_pf2,2019,-20.651375267625326,8030239764
R10MIDDLE_EAST,PP1990adjATP,1/sqrt(x),PPP,PPP_1/sqrt(x),pp1990_atp_ppp_pf2,2020,-22.588193578595458,7813729406
R10MIDDLE_EAST,PP1990adjATP,1/x,PPP,PPP_1/x,pp1990_atp_ppp_pf1,1991,7.905682753208161,12452114881
R10MIDDLE_EAST,PP1990adjATP,1/x,PPP,PPP_1/x,pp1990_atp_ppp_pf1,1992,7.148781422526311,12338898103
R10MIDDLE_EAST,PP1990adjATP,1/x,PPP,PPP_1/x,pp1990_atp_ppp_pf1,1993,6.035805922568345,12222109470
R10MIDDLE_EAST,PP1990adjATP,1/x,PPP,PPP_1/x,pp1990_atp_ppp_pf1,1994,4.876456643602376,12102684896
R10MIDDLE_EAST,PP1990adjATP,1/x,PPP,PPP_1/x,pp1990_atp_ppp_pf1,1995,3.887347488484904,11980857998
R10MIDDLE_EAST,PP1990adjATP,1/x,PPP,PPP_1/x,pp1990_atp_ppp_pf1,1996,3.042866088239239,11856315751
R10MIDDLE_EAST,PP1990adjATP,1/x,PPP,PPP_1/x,pp1990_atp_ppp_pf1,1997,2.187895064839228,11729030266
R10MIDDLE_EAST,PP1990adjATP,1/x,PPP,PPP_1/x,pp1990_atp_ppp_pf1,1998,1.2927409024407572,11598892417
R10MIDDLE_EAST,PP1990adjATP,1/x,PPP,PPP_1/x,pp1990_atp_ppp_pf1,1999,0.2414587692558685,11465787392
R10MIDDLE_EAST,PP1990adjATP,1/x,PPP,PPP_1/x,pp1990_atp_ppp_pf1,2000,-0.8745072607862094,11329649800
R10MIDDLE_EAST,PP1990adjATP,1/x,PPP,PPP_1/x,pp1990_atp_ppp_pf1,2001,-2.093531587714031,11190383533
R10MIDDLE_EAST,PP1990adjATP,1/x,PPP,PPP_1/x,pp1990_atp_ppp_pf1,2002,-3.2617041920534486,11047946860
R10MIDDLE_EAST,PP1990adjATP,1/x,PPP,PPP_1/x,pp1990_atp_ppp_pf1,2003,-4.382140211073393,10902806377
R10MIDDLE_EAST,PP1990adjATP,1/x,PPP,PPP_1/x,pp1990_atp_ppp_pf1,2004,-5.448634577995397,10754997594
R10MIDDLE_EAST,PP1990adjATP,1/x,PPP,PPP_1/x,pp1990_atp_ppp_pf1,2005,-6.717018079495673,10604024719
R10MIDDLE_EAST,PP1990adjATP,1/x,PPP,PPP_1/x,pp1990_atp_ppp_pf1,2006,-8.002377344395779,10449386625
R10MIDDLE_EAST,PP1990adjATP,1/x,PPP,PPP_1/x,pp1990_atp_ppp_pf1,2007,-9.357291209845272,10290758121
R10MIDDLE_EAST,PP1990adjATP,1/x,PPP,PPP_1/x,pp1990_atp_ppp_pf1,2008,-10.65242719141333,10128167217
R10MIDDLE_EAST,PP1990adjATP,1/x,PPP,PPP_1/x,pp1990_atp_ppp_pf1,2009,-12.092875954810266,9960943933
R10MIDDLE_EAST,PP1990adjATP,1/x,PPP,PPP_1/x,pp1990_atp_ppp_pf1,2010,-13.599908465070055,9788742155
R10MIDDLE_EAST,PP1990adjATP,1/x,PPP,PPP_1/x,pp1990_atp_ppp_pf1,2011,-15.217541824211636,9612209476
R10MIDDLE_EAST,PP1990adjATP,1/x,PPP,PPP_1/x,pp1990_atp_ppp_pf1,2012,-16.86524563206724,9431692771
R10MIDDLE_EAST,PP1990adjATP,1/x,PPP,PPP_1/x,pp1990_atp_ppp_pf1,2013,-18.649885144570405,9246790006
R10MIDDLE_EAST,PP1990adjATP,1/x,PPP,PPP_1/x,pp1990_atp_ppp_pf1,2014,-20.379523151917724,9056472367
R10MIDDLE_EAST,PP1990adjATP,1/x,PPP,PPP_1/x,pp1990_atp_ppp_pf1,2015,-22.154412192895833,8860329512
R10MIDDLE_EAST,PP1990adjATP,1/x,PPP,PPP_1/x,pp1990_atp_ppp_pf1,2016,-23.949502668238207,8658851256
R10MIDDLE_EAST,PP1990adjATP,1/x,PPP,PPP_1/x,pp1990_atp_ppp_pf1,2017,-25.785875148302395,8453009376
R10MIDDLE_EAST,PP1990adjATP,1/x,PPP,PPP_1/x,pp1990_atp_ppp_pf1,2018,-27.691553913803933,8243451509
R10MIDDLE_EAST,PP1990adjATP,1/x,PPP,PPP_1/x,pp1990_atp_ppp_pf1,2019,-29.628426053600045,8030239764
R10MIDDLE_EAST,PP1990adjATP,1/x,PPP,PPP_1/x,pp1990_atp_ppp_pf1,2020,-31.553410271300177,7813729406
R10MIDDLE_EAST,PP1850adjATP,1/asinh(x),MER,MER_1/asinh(x),pp1850_atp_mer_pf3,1991,24.24850890769783,12452114881
R10MIDDLE_EAST,PP1850adjATP,1/asinh(x),MER,MER_1/asinh(x),pp1850_atp_mer_pf3,1992,23.97107186283146,12338898103
R10MIDDLE_EAST,PP1850adjATP,1/asinh(x),MER,MER_1/asinh(x),pp1850_atp_mer_pf3,1993,23.546673526866567,12222109470
R10MIDDLE_EAST,PP1850adjATP,1/asinh(x),MER,MER_1/asinh(x),pp1850_atp_mer_pf3,1994,23.006679730586505,12102684896
R10MIDDLE_EAST,PP1850adjATP,1/asinh(x),MER,MER_1/asinh(x),pp1850_atp_mer_pf3,1995,22.359508831730697,11980857998
R10MIDDLE_EAST,PP1850adjATP,1/asinh(x),MER,MER_1/asinh(x),pp1850_atp_mer_pf3,1996,21.69598943243598,11856315751
R10MIDDLE_EAST,PP1850adjATP,1/asinh(x),MER,MER_1/asinh(x),pp1850_atp_mer_pf3,1997,20.98431413933709,11729030266
R10MIDDLE_EAST,PP1850adjATP,1/asinh(x),MER,MER_1/asinh(x),pp1850_atp_mer_pf3,1998,20.26240459270559,11598892417
R10MIDDLE_EAST,PP1850adjATP,1/asinh(x),MER,MER_1/asinh(x),pp1850_atp_mer_pf3,1999,19.483782791488327,11465787392
R10MIDDLE_EAST,PP1850adjATP,1/asinh(x),MER,MER_1/asinh(x),pp1850_atp_mer_pf3,2000,18.55248247302643,11329649800
R10MIDDLE_EAST,PP1850adjATP,1/asinh(x),MER,MER_1/asinh(x),pp1850_atp_mer_pf3,2001,17.503051804162567,11190383533
R10MIDDLE_EAST,PP1850adjATP,1/asinh(x),MER,MER_1/asinh(x),pp1850_atp_mer_pf3,2002,16.423709997402124,11047946860
R10MIDDLE_EAST,PP1850adjATP,1/asinh(x),MER,MER_1/asinh(x),pp1850_atp_mer_pf3,2003,15.34159595208023,10902806377
R10MIDDLE_EAST,PP1850adjATP,1/asinh(x),MER,MER_1/asinh(x),pp1850_atp_mer_pf3,2004,14.2206982641564,10754997594
R10MIDDLE_EAST,PP1850adjATP,1/asinh(x),MER,MER_1/asinh(x),pp1850_atp_mer_pf3,2005,12.96209280854115,10604024719
R10MIDDLE_EAST,PP1850adjATP,1/asinh(x),MER,MER_1/asinh(x),pp1850_atp_mer_pf3,2006,11.643281638505592,10449386625
R10MIDDLE_EAST,PP1850adjATP,1/asinh(x),MER,MER_1/asinh(x),pp1850_atp_mer_pf3,2007,10.233404526866533,10290758121
R10MIDDLE_EAST,PP1850adjATP,1/asinh(x),MER,MER_1/asinh(x),pp1850_atp_mer_pf3,2008,8.868498597784608,10128167217
R10MIDDLE_EAST,PP1850adjATP,1/asinh(x),MER,MER_1/asinh(x),pp1850_atp_mer_pf3,2009,7.324344476990328,9960943933
R10MIDDLE_EAST,PP1850adjATP,1/asinh(x),MER,MER_1/asinh(x),pp1850_atp_mer_pf3,2010,5.755461470306233,9788742155
R10MIDDLE_EAST,PP1850adjATP,1/asinh(x),MER,MER_1/asinh(x),pp1850_atp_mer_pf3,2011,4.072026534718505,9612209476
R10MIDDLE_EAST,PP1850adjATP,1/asinh(x),MER,MER_1/asinh(x),pp1850_atp_mer_pf3,2012,2.321301290342231,9431692771
R10MIDDLE_EAST,PP1850adjATP,1/asinh(x),MER,MER_1/asinh(x),pp1850_atp_mer_pf3,2013,0.4194554828192638,9246790006
R10MIDDLE_EAST,PP1850adjATP,1/asinh(x),MER,MER_1/asinh(x),pp1850_atp_mer_pf3,2014,-1.4006706054575861,9056472367
R10MIDDLE_EAST,PP1850adjATP,1/asinh(x),MER,MER_1/asinh(x),pp1850_atp_mer_pf3,2015,-3.295241242706968,8860329512
R10MIDDLE_EAST,PP1850adjATP,1/asinh(x),MER,MER_1/asinh(x),pp1850_atp_mer_pf3,2016,-5.27330492305793,8658851256
R10MIDDLE_EAST,PP1850adjATP,1/asinh(x),MER,MER_1/asinh(x),pp1850_atp_mer_pf3,2017,-7.310662756812462,8453009376
R10MIDDLE_EAST,PP1850adjATP,1/asinh(x),MER,MER_1/asinh(x),pp1850_atp_mer_pf3,2018,-9.402448905642208,8243451509
R10MIDDLE_EAST,PP1850adjATP,1/asinh(x),MER,MER_1/asinh(x),pp1850_atp_mer_pf3,2019,-11.509319508482049,8030239764
R10MIDDLE_EAST,PP1850adjATP,1/asinh(x),MER,MER_1/asinh(x),pp1850_atp_mer_pf3,2020,-13.638982565257951,7813729406
R10MIDDLE_EAST,PP1850adjATP,1/sqrt(x),MER,MER_1/sqrt(x),pp1850_atp_mer_pf2,1991,10.960638828492563,12452114881
R10MIDDLE_EAST,PP1850adjATP,1/sqrt(x),MER,MER_1/sqrt(x),pp1850_atp_mer_pf2,1992,11.123984528735974,12338898103
R10MIDDLE_EAST,PP1850adjATP,1/sqrt(x),MER,MER_1/sqrt(x),pp1850_atp_mer_pf2,1993,11.180159092373366,12222109470
R10MIDDLE_EAST,PP1850adjATP,1/sqrt(x),MER,MER_1/sqrt(x),pp1850_atp_mer_pf2,1994,11.144419698609504,12102684896
R10MIDDLE_EAST,PP1850adjATP,1/sqrt(x),MER,MER_1/sqrt(x),pp1850_atp_mer_pf2,1995,10.933589376678555,11980857998
R10MIDDLE_EAST,PP1850adjATP,1/sqrt(x),MER,MER_1/sqrt(x),pp1850_atp_mer_pf2,1996,10.571019694781635,11856315751
R10MIDDLE_EAST,PP1850adjATP,1/sqrt(x),MER,MER_1/sqrt(x),pp1850_atp_mer_pf2,1997,10.097776670114696,11729030266
R10MIDDLE_EAST,PP1850adjATP,1/sqrt(x),MER,MER_1/sqrt(x),pp1850_atp_mer_pf2,1998,9.564409644819877,11598892417
R10MIDDLE_EAST,PP1850adjATP,1/sqrt(x),MER,MER_1/sqrt(x),pp1850_atp_mer_pf2,1999,8.95350422821074,11465787392
R10MIDDLE_EAST,PP1850adjATP,1/sqrt(x),MER,MER_1/sqrt(x),pp1850_atp_mer_pf2,2000,8.07708401657143,11329649800
R10MIDDLE_EAST,PP1850adjATP,1/sqrt(x),MER,MER_1/sqrt(x),pp1850_atp_mer_pf2,2001,7.077180392186687,11190383533
R10MIDDLE_EAST,PP1850adjATP,1/sqrt(x),MER,MER_1/sqrt(x),pp1850_atp_mer_pf2,2002,6.057498966191002,11047946860
R10MIDDLE_EAST,PP1850adjATP,1/sqrt(x),MER,MER_1/sqrt(x),pp1850_atp_mer_pf2,2003,5.069619951673458,10902806377
R10MIDDLE_EAST,PP1850adjATP,1/sqrt(x),MER,MER_1/sqrt(x),pp1850_atp_mer_pf2,2004,4.081465337930541,10754997594
R10MIDDLE_EAST,PP1850adjATP,1/sqrt(x),MER,MER_1/sqrt(x),pp1850_atp_mer_pf2,2005,2.88989254141151,10604024719
R10MIDDLE_EAST,PP1850adjATP,1/sqrt(x),MER,MER_1/sqrt(x),pp1850_atp_mer_pf2,2006,1.5975392852301082,10449386625
R10MIDDLE_EAST,PP1850adjATP,1/sqrt(x),MER,MER_1/sqrt(x),pp1850_atp_mer_pf2,2007,0.19135099873961003,10290758121
R10MIDDLE_EAST,PP1850adjATP,1/sqrt(x),MER,MER_1/sqrt(x),pp1850_atp_mer_pf2,2008,-1.2121153934929794,10128167217
R10MIDDLE_EAST,PP1850adjATP,1/sqrt(x),MER,MER_1/sqrt(x),pp1850_atp_mer_pf2,2009,-2.8798482660218587,9960943933
R10MIDDLE_EAST,PP1850adjATP,1/sqrt(x),MER,MER_1/sqrt(x),pp1850_atp_mer_pf2,2010,-4.456804069299222,9788742155
R10MIDDLE_EAST,PP1850adjATP,1/sqrt(x),MER,MER_1/sqrt(x),pp1850_atp_mer_pf2,2011,-6.157378541807311,9612209476
R10MIDDLE_EAST,PP1850adjATP,1/sqrt(x),MER,MER_1/sqrt(x),pp1850_atp_mer_pf2,2012,-8.01225864648417,9431692771
R10MIDDLE_EAST,PP1850adjATP,1/sqrt(x),MER,MER_1/sqrt(x),pp1850_atp_mer_pf2,2013,-10.013709614526096,9246790006
R10MIDDLE_EAST,PP1850adjATP,1/sqrt(x),MER,MER_1/sqrt(x),pp1850_atp_mer_pf2,2014,-11.820784024339956,9056472367
R10MIDDLE_EAST,PP1850adjATP,1/sqrt(x),MER,MER_1/sqrt(x),pp1850_atp_mer_pf2,2015,-13.638248110792851,8860329512
R10MIDDLE_EAST,PP1850adjATP,1/sqrt(x),MER,MER_1/sqrt(x),pp1850_atp_mer_pf2,2016,-15.45808292883974,8658851256
R10MIDDLE_EAST,PP1850adjATP,1/sqrt(x),MER,MER_1/sqrt(x),pp1850_atp_mer_pf2,2017,-17.35419484533104,8453009376
R10MIDDLE_EAST,PP1850adjATP,1/sqrt(x),MER,MER_1/sqrt(x),pp1850_atp_mer_pf2,2018,-19.309454660563986,8243451509
R10MIDDLE_EAST,PP1850adjATP,1/sqrt(x),MER,MER_1/sqrt(x),pp1850_atp_mer_pf2,2019,-21.241177133929128,8030239764
R10MIDDLE_EAST,PP1850adjATP,1/sqrt(x),MER,MER_1/sqrt(x),pp1850_atp_mer_pf2,2020,-23.178959676760943,7813729406
R10MIDDLE_EAST,PP1850adjATP,1/x,MER,MER_1/x,pp1850_atp_mer_pf1,1991,2.6956013686163143,12452114881
R10MIDDLE_EAST,PP1850adjATP,1/x,MER,MER_1/x,pp1850_atp_mer_pf1,1992,2.4565829551281793,12338898103
R10MIDDLE_EAST,PP1850adjATP,1/x,MER,MER_1/x,pp1850_atp_mer_pf1,1993,2.2458316343339186,12222109470
R10MIDDLE_EAST,PP1850adjATP,1/x,MER,MER_1/x,pp1850_atp_mer_pf1,1994,2.056116872984621,12102684896
R10MIDDLE_EAST,PP1850adjATP,1/x,MER,MER_1/x,pp1850_atp_mer_pf1,1995,1.7642991722926178,11980857998
R10MIDDLE_EAST,PP1850adjATP,1/x,MER,MER_1/x,pp1850_atp_mer_pf1,1996,1.3586948887126247,11856315751
R10MIDDLE_EAST,PP1850adjATP,1/x,MER,MER_1/x,pp1850_atp_mer_pf1,1997,0.8733185058033657,11729030266
R10MIDDLE_EAST,PP1850adjATP,1/x,MER,MER_1/x,pp1850_atp_mer_pf1,1998,0.338634293206292,11598892417
R10MIDDLE_EAST,PP1850adjATP,1/x,MER,MER_1/x,pp1850_atp_mer_pf1,1999,-0.272866381360064,11465787392
R10MIDDLE_EAST,PP1850adjATP,1/x,MER,MER_1/x,pp1850_atp_mer_pf1,2000,-1.160450065231565,11329649800
R10MIDDLE_EAST,PP1850adjATP,1/x,MER,MER_1/x,pp1850_atp_mer_pf1,2001,-2.150009969770749,11190383533
R10MIDDLE_EAST,PP1850adjATP,1/x,MER,MER_1/x,pp1850_atp_mer_pf1,2002,-3.1758662126240544,11047946860
R10MIDDLE_EAST,PP1850adjATP,1/x,MER,MER_1/x,pp1850_atp_mer_pf1,2003,-4.1686572983517856,10902806377
R10MIDDLE_EAST,PP1850adjATP,1/x,MER,MER_1/x,pp1850_atp_mer_pf1,2004,-5.1452594587395275,10754997594
R10MIDDLE_EAST,PP1850adjATP,1/x,MER,MER_1/x,pp1850_atp_mer_pf1,2005,-6.336056693110207,10604024719
R10MIDDLE_EAST,PP1850adjATP,1/x,MER,MER_1/x,pp1850_atp_mer_pf1,2006,-7.63212866124206,10449386625
R10MIDDLE_EAST,PP1850adjATP,1/x,MER,MER_1/x,pp1850_atp_mer_pf1,2007,-9.056859714203725,10290758121
R10MIDDLE_EAST,PP1850adjATP,1/x,MER,MER_1/x,pp1850_atp_mer_pf1,2008,-10.49942151636645,10128167217
R10MIDDLE_EAST,PP1850adjATP,1/x,MER,MER_1/x,pp1850_atp_mer_pf1,2009,-12.218296122341425,9960943933
R10MIDDLE_EAST,PP1850adjATP,1/x,MER,MER_1/x,pp1850_atp_mer_pf1,2010,-13.821347591032929,9788742155
R10MIDDLE_EAST,PP1850adjATP,1/x,MER,MER_1/x,pp1850_atp_mer_pf1,2011,-15.562808395027272,9612209476
R10MIDDLE_EAST,PP1850adjATP,1/x,MER,MER_1/x,pp1850_atp_mer_pf1,2012,-17.465368628278085,9431692771
R10MIDDLE_EAST,PP1850adjATP,1/x,MER,MER_1/x,pp1850_atp_mer_pf1,2013,-19.50658118686129,9246790006
R10MIDDLE_EAST,PP1850adjATP,1/x,MER,MER_1/x,pp1850_atp_mer_pf1,2014,-21.349699204018165,9056472367
R10MIDDLE_EAST,PP1850adjATP,1/x,MER,MER_1/x,pp1850_atp_mer_pf1,2015,-23.187856125906066,8860329512
R10MIDDLE_EAST,PP1850adjATP,1/x,MER,MER_1/x,pp1850_atp_mer_pf1,2016,-25.008691898597494,8658851256
R10MIDDLE_EAST,PP1850adjATP,1/x,MER,MER_1/x,pp1850_atp_mer_pf1,2017,-26.898929317472646,8453009376
R10MIDDLE_EAST,PP1850adjATP,1/x,MER,MER_1/x,pp1850_atp_mer_pf1,2018,-28.84775698633632,8243451509
R10MIDDLE_EAST,PP1850adjATP,1/x,MER,MER_1/x,pp1850_atp_mer_pf1,2019,-30.762121939200235,8030239764
R10MIDDLE_EAST,PP1850adjATP,1/x,MER,MER_1/x,pp1850_atp_mer_pf1,2020,-32.6738071966962,7813729406
R10MIDDLE_EAST,PP1850adjATP,1/asinh(x),PPP,PPP_1/asinh(x),pp1850_atp_ppp_pf3,1991,26.19345155444033,12452114881
R10MIDDLE_EAST,PP1850adjATP,1/asinh(x),PPP,PPP_1/asinh(x),pp1850_atp_ppp_pf3,1992,25.439788644894346,12338898103
R10MIDDLE_EAST,PP1850adjATP,1/asinh(x),PPP,PPP_1/asinh(x),pp1850_atp_ppp_pf3,1993,24.580062600207505,12222109470
R10MIDDLE_EAST,PP1850adjATP,1/asinh(x),PPP,PPP_1/asinh(x),pp1850_atp_ppp_pf3,1994,23.66061172738526,12102684896
R10MIDDLE_EAST,PP1850adjATP,1/asinh(x),PPP,PPP_1/asinh(x),pp1850_atp_ppp_pf3,1995,22.734824593693837,11980857998
R10MIDDLE_EAST,PP1850adjATP,1/asinh(x),PPP,PPP_1/asinh(x),pp1850_atp_ppp_pf3,1996,21.88532799943136,11856315751
R10MIDDLE_EAST,PP1850adjATP,1/asinh(x),PPP,PPP_1/asinh(x),pp1850_atp_ppp_pf3,1997,21.03194676846701,11729030266
R10MIDDLE_EAST,PP1850adjATP,1/asinh(x),PPP,PPP_1/asinh(x),pp1850_atp_ppp_pf3,1998,20.19567014635294,11598892417
R10MIDDLE_EAST,PP1850adjATP,1/asinh(x),PPP,PPP_1/asinh(x),pp1850_atp_ppp_pf3,1999,19.293040282534825,11465787392
R10MIDDLE_EAST,PP1850adjATP,1/asinh(x),PPP,PPP_1/asinh(x),pp1850_atp_ppp_pf3,2000,18.308247802524285,11329649800
R10MIDDLE_EAST,PP1850adjATP,1/asinh(x),PPP,PPP_1/asinh(x),pp1850_atp_ppp_pf3,2001,17.20893332934289,11190383533
R10MIDDLE_EAST,PP1850adjATP,1/asinh(x),PPP,PPP_1/asinh(x),pp1850_atp_ppp_pf3,2002,16.09655615792695,11047946860
R10MIDDLE_EAST,PP1850adjATP,1/asinh(x),PPP,PPP_1/asinh(x),pp1850_atp_ppp_pf3,2003,14.979737956215594,10902806377
R10MIDDLE_EAST,PP1850adjATP,1/asinh(x),PPP,PPP_1/asinh(x),pp1850_atp_ppp_pf3,2004,13.832570467885162,10754997594
R10MIDDLE_EAST,PP1850adjATP,1/asinh(x),PPP,PPP_1/asinh(x),pp1850_atp_ppp_pf3,2005,12.551276227483182,10604024719
R10MIDDLE_EAST,PP1850adjATP,1/asinh(x),PPP,PPP_1/asinh(x),pp1850_atp_ppp_pf3,2006,11.237183216369619,10449386625
R10MIDDLE_EAST,PP1850adjATP,1/asinh(x),PPP,PPP_1/asinh(x),pp1850_atp_ppp_pf3,2007,9.843721841899994,10290758121
R10MIDDLE_EAST,PP1850adjATP,1/asinh(x),PPP,PPP_1/asinh(x),pp1850_atp_ppp_pf3,2008,8.506388975950943,10128167217
R10MIDDLE_EAST,PP1850adjATP,1/asinh(x),PPP,PPP_1/asinh(x),pp1850_atp_ppp_pf3,2009,7.027300077605315,9960943933
R10MIDDLE_EAST,PP1850adjATP,1/asinh(x),PPP,PPP_1/asinh(x),pp1850_atp_ppp_pf3,2010,5.475036821858459,9788742155
R10MIDDLE_EAST,PP1850adjATP,1/asinh(x),PPP,PPP_1/asinh(x),pp1850_atp_ppp_pf3,2011,3.8086137960219064,9612209476
R10MIDDLE_EAST,PP1850adjATP,1/asinh(x),PPP,PPP_1/asinh(x),pp1850_atp_ppp_pf3,2012,2.1130562734074747,9431692771
R10MIDDLE_EAST,PP1850adjATP,1/asinh(x),PPP,PPP_1/asinh(x),pp1850_atp_ppp_pf3,2013,0.2763336284668032,9246790006
R10MIDDLE_EAST,PP1850adjATP,1/asinh(x),PPP,PPP_1/asinh(x),pp1850_atp_ppp_pf3,2014,-1.5229517785076965,9056472367
R10MIDDLE_EAST,PP1850adjATP,1/asinh(x),PPP,PPP_1/asinh(x),pp1850_atp_ppp_pf3,2015,-3.4114983972436286,8860329512
R10MIDDLE_EAST,PP1850adjATP,1/asinh(x),PPP,PPP_1/asinh(x),pp1850_atp_ppp_pf3,2016,-5.3882933375139475,8658851256
R10MIDDLE_EAST,PP1850adjATP,1/asinh(x),PPP,PPP_1/asinh(x),pp1850_atp_ppp_pf3,2017,-7.413998101388859,8453009376
R10MIDDLE_EAST,PP1850adjATP,1/asinh(x),PPP,PPP_1/asinh(x),pp1850_atp_ppp_pf3,2018,-9.498832869513793,8243451509
R10MIDDLE_EAST,PP1850adjATP,1/asinh(x),PPP,PPP_1/asinh(x),pp1850_atp_ppp_pf3,2019,-11.61376733086318,8030239764
R10MIDDLE_EAST,PP1850adjATP,1/asinh(x),PPP,PPP_1/asinh(x),pp1850_atp_ppp_pf3,2020,-13.74648830423623,7813729406
R10MIDDLE_EAST,PP1850adjATP,1/sqrt(x),PPP,PPP_1/sqrt(x),pp1850_atp_ppp_pf2,1991,14.769162671966573,12452114881
R10MIDDLE_EAST,PP1850adjATP,1/sqrt(x),PPP,PPP_1/sqrt(x),pp1850_atp_ppp_pf2,1992,13.95676924331998,12338898103
R10MIDDLE_EAST,PP1850adjATP,1/sqrt(x),PPP,PPP_1/sqrt(x),pp1850_atp_ppp_pf2,1993,12.918732259205274,12222109470
R10MIDDLE_EAST,PP1850adjATP,1/sqrt(x),PPP,PPP_1/sqrt(x),pp1850_atp_ppp_pf2,1994,11.842927056627923,12102684896
R10MIDDLE_EAST,PP1850adjATP,1/sqrt(x),PPP,PPP_1/sqrt(x),pp1850_atp_ppp_pf2,1995,10.89180918119262,11980857998
R10MIDDLE_EAST,PP1850adjATP,1/sqrt(x),PPP,PPP_1/sqrt(x),pp1850_atp_ppp_pf2,1996,10.068586823728063,11856315751
R10MIDDLE_EAST,PP1850adjATP,1/sqrt(x),PPP,PPP_1/sqrt(x),pp1850_atp_ppp_pf2,1997,9.230891503304285,11729030266
R10MIDDLE_EAST,PP1850adjATP,1/sqrt(x),PPP,PPP_1/sqrt(x),pp1850_atp_ppp_pf2,1998,8.372974739779373,11598892417
R10MIDDLE_EAST,PP1850adjATP,1/sqrt(x),PPP,PPP_1/sqrt(x),pp1850_atp_ppp_pf2,1999,7.377735042284435,11465787392
R10MIDDLE_EAST,PP1850adjATP,1/sqrt(x),PPP,PPP_1/sqrt(x),pp1850_atp_ppp_pf2,2000,6.313593735685695,11329649800
R10MIDDLE_EAST,PP1850adjATP,1/sqrt(x),PPP,PPP_1/sqrt(x),pp1850_atp_ppp_pf2,2001,5.132588062220689,11190383533
R10MIDDLE_EAST,PP1850adjATP,1/sqrt(x),PPP,PPP_1/sqrt(x),pp1850_atp_ppp_pf2,2002,3.9883797094691977,11047946860
R10MIDDLE_EAST,PP1850adjATP,1/sqrt(x),PPP,PPP_1/sqrt(x),pp1850_atp_ppp_pf2,2003,2.8822017859355156,10902806377
R10MIDDLE_EAST,PP1850adjATP,1/sqrt(x),PPP,PPP_1/sqrt(x),pp1850_atp_ppp_pf2,2004,1.8205909501414528,10754997594
R10MIDDLE_EAST,PP1850adjATP,1/sqrt(x),PPP,PPP_1/sqrt(x),pp1850_atp_ppp_pf2,2005,0.5674836655082229,10604024719
R10MIDDLE_EAST,PP1850adjATP,1/sqrt(x),PPP,PPP_1/sqrt(x),pp1850_atp_ppp_pf2,2006,-0.7001804988819087,10449386625
R10MIDDLE_EAST,PP1850adjATP,1/sqrt(x),PPP,PPP_1/sqrt(x),pp1850_atp_ppp_pf2,2007,-2.035696712966904,10290758121
R10MIDDLE_EAST,PP1850adjATP,1/sqrt(x),PPP,PPP_1/sqrt(x),pp1850_atp_ppp_pf2,2008,-3.309108034632203,10128167217
R10MIDDLE_EAST,PP1850adjATP,1/sqrt(x),PPP,PPP_1/sqrt(x),pp1850_atp_ppp_pf2,2009,-4.724172520770951,9960943933
R10MIDDLE_EAST,PP1850adjATP,1/sqrt(x),PPP,PPP_1/sqrt(x),pp1850_atp_ppp_pf2,2010,-6.203331013848574,9788742155
R10MIDDLE_EAST,PP1850adjATP,1/sqrt(x),PPP,PPP_1/sqrt(x),pp1850_atp_ppp_pf2,2011,-7.79433121782652,9612209476
R10MIDDLE_EAST,PP1850adjATP,1/sqrt(x),PPP,PPP_1/sqrt(x),pp1850_atp_ppp_pf2,2012,-9.417595802794459,9431692771
R10MIDDLE_EAST,PP1850adjATP,1/sqrt(x),PPP,PPP_1/sqrt(x),pp1850_atp_ppp_pf2,2013,-11.168555236127526,9246790006
R10MIDDLE_EAST,PP1850adjATP,1/sqrt(x),PPP,PPP_1/sqrt(x),pp1850_atp_ppp_pf2,2014,-12.867465692243686,9056472367
R10MIDDLE_EAST,PP1850adjATP,1/sqrt(x),PPP,PPP_1/sqrt(x),pp1850_atp_ppp_pf2,2015,-14.625826039883464,8860329512
R10MIDDLE_EAST,PP1850adjATP,1/sqrt(x),PPP,PPP_1/sqrt(x),pp1850_atp_ppp_pf2,2016,-16.412622994909235,8658851256
R10MIDDLE_EAST,PP1850adjATP,1/sqrt(x),PPP,PPP_1/sqrt(x),pp1850_atp_ppp_pf2,2017,-18.248643066593928,8453009376
R10MIDDLE_EAST,PP1850adjATP,1/sqrt(x),PPP,PPP_1/sqrt(x),pp1850_atp_ppp_pf2,2018,-20.158121754111406,8243451509
R10MIDDLE_EAST,PP1850adjATP,1/sqrt(x),PPP,PPP_1/sqrt(x),pp1850_atp_ppp_pf2,2019,-22.100833854179527,8030239764
R10MIDDLE_EAST,PP1850adjATP,1/sqrt(x),PPP,PPP_1/sqrt(x),pp1850_atp_ppp_pf2,2020,-24.03765216514965,7813729406
R10MIDDLE_EAST,PP1850adjATP,1/x,PPP,PPP_1/x,pp1850_atp_ppp_pf1,1991,6.456224166653964,12452114881
R10MIDDLE_EAST,PP1850adjATP,1/x,PPP,PPP_1/x,pp1850_atp_ppp_pf1,1992,5.699322835972115,12338898103
R10MIDDLE_EAST,PP1850adjATP,1/x,PPP,PPP_1/x,pp1850_atp_ppp_pf1,1993,4.586347336014148,12222109470
R10MIDDLE_EAST,PP1850adjATP,1/x,PPP,PPP_1/x,pp1850_atp_ppp_pf1,1994,3.4269980570481793,12102684896
R10MIDDLE_EAST,PP1850adjATP,1/x,PPP,PPP_1/x,pp1850_atp_ppp_pf1,1995,2.437888901930707,11980857998
R10MIDDLE_EAST,PP1850adjATP,1/x,PPP,PPP_1/x,pp1850_atp_ppp_pf1,1996,1.5934075016850446,11856315751
R10MIDDLE_EAST,PP1850adjATP,1/x,PPP,PPP_1/x,pp1850_atp_ppp_pf1,1997,0.7384364782850312,11729030266
R10MIDDLE_EAST,PP1850adjATP,1/x,PPP,PPP_1/x,pp1850_atp_ppp_pf1,1998,-0.15671768411344011,11598892417
R10MIDDLE_EAST,PP1850adjATP,1/x,PPP,PPP_1/x,pp1850_atp_ppp_pf1,1999,-1.2079998172983295,11465787392
R10MIDDLE_EAST,PP1850adjATP,1/x,PPP,PPP_1/x,pp1850_atp_ppp_pf1,2000,-2.323965847340407,11329649800
R10MIDDLE_EAST,PP1850adjATP,1/x,PPP,PPP_1/x,pp1850_atp_ppp_pf1,2001,-3.5429901742682275,11190383533
R10MIDDLE_EAST,PP1850adjATP,1/x,PPP,PPP_1/x,pp1850_atp_ppp_pf1,2002,-4.711162778607647,11047946860
R10MIDDLE_EAST,PP1850adjATP,1/x,PPP,PPP_1/x,pp1850_atp_ppp_pf1,2003,-5.83159879762759,10902806377
R10MIDDLE_EAST,PP1850adjATP,1/x,PPP,PPP_1/x,pp1850_atp_ppp_pf1,2004,-6.898093164549595,10754997594
R10MIDDLE_EAST,PP1850adjATP,1/x,PPP,PPP_1/x,pp1850_atp_ppp_pf1,2005,-8.166476666049869,10604024719
R10MIDDLE_EAST,PP1850adjATP,1/x,PPP,PPP_1/x,pp1850_atp_ppp_pf1,2006,-9.451835930949976,10449386625
R10MIDDLE_EAST,PP1850adjATP,1/x,PPP,PPP_1/x,pp1850_atp_ppp_pf1,2007,-10.806749796399469,10290758121
R10MIDDLE_EAST,PP1850adjATP,1/x,PPP,PPP_1/x,pp1850_atp_ppp_pf1,2008,-12.101885777967526,10128167217
R10MIDDLE_EAST,PP1850adjATP,1/x,PPP,PPP_1/x,pp1850_atp_ppp_pf1,2009,-13.542334541364465,9960943933
R10MIDDLE_EAST,PP1850adjATP,1/x,PPP,PPP_1/x,pp1850_atp_ppp_pf1,2010,-15.049367051624255,9788742155
R10MIDDLE_EAST,PP1850adjATP,1/x,PPP,PPP_1/x,pp1850_atp_ppp_pf1,2011,-16.667000410765834,9612209476
R10MIDDLE_EAST,PP1850adjATP,1/x,PPP,PPP_1/x,pp1850_atp_ppp_pf1,2012,-18.314704218621436,9431692771
R10MIDDLE_EAST,PP1850adjATP,1/x,PPP,PPP_1/x,pp1850_atp_ppp_pf1,2013,-20.0993437311246,9246790006
R10MIDDLE_EAST,PP1850adjATP,1/x,PPP,PPP_1/x,pp1850_atp_ppp_pf1,2014,-21.828981738471917,9056472367
R10MIDDLE_EAST,PP1850adjATP,1/x,PPP,PPP_1/x,pp1850_atp_ppp_pf1,2015,-23.603870779450027,8860329512
R10MIDDLE_EAST,PP1850adjATP,1/x,PPP,PPP_1/x,pp1850_atp_ppp_pf1,2016,-25.398961254792404,8658851256
R10MIDDLE_EAST,PP1850adjATP,1/x,PPP,PPP_1/x,pp1850_atp_ppp_pf1,2017,-27.23533373485659,8453009376
R10MIDDLE_EAST,PP1850adjATP,1/x,PPP,PPP_1/x,pp1850_atp_ppp_pf1,2018,-29.14101250035813,8243451509
R10MIDDLE_EAST,PP1850adjATP,1/x,PPP,PPP_1/x,pp1850_atp_ppp_pf1,2019,-31.077884640154245,8030239764
R10MIDDLE_EAST,PP1850adjATP,1/x,PPP,PPP_1/x,pp1850_atp_ppp_pf1,2020,-33.00286885785438,7813729406
R10NORTH_AM,PP2015,NA,NA,NA,pp2015,1991,24.278010693283118,22355774649
R10NORTH_AM,PP2015,NA,NA,NA,pp2015,1992,24.278010693283118,22076198695
R10NORTH_AM,PP2015,NA,NA,NA,pp2015,1993,24.278010693283118,21792675723
R10NORTH_AM,PP2015,NA,NA,NA,pp2015,1994,24.278010693283118,21505227795
R10NORTH_AM,PP2015,NA,NA,NA,pp2015,1995,24.278010693283118,21213973021
R10NORTH_AM,PP2015,NA,NA,NA,pp2015,1996,24.278010693283118,20919023031
R10NORTH_AM,PP2015,NA,NA,NA,pp2015,1997,24.278010693283118,20620444823
R10NORTH_AM,PP2015,NA,NA,NA,pp2015,1998,24.278010693283118,20318166647
R10NORTH_AM,PP2015,NA,NA,NA,pp2015,1999,24.278010693283118,20012186823
R10NORTH_AM,PP2015,NA,NA,NA,pp2015,2000,24.278010693283118,19702605479
R10NORTH_AM,PP2015,NA,NA,NA,pp2015,2001,24.278010693283118,19389523603
R10NORTH_AM,PP2015,NA,NA,NA,pp2015,2002,24.278010693283118,19073050339
R10NORTH_AM,PP2015,NA,NA,NA,pp2015,2003,24.278010693283118,18753377699
R10NORTH_AM,PP2015,NA,NA,NA,pp2015,2004,24.278010693283118,18430648419
R10NORTH_AM,PP2015,NA,NA,NA,pp2015,2005,24.278010693283118,18104788877
R10NORTH_AM,PP2015,NA,NA,NA,pp2015,2006,24.278010693283118,17775730307
R10NORTH_AM,PP2015,NA,NA,NA,pp2015,2007,24.278010693283118,17443445355
R10NORTH_AM,PP2015,NA,NA,NA,pp2015,2008,24.278010693283118,17107839505
R10NORTH_AM,PP2015,NA,NA,NA,pp2015,2009,24.278010693283118,16768926051
R10NORTH_AM,PP2015,NA,NA,NA,pp2015,2010,24.278010693283118,16426820099
R10NORTH_AM,PP2015,NA,NA,NA,pp2015,2011,24.278010693283118,16081673835
R10NORTH_AM,PP2015,NA,NA,NA,pp2015,2012,24.278010693283118,15733473691
R10NORTH_AM,PP2015,NA,NA,NA,pp2015,2013,24.278010693283118,15382130487
R10NORTH_AM,PP2015,NA,NA,NA,pp2015,2014,24.278010693283118,15027691623
R10NORTH_AM,PP2015,NA,NA,NA,pp2015,2015,24.278010693283118,14670253055
R10NORTH_AM,PP2015,NA,NA,NA,pp2015,2016,18.326528887299556,14309913159
R10NORTH_AM,PP2015,NA,NA,NA,pp2015,2017,12.51167800257544,13946589419
R10NORTH_AM,PP2015,NA,NA,NA,pp2015,2018,6.728657931970574,13580243843
R10NORTH_AM,PP2015,NA,NA,NA,pp2015,2019,0.7694603322870033,13211068551
R10NORTH_AM,PP2015,NA,NA,NA,pp2015,2020,-5.075523357443776,12839226287
R10NORTH_AM,PP1990,NA,NA,NA,pp1990,1991,53.39879178334122,22355774649
R10NORTH_AM,PP1990,NA,NA,NA,pp1990,1992,47.88166300604282,22076198695
R10NORTH_AM,PP1990,NA,NA,NA,pp1990,1993,42.23931914496147,21792675723
R10NORTH_AM,PP1990,NA,NA,NA,pp1990,1994,36.497738470939154,21505227795
R10NORTH_AM,PP1990,NA,NA,NA,pp1990,1995,30.650173408066777,21213973021
R10NORTH_AM,PP1990,NA,NA,NA,pp1990,1996,24.728781547986465,20919023031
R10NORTH_AM,PP1990,NA,NA,NA,pp1990,1997,18.603147125954365,20620444823
R10NORTH_AM,PP1990,NA,NA,NA,pp1990,1998,12.387907150047573,20318166647
R10NORTH_AM,PP1990,NA,NA,NA,pp1990,1999,6.11979169740335,20012186823
R10NORTH_AM,PP1990,NA,NA,NA,pp1990,2000,-0.2332285938203773,19702605479
R10NORTH_AM,PP1990,NA,NA,NA,pp1990,2001,-6.815247545230349,19389523603
R10NORTH_AM,PP1990,NA,NA,NA,pp1990,2002,-13.286841134414342,19073050339
R10NORTH_AM,PP1990,NA,NA,NA,pp1990,2003,-19.802261602455765,18753377699
R10NORTH_AM,PP1990,NA,NA,NA,pp1990,2004,-26.398631597656184,18430648419
R10NORTH_AM,PP1990,NA,NA,NA,pp1990,2005,-33.09584630509786,18104788877
R10NORTH_AM,PP1990,NA,NA,NA,pp1990,2006,-39.80767455105767,17775730307
R10NORTH_AM,PP1990,NA,NA,NA,pp1990,2007,-46.433764249370704,17443445355
R10NORTH_AM,PP1990,NA,NA,NA,pp1990,2008,-53.162535915381,17107839505
R10NORTH_AM,PP1990,NA,NA,NA,pp1990,2009,-59.659187875463324,16768926051
R10NORTH_AM,PP1990,NA,NA,NA,pp1990,2010,-65.68843817685773,16426820099
R10NORTH_AM,PP1990,NA,NA,NA,pp1990,2011,-71.92875393542829,16081673835
R10NORTH_AM,PP1990,NA,NA,NA,pp1990,2012,-78.04457188337926,15733473691
R10NORTH_AM,PP1990,NA,NA,NA,pp1990,2013,-83.95874080512908,15382130487
R10NORTH_AM,PP1990,NA,NA,NA,pp1990,2014,-90.01284006644438,15027691623
R10NORTH_AM,PP1990,NA,NA,NA,pp1990,2015,-96.11231012913443,14670253055
R10NORTH_AM,PP1990,NA,NA,NA,pp1990,2016,-102.06379193511799,14309913159
R10NORTH_AM,PP1990,NA,NA,NA,pp1990,2017,-107.8786428198421,13946589419
R10NORTH_AM,PP1990,NA,NA,NA,pp1990,2018,-113.66166289044698,13580243843
R10NORTH_AM,PP1990,NA,NA,NA,pp1990,2019,-119.62086049013054,13211068551
R10NORTH_AM,PP1990,NA,NA,NA,pp1990,2020,-125.46584417986134,12839226287
R10NORTH_AM,PP1850,NA,NA,NA,pp1850,1991,-163.05122872540977,22355774649
R10NORTH_AM,PP1850,NA,NA,NA,pp1850,1992,-168.56835750270815,22076198695
R10NORTH_AM,PP1850,NA,NA,NA,pp1850,1993,-174.2107013637895,21792675723
R10NORTH_AM,PP1850,NA,NA,NA,pp1850,1994,-179.9522820378118,21505227795
R10NORTH_AM,PP1850,NA,NA,NA,pp1850,1995,-185.79984710068422,21213973021
R10NORTH_AM,PP1850,NA,NA,NA,pp1850,1996,-191.7212389607645,20919023031
R10NORTH_AM,PP1850,NA,NA,NA,pp1850,1997,-197.84687338279664,20620444823
R10NORTH_AM,PP1850,NA,NA,NA,pp1850,1998,-204.0621133587034,20318166647
R10NORTH_AM,PP1850,NA,NA,NA,pp1850,1999,-210.33022881134764,20012186823
R10NORTH_AM,PP1850,NA,NA,NA,pp1850,2000,-216.68324910257138,19702605479
R10NORTH_AM,PP1850,NA,NA,NA,pp1850,2001,-223.26526805398132,19389523603
R10NORTH_AM,PP1850,NA,NA,NA,pp1850,2002,-229.7368616431653,19073050339
R10NORTH_AM,PP1850,NA,NA,NA,pp1850,2003,-236.25228211120677,18753377699
R10NORTH_AM,PP1850,NA,NA,NA,pp1850,2004,-242.84865210640717,18430648419
R10NORTH_AM,PP1850,NA,NA,NA,pp1850,2005,-249.54586681384885,18104788877
R10NORTH_AM,PP1850,NA,NA,NA,pp1850,2006,-256.25769505980867,17775730307
R10NORTH_AM,PP1850,NA,NA,NA,pp1850,2007,-262.8837847581217,17443445355
R10NORTH_AM,PP1850,NA,NA,NA,pp1850,2008,-269.612556424132,17107839505
R10NORTH_AM,PP1850,NA,NA,NA,pp1850,2009,-276.1092083842143,16768926051
R10NORTH_AM,PP1850,NA,NA,NA,pp1850,2010,-282.13845868560867,16426820099
R10NORTH_AM,PP1850,NA,NA,NA,pp1850,2011,-288.3787744441793,16081673835
R10NORTH_AM,PP1850,NA,NA,NA,pp1850,2012,-294.49459239213024,15733473691
R10NORTH_AM,PP1850,NA,NA,NA,pp1850,2013,-300.40876131388006,15382130487
R10NORTH_AM,PP1850,NA,NA,NA,pp1850,2014,-306.46286057519535,15027691623
R10NORTH_AM,PP1850,NA,NA,NA,pp1850,2015,-312.5623306378854,14670253055
R10NORTH_AM,PP1850,NA,NA,NA,pp1850,2016,-318.51381244386897,14309913159
R10NORTH_AM,PP1850,NA,NA,NA,pp1850,2017,-324.3286633285931,13946589419
R10NORTH_AM,PP1850,NA,NA,NA,pp1850,2018,-330.111683399198,13580243843
R10NORTH_AM,PP1850,NA,NA,NA,pp1850,2019,-336.07088099888153,13211068551
R10NORTH_AM,PP1850,NA,NA,NA,pp1850,2020,-341.9158646886123,12839226287
R10NORTH_AM,PP2015adjATP,1/asinh(x),MER,MER_1/asinh(x),pp2015_atp_mer_pf3,1991,16.407488085313453,22355774649
R10NORTH_AM,PP2015adjATP,1/asinh(x),MER,MER_1/asinh(x),pp2015_atp_mer_pf3,1992,16.37158309491313,22076198695
R10NORTH_AM,PP2015adjATP,1/asinh(x),MER,MER_1/asinh(x),pp2015_atp_mer_pf3,1993,16.3540298018251,21792675723
R10NORTH_AM,PP2015adjATP,1/asinh(x),MER,MER_1/asinh(x),pp2015_atp_mer_pf3,1994,16.330929971941753,21505227795
R10NORTH_AM,PP2015adjATP,1/asinh(x),MER,MER_1/asinh(x),pp2015_atp_mer_pf3,1995,16.342925640400196,21213973021
R10NORTH_AM,PP2015adjATP,1/asinh(x),MER,MER_1/asinh(x),pp2015_atp_mer_pf3,1996,16.40100503944332,20919023031
R10NORTH_AM,PP2015adjATP,1/asinh(x),MER,MER_1/asinh(x),pp2015_atp_mer_pf3,1997,16.464131853243735,20620444823
R10NORTH_AM,PP2015adjATP,1/asinh(x),MER,MER_1/asinh(x),pp2015_atp_mer_pf3,1998,16.510099564008794,20318166647
R10NORTH_AM,PP2015adjATP,1/asinh(x),MER,MER_1/asinh(x),pp2015_atp_mer_pf3,1999,16.530424409485875,20012186823
R10NORTH_AM,PP2015adjATP,1/asinh(x),MER,MER_1/asinh(x),pp2015_atp_mer_pf3,2000,16.5431939702487,19702605479
R10NORTH_AM,PP2015adjATP,1/asinh(x),MER,MER_1/asinh(x),pp2015_atp_mer_pf3,2001,16.563596525765846,19389523603
R10NORTH_AM,PP2015adjATP,1/asinh(x),MER,MER_1/asinh(x),pp2015_atp_mer_pf3,2002,16.574186367586243,19073050339
R10NORTH_AM,PP2015adjATP,1/asinh(x),MER,MER_1/asinh(x),pp2015_atp_mer_pf3,2003,16.59111929663599,18753377699
R10NORTH_AM,PP2015adjATP,1/asinh(x),MER,MER_1/asinh(x),pp2015_atp_mer_pf3,2004,16.622122495141255,18430648419
R10NORTH_AM,PP2015adjATP,1/asinh(x),MER,MER_1/asinh(x),pp2015_atp_mer_pf3,2005,16.670698146255504,18104788877
R10NORTH_AM,PP2015adjATP,1/asinh(x),MER,MER_1/asinh(x),pp2015_atp_mer_pf3,2006,16.734525101514937,17775730307
R10NORTH_AM,PP2015adjATP,1/asinh(x),MER,MER_1/asinh(x),pp2015_atp_mer_pf3,2007,16.81529299037748,17443445355
R10NORTH_AM,PP2015adjATP,1/asinh(x),MER,MER_1/asinh(x),pp2015_atp_mer_pf3,2008,16.924413650020597,17107839505
R10NORTH_AM,PP2015adjATP,1/asinh(x),MER,MER_1/asinh(x),pp2015_atp_mer_pf3,2009,17.047394542841197,16768926051
R10NORTH_AM,PP2015adjATP,1/asinh(x),MER,MER_1/asinh(x),pp2015_atp_mer_pf3,2010,17.158824950412424,16426820099
R10NORTH_AM,PP2015adjATP,1/asinh(x),MER,MER_1/asinh(x),pp2015_atp_mer_pf3,2011,17.28442773215621,16081673835
R10NORTH_AM,PP2015adjATP,1/asinh(x),MER,MER_1/asinh(x),pp2015_atp_mer_pf3,2012,17.416142433333647,15733473691
R10NORTH_AM,PP2015adjATP,1/asinh(x),MER,MER_1/asinh(x),pp2015_atp_mer_pf3,2013,17.53329910078047,15382130487
R10NORTH_AM,PP2015adjATP,1/asinh(x),MER,MER_1/asinh(x),pp2015_atp_mer_pf3,2014,17.638805044456948,15027691623
R10NORTH_AM,PP2015adjATP,1/asinh(x),MER,MER_1/asinh(x),pp2015_atp_mer_pf3,2015,17.73601878384234,14670253055
R10NORTH_AM,PP2015adjATP,1/asinh(x),MER,MER_1/asinh(x),pp2015_atp_mer_pf3,2016,11.86205063734412,14309913159
R10NORTH_AM,PP2015adjATP,1/asinh(x),MER,MER_1/asinh(x),pp2015_atp_mer_pf3,2017,6.117328303348574,13946589419
R10NORTH_AM,PP2015adjATP,1/asinh(x),MER,MER_1/asinh(x),pp2015_atp_mer_pf3,2018,0.4048974524636899,13580243843
R10NORTH_AM,PP2015adjATP,1/asinh(x),MER,MER_1/asinh(x),pp2015_atp_mer_pf3,2019,-5.489611903578206,13211068551
R10NORTH_AM,PP2015adjATP,1/asinh(x),MER,MER_1/asinh(x),pp2015_atp_mer_pf3,2020,-11.277198772967072,12839226287
R10NORTH_AM,PP2015adjATP,1/sqrt(x),MER,MER_1/sqrt(x),pp2015_atp_mer_pf2,1991,3.883671354164283,22355774649
R10NORTH_AM,PP2015adjATP,1/sqrt(x),MER,MER_1/sqrt(x),pp2015_atp_mer_pf2,1992,3.8477042541664837,22076198695
R10NORTH_AM,PP2015adjATP,1/sqrt(x),MER,MER_1/sqrt(x),pp2015_atp_mer_pf2,1993,3.821619913381636,21792675723
R10NORTH_AM,PP2015adjATP,1/sqrt(x),MER,MER_1/sqrt(x),pp2015_atp_mer_pf2,1994,3.791630194703239,21505227795
R10NORTH_AM,PP2015adjATP,1/sqrt(x),MER,MER_1/sqrt(x),pp2015_atp_mer_pf2,1995,3.790406040264771,21213973021
R10NORTH_AM,PP2015adjATP,1/sqrt(x),MER,MER_1/sqrt(x),pp2015_atp_mer_pf2,1996,3.8277882128314227,20919023031
R10NORTH_AM,PP2015adjATP,1/sqrt(x),MER,MER_1/sqrt(x),pp2015_atp_mer_pf2,1997,3.8698573061954615,20620444823
R10NORTH_AM,PP2015adjATP,1/sqrt(x),MER,MER_1/sqrt(x),pp2015_atp_mer_pf2,1998,3.896501572250675,20318166647
R10NORTH_AM,PP2015adjATP,1/sqrt(x),MER,MER_1/sqrt(x),pp2015_atp_mer_pf2,1999,3.90222049990306,20012186823
R10NORTH_AM,PP2015adjATP,1/sqrt(x),MER,MER_1/sqrt(x),pp2015_atp_mer_pf2,2000,3.9002073112524185,19702605479
R10NORTH_AM,PP2015adjATP,1/sqrt(x),MER,MER_1/sqrt(x),pp2015_atp_mer_pf2,2001,3.90470918985694,19389523603
R10NORTH_AM,PP2015adjATP,1/sqrt(x),MER,MER_1/sqrt(x),pp2015_atp_mer_pf2,2002,3.90097855252525,19073050339
R10NORTH_AM,PP2015adjATP,1/sqrt(x),MER,MER_1/sqrt(x),pp2015_atp_mer_pf2,2003,3.9037522108944587,18753377699
R10NORTH_AM,PP2015adjATP,1/sqrt(x),MER,MER_1/sqrt(x),pp2015_atp_mer_pf2,2004,3.9174726116532663,18430648419
R10NORTH_AM,PP2015adjATP,1/sqrt(x),MER,MER_1/sqrt(x),pp2015_atp_mer_pf2,2005,3.944621951714568,18104788877
R10NORTH_AM,PP2015adjATP,1/sqrt(x),MER,MER_1/sqrt(x),pp2015_atp_mer_pf2,2006,3.984142265009101,17775730307
R10NORTH_AM,PP2015adjATP,1/sqrt(x),MER,MER_1/sqrt(x),pp2015_atp_mer_pf2,2007,4.038863643915935,17443445355
R10NORTH_AM,PP2015adjATP,1/sqrt(x),MER,MER_1/sqrt(x),pp2015_atp_mer_pf2,2008,4.121334712253611,17107839505
R10NORTH_AM,PP2015adjATP,1/sqrt(x),MER,MER_1/sqrt(x),pp2015_atp_mer_pf2,2009,4.220310400816877,16768926051
R10NORTH_AM,PP2015adjATP,1/sqrt(x),MER,MER_1/sqrt(x),pp2015_atp_mer_pf2,2010,4.318406705045221,16426820099
R10NORTH_AM,PP2015adjATP,1/sqrt(x),MER,MER_1/sqrt(x),pp2015_atp_mer_pf2,2011,4.431764046748233,16081673835
R10NORTH_AM,PP2015adjATP,1/sqrt(x),MER,MER_1/sqrt(x),pp2015_atp_mer_pf2,2012,4.55381097938717,15733473691
R10NORTH_AM,PP2015adjATP,1/sqrt(x),MER,MER_1/sqrt(x),pp2015_atp_mer_pf2,2013,4.664510768320366,15382130487
R10NORTH_AM,PP2015adjATP,1/sqrt(x),MER,MER_1/sqrt(x),pp2015_atp_mer_pf2,2014,4.765949348138497,15027691623
R10NORTH_AM,PP2015adjATP,1/sqrt(x),MER,MER_1/sqrt(x),pp2015_atp_mer_pf2,2015,4.862069258849513,14670253055
R10NORTH_AM,PP2015adjATP,1/sqrt(x),MER,MER_1/sqrt(x),pp2015_atp_mer_pf2,2016,-1.010577720990274,14309913159
R10NORTH_AM,PP2015adjATP,1/sqrt(x),MER,MER_1/sqrt(x),pp2015_atp_mer_pf2,2017,-6.752217381014713,13946589419
R10NORTH_AM,PP2015adjATP,1/sqrt(x),MER,MER_1/sqrt(x),pp2015_atp_mer_pf2,2018,-12.460866689007899,13580243843
R10NORTH_AM,PP2015adjATP,1/sqrt(x),MER,MER_1/sqrt(x),pp2015_atp_mer_pf2,2019,-18.35274982821487,13211068551
R10NORTH_AM,PP2015adjATP,1/sqrt(x),MER,MER_1/sqrt(x),pp2015_atp_mer_pf2,2020,-24.138048171523465,12839226287
R10NORTH_AM,PP2015adjATP,1/x,MER,MER_1/x,pp2015_atp_mer_pf1,1991,0.4818463788648191,22355774649
R10NORTH_AM,PP2015adjATP,1/x,MER,MER_1/x,pp2015_atp_mer_pf1,1992,0.47564337589944783,22076198695
R10NORTH_AM,PP2015adjATP,1/x,MER,MER_1/x,pp2015_atp_mer_pf1,1993,0.4691946228688739,21792675723
R10NORTH_AM,PP2015adjATP,1/x,MER,MER_1/x,pp2015_atp_mer_pf1,1994,0.4630337241295048,21505227795
R10NORTH_AM,PP2015adjATP,1/x,MER,MER_1/x,pp2015_atp_mer_pf1,1995,0.46400453258355273,21213973021
R10NORTH_AM,PP2015adjATP,1/x,MER,MER_1/x,pp2015_atp_mer_pf1,1996,0.47386731195308673,20919023031
R10NORTH_AM,PP2015adjATP,1/x,MER,MER_1/x,pp2015_atp_mer_pf1,1997,0.48474267538466276,20620444823
R10NORTH_AM,PP2015adjATP,1/x,MER,MER_1/x,pp2015_atp_mer_pf1,1998,0.49131649012528217,20318166647
R10NORTH_AM,PP2015adjATP,1/x,MER,MER_1/x,pp2015_atp_mer_pf1,1999,0.49285146795633245,20012186823
R10NORTH_AM,PP2015adjATP,1/x,MER,MER_1/x,pp2015_atp_mer_pf1,2000,0.4921984611316692,19702605479
R10NORTH_AM,PP2015adjATP,1/x,MER,MER_1/x,pp2015_atp_mer_pf1,2001,0.4941266789390035,19389523603
R10NORTH_AM,PP2015adjATP,1/x,MER,MER_1/x,pp2015_atp_mer_pf1,2002,0.49270207176470776,19073050339
R10NORTH_AM,PP2015adjATP,1/x,MER,MER_1/x,pp2015_atp_mer_pf1,2003,0.4927472450338334,18753377699
R10NORTH_AM,PP2015adjATP,1/x,MER,MER_1/x,pp2015_atp_mer_pf1,2004,0.49544495044561065,18430648419
R10NORTH_AM,PP2015adjATP,1/x,MER,MER_1/x,pp2015_atp_mer_pf1,2005,0.5013119636278297,18104788877
R10NORTH_AM,PP2015adjATP,1/x,MER,MER_1/x,pp2015_atp_mer_pf1,2006,0.510174618853966,17775730307
R10NORTH_AM,PP2015adjATP,1/x,MER,MER_1/x,pp2015_atp_mer_pf1,2007,0.5227148944814819,17443445355
R10NORTH_AM,PP2015adjATP,1/x,MER,MER_1/x,pp2015_atp_mer_pf1,2008,0.5425898440295602,17107839505
R10NORTH_AM,PP2015adjATP,1/x,MER,MER_1/x,pp2015_atp_mer_pf1,2009,0.5674011558165591,16768926051
R10NORTH_AM,PP2015adjATP,1/x,MER,MER_1/x,pp2015_atp_mer_pf1,2010,0.5940766548919669,16426820099
R10NORTH_AM,PP2015adjATP,1/x,MER,MER_1/x,pp2015_atp_mer_pf1,2011,0.6245017856594364,16081673835
R10NORTH_AM,PP2015adjATP,1/x,MER,MER_1/x,pp2015_atp_mer_pf1,2012,0.6577070100225775,15733473691
R10NORTH_AM,PP2015adjATP,1/x,MER,MER_1/x,pp2015_atp_mer_pf1,2013,0.6888414922520615,15382130487
R10NORTH_AM,PP2015adjATP,1/x,MER,MER_1/x,pp2015_atp_mer_pf1,2014,0.717967303032694,15027691623
R10NORTH_AM,PP2015adjATP,1/x,MER,MER_1/x,pp2015_atp_mer_pf1,2015,0.7467201211036507,14670253055
R10NORTH_AM,PP2015adjATP,1/x,MER,MER_1/x,pp2015_atp_mer_pf1,2016,-5.1797306842001625,14309913159
R10NORTH_AM,PP2015adjATP,1/x,MER,MER_1/x,pp2015_atp_mer_pf1,2017,-10.970493278709398,13946589419
R10NORTH_AM,PP2015adjATP,1/x,MER,MER_1/x,pp2015_atp_mer_pf1,2018,-16.728912458752056,13580243843
R10NORTH_AM,PP2015adjATP,1/x,MER,MER_1/x,pp2015_atp_mer_pf1,2019,-22.665496288933824,13211068551
R10NORTH_AM,PP2015adjATP,1/x,MER,MER_1/x,pp2015_atp_mer_pf1,2020,-28.48991730505768,12839226287
R10NORTH_AM,PP2015adjATP,1/asinh(x),PPP,PPP_1/asinh(x),pp2015_atp_ppp_pf3,1991,18.92050192616308,22355774649
R10NORTH_AM,PP2015adjATP,1/asinh(x),PPP,PPP_1/asinh(x),pp2015_atp_ppp_pf3,1992,18.957781140970635,22076198695
R10NORTH_AM,PP2015adjATP,1/asinh(x),PPP,PPP_1/asinh(x),pp2015_atp_ppp_pf3,1993,18.987408764538237,21792675723
R10NORTH_AM,PP2015adjATP,1/asinh(x),PPP,PPP_1/asinh(x),pp2015_atp_ppp_pf3,1994,19.01779174443611,21505227795
R10NORTH_AM,PP2015adjATP,1/asinh(x),PPP,PPP_1/asinh(x),pp2015_atp_ppp_pf3,1995,19.044053458251117,21213973021
R10NORTH_AM,PP2015adjATP,1/asinh(x),PPP,PPP_1/asinh(x),pp2015_atp_ppp_pf3,1996,19.076102334375086,20919023031
R10NORTH_AM,PP2015adjATP,1/asinh(x),PPP,PPP_1/asinh(x),pp2015_atp_ppp_pf3,1997,19.11050412807213,20620444823
R10NORTH_AM,PP2015adjATP,1/asinh(x),PPP,PPP_1/asinh(x),pp2015_atp_ppp_pf3,1998,19.139721953197917,20318166647
R10NORTH_AM,PP2015adjATP,1/asinh(x),PPP,PPP_1/asinh(x),pp2015_atp_ppp_pf3,1999,19.161283484977858,20012186823
R10NORTH_AM,PP2015adjATP,1/asinh(x),PPP,PPP_1/asinh(x),pp2015_atp_ppp_pf3,2000,19.180873985531242,19702605479
R10NORTH_AM,PP2015adjATP,1/asinh(x),PPP,PPP_1/asinh(x),pp2015_atp_ppp_pf3,2001,19.200627298044825,19389523603
R10NORTH_AM,PP2015adjATP,1/asinh(x),PPP,PPP_1/asinh(x),pp2015_atp_ppp_pf3,2002,19.22550266733199,19073050339
R10NORTH_AM,PP2015adjATP,1/asinh(x),PPP,PPP_1/asinh(x),pp2015_atp_ppp_pf3,2003,19.253039269648724,18753377699
R10NORTH_AM,PP2015adjATP,1/asinh(x),PPP,PPP_1/asinh(x),pp2015_atp_ppp_pf3,2004,19.28335996861013,18430648419
R10NORTH_AM,PP2015adjATP,1/asinh(x),PPP,PPP_1/asinh(x),pp2015_atp_ppp_pf3,2005,19.31880449320659,18104788877
R10NORTH_AM,PP2015adjATP,1/asinh(x),PPP,PPP_1/asinh(x),pp2015_atp_ppp_pf3,2006,19.35846759556569,17775730307
R10NORTH_AM,PP2015adjATP,1/asinh(x),PPP,PPP_1/asinh(x),pp2015_atp_ppp_pf3,2007,19.40470469717396,17443445355
R10NORTH_AM,PP2015adjATP,1/asinh(x),PPP,PPP_1/asinh(x),pp2015_atp_ppp_pf3,2008,19.457229412959126,17107839505
R10NORTH_AM,PP2015adjATP,1/asinh(x),PPP,PPP_1/asinh(x),pp2015_atp_ppp_pf3,2009,19.51198377148728,16768926051
R10NORTH_AM,PP2015adjATP,1/asinh(x),PPP,PPP_1/asinh(x),pp2015_atp_ppp_pf3,2010,19.56955036944173,16426820099
R10NORTH_AM,PP2015adjATP,1/asinh(x),PPP,PPP_1/asinh(x),pp2015_atp_ppp_pf3,2011,19.628253899704283,16081673835
R10NORTH_AM,PP2015adjATP,1/asinh(x),PPP,PPP_1/asinh(x),pp2015_atp_ppp_pf3,2012,19.68719814686517,15733473691
R10NORTH_AM,PP2015adjATP,1/asinh(x),PPP,PPP_1/asinh(x),pp2015_atp_ppp_pf3,2013,19.74461254967642,15382130487
R10NORTH_AM,PP2015adjATP,1/asinh(x),PPP,PPP_1/asinh(x),pp2015_atp_ppp_pf3,2014,19.79896070474938,15027691623
R10NORTH_AM,PP2015adjATP,1/asinh(x),PPP,PPP_1/asinh(x),pp2015_atp_ppp_pf3,2015,19.849882782681412,14670253055
R10NORTH_AM,PP2015adjATP,1/asinh(x),PPP,PPP_1/asinh(x),pp2015_atp_ppp_pf3,2016,13.9445284507629,14309913159
R10NORTH_AM,PP2015adjATP,1/asinh(x),PPP,PPP_1/asinh(x),pp2015_atp_ppp_pf3,2017,8.174869120305168,13946589419
R10NORTH_AM,PP2015adjATP,1/asinh(x),PPP,PPP_1/asinh(x),pp2015_atp_ppp_pf3,2018,2.435629956399314,13580243843
R10NORTH_AM,PP2015adjATP,1/asinh(x),PPP,PPP_1/asinh(x),pp2015_atp_ppp_pf3,2019,-3.479186027719987,13211068551
R10NORTH_AM,PP2015adjATP,1/asinh(x),PPP,PPP_1/asinh(x),pp2015_atp_ppp_pf3,2020,-9.279140430211182,12839226287
R10NORTH_AM,PP2015adjATP,1/sqrt(x),PPP,PPP_1/sqrt(x),pp2015_atp_ppp_pf2,1991,6.926522644989953,22355774649
R10NORTH_AM,PP2015adjATP,1/sqrt(x),PPP,PPP_1/sqrt(x),pp2015_atp_ppp_pf2,1992,6.9776584916741715,22076198695
R10NORTH_AM,PP2015adjATP,1/sqrt(x),PPP,PPP_1/sqrt(x),pp2015_atp_ppp_pf2,1993,7.012372280398179,21792675723
R10NORTH_AM,PP2015adjATP,1/sqrt(x),PPP,PPP_1/sqrt(x),pp2015_atp_ppp_pf2,1994,7.0499497047621995,21505227795
R10NORTH_AM,PP2015adjATP,1/sqrt(x),PPP,PPP_1/sqrt(x),pp2015_atp_ppp_pf2,1995,7.078074697413844,21213973021
R10NORTH_AM,PP2015adjATP,1/sqrt(x),PPP,PPP_1/sqrt(x),pp2015_atp_ppp_pf2,1996,7.116276437600504,20919023031
R10NORTH_AM,PP2015adjATP,1/sqrt(x),PPP,PPP_1/sqrt(x),pp2015_atp_ppp_pf2,1997,7.15809795063727,20620444823
R10NORTH_AM,PP2015adjATP,1/sqrt(x),PPP,PPP_1/sqrt(x),pp2015_atp_ppp_pf2,1998,7.189414887792026,20318166647
R10NORTH_AM,PP2015adjATP,1/sqrt(x),PPP,PPP_1/sqrt(x),pp2015_atp_ppp_pf2,1999,7.20870101654813,20012186823
R10NORTH_AM,PP2015adjATP,1/sqrt(x),PPP,PPP_1/sqrt(x),pp2015_atp_ppp_pf2,2000,7.224102975672999,19702605479
R10NORTH_AM,PP2015adjATP,1/sqrt(x),PPP,PPP_1/sqrt(x),pp2015_atp_ppp_pf2,2001,7.23740774864654,19389523603
R10NORTH_AM,PP2015adjATP,1/sqrt(x),PPP,PPP_1/sqrt(x),pp2015_atp_ppp_pf2,2002,7.26156875863525,19073050339
R10NORTH_AM,PP2015adjATP,1/sqrt(x),PPP,PPP_1/sqrt(x),pp2015_atp_ppp_pf2,2003,7.29145994577677,18753377699
R10NORTH_AM,PP2015adjATP,1/sqrt(x),PPP,PPP_1/sqrt(x),pp2015_atp_ppp_pf2,2004,7.326173029111565,18430648419
R10NORTH_AM,PP2015adjATP,1/sqrt(x),PPP,PPP_1/sqrt(x),pp2015_atp_ppp_pf2,2005,7.368526725430356,18104788877
R10NORTH_AM,PP2015adjATP,1/sqrt(x),PPP,PPP_1/sqrt(x),pp2015_atp_ppp_pf2,2006,7.417561995133567,17775730307
R10NORTH_AM,PP2015adjATP,1/sqrt(x),PPP,PPP_1/sqrt(x),pp2015_atp_ppp_pf2,2007,7.47753885651443,17443445355
R10NORTH_AM,PP2015adjATP,1/sqrt(x),PPP,PPP_1/sqrt(x),pp2015_atp_ppp_pf2,2008,7.549422213687513,17107839505
R10NORTH_AM,PP2015adjATP,1/sqrt(x),PPP,PPP_1/sqrt(x),pp2015_atp_ppp_pf2,2009,7.627797216644406,16768926051
R10NORTH_AM,PP2015adjATP,1/sqrt(x),PPP,PPP_1/sqrt(x),pp2015_atp_ppp_pf2,2010,7.717358271273883,16426820099
R10NORTH_AM,PP2015adjATP,1/sqrt(x),PPP,PPP_1/sqrt(x),pp2015_atp_ppp_pf2,2011,7.810173606177455,16081673835
R10NORTH_AM,PP2015adjATP,1/sqrt(x),PPP,PPP_1/sqrt(x),pp2015_atp_ppp_pf2,2012,7.904592375457881,15733473691
R10NORTH_AM,PP2015adjATP,1/sqrt(x),PPP,PPP_1/sqrt(x),pp2015_atp_ppp_pf2,2013,7.99733245808525,15382130487
R10NORTH_AM,PP2015adjATP,1/sqrt(x),PPP,PPP_1/sqrt(x),pp2015_atp_ppp_pf2,2014,8.085698272512518,15027691623
R10NORTH_AM,PP2015adjATP,1/sqrt(x),PPP,PPP_1/sqrt(x),pp2015_atp_ppp_pf2,2015,8.169920120057728,14670253055
R10NORTH_AM,PP2015adjATP,1/sqrt(x),PPP,PPP_1/sqrt(x),pp2015_atp_ppp_pf2,2016,2.29600729023763,14309913159
R10NORTH_AM,PP2015adjATP,1/sqrt(x),PPP,PPP_1/sqrt(x),pp2015_atp_ppp_pf2,2017,-3.4412378829267416,13946589419
R10NORTH_AM,PP2015adjATP,1/sqrt(x),PPP,PPP_1/sqrt(x),pp2015_atp_ppp_pf2,2018,-9.149079526223812,13580243843
R10NORTH_AM,PP2015adjATP,1/sqrt(x),PPP,PPP_1/sqrt(x),pp2015_atp_ppp_pf2,2019,-15.031800997023016,13211068551
R10NORTH_AM,PP2015adjATP,1/sqrt(x),PPP,PPP_1/sqrt(x),pp2015_atp_ppp_pf2,2020,-20.797861024933244,12839226287
R10NORTH_AM,PP2015adjATP,1/x,PPP,PPP_1/x,pp2015_atp_ppp_pf1,1991,1.6293575931645632,22355774649
R10NORTH_AM,PP2015adjATP,1/x,PPP,PPP_1/x,pp2015_atp_ppp_pf1,1992,1.6527432447807882,22076198695
R10NORTH_AM,PP2015adjATP,1/x,PPP,PPP_1/x,pp2015_atp_ppp_pf1,1993,1.6675418183978292,21792675723
R10NORTH_AM,PP2015adjATP,1/x,PPP,PPP_1/x,pp2015_atp_ppp_pf1,1994,1.6866386222912977,21505227795
R10NORTH_AM,PP2015adjATP,1/x,PPP,PPP_1/x,pp2015_atp_ppp_pf1,1995,1.7003678035248833,21213973021
R10NORTH_AM,PP2015adjATP,1/x,PPP,PPP_1/x,pp2015_atp_ppp_pf1,1996,1.7190064969454635,20919023031
R10NORTH_AM,PP2015adjATP,1/x,PPP,PPP_1/x,pp2015_atp_ppp_pf1,1997,1.7399014619655002,20620444823
R10NORTH_AM,PP2015adjATP,1/x,PPP,PPP_1/x,pp2015_atp_ppp_pf1,1998,1.754832717474306,20318166647
R10NORTH_AM,PP2015adjATP,1/x,PPP,PPP_1/x,pp2015_atp_ppp_pf1,1999,1.763839514576633,20012186823
R10NORTH_AM,PP2015adjATP,1/x,PPP,PPP_1/x,pp2015_atp_ppp_pf1,2000,1.7710116648375525,19702605479
R10NORTH_AM,PP2015adjATP,1/x,PPP,PPP_1/x,pp2015_atp_ppp_pf1,2001,1.7760103217766958,19389523603
R10NORTH_AM,PP2015adjATP,1/x,PPP,PPP_1/x,pp2015_atp_ppp_pf1,2002,1.786806161847048,19073050339
R10NORTH_AM,PP2015adjATP,1/x,PPP,PPP_1/x,pp2015_atp_ppp_pf1,2003,1.8001077711592688,18753377699
R10NORTH_AM,PP2015adjATP,1/x,PPP,PPP_1/x,pp2015_atp_ppp_pf1,2004,1.815332892855604,18430648419
R10NORTH_AM,PP2015adjATP,1/x,PPP,PPP_1/x,pp2015_atp_ppp_pf1,2005,1.8345360653888205,18104788877
R10NORTH_AM,PP2015adjATP,1/x,PPP,PPP_1/x,pp2015_atp_ppp_pf1,2006,1.8573458773808451,17775730307
R10NORTH_AM,PP2015adjATP,1/x,PPP,PPP_1/x,pp2015_atp_ppp_pf1,2007,1.8854306063292376,17443445355
R10NORTH_AM,PP2015adjATP,1/x,PPP,PPP_1/x,pp2015_atp_ppp_pf1,2008,1.9194974584369482,17107839505
R10NORTH_AM,PP2015adjATP,1/x,PPP,PPP_1/x,pp2015_atp_ppp_pf1,2009,1.9572485283480905,16768926051
R10NORTH_AM,PP2015adjATP,1/x,PPP,PPP_1/x,pp2015_atp_ppp_pf1,2010,2.001734118491336,16426820099
R10NORTH_AM,PP2015adjATP,1/x,PPP,PPP_1/x,pp2015_atp_ppp_pf1,2011,2.048434456402876,16081673835
R10NORTH_AM,PP2015adjATP,1/x,PPP,PPP_1/x,pp2015_atp_ppp_pf1,2012,2.09649473480424,15733473691
R10NORTH_AM,PP2015adjATP,1/x,PPP,PPP_1/x,pp2015_atp_ppp_pf1,2013,2.1437170845939164,15382130487
R10NORTH_AM,PP2015adjATP,1/x,PPP,PPP_1/x,pp2015_atp_ppp_pf1,2014,2.1895968468906117,15027691623
R10NORTH_AM,PP2015adjATP,1/x,PPP,PPP_1/x,pp2015_atp_ppp_pf1,2015,2.235809428723874,14670253055
R10NORTH_AM,PP2015adjATP,1/x,PPP,PPP_1/x,pp2015_atp_ppp_pf1,2016,-3.6711252142152,14309913159
R10NORTH_AM,PP2015adjATP,1/x,PPP,PPP_1/x,pp2015_atp_ppp_pf1,2017,-9.440112436907127,13946589419
R10NORTH_AM,PP2015adjATP,1/x,PPP,PPP_1/x,pp2015_atp_ppp_pf1,2018,-15.178312291235715,13580243843
R10NORTH_AM,PP2015adjATP,1/x,PPP,PPP_1/x,pp2015_atp_ppp_pf1,2019,-21.091978382366378,13211068551
R10NORTH_AM,PP2015adjATP,1/x,PPP,PPP_1/x,pp2015_atp_ppp_pf1,2020,-26.88910702843842,12839226287
R10NORTH_AM,PP1990adjATP,1/asinh(x),MER,MER_1/asinh(x),pp1990_atp_mer_pf3,1991,34.3741752125027,22355774649
R10NORTH_AM,PP1990adjATP,1/asinh(x),MER,MER_1/asinh(x),pp1990_atp_mer_pf3,1992,28.778027320332292,22076198695
R10NORTH_AM,PP1990adjATP,1/asinh(x),MER,MER_1/asinh(x),pp1990_atp_mer_pf3,1993,23.1042121501728,21792675723
R10NORTH_AM,PP1990adjATP,1/asinh(x),MER,MER_1/asinh(x),pp1990_atp_mer_pf3,1994,17.317222991423915,21505227795
R10NORTH_AM,PP1990adjATP,1/asinh(x),MER,MER_1/asinh(x),pp1990_atp_mer_pf3,1995,11.514063399793063,21213973021
R10NORTH_AM,PP1990adjATP,1/asinh(x),MER,MER_1/asinh(x),pp1990_atp_mer_pf3,1996,5.7478184389711044,20919023031
R10NORTH_AM,PP1990adjATP,1/asinh(x),MER,MER_1/asinh(x),pp1990_atp_mer_pf3,1997,-0.2132955008834383,20620444823
R10NORTH_AM,PP1990adjATP,1/asinh(x),MER,MER_1/asinh(x),pp1990_atp_mer_pf3,1998,-6.3082346872546164,20318166647
R10NORTH_AM,PP1990adjATP,1/asinh(x),MER,MER_1/asinh(x),pp1990_atp_mer_pf3,1999,-12.52106652885815,20012186823
R10NORTH_AM,PP1990adjATP,1/asinh(x),MER,MER_1/asinh(x),pp1990_atp_mer_pf3,2000,-18.838039709127603,19702605479
R10NORTH_AM,PP1990adjATP,1/asinh(x),MER,MER_1/asinh(x),pp1990_atp_mer_pf3,2001,-25.36798241368542,19389523603
R10NORTH_AM,PP1990adjATP,1/asinh(x),MER,MER_1/asinh(x),pp1990_atp_mer_pf3,2002,-31.809088503184114,19073050339
R10NORTH_AM,PP1990adjATP,1/asinh(x),MER,MER_1/asinh(x),pp1990_atp_mer_pf3,2003,-38.27959056593418,18753377699
R10NORTH_AM,PP1990adjATP,1/asinh(x),MER,MER_1/asinh(x),pp1990_atp_mer_pf3,2004,-44.79654385330699,18430648419
R10NORTH_AM,PP1990adjATP,1/asinh(x),MER,MER_1/asinh(x),pp1990_atp_mer_pf3,2005,-51.37188479378204,18104788877
R10NORTH_AM,PP1990adjATP,1/asinh(x),MER,MER_1/asinh(x),pp1990_atp_mer_pf3,2006,-57.92549471778652,17775730307
R10NORTH_AM,PP1990adjATP,1/asinh(x),MER,MER_1/asinh(x),pp1990_atp_mer_pf3,2007,-64.35263606660698,17443445355
R10NORTH_AM,PP1990adjATP,1/asinh(x),MER,MER_1/asinh(x),pp1990_atp_mer_pf3,2008,-70.81247639722264,17107839505
R10NORTH_AM,PP1990adjATP,1/asinh(x),MER,MER_1/asinh(x),pp1990_atp_mer_pf3,2009,-77.00567752195965,16768926051
R10NORTH_AM,PP1990adjATP,1/asinh(x),MER,MER_1/asinh(x),pp1990_atp_mer_pf3,2010,-82.76010486478516,16426820099
R10NORTH_AM,PP1990adjATP,1/asinh(x),MER,MER_1/asinh(x),pp1990_atp_mer_pf3,2011,-88.69066518134258,16081673835
R10NORTH_AM,PP1990adjATP,1/asinh(x),MER,MER_1/asinh(x),pp1990_atp_mer_pf3,2012,-94.4809474134599,15733473691
R10NORTH_AM,PP1990adjATP,1/asinh(x),MER,MER_1/asinh(x),pp1990_atp_mer_pf3,2013,-100.10573268937694,15382130487
R10NORTH_AM,PP1990adjATP,1/asinh(x),MER,MER_1/asinh(x),pp1990_atp_mer_pf3,2014,-105.89948225485318,15027691623
R10NORTH_AM,PP1990adjATP,1/asinh(x),MER,MER_1/asinh(x),pp1990_atp_mer_pf3,2015,-111.75986610169836,14670253055
R10NORTH_AM,PP1990adjATP,1/asinh(x),MER,MER_1/asinh(x),pp1990_atp_mer_pf3,2016,-117.52037733471377,14309913159
R10NORTH_AM,PP1990adjATP,1/asinh(x),MER,MER_1/asinh(x),pp1990_atp_mer_pf3,2017,-123.1624847496234,13946589419
R10NORTH_AM,PP1990adjATP,1/asinh(x),MER,MER_1/asinh(x),pp1990_atp_mer_pf3,2018,-128.7716018704882,13580243843
R10NORTH_AM,PP1990adjATP,1/asinh(x),MER,MER_1/asinh(x),pp1990_atp_mer_pf3,2019,-134.57081189435465,13211068551
R10NORTH_AM,PP1990adjATP,1/asinh(x),MER,MER_1/asinh(x),pp1990_atp_mer_pf3,2020,-140.2741534821645,12839226287
R10NORTH_AM,PP1990adjATP,1/sqrt(x),MER,MER_1/sqrt(x),pp1990_atp_mer_pf2,1991,3.911019046553487,22355774649
R10NORTH_AM,PP1990adjATP,1/sqrt(x),MER,MER_1/sqrt(x),pp1990_atp_mer_pf2,1992,-1.687388392630114,22076198695
R10NORTH_AM,PP1990adjATP,1/sqrt(x),MER,MER_1/sqrt(x),pp1990_atp_mer_pf2,1993,-7.38398350252473,21792675723
R10NORTH_AM,PP1990adjATP,1/sqrt(x),MER,MER_1/sqrt(x),pp1990_atp_mer_pf2,1994,-13.18967121775209,21505227795
R10NORTH_AM,PP1990adjATP,1/sqrt(x),MER,MER_1/sqrt(x),pp1990_atp_mer_pf2,1995,-19.02624320043323,21213973021
R10NORTH_AM,PP1990adjATP,1/sqrt(x),MER,MER_1/sqrt(x),pp1990_atp_mer_pf2,1996,-24.842662912245007,20919023031
R10NORTH_AM,PP1990adjATP,1/sqrt(x),MER,MER_1/sqrt(x),pp1990_atp_mer_pf2,1997,-30.853898676531497,20620444823
R10NORTH_AM,PP1990adjATP,1/sqrt(x),MER,MER_1/sqrt(x),pp1990_atp_mer_pf2,1998,-36.994726113644006,20318166647
R10NORTH_AM,PP1990adjATP,1/sqrt(x),MER,MER_1/sqrt(x),pp1990_atp_mer_pf2,1999,-43.24264309002978,20012186823
R10NORTH_AM,PP1990adjATP,1/sqrt(x),MER,MER_1/sqrt(x),pp1990_atp_mer_pf2,2000,-49.59503317554171,19702605479
R10NORTH_AM,PP1990adjATP,1/sqrt(x),MER,MER_1/sqrt(x),pp1990_atp_mer_pf2,2001,-56.16286682877965,19389523603
R10NORTH_AM,PP1990adjATP,1/sqrt(x),MER,MER_1/sqrt(x),pp1990_atp_mer_pf2,2002,-62.63842103848532,19073050339
R10NORTH_AM,PP1990adjATP,1/sqrt(x),MER,MER_1/sqrt(x),pp1990_atp_mer_pf2,2003,-69.14277551772597,18753377699
R10NORTH_AM,PP1990adjATP,1/sqrt(x),MER,MER_1/sqrt(x),pp1990_atp_mer_pf2,2004,-75.70071312445198,18430648419
R10NORTH_AM,PP1990adjATP,1/sqrt(x),MER,MER_1/sqrt(x),pp1990_atp_mer_pf2,2005,-82.32640876810886,18104788877
R10NORTH_AM,PP1990adjATP,1/sqrt(x),MER,MER_1/sqrt(x),pp1990_atp_mer_pf2,2006,-88.93658933825985,17775730307
R10NORTH_AM,PP1990adjATP,1/sqrt(x),MER,MER_1/sqrt(x),pp1990_atp_mer_pf2,2007,-95.42361628931619,17443445355
R10NORTH_AM,PP1990adjATP,1/sqrt(x),MER,MER_1/sqrt(x),pp1990_atp_mer_pf2,2008,-101.94332029646039,17107839505
R10NORTH_AM,PP1990adjATP,1/sqrt(x),MER,MER_1/sqrt(x),pp1990_atp_mer_pf2,2009,-108.18913404451501,16768926051
R10NORTH_AM,PP1990adjATP,1/sqrt(x),MER,MER_1/sqrt(x),pp1990_atp_mer_pf2,2010,-113.97016376962247,16426820099
R10NORTH_AM,PP1990adjATP,1/sqrt(x),MER,MER_1/sqrt(x),pp1990_atp_mer_pf2,2011,-119.92317044191076,16081673835
R10NORTH_AM,PP1990adjATP,1/sqrt(x),MER,MER_1/sqrt(x),pp1990_atp_mer_pf2,2012,-125.72877683563948,15733473691
R10NORTH_AM,PP1990adjATP,1/sqrt(x),MER,MER_1/sqrt(x),pp1990_atp_mer_pf2,2013,-131.36161139397836,15382130487
R10NORTH_AM,PP1990adjATP,1/sqrt(x),MER,MER_1/sqrt(x),pp1990_atp_mer_pf2,2014,-137.15811255727453,15027691623
R10NORTH_AM,PP1990adjATP,1/sqrt(x),MER,MER_1/sqrt(x),pp1990_atp_mer_pf2,2015,-143.01432156147825,14670253055
R10NORTH_AM,PP1990adjATP,1/sqrt(x),MER,MER_1/sqrt(x),pp1990_atp_mer_pf2,2016,-148.76575758974423,14309913159
R10NORTH_AM,PP1990adjATP,1/sqrt(x),MER,MER_1/sqrt(x),pp1990_atp_mer_pf2,2017,-154.39470762191465,13946589419
R10NORTH_AM,PP1990adjATP,1/sqrt(x),MER,MER_1/sqrt(x),pp1990_atp_mer_pf2,2018,-159.98873555727002,13580243843
R10NORTH_AM,PP1990adjATP,1/sqrt(x),MER,MER_1/sqrt(x),pp1990_atp_mer_pf2,2019,-165.7760513228186,13211068551
R10NORTH_AM,PP1990adjATP,1/sqrt(x),MER,MER_1/sqrt(x),pp1990_atp_mer_pf2,2020,-171.46884571097058,12839226287
R10NORTH_AM,PP1990adjATP,1/x,MER,MER_1/x,pp1990_atp_mer_pf1,1991,-4.406582517743065,22355774649
R10NORTH_AM,PP1990adjATP,1/x,MER,MER_1/x,pp1990_atp_mer_pf1,1992,-9.937159663530043,22076198695
R10NORTH_AM,PP1990adjATP,1/x,MER,MER_1/x,pp1990_atp_mer_pf1,1993,-15.592801333138866,21792675723
R10NORTH_AM,PP1990adjATP,1/x,MER,MER_1/x,pp1990_atp_mer_pf1,1994,-21.346996573520403,21505227795
R10NORTH_AM,PP1990adjATP,1/x,MER,MER_1/x,pp1990_atp_mer_pf1,1995,-27.188238258533783,21213973021
R10NORTH_AM,PP1990adjATP,1/x,MER,MER_1/x,pp1990_atp_mer_pf1,1996,-33.081538750382094,20919023031
R10NORTH_AM,PP1990adjATP,1/x,MER,MER_1/x,pp1990_atp_mer_pf1,1997,-39.17706498817843,20620444823
R10NORTH_AM,PP1990adjATP,1/x,MER,MER_1/x,pp1990_atp_mer_pf1,1998,-45.37343690803319,20318166647
R10NORTH_AM,PP1990adjATP,1/x,MER,MER_1/x,pp1990_atp_mer_pf1,1999,-51.636062367953265,20012186823
R10NORTH_AM,PP1990adjATP,1/x,MER,MER_1/x,pp1990_atp_mer_pf1,2000,-57.988966939675464,19702605479
R10NORTH_AM,PP1990adjATP,1/x,MER,MER_1/x,pp1990_atp_mer_pf1,2001,-64.56531120971373,19389523603
R10NORTH_AM,PP1990adjATP,1/x,MER,MER_1/x,pp1990_atp_mer_pf1,2002,-71.03891010151031,19073050339
R10NORTH_AM,PP1990adjATP,1/x,MER,MER_1/x,pp1990_atp_mer_pf1,2003,-77.55299202571186,18753377699
R10NORTH_AM,PP1990adjATP,1/x,MER,MER_1/x,pp1990_atp_mer_pf1,2004,-84.14127008576013,18430648419
R10NORTH_AM,PP1990adjATP,1/x,MER,MER_1/x,pp1990_atp_mer_pf1,2005,-90.82247079420472,18104788877
R10NORTH_AM,PP1990adjATP,1/x,MER,MER_1/x,pp1990_atp_mer_pf1,2006,-97.51088511242297,17775730307
R10NORTH_AM,PP1990adjATP,1/x,MER,MER_1/x,pp1990_atp_mer_pf1,2007,-104.10436014930345,17443445355
R10NORTH_AM,PP1990adjATP,1/x,MER,MER_1/x,pp1990_atp_mer_pf1,2008,-110.7816882720995,17107839505
R10NORTH_AM,PP1990adjATP,1/x,MER,MER_1/x,pp1990_atp_mer_pf1,2009,-117.21431273599268,16768926051
R10NORTH_AM,PP1990adjATP,1/x,MER,MER_1/x,pp1990_atp_mer_pf1,2010,-123.17487817246385,16426820099
R10NORTH_AM,PP1990adjATP,1/x,MER,MER_1/x,pp1990_atp_mer_pf1,2011,-129.3364101474903,16081673835
R10NORTH_AM,PP1990adjATP,1/x,MER,MER_1/x,pp1990_atp_mer_pf1,2012,-135.3659695764031,15733473691
R10NORTH_AM,PP1990adjATP,1/x,MER,MER_1/x,pp1990_atp_mer_pf1,2013,-141.1994156185842,15382130487
R10NORTH_AM,PP1990adjATP,1/x,MER,MER_1/x,pp1990_atp_mer_pf1,2014,-147.17812800034383,15027691623
R10NORTH_AM,PP1990adjATP,1/x,MER,MER_1/x,pp1990_atp_mer_pf1,2015,-153.20342703908963,14670253055
R10NORTH_AM,PP1990adjATP,1/x,MER,MER_1/x,pp1990_atp_mer_pf1,2016,-159.09020239787304,14309913159
R10NORTH_AM,PP1990adjATP,1/x,MER,MER_1/x,pp1990_atp_mer_pf1,2017,-164.8426055762246,13946589419
R10NORTH_AM,PP1990adjATP,1/x,MER,MER_1/x,pp1990_atp_mer_pf1,2018,-170.5617176932808,13580243843
R10NORTH_AM,PP1990adjATP,1/x,MER,MER_1/x,pp1990_atp_mer_pf1,2019,-176.46202782685108,13211068551
R10NORTH_AM,PP1990adjATP,1/x,MER,MER_1/x,pp1990_atp_mer_pf1,2020,-182.25352157076952,12839226287
R10NORTH_AM,PP1990adjATP,1/asinh(x),PPP,PPP_1/asinh(x),pp1990_atp_ppp_pf3,1991,40.47746991202109,22355774649
R10NORTH_AM,PP1990adjATP,1/asinh(x),PPP,PPP_1/asinh(x),pp1990_atp_ppp_pf3,1992,35.055463101624596,22076198695
R10NORTH_AM,PP1990adjATP,1/asinh(x),PPP,PPP_1/asinh(x),pp1990_atp_ppp_pf3,1993,29.490611792163605,21792675723
R10NORTH_AM,PP1990adjATP,1/asinh(x),PPP,PPP_1/asinh(x),pp1990_atp_ppp_pf3,1994,23.828712494238005,21505227795
R10NORTH_AM,PP1990adjATP,1/asinh(x),PPP,PPP_1/asinh(x),pp1990_atp_ppp_pf3,1995,18.05119454921294,21213973021
R10NORTH_AM,PP1990adjATP,1/asinh(x),PPP,PPP_1/asinh(x),pp1990_atp_ppp_pf3,1996,12.213055363078618,20919023031
R10NORTH_AM,PP1990adjATP,1/asinh(x),PPP,PPP_1/asinh(x),pp1990_atp_ppp_pf3,1997,6.175442275197733,20620444823
R10NORTH_AM,PP1990adjATP,1/asinh(x),PPP,PPP_1/asinh(x),pp1990_atp_ppp_pf3,1998,0.03528682893950874,20318166647
R10NORTH_AM,PP1990adjATP,1/asinh(x),PPP,PPP_1/asinh(x),pp1990_atp_ppp_pf3,1999,-6.1769373263643645,20012186823
R10NORTH_AM,PP1990adjATP,1/asinh(x),PPP,PPP_1/asinh(x),pp1990_atp_ppp_pf3,2000,-12.479022545222957,19702605479
R10NORTH_AM,PP1990adjATP,1/asinh(x),PPP,PPP_1/asinh(x),pp1990_atp_ppp_pf3,2001,-19.009368938547993,19389523603
R10NORTH_AM,PP1990adjATP,1/asinh(x),PPP,PPP_1/asinh(x),pp1990_atp_ppp_pf3,2002,-25.416886350362972,19073050339
R10NORTH_AM,PP1990adjATP,1/asinh(x),PPP,PPP_1/asinh(x),pp1990_atp_ppp_pf3,2003,-31.86171428812972,18753377699
R10NORTH_AM,PP1990adjATP,1/asinh(x),PPP,PPP_1/asinh(x),pp1990_atp_ppp_pf3,2004,-38.38049323266502,18430648419
R10NORTH_AM,PP1990adjATP,1/asinh(x),PPP,PPP_1/asinh(x),pp1990_atp_ppp_pf3,2005,-44.98801026402497,18104788877
R10NORTH_AM,PP1990adjATP,1/asinh(x),PPP,PPP_1/asinh(x),pp1990_atp_ppp_pf3,2006,-51.59987841523742,17775730307
R10NORTH_AM,PP1990adjATP,1/asinh(x),PPP,PPP_1/asinh(x),pp1990_atp_ppp_pf3,2007,-58.10967130776702,17443445355
R10NORTH_AM,PP1990adjATP,1/asinh(x),PPP,PPP_1/asinh(x),pp1990_atp_ppp_pf3,2008,-64.7065229262398,17107839505
R10NORTH_AM,PP1990adjATP,1/asinh(x),PPP,PPP_1/asinh(x),pp1990_atp_ppp_pf3,2009,-71.06586943854384,16768926051
R10NORTH_AM,PP1990adjATP,1/asinh(x),PPP,PPP_1/asinh(x),pp1990_atp_ppp_pf3,2010,-76.95140334719655,16426820099
R10NORTH_AM,PP1990adjATP,1/asinh(x),PPP,PPP_1/asinh(x),pp1990_atp_ppp_pf3,2011,-83.04541016710614,16081673835
R10NORTH_AM,PP1990adjATP,1/asinh(x),PPP,PPP_1/asinh(x),pp1990_atp_ppp_pf3,2012,-89.01438526139701,15733473691
R10NORTH_AM,PP1990adjATP,1/asinh(x),PPP,PPP_1/asinh(x),pp1990_atp_ppp_pf3,2013,-94.78537322221223,15382130487
R10NORTH_AM,PP1990adjATP,1/asinh(x),PPP,PPP_1/asinh(x),pp1990_atp_ppp_pf3,2014,-100.70410934564842,15027691623
R10NORTH_AM,PP1990adjATP,1/asinh(x),PPP,PPP_1/asinh(x),pp1990_atp_ppp_pf3,2015,-106.67731457061416,14670253055
R10NORTH_AM,PP1990adjATP,1/asinh(x),PPP,PPP_1/asinh(x),pp1990_atp_ppp_pf3,2016,-112.5146176757019,14309913159
R10NORTH_AM,PP1990adjATP,1/asinh(x),PPP,PPP_1/asinh(x),pp1990_atp_ppp_pf3,2017,-118.21780990387184,13946589419
R10NORTH_AM,PP1990adjATP,1/asinh(x),PPP,PPP_1/asinh(x),pp1990_atp_ppp_pf3,2018,-123.8926723261809,13580243843
R10NORTH_AM,PP1990adjATP,1/asinh(x),PPP,PPP_1/asinh(x),pp1990_atp_ppp_pf3,2019,-129.74227741430366,13211068551
R10NORTH_AM,PP1990adjATP,1/asinh(x),PPP,PPP_1/asinh(x),pp1990_atp_ppp_pf3,2020,-135.47622734491117,12839226287
R10NORTH_AM,PP1990adjATP,1/sqrt(x),PPP,PPP_1/sqrt(x),pp1990_atp_ppp_pf2,1991,11.370432623589299,22355774649
R10NORTH_AM,PP1990adjATP,1/sqrt(x),PPP,PPP_1/sqrt(x),pp1990_atp_ppp_pf2,1992,5.987306572035213,22076198695
R10NORTH_AM,PP1990adjATP,1/sqrt(x),PPP,PPP_1/sqrt(x),pp1990_atp_ppp_pf2,1993,0.44192893449281323,21792675723
R10NORTH_AM,PP1990adjATP,1/sqrt(x),PPP,PPP_1/sqrt(x),pp1990_atp_ppp_pf2,1994,-5.195291407977432,21505227795
R10NORTH_AM,PP1990adjATP,1/sqrt(x),PPP,PPP_1/sqrt(x),pp1990_atp_ppp_pf2,1995,-10.960914837398924,21213973021
R10NORTH_AM,PP1990adjATP,1/sqrt(x),PPP,PPP_1/sqrt(x),pp1990_atp_ppp_pf2,1996,-16.777276058178703,20919023031
R10NORTH_AM,PP1990adjATP,1/sqrt(x),PPP,PPP_1/sqrt(x),pp1990_atp_ppp_pf2,1997,-22.790666996763044,20620444823
R10NORTH_AM,PP1990adjATP,1/sqrt(x),PPP,PPP_1/sqrt(x),pp1990_atp_ppp_pf2,1998,-28.91999075764225,20318166647
R10NORTH_AM,PP1990adjATP,1/sqrt(x),PPP,PPP_1/sqrt(x),pp1990_atp_ppp_pf2,1999,-35.13272637934369,20012186823
R10NORTH_AM,PP1990adjATP,1/sqrt(x),PPP,PPP_1/sqrt(x),pp1990_atp_ppp_pf2,2000,-41.440220398091974,19702605479
R10NORTH_AM,PP1990adjATP,1/sqrt(x),PPP,PPP_1/sqrt(x),pp1990_atp_ppp_pf2,2001,-47.981239253637014,19389523603
R10NORTH_AM,PP1990adjATP,1/sqrt(x),PPP,PPP_1/sqrt(x),pp1990_atp_ppp_pf2,2002,-54.38531309589439,19073050339
R10NORTH_AM,PP1990adjATP,1/sqrt(x),PPP,PPP_1/sqrt(x),pp1990_atp_ppp_pf2,2003,-60.81908111286796,18753377699
R10NORTH_AM,PP1990adjATP,1/sqrt(x),PPP,PPP_1/sqrt(x),pp1990_atp_ppp_pf2,2004,-67.3214213927406,18430648419
R10NORTH_AM,PP1990adjATP,1/sqrt(x),PPP,PPP_1/sqrt(x),pp1990_atp_ppp_pf2,2005,-73.90616427926062,18104788877
R10NORTH_AM,PP1990adjATP,1/sqrt(x),PPP,PPP_1/sqrt(x),pp1990_atp_ppp_pf2,2006,-80.48883403235088,17775730307
R10NORTH_AM,PP1990adjATP,1/sqrt(x),PPP,PPP_1/sqrt(x),pp1990_atp_ppp_pf2,2007,-86.95800109778915,17443445355
R10NORTH_AM,PP1990adjATP,1/sqrt(x),PPP,PPP_1/sqrt(x),pp1990_atp_ppp_pf2,2008,-93.49965791727014,17107839505
R10NORTH_AM,PP1990adjATP,1/sqrt(x),PPP,PPP_1/sqrt(x),pp1990_atp_ppp_pf2,2009,-99.79327370597098,16768926051
R10NORTH_AM,PP1990adjATP,1/sqrt(x),PPP,PPP_1/sqrt(x),pp1990_atp_ppp_pf2,2010,-105.59245346325737,16426820099
R10NORTH_AM,PP1990adjATP,1/sqrt(x),PPP,PPP_1/sqrt(x),pp1990_atp_ppp_pf2,2011,-111.59480359539799,16081673835
R10NORTH_AM,PP1990adjATP,1/sqrt(x),PPP,PPP_1/sqrt(x),pp1990_atp_ppp_pf2,2012,-117.46866386462254,15733473691
R10NORTH_AM,PP1990adjATP,1/sqrt(x),PPP,PPP_1/sqrt(x),pp1990_atp_ppp_pf2,2013,-123.14456862494069,15382130487
R10NORTH_AM,PP1990adjATP,1/sqrt(x),PPP,PPP_1/sqrt(x),pp1990_atp_ppp_pf2,2014,-128.97190809195328,15027691623
R10NORTH_AM,PP1990adjATP,1/sqrt(x),PPP,PPP_1/sqrt(x),pp1990_atp_ppp_pf2,2015,-134.8564696424168,14670253055
R10NORTH_AM,PP1990adjATP,1/sqrt(x),PPP,PPP_1/sqrt(x),pp1990_atp_ppp_pf2,2016,-140.61051913481094,14309913159
R10NORTH_AM,PP1990adjATP,1/sqrt(x),PPP,PPP_1/sqrt(x),pp1990_atp_ppp_pf2,2017,-146.22834092022677,13946589419
R10NORTH_AM,PP1990adjATP,1/sqrt(x),PPP,PPP_1/sqrt(x),pp1990_atp_ppp_pf2,2018,-151.82041160777504,13580243843
R10NORTH_AM,PP1990adjATP,1/sqrt(x),PPP,PPP_1/sqrt(x),pp1990_atp_ppp_pf2,2019,-157.5852525046578,13211068551
R10NORTH_AM,PP1990adjATP,1/sqrt(x),PPP,PPP_1/sqrt(x),pp1990_atp_ppp_pf2,2020,-163.23010287471374,12839226287
R10NORTH_AM,PP1990adjATP,1/x,PPP,PPP_1/x,pp1990_atp_ppp_pf1,1991,-1.576065149653645,22355774649
R10NORTH_AM,PP1990adjATP,1/x,PPP,PPP_1/x,pp1990_atp_ppp_pf1,1992,-7.030258191067117,22076198695
R10NORTH_AM,PP1990adjATP,1/x,PPP,PPP_1/x,pp1990_atp_ppp_pf1,1993,-12.6279531901139,21792675723
R10NORTH_AM,PP1990adjATP,1/x,PPP,PPP_1/x,pp1990_atp_ppp_pf1,1994,-18.3145896092085,21505227795
R10NORTH_AM,PP1990adjATP,1/x,PPP,PPP_1/x,pp1990_atp_ppp_pf1,1995,-24.120038769307598,21213973021
R10NORTH_AM,PP1990adjATP,1/x,PPP,PPP_1/x,pp1990_atp_ppp_pf1,1996,-29.988170273231322,20919023031
R10NORTH_AM,PP1990adjATP,1/x,PPP,PPP_1/x,pp1990_atp_ppp_pf1,1997,-36.05593909861257,20620444823
R10NORTH_AM,PP1990adjATP,1/x,PPP,PPP_1/x,pp1990_atp_ppp_pf1,1998,-42.22838918080456,20318166647
R10NORTH_AM,PP1990adjATP,1/x,PPP,PPP_1/x,pp1990_atp_ppp_pf1,1999,-48.46887226309898,20012186823
R10NORTH_AM,PP1990adjATP,1/x,PPP,PPP_1/x,pp1990_atp_ppp_pf1,2000,-54.79899649769093,19702605479
R10NORTH_AM,PP1990adjATP,1/x,PPP,PPP_1/x,pp1990_atp_ppp_pf1,2001,-61.363198765509104,19389523603
R10NORTH_AM,PP1990adjATP,1/x,PPP,PPP_1/x,pp1990_atp_ppp_pf1,2002,-67.80271325639976,19073050339
R10NORTH_AM,PP1990adjATP,1/x,PPP,PPP_1/x,pp1990_atp_ppp_pf1,2003,-74.27981846932894,18753377699
R10NORTH_AM,PP1990adjATP,1/x,PPP,PPP_1/x,pp1990_atp_ppp_pf1,2004,-80.83275018073928,18430648419
R10NORTH_AM,PP1990adjATP,1/x,PPP,PPP_1/x,pp1990_atp_ppp_pf1,2005,-87.47673309515497,18104788877
R10NORTH_AM,PP1990adjATP,1/x,PPP,PPP_1/x,pp1990_atp_ppp_pf1,2006,-94.12615341902058,17775730307
R10NORTH_AM,PP1990adjATP,1/x,PPP,PPP_1/x,pp1990_atp_ppp_pf1,2007,-100.67620539760412,17443445355
R10NORTH_AM,PP1990adjATP,1/x,PPP,PPP_1/x,pp1990_atp_ppp_pf1,2008,-107.31345089400548,17107839505
R10NORTH_AM,PP1990adjATP,1/x,PPP,PPP_1/x,pp1990_atp_ppp_pf1,2009,-113.7094812831133,16768926051
R10NORTH_AM,PP1990adjATP,1/x,PPP,PPP_1/x,pp1990_atp_ppp_pf1,2010,-119.62125264385413,16426820099
R10NORTH_AM,PP1990adjATP,1/x,PPP,PPP_1/x,pp1990_atp_ppp_pf1,2011,-125.73853160293103,16081673835
R10NORTH_AM,PP1990adjATP,1/x,PPP,PPP_1/x,pp1990_atp_ppp_pf1,2012,-131.72787656115443,15733473691
R10NORTH_AM,PP1990adjATP,1/x,PPP,PPP_1/x,pp1990_atp_ppp_pf1,2013,-137.51718973492493,15382130487
R10NORTH_AM,PP1990adjATP,1/x,PPP,PPP_1/x,pp1990_atp_ppp_pf1,2014,-143.45025696113484,15027691623
R10NORTH_AM,PP1990adjATP,1/x,PPP,PPP_1/x,pp1990_atp_ppp_pf1,2015,-149.4288672433391,14670253055
R10NORTH_AM,PP1990adjATP,1/x,PPP,PPP_1/x,pp1990_atp_ppp_pf1,2016,-155.26434256477808,14309913159
R10NORTH_AM,PP1990adjATP,1/x,PPP,PPP_1/x,pp1990_atp_ppp_pf1,2017,-160.96011807650626,13946589419
R10NORTH_AM,PP1990adjATP,1/x,PPP,PPP_1/x,pp1990_atp_ppp_pf1,2018,-166.62672869107703,13580243843
R10NORTH_AM,PP1990adjATP,1/x,PPP,PPP_1/x,pp1990_atp_ppp_pf1,2019,-172.46742153470655,13211068551
R10NORTH_AM,PP1990adjATP,1/x,PPP,PPP_1/x,pp1990_atp_ppp_pf1,2020,-178.1882257519307,12839226287
R10NORTH_AM,PP1850adjATP,1/asinh(x),MER,MER_1/asinh(x),pp1850_atp_mer_pf3,1991,-183.47045775560375,22355774649
R10NORTH_AM,PP1850adjATP,1/asinh(x),MER,MER_1/asinh(x),pp1850_atp_mer_pf3,1992,-189.06660564777414,22076198695
R10NORTH_AM,PP1850adjATP,1/asinh(x),MER,MER_1/asinh(x),pp1850_atp_mer_pf3,1993,-194.74042081793363,21792675723
R10NORTH_AM,PP1850adjATP,1/asinh(x),MER,MER_1/asinh(x),pp1850_atp_mer_pf3,1994,-200.52740997668252,21505227795
R10NORTH_AM,PP1850adjATP,1/asinh(x),MER,MER_1/asinh(x),pp1850_atp_mer_pf3,1995,-206.33056956831336,21213973021
R10NORTH_AM,PP1850adjATP,1/asinh(x),MER,MER_1/asinh(x),pp1850_atp_mer_pf3,1996,-212.09681452913532,20919023031
R10NORTH_AM,PP1850adjATP,1/asinh(x),MER,MER_1/asinh(x),pp1850_atp_mer_pf3,1997,-218.05792846898987,20620444823
R10NORTH_AM,PP1850adjATP,1/asinh(x),MER,MER_1/asinh(x),pp1850_atp_mer_pf3,1998,-224.15286765536106,20318166647
R10NORTH_AM,PP1850adjATP,1/asinh(x),MER,MER_1/asinh(x),pp1850_atp_mer_pf3,1999,-230.36569949696457,20012186823
R10NORTH_AM,PP1850adjATP,1/asinh(x),MER,MER_1/asinh(x),pp1850_atp_mer_pf3,2000,-236.68267267723405,19702605479
R10NORTH_AM,PP1850adjATP,1/asinh(x),MER,MER_1/asinh(x),pp1850_atp_mer_pf3,2001,-243.2126153817918,19389523603
R10NORTH_AM,PP1850adjATP,1/asinh(x),MER,MER_1/asinh(x),pp1850_atp_mer_pf3,2002,-249.6537214712905,19073050339
R10NORTH_AM,PP1850adjATP,1/asinh(x),MER,MER_1/asinh(x),pp1850_atp_mer_pf3,2003,-256.1242235340406,18753377699
R10NORTH_AM,PP1850adjATP,1/asinh(x),MER,MER_1/asinh(x),pp1850_atp_mer_pf3,2004,-262.6411768214134,18430648419
R10NORTH_AM,PP1850adjATP,1/asinh(x),MER,MER_1/asinh(x),pp1850_atp_mer_pf3,2005,-269.2165177618885,18104788877
R10NORTH_AM,PP1850adjATP,1/asinh(x),MER,MER_1/asinh(x),pp1850_atp_mer_pf3,2006,-275.77012768589293,17775730307
R10NORTH_AM,PP1850adjATP,1/asinh(x),MER,MER_1/asinh(x),pp1850_atp_mer_pf3,2007,-282.19726903471343,17443445355
R10NORTH_AM,PP1850adjATP,1/asinh(x),MER,MER_1/asinh(x),pp1850_atp_mer_pf3,2008,-288.6571093653291,17107839505
R10NORTH_AM,PP1850adjATP,1/asinh(x),MER,MER_1/asinh(x),pp1850_atp_mer_pf3,2009,-294.8503104900661,16768926051
R10NORTH_AM,PP1850adjATP,1/asinh(x),MER,MER_1/asinh(x),pp1850_atp_mer_pf3,2010,-300.6047378328916,16426820099
R10NORTH_AM,PP1850adjATP,1/asinh(x),MER,MER_1/asinh(x),pp1850_atp_mer_pf3,2011,-306.535298149449,16081673835
R10NORTH_AM,PP1850adjATP,1/asinh(x),MER,MER_1/asinh(x),pp1850_atp_mer_pf3,2012,-312.32558038156634,15733473691
R10NORTH_AM,PP1850adjATP,1/asinh(x),MER,MER_1/asinh(x),pp1850_atp_mer_pf3,2013,-317.9503656574833,15382130487
R10NORTH_AM,PP1850adjATP,1/asinh(x),MER,MER_1/asinh(x),pp1850_atp_mer_pf3,2014,-323.7441152229596,15027691623
R10NORTH_AM,PP1850adjATP,1/asinh(x),MER,MER_1/asinh(x),pp1850_atp_mer_pf3,2015,-329.6044990698048,14670253055
R10NORTH_AM,PP1850adjATP,1/asinh(x),MER,MER_1/asinh(x),pp1850_atp_mer_pf3,2016,-335.36501030282017,14309913159
R10NORTH_AM,PP1850adjATP,1/asinh(x),MER,MER_1/asinh(x),pp1850_atp_mer_pf3,2017,-341.00711771772984,13946589419
R10NORTH_AM,PP1850adjATP,1/asinh(x),MER,MER_1/asinh(x),pp1850_atp_mer_pf3,2018,-346.6162348385946,13580243843
R10NORTH_AM,PP1850adjATP,1/asinh(x),MER,MER_1/asinh(x),pp1850_atp_mer_pf3,2019,-352.4154448624611,13211068551
R10NORTH_AM,PP1850adjATP,1/asinh(x),MER,MER_1/asinh(x),pp1850_atp_mer_pf3,2020,-358.11878645027093,12839226287
R10NORTH_AM,PP1850adjATP,1/sqrt(x),MER,MER_1/sqrt(x),pp1850_atp_mer_pf2,1991,-213.93361392155296,22355774649
R10NORTH_AM,PP1850adjATP,1/sqrt(x),MER,MER_1/sqrt(x),pp1850_atp_mer_pf2,1992,-219.5320213607365,22076198695
R10NORTH_AM,PP1850adjATP,1/sqrt(x),MER,MER_1/sqrt(x),pp1850_atp_mer_pf2,1993,-225.22861647063115,21792675723
R10NORTH_AM,PP1850adjATP,1/sqrt(x),MER,MER_1/sqrt(x),pp1850_atp_mer_pf2,1994,-231.0343041858585,21505227795
R10NORTH_AM,PP1850adjATP,1/sqrt(x),MER,MER_1/sqrt(x),pp1850_atp_mer_pf2,1995,-236.87087616853964,21213973021
R10NORTH_AM,PP1850adjATP,1/sqrt(x),MER,MER_1/sqrt(x),pp1850_atp_mer_pf2,1996,-242.68729588035143,20919023031
R10NORTH_AM,PP1850adjATP,1/sqrt(x),MER,MER_1/sqrt(x),pp1850_atp_mer_pf2,1997,-248.69853164463794,20620444823
R10NORTH_AM,PP1850adjATP,1/sqrt(x),MER,MER_1/sqrt(x),pp1850_atp_mer_pf2,1998,-254.83935908175042,20318166647
R10NORTH_AM,PP1850adjATP,1/sqrt(x),MER,MER_1/sqrt(x),pp1850_atp_mer_pf2,1999,-261.0872760581362,20012186823
R10NORTH_AM,PP1850adjATP,1/sqrt(x),MER,MER_1/sqrt(x),pp1850_atp_mer_pf2,2000,-267.43966614364814,19702605479
R10NORTH_AM,PP1850adjATP,1/sqrt(x),MER,MER_1/sqrt(x),pp1850_atp_mer_pf2,2001,-274.00749979688607,19389523603
R10NORTH_AM,PP1850adjATP,1/sqrt(x),MER,MER_1/sqrt(x),pp1850_atp_mer_pf2,2002,-280.4830540065917,19073050339
R10NORTH_AM,PP1850adjATP,1/sqrt(x),MER,MER_1/sqrt(x),pp1850_atp_mer_pf2,2003,-286.9874084858324,18753377699
R10NORTH_AM,PP1850adjATP,1/sqrt(x),MER,MER_1/sqrt(x),pp1850_atp_mer_pf2,2004,-293.5453460925584,18430648419
R10NORTH_AM,PP1850adjATP,1/sqrt(x),MER,MER_1/sqrt(x),pp1850_atp_mer_pf2,2005,-300.1710417362153,18104788877
R10NORTH_AM,PP1850adjATP,1/sqrt(x),MER,MER_1/sqrt(x),pp1850_atp_mer_pf2,2006,-306.7812223063662,17775730307
R10NORTH_AM,PP1850adjATP,1/sqrt(x),MER,MER_1/sqrt(x),pp1850_atp_mer_pf2,2007,-313.26824925742255,17443445355
R10NORTH_AM,PP1850adjATP,1/sqrt(x),MER,MER_1/sqrt(x),pp1850_atp_mer_pf2,2008,-319.7879532645668,17107839505
R10NORTH_AM,PP1850adjATP,1/sqrt(x),MER,MER_1/sqrt(x),pp1850_atp_mer_pf2,2009,-326.03376701262147,16768926051
R10NORTH_AM,PP1850adjATP,1/sqrt(x),MER,MER_1/sqrt(x),pp1850_atp_mer_pf2,2010,-331.8147967377289,16426820099
R10NORTH_AM,PP1850adjATP,1/sqrt(x),MER,MER_1/sqrt(x),pp1850_atp_mer_pf2,2011,-337.7678034100172,16081673835
R10NORTH_AM,PP1850adjATP,1/sqrt(x),MER,MER_1/sqrt(x),pp1850_atp_mer_pf2,2012,-343.57340980374585,15733473691
R10NORTH_AM,PP1850adjATP,1/sqrt(x),MER,MER_1/sqrt(x),pp1850_atp_mer_pf2,2013,-349.20624436208476,15382130487
R10NORTH_AM,PP1850adjATP,1/sqrt(x),MER,MER_1/sqrt(x),pp1850_atp_mer_pf2,2014,-355.002745525381,15027691623
R10NORTH_AM,PP1850adjATP,1/sqrt(x),MER,MER_1/sqrt(x),pp1850_atp_mer_pf2,2015,-360.8589545295847,14670253055
R10NORTH_AM,PP1850adjATP,1/sqrt(x),MER,MER_1/sqrt(x),pp1850_atp_mer_pf2,2016,-366.6103905578507,14309913159
R10NORTH_AM,PP1850adjATP,1/sqrt(x),MER,MER_1/sqrt(x),pp1850_atp_mer_pf2,2017,-372.239340590021,13946589419
R10NORTH_AM,PP1850adjATP,1/sqrt(x),MER,MER_1/sqrt(x),pp1850_atp_mer_pf2,2018,-377.83336852537644,13580243843
R10NORTH_AM,PP1850adjATP,1/sqrt(x),MER,MER_1/sqrt(x),pp1850_atp_mer_pf2,2019,-383.62068429092506,13211068551
R10NORTH_AM,PP1850adjATP,1/sqrt(x),MER,MER_1/sqrt(x),pp1850_atp_mer_pf2,2020,-389.31347867907704,12839226287
R10NORTH_AM,PP1850adjATP,1/x,MER,MER_1/x,pp1850_atp_mer_pf1,1991,-222.2512154858495,22355774649
R10NORTH_AM,PP1850adjATP,1/x,MER,MER_1/x,pp1850_atp_mer_pf1,1992,-227.78179263163648,22076198695
R10NORTH_AM,PP1850adjATP,1/x,MER,MER_1/x,pp1850_atp_mer_pf1,1993,-233.43743430124528,21792675723
R10NORTH_AM,PP1850adjATP,1/x,MER,MER_1/x,pp1850_atp_mer_pf1,1994,-239.1916295416268,21505227795
R10NORTH_AM,PP1850adjATP,1/x,MER,MER_1/x,pp1850_atp_mer_pf1,1995,-245.0328712266402,21213973021
R10NORTH_AM,PP1850adjATP,1/x,MER,MER_1/x,pp1850_atp_mer_pf1,1996,-250.92617171848852,20919023031
R10NORTH_AM,PP1850adjATP,1/x,MER,MER_1/x,pp1850_atp_mer_pf1,1997,-257.0216979562848,20620444823
R10NORTH_AM,PP1850adjATP,1/x,MER,MER_1/x,pp1850_atp_mer_pf1,1998,-263.2180698761396,20318166647
R10NORTH_AM,PP1850adjATP,1/x,MER,MER_1/x,pp1850_atp_mer_pf1,1999,-269.4806953360597,20012186823
R10NORTH_AM,PP1850adjATP,1/x,MER,MER_1/x,pp1850_atp_mer_pf1,2000,-275.8335999077819,19702605479
R10NORTH_AM,PP1850adjATP,1/x,MER,MER_1/x,pp1850_atp_mer_pf1,2001,-282.40994417782014,19389523603
R10NORTH_AM,PP1850adjATP,1/x,MER,MER_1/x,pp1850_atp_mer_pf1,2002,-288.88354306961674,19073050339
R10NORTH_AM,PP1850adjATP,1/x,MER,MER_1/x,pp1850_atp_mer_pf1,2003,-295.3976249938183,18753377699
R10NORTH_AM,PP1850adjATP,1/x,MER,MER_1/x,pp1850_atp_mer_pf1,2004,-301.98590305386654,18430648419
R10NORTH_AM,PP1850adjATP,1/x,MER,MER_1/x,pp1850_atp_mer_pf1,2005,-308.6671037623111,18104788877
R10NORTH_AM,PP1850adjATP,1/x,MER,MER_1/x,pp1850_atp_mer_pf1,2006,-315.3555180805294,17775730307
R10NORTH_AM,PP1850adjATP,1/x,MER,MER_1/x,pp1850_atp_mer_pf1,2007,-321.9489931174098,17443445355
R10NORTH_AM,PP1850adjATP,1/x,MER,MER_1/x,pp1850_atp_mer_pf1,2008,-328.6263212402059,17107839505
R10NORTH_AM,PP1850adjATP,1/x,MER,MER_1/x,pp1850_atp_mer_pf1,2009,-335.0589457040991,16768926051
R10NORTH_AM,PP1850adjATP,1/x,MER,MER_1/x,pp1850_atp_mer_pf1,2010,-341.0195111405703,16426820099
R10NORTH_AM,PP1850adjATP,1/x,MER,MER_1/x,pp1850_atp_mer_pf1,2011,-347.18104311559676,16081673835
R10NORTH_AM,PP1850adjATP,1/x,MER,MER_1/x,pp1850_atp_mer_pf1,2012,-353.2106025445095,15733473691
R10NORTH_AM,PP1850adjATP,1/x,MER,MER_1/x,pp1850_atp_mer_pf1,2013,-359.0440485866906,15382130487
R10NORTH_AM,PP1850adjATP,1/x,MER,MER_1/x,pp1850_atp_mer_pf1,2014,-365.02276096845026,15027691623
R10NORTH_AM,PP1850adjATP,1/x,MER,MER_1/x,pp1850_atp_mer_pf1,2015,-371.04806000719606,14670253055
R10NORTH_AM,PP1850adjATP,1/x,MER,MER_1/x,pp1850_atp_mer_pf1,2016,-376.9348353659795,14309913159
R10NORTH_AM,PP1850adjATP,1/x,MER,MER_1/x,pp1850_atp_mer_pf1,2017,-382.687238544331,13946589419
R10NORTH_AM,PP1850adjATP,1/x,MER,MER_1/x,pp1850_atp_mer_pf1,2018,-388.40635066138725,13580243843
R10NORTH_AM,PP1850adjATP,1/x,MER,MER_1/x,pp1850_atp_mer_pf1,2019,-394.3066607949575,13211068551
R10NORTH_AM,PP1850adjATP,1/x,MER,MER_1/x,pp1850_atp_mer_pf1,2020,-400.098154538876,12839226287
R10NORTH_AM,PP1850adjATP,1/asinh(x),PPP,PPP_1/asinh(x),pp1850_atp_ppp_pf3,1991,-177.36716305608533,22355774649
R10NORTH_AM,PP1850adjATP,1/asinh(x),PPP,PPP_1/asinh(x),pp1850_atp_ppp_pf3,1992,-182.78916986648184,22076198695
R10NORTH_AM,PP1850adjATP,1/asinh(x),PPP,PPP_1/asinh(x),pp1850_atp_ppp_pf3,1993,-188.35402117594282,21792675723
R10NORTH_AM,PP1850adjATP,1/asinh(x),PPP,PPP_1/asinh(x),pp1850_atp_ppp_pf3,1994,-194.01592047386842,21505227795
R10NORTH_AM,PP1850adjATP,1/asinh(x),PPP,PPP_1/asinh(x),pp1850_atp_ppp_pf3,1995,-199.7934384188935,21213973021
R10NORTH_AM,PP1850adjATP,1/asinh(x),PPP,PPP_1/asinh(x),pp1850_atp_ppp_pf3,1996,-205.6315776050278,20919023031
R10NORTH_AM,PP1850adjATP,1/asinh(x),PPP,PPP_1/asinh(x),pp1850_atp_ppp_pf3,1997,-211.66919069290873,20620444823
R10NORTH_AM,PP1850adjATP,1/asinh(x),PPP,PPP_1/asinh(x),pp1850_atp_ppp_pf3,1998,-217.8093461391669,20318166647
R10NORTH_AM,PP1850adjATP,1/asinh(x),PPP,PPP_1/asinh(x),pp1850_atp_ppp_pf3,1999,-224.0215702944708,20012186823
R10NORTH_AM,PP1850adjATP,1/asinh(x),PPP,PPP_1/asinh(x),pp1850_atp_ppp_pf3,2000,-230.32365551332938,19702605479
R10NORTH_AM,PP1850adjATP,1/asinh(x),PPP,PPP_1/asinh(x),pp1850_atp_ppp_pf3,2001,-236.85400190665442,19389523603
R10NORTH_AM,PP1850adjATP,1/asinh(x),PPP,PPP_1/asinh(x),pp1850_atp_ppp_pf3,2002,-243.2615193184694,19073050339
R10NORTH_AM,PP1850adjATP,1/asinh(x),PPP,PPP_1/asinh(x),pp1850_atp_ppp_pf3,2003,-249.70634725623617,18753377699
R10NORTH_AM,PP1850adjATP,1/asinh(x),PPP,PPP_1/asinh(x),pp1850_atp_ppp_pf3,2004,-256.22512620077146,18430648419
R10NORTH_AM,PP1850adjATP,1/asinh(x),PPP,PPP_1/asinh(x),pp1850_atp_ppp_pf3,2005,-262.8326432321314,18104788877
R10NORTH_AM,PP1850adjATP,1/asinh(x),PPP,PPP_1/asinh(x),pp1850_atp_ppp_pf3,2006,-269.44451138334387,17775730307
R10NORTH_AM,PP1850adjATP,1/asinh(x),PPP,PPP_1/asinh(x),pp1850_atp_ppp_pf3,2007,-275.9543042758734,17443445355
R10NORTH_AM,PP1850adjATP,1/asinh(x),PPP,PPP_1/asinh(x),pp1850_atp_ppp_pf3,2008,-282.5511558943462,17107839505
R10NORTH_AM,PP1850adjATP,1/asinh(x),PPP,PPP_1/asinh(x),pp1850_atp_ppp_pf3,2009,-288.91050240665027,16768926051
R10NORTH_AM,PP1850adjATP,1/asinh(x),PPP,PPP_1/asinh(x),pp1850_atp_ppp_pf3,2010,-294.796036315303,16426820099
R10NORTH_AM,PP1850adjATP,1/asinh(x),PPP,PPP_1/asinh(x),pp1850_atp_ppp_pf3,2011,-300.8900431352126,16081673835
R10NORTH_AM,PP1850adjATP,1/asinh(x),PPP,PPP_1/asinh(x),pp1850_atp_ppp_pf3,2012,-306.8590182295034,15733473691
R10NORTH_AM,PP1850adjATP,1/asinh(x),PPP,PPP_1/asinh(x),pp1850_atp_ppp_pf3,2013,-312.6300061903186,15382130487
R10NORTH_AM,PP1850adjATP,1/asinh(x),PPP,PPP_1/asinh(x),pp1850_atp_ppp_pf3,2014,-318.5487423137549,15027691623
R10NORTH_AM,PP1850adjATP,1/asinh(x),PPP,PPP_1/asinh(x),pp1850_atp_ppp_pf3,2015,-324.5219475387206,14670253055
R10NORTH_AM,PP1850adjATP,1/asinh(x),PPP,PPP_1/asinh(x),pp1850_atp_ppp_pf3,2016,-330.3592506438083,14309913159
R10NORTH_AM,PP1850adjATP,1/asinh(x),PPP,PPP_1/asinh(x),pp1850_atp_ppp_pf3,2017,-336.06244287197825,13946589419
R10NORTH_AM,PP1850adjATP,1/asinh(x),PPP,PPP_1/asinh(x),pp1850_atp_ppp_pf3,2018,-341.73730529428735,13580243843
R10NORTH_AM,PP1850adjATP,1/asinh(x),PPP,PPP_1/asinh(x),pp1850_atp_ppp_pf3,2019,-347.5869103824101,13211068551
R10NORTH_AM,PP1850adjATP,1/asinh(x),PPP,PPP_1/asinh(x),pp1850_atp_ppp_pf3,2020,-353.32086031301765,12839226287
R10NORTH_AM,PP1850adjATP,1/sqrt(x),PPP,PPP_1/sqrt(x),pp1850_atp_ppp_pf2,1991,-206.47420034451716,22355774649
R10NORTH_AM,PP1850adjATP,1/sqrt(x),PPP,PPP_1/sqrt(x),pp1850_atp_ppp_pf2,1992,-211.85732639607122,22076198695
R10NORTH_AM,PP1850adjATP,1/sqrt(x),PPP,PPP_1/sqrt(x),pp1850_atp_ppp_pf2,1993,-217.40270403361362,21792675723
R10NORTH_AM,PP1850adjATP,1/sqrt(x),PPP,PPP_1/sqrt(x),pp1850_atp_ppp_pf2,1994,-223.03992437608386,21505227795
R10NORTH_AM,PP1850adjATP,1/sqrt(x),PPP,PPP_1/sqrt(x),pp1850_atp_ppp_pf2,1995,-228.80554780550534,21213973021
R10NORTH_AM,PP1850adjATP,1/sqrt(x),PPP,PPP_1/sqrt(x),pp1850_atp_ppp_pf2,1996,-234.62190902628512,20919023031
R10NORTH_AM,PP1850adjATP,1/sqrt(x),PPP,PPP_1/sqrt(x),pp1850_atp_ppp_pf2,1997,-240.63529996486946,20620444823
R10NORTH_AM,PP1850adjATP,1/sqrt(x),PPP,PPP_1/sqrt(x),pp1850_atp_ppp_pf2,1998,-246.76462372574872,20318166647
R10NORTH_AM,PP1850adjATP,1/sqrt(x),PPP,PPP_1/sqrt(x),pp1850_atp_ppp_pf2,1999,-252.9773593474501,20012186823
R10NORTH_AM,PP1850adjATP,1/sqrt(x),PPP,PPP_1/sqrt(x),pp1850_atp_ppp_pf2,2000,-259.2848533661984,19702605479
R10NORTH_AM,PP1850adjATP,1/sqrt(x),PPP,PPP_1/sqrt(x),pp1850_atp_ppp_pf2,2001,-265.82587222174345,19389523603
R10NORTH_AM,PP1850adjATP,1/sqrt(x),PPP,PPP_1/sqrt(x),pp1850_atp_ppp_pf2,2002,-272.2299460640008,19073050339
R10NORTH_AM,PP1850adjATP,1/sqrt(x),PPP,PPP_1/sqrt(x),pp1850_atp_ppp_pf2,2003,-278.6637140809744,18753377699
R10NORTH_AM,PP1850adjATP,1/sqrt(x),PPP,PPP_1/sqrt(x),pp1850_atp_ppp_pf2,2004,-285.16605436084706,18430648419
R10NORTH_AM,PP1850adjATP,1/sqrt(x),PPP,PPP_1/sqrt(x),pp1850_atp_ppp_pf2,2005,-291.7507972473671,18104788877
R10NORTH_AM,PP1850adjATP,1/sqrt(x),PPP,PPP_1/sqrt(x),pp1850_atp_ppp_pf2,2006,-298.3334670004573,17775730307
R10NORTH_AM,PP1850adjATP,1/sqrt(x),PPP,PPP_1/sqrt(x),pp1850_atp_ppp_pf2,2007,-304.8026340658956,17443445355
R10NORTH_AM,PP1850adjATP,1/sqrt(x),PPP,PPP_1/sqrt(x),pp1850_atp_ppp_pf2,2008,-311.34429088537655,17107839505
R10NORTH_AM,PP1850adjATP,1/sqrt(x),PPP,PPP_1/sqrt(x),pp1850_atp_ppp_pf2,2009,-317.6379066740774,16768926051
R10NORTH_AM,PP1850adjATP,1/sqrt(x),PPP,PPP_1/sqrt(x),pp1850_atp_ppp_pf2,2010,-323.4370864313638,16426820099
R10NORTH_AM,PP1850adjATP,1/sqrt(x),PPP,PPP_1/sqrt(x),pp1850_atp_ppp_pf2,2011,-329.4394365635044,16081673835
R10NORTH_AM,PP1850adjATP,1/sqrt(x),PPP,PPP_1/sqrt(x),pp1850_atp_ppp_pf2,2012,-335.313296832729,15733473691
R10NORTH_AM,PP1850adjATP,1/sqrt(x),PPP,PPP_1/sqrt(x),pp1850_atp_ppp_pf2,2013,-340.98920159304714,15382130487
R10NORTH_AM,PP1850adjATP,1/sqrt(x),PPP,PPP_1/sqrt(x),pp1850_atp_ppp_pf2,2014,-346.8165410600597,15027691623
R10NORTH_AM,PP1850adjATP,1/sqrt(x),PPP,PPP_1/sqrt(x),pp1850_atp_ppp_pf2,2015,-352.70110261052326,14670253055
R10NORTH_AM,PP1850adjATP,1/sqrt(x),PPP,PPP_1/sqrt(x),pp1850_atp_ppp_pf2,2016,-358.4551521029174,14309913159
R10NORTH_AM,PP1850adjATP,1/sqrt(x),PPP,PPP_1/sqrt(x),pp1850_atp_ppp_pf2,2017,-364.0729738883332,13946589419
R10NORTH_AM,PP1850adjATP,1/sqrt(x),PPP,PPP_1/sqrt(x),pp1850_atp_ppp_pf2,2018,-369.6650445758815,13580243843
R10NORTH_AM,PP1850adjATP,1/sqrt(x),PPP,PPP_1/sqrt(x),pp1850_atp_ppp_pf2,2019,-375.4298854727642,13211068551
R10NORTH_AM,PP1850adjATP,1/sqrt(x),PPP,PPP_1/sqrt(x),pp1850_atp_ppp_pf2,2020,-381.0747358428202,12839226287
R10NORTH_AM,PP1850adjATP,1/x,PPP,PPP_1/x,pp1850_atp_ppp_pf1,1991,-219.42069811776008,22355774649
R10NORTH_AM,PP1850adjATP,1/x,PPP,PPP_1/x,pp1850_atp_ppp_pf1,1992,-224.87489115917356,22076198695
R10NORTH_AM,PP1850adjATP,1/x,PPP,PPP_1/x,pp1850_atp_ppp_pf1,1993,-230.4725861582203,21792675723
R10NORTH_AM,PP1850adjATP,1/x,PPP,PPP_1/x,pp1850_atp_ppp_pf1,1994,-236.15922257731492,21505227795
R10NORTH_AM,PP1850adjATP,1/x,PPP,PPP_1/x,pp1850_atp_ppp_pf1,1995,-241.96467173741402,21213973021
R10NORTH_AM,PP1850adjATP,1/x,PPP,PPP_1/x,pp1850_atp_ppp_pf1,1996,-247.83280324133773,20919023031
R10NORTH_AM,PP1850adjATP,1/x,PPP,PPP_1/x,pp1850_atp_ppp_pf1,1997,-253.900572066719,20620444823
R10NORTH_AM,PP1850adjATP,1/x,PPP,PPP_1/x,pp1850_atp_ppp_pf1,1998,-260.073022148911,20318166647
R10NORTH_AM,PP1850adjATP,1/x,PPP,PPP_1/x,pp1850_atp_ppp_pf1,1999,-266.3135052312054,20012186823
R10NORTH_AM,PP1850adjATP,1/x,PPP,PPP_1/x,pp1850_atp_ppp_pf1,2000,-272.64362946579735,19702605479
R10NORTH_AM,PP1850adjATP,1/x,PPP,PPP_1/x,pp1850_atp_ppp_pf1,2001,-279.20783173361554,19389523603
R10NORTH_AM,PP1850adjATP,1/x,PPP,PPP_1/x,pp1850_atp_ppp_pf1,2002,-285.6473462245062,19073050339
R10NORTH_AM,PP1850adjATP,1/x,PPP,PPP_1/x,pp1850_atp_ppp_pf1,2003,-292.12445143743537,18753377699
R10NORTH_AM,PP1850adjATP,1/x,PPP,PPP_1/x,pp1850_atp_ppp_pf1,2004,-298.6773831488457,18430648419
R10NORTH_AM,PP1850adjATP,1/x,PPP,PPP_1/x,pp1850_atp_ppp_pf1,2005,-305.3213660632614,18104788877
R10NORTH_AM,PP1850adjATP,1/x,PPP,PPP_1/x,pp1850_atp_ppp_pf1,2006,-311.970786387127,17775730307
R10NORTH_AM,PP1850adjATP,1/x,PPP,PPP_1/x,pp1850_atp_ppp_pf1,2007,-318.5208383657106,17443445355
R10NORTH_AM,PP1850adjATP,1/x,PPP,PPP_1/x,pp1850_atp_ppp_pf1,2008,-325.1580838621119,17107839505
R10NORTH_AM,PP1850adjATP,1/x,PPP,PPP_1/x,pp1850_atp_ppp_pf1,2009,-331.55411425121974,16768926051
R10NORTH_AM,PP1850adjATP,1/x,PPP,PPP_1/x,pp1850_atp_ppp_pf1,2010,-337.46588561196063,16426820099
R10NORTH_AM,PP1850adjATP,1/x,PPP,PPP_1/x,pp1850_atp_ppp_pf1,2011,-343.58316457103746,16081673835
R10NORTH_AM,PP1850adjATP,1/x,PPP,PPP_1/x,pp1850_atp_ppp_pf1,2012,-349.57250952926086,15733473691
R10NORTH_AM,PP1850adjATP,1/x,PPP,PPP_1/x,pp1850_atp_ppp_pf1,2013,-355.36182270303135,15382130487
R10NORTH_AM,PP1850adjATP,1/x,PPP,PPP_1/x,pp1850_atp_ppp_pf1,2014,-361.29488992924126,15027691623
R10NORTH_AM,PP1850adjATP,1/x,PPP,PPP_1/x,pp1850_atp_ppp_pf1,2015,-367.27350021144554,14670253055
R10NORTH_AM,PP1850adjATP,1/x,PPP,PPP_1/x,pp1850_atp_ppp_pf1,2016,-373.10897553288453,14309913159
R10NORTH_AM,PP1850adjATP,1/x,PPP,PPP_1/x,pp1850_atp_ppp_pf1,2017,-378.80475104461266,13946589419
R10NORTH_AM,PP1850adjATP,1/x,PPP,PPP_1/x,pp1850_atp_ppp_pf1,2018,-384.4713616591835,13580243843
R10NORTH_AM,PP1850adjATP,1/x,PPP,PPP_1/x,pp1850_atp_ppp_pf1,2019,-390.31205450281294,13211068551
R10NORTH_AM,PP1850adjATP,1/x,PPP,PPP_1/x,pp1850_atp_ppp_pf1,2020,-396.03285872003715,12839226287
R10PAC_OECD,PP2015,NA,NA,NA,pp2015,1991,9.188815631892195,9169934969
R10PAC_OECD,PP2015,NA,NA,NA,pp2015,1992,9.188815631892195,9025108279
R10PAC_OECD,PP2015,NA,NA,NA,pp2015,1993,9.188815631892195,8879668515
R10PAC_OECD,PP2015,NA,NA,NA,pp2015,1994,9.188815631892195,8733683686
R10PAC_OECD,PP2015,NA,NA,NA,pp2015,1995,9.188815631892195,8587138023
R10PAC_OECD,PP2015,NA,NA,NA,pp2015,1996,9.188815631892195,8440027154
R10PAC_OECD,PP2015,NA,NA,NA,pp2015,1997,9.188815631892195,8292360620
R10PAC_OECD,PP2015,NA,NA,NA,pp2015,1998,9.188815631892195,8144146529
R10PAC_OECD,PP2015,NA,NA,NA,pp2015,1999,9.188815631892195,7995426424
R10PAC_OECD,PP2015,NA,NA,NA,pp2015,2000,9.188815631892195,7846236972
R10PAC_OECD,PP2015,NA,NA,NA,pp2015,2001,9.188815631892195,7696559874
R10PAC_OECD,PP2015,NA,NA,NA,pp2015,2002,9.188815631892195,7546356405
R10PAC_OECD,PP2015,NA,NA,NA,pp2015,2003,9.188815631892195,7395630237
R10PAC_OECD,PP2015,NA,NA,NA,pp2015,2004,9.188815631892195,7244408937
R10PAC_OECD,PP2015,NA,NA,NA,pp2015,2005,9.188815631892195,7092731174
R10PAC_OECD,PP2015,NA,NA,NA,pp2015,2006,9.188815631892195,6940628284
R10PAC_OECD,PP2015,NA,NA,NA,pp2015,2007,9.188815631892195,6788079098
R10PAC_OECD,PP2015,NA,NA,NA,pp2015,2008,9.188815631892195,6635020347
R10PAC_OECD,PP2015,NA,NA,NA,pp2015,2009,9.188815631892195,6481434604
R10PAC_OECD,PP2015,NA,NA,NA,pp2015,2010,9.188815631892195,6327353782
R10PAC_OECD,PP2015,NA,NA,NA,pp2015,2011,9.188815631892195,6172882839
R10PAC_OECD,PP2015,NA,NA,NA,pp2015,2012,9.188815631892195,6018137277
R10PAC_OECD,PP2015,NA,NA,NA,pp2015,2013,9.188815631892195,5863144032
R10PAC_OECD,PP2015,NA,NA,NA,pp2015,2014,9.188815631892195,5707902683
R10PAC_OECD,PP2015,NA,NA,NA,pp2015,2015,9.188815631892195,5552442179
R10PAC_OECD,PP2015,NA,NA,NA,pp2015,2016,7.527248004851747,5396780412
R10PAC_OECD,PP2015,NA,NA,NA,pp2015,2017,5.879188246724099,5240922762
R10PAC_OECD,PP2015,NA,NA,NA,pp2015,2018,4.241852548156001,5084923709
R10PAC_OECD,PP2015,NA,NA,NA,pp2015,2019,2.647969561534995,4928850081
R10PAC_OECD,PP2015,NA,NA,NA,pp2015,2020,1.089606179661669,4772742200
R10PAC_OECD,PP1990,NA,NA,NA,pp1990,1991,22.812422415740606,9169934969
R10PAC_OECD,PP1990,NA,NA,NA,pp1990,1992,21.336735411182197,9025108279
R10PAC_OECD,PP1990,NA,NA,NA,pp1990,1993,19.844279739050297,8879668515
R10PAC_OECD,PP1990,NA,NA,NA,pp1990,1994,18.354875378856274,8733683686
R10PAC_OECD,PP1990,NA,NA,NA,pp1990,1995,16.805445553465724,8587138023
R10PAC_OECD,PP1990,NA,NA,NA,pp1990,1996,15.232194487552874,8440027154
R10PAC_OECD,PP1990,NA,NA,NA,pp1990,1997,13.638244880368843,8292360620
R10PAC_OECD,PP1990,NA,NA,NA,pp1990,1998,12.041221307882687,8144146529
R10PAC_OECD,PP1990,NA,NA,NA,pp1990,1999,10.471683535444619,7995426424
R10PAC_OECD,PP1990,NA,NA,NA,pp1990,2000,8.854046212651461,7846236972
R10PAC_OECD,PP1990,NA,NA,NA,pp1990,2001,7.2068402428479805,7696559874
R10PAC_OECD,PP1990,NA,NA,NA,pp1990,2002,5.564321626555443,7546356405
R10PAC_OECD,PP1990,NA,NA,NA,pp1990,2003,3.887236638369809,7395630237
R10PAC_OECD,PP1990,NA,NA,NA,pp1990,2004,2.193029211175826,7244408937
R10PAC_OECD,PP1990,NA,NA,NA,pp1990,2005,0.49039594772484274,7092731174
R10PAC_OECD,PP1990,NA,NA,NA,pp1990,2006,-1.2246247709176035,6940628284
R10PAC_OECD,PP1990,NA,NA,NA,pp1990,2007,-2.9227440113284993,6788079098
R10PAC_OECD,PP1990,NA,NA,NA,pp1990,2008,-4.6629324952263875,6635020347
R10PAC_OECD,PP1990,NA,NA,NA,pp1990,2009,-6.337928979404523,6481434604
R10PAC_OECD,PP1990,NA,NA,NA,pp1990,2010,-7.944251477736346,6327353782
R10PAC_OECD,PP1990,NA,NA,NA,pp1990,2011,-9.60048610382605,6172882839
R10PAC_OECD,PP1990,NA,NA,NA,pp1990,2012,-11.30487868755654,6018137277
R10PAC_OECD,PP1990,NA,NA,NA,pp1990,2013,-13.054558761710098,5863144032
R10PAC_OECD,PP1990,NA,NA,NA,pp1990,2014,-14.805552470123052,5707902683
R10PAC_OECD,PP1990,NA,NA,NA,pp1990,2015,-16.499343604359527,5552442179
R10PAC_OECD,PP1990,NA,NA,NA,pp1990,2016,-18.16091123139997,5396780412
R10PAC_OECD,PP1990,NA,NA,NA,pp1990,2017,-19.80897098952762,5240922762
R10PAC_OECD,PP1990,NA,NA,NA,pp1990,2018,-21.446306688095717,5084923709
R10PAC_OECD,PP1990,NA,NA,NA,pp1990,2019,-23.040189674716718,4928850081
R10PAC_OECD,PP1990,NA,NA,NA,pp1990,2020,-24.598553056590042,4772742200
R10PAC_OECD,PP1850,NA,NA,NA,pp1850,1991,4.814725494930598,9169934969
R10PAC_OECD,PP1850,NA,NA,NA,pp1850,1992,3.3390384903721904,9025108279
R10PAC_OECD,PP1850,NA,NA,NA,pp1850,1993,1.8465828182402904,8879668515
R10PAC_OECD,PP1850,NA,NA,NA,pp1850,1994,0.3571784580462695,8733683686
R10PAC_OECD,PP1850,NA,NA,NA,pp1850,1995,-1.1922513673442825,8587138023
R10PAC_OECD,PP1850,NA,NA,NA,pp1850,1996,-2.765502433257133,8440027154
R10PAC_OECD,PP1850,NA,NA,NA,pp1850,1997,-4.359452040441164,8292360620
R10PAC_OECD,PP1850,NA,NA,NA,pp1850,1998,-5.956475612927319,8144146529
R10PAC_OECD,PP1850,NA,NA,NA,pp1850,1999,-7.526013385365388,7995426424
R10PAC_OECD,PP1850,NA,NA,NA,pp1850,2000,-9.143650708158546,7846236972
R10PAC_OECD,PP1850,NA,NA,NA,pp1850,2001,-10.790856677962026,7696559874
R10PAC_OECD,PP1850,NA,NA,NA,pp1850,2002,-12.433375294254564,7546356405
R10PAC_OECD,PP1850,NA,NA,NA,pp1850,2003,-14.110460282440197,7395630237
R10PAC_OECD,PP1850,NA,NA,NA,pp1850,2004,-15.804667709634181,7244408937
R10PAC_OECD,PP1850,NA,NA,NA,pp1850,2005,-17.507300973085165,7092731174
R10PAC_OECD,PP1850,NA,NA,NA,pp1850,2006,-19.22232169172761,6940628284
R10PAC_OECD,PP1850,NA,NA,NA,pp1850,2007,-20.920440932138504,6788079098
R10PAC_OECD,PP1850,NA,NA,NA,pp1850,2008,-22.660629416036393,6635020347
R10PAC_OECD,PP1850,NA,NA,NA,pp1850,2009,-24.33562590021453,6481434604
R10PAC_OECD,PP1850,NA,NA,NA,pp1850,2010,-25.94194839854635,6327353782
R10PAC_OECD,PP1850,NA,NA,NA,pp1850,2011,-27.598183024636057,6172882839
R10PAC_OECD,PP1850,NA,NA,NA,pp1850,2012,-29.302575608366546,6018137277
R10PAC_OECD,PP1850,NA,NA,NA,pp1850,2013,-31.052255682520105,5863144032
R10PAC_OECD,PP1850,NA,NA,NA,pp1850,2014,-32.80324939093306,5707902683
R10PAC_OECD,PP1850,NA,NA,NA,pp1850,2015,-34.49704052516953,5552442179
R10PAC_OECD,PP1850,NA,NA,NA,pp1850,2016,-36.15860815220998,5396780412
R10PAC_OECD,PP1850,NA,NA,NA,pp1850,2017,-37.80666791033762,5240922762
R10PAC_OECD,PP1850,NA,NA,NA,pp1850,2018,-39.44400360890572,5084923709
R10PAC_OECD,PP1850,NA,NA,NA,pp1850,2019,-41.03788659552672,4928850081
R10PAC_OECD,PP1850,NA,NA,NA,pp1850,2020,-42.59624997740005,4772742200
R10PAC_OECD,PP2015adjATP,1/asinh(x),MER,MER_1/asinh(x),pp2015_atp_mer_pf3,1991,6.224466359806106,9169934969
R10PAC_OECD,PP2015adjATP,1/asinh(x),MER,MER_1/asinh(x),pp2015_atp_mer_pf3,1992,6.185450719943725,9025108279
R10PAC_OECD,PP2015adjATP,1/asinh(x),MER,MER_1/asinh(x),pp2015_atp_mer_pf3,1993,6.1655226290608915,8879668515
R10PAC_OECD,PP2015adjATP,1/asinh(x),MER,MER_1/asinh(x),pp2015_atp_mer_pf3,1994,6.140541690016873,8733683686
R10PAC_OECD,PP2015adjATP,1/asinh(x),MER,MER_1/asinh(x),pp2015_atp_mer_pf3,1995,6.128468523877959,8587138023
R10PAC_OECD,PP2015adjATP,1/asinh(x),MER,MER_1/asinh(x),pp2015_atp_mer_pf3,1996,6.131612232081165,8440027154
R10PAC_OECD,PP2015adjATP,1/asinh(x),MER,MER_1/asinh(x),pp2015_atp_mer_pf3,1997,6.153391266403134,8292360620
R10PAC_OECD,PP2015adjATP,1/asinh(x),MER,MER_1/asinh(x),pp2015_atp_mer_pf3,1998,6.177311154325939,8144146529
R10PAC_OECD,PP2015adjATP,1/asinh(x),MER,MER_1/asinh(x),pp2015_atp_mer_pf3,1999,6.198961685187723,7995426424
R10PAC_OECD,PP2015adjATP,1/asinh(x),MER,MER_1/asinh(x),pp2015_atp_mer_pf3,2000,6.213543876700794,7846236972
R10PAC_OECD,PP2015adjATP,1/asinh(x),MER,MER_1/asinh(x),pp2015_atp_mer_pf3,2001,6.229314977285447,7696559874
R10PAC_OECD,PP2015adjATP,1/asinh(x),MER,MER_1/asinh(x),pp2015_atp_mer_pf3,2002,6.246770499680559,7546356405
R10PAC_OECD,PP2015adjATP,1/asinh(x),MER,MER_1/asinh(x),pp2015_atp_mer_pf3,2003,6.266396633416246,7395630237
R10PAC_OECD,PP2015adjATP,1/asinh(x),MER,MER_1/asinh(x),pp2015_atp_mer_pf3,2004,6.287539044579395,7244408937
R10PAC_OECD,PP2015adjATP,1/asinh(x),MER,MER_1/asinh(x),pp2015_atp_mer_pf3,2005,6.311528080195803,7092731174
R10PAC_OECD,PP2015adjATP,1/asinh(x),MER,MER_1/asinh(x),pp2015_atp_mer_pf3,2006,6.3426009744252925,6940628284
R10PAC_OECD,PP2015adjATP,1/asinh(x),MER,MER_1/asinh(x),pp2015_atp_mer_pf3,2007,6.382702827339697,6788079098
R10PAC_OECD,PP2015adjATP,1/asinh(x),MER,MER_1/asinh(x),pp2015_atp_mer_pf3,2008,6.432899653554758,6635020347
R10PAC_OECD,PP2015adjATP,1/asinh(x),MER,MER_1/asinh(x),pp2015_atp_mer_pf3,2009,6.483064675744938,6481434604
R10PAC_OECD,PP2015adjATP,1/asinh(x),MER,MER_1/asinh(x),pp2015_atp_mer_pf3,2010,6.527825436886382,6327353782
R10PAC_OECD,PP2015adjATP,1/asinh(x),MER,MER_1/asinh(x),pp2015_atp_mer_pf3,2011,6.574914543843126,6172882839
R10PAC_OECD,PP2015adjATP,1/asinh(x),MER,MER_1/asinh(x),pp2015_atp_mer_pf3,2012,6.621404487030732,6018137277
R10PAC_OECD,PP2015adjATP,1/asinh(x),MER,MER_1/asinh(x),pp2015_atp_mer_pf3,2013,6.662779362263006,5863144032
R10PAC_OECD,PP2015adjATP,1/asinh(x),MER,MER_1/asinh(x),pp2015_atp_mer_pf3,2014,6.70519481864518,5707902683
R10PAC_OECD,PP2015adjATP,1/asinh(x),MER,MER_1/asinh(x),pp2015_atp_mer_pf3,2015,6.7474091741350035,5552442179
R10PAC_OECD,PP2015adjATP,1/asinh(x),MER,MER_1/asinh(x),pp2015_atp_mer_pf3,2016,5.123291633596089,5396780412
R10PAC_OECD,PP2015adjATP,1/asinh(x),MER,MER_1/asinh(x),pp2015_atp_mer_pf3,2017,3.5086140423310144,5240922762
R10PAC_OECD,PP2015adjATP,1/asinh(x),MER,MER_1/asinh(x),pp2015_atp_mer_pf3,2018,1.9050443821881475,5084923709
R10PAC_OECD,PP2015adjATP,1/asinh(x),MER,MER_1/asinh(x),pp2015_atp_mer_pf3,2019,0.3427570758946031,4928850081
R10PAC_OECD,PP2015adjATP,1/asinh(x),MER,MER_1/asinh(x),pp2015_atp_mer_pf3,2020,-1.1863402914101022,4772742200
R10PAC_OECD,PP2015adjATP,1/sqrt(x),MER,MER_1/sqrt(x),pp2015_atp_mer_pf2,1991,1.4917697829372163,9169934969
R10PAC_OECD,PP2015adjATP,1/sqrt(x),MER,MER_1/sqrt(x),pp2015_atp_mer_pf2,1992,1.4469505873954973,9025108279
R10PAC_OECD,PP2015adjATP,1/sqrt(x),MER,MER_1/sqrt(x),pp2015_atp_mer_pf2,1993,1.4215928522258166,8879668515
R10PAC_OECD,PP2015adjATP,1/sqrt(x),MER,MER_1/sqrt(x),pp2015_atp_mer_pf2,1994,1.3916427151191244,8733683686
R10PAC_OECD,PP2015adjATP,1/sqrt(x),MER,MER_1/sqrt(x),pp2015_atp_mer_pf2,1995,1.371944182021613,8587138023
R10PAC_OECD,PP2015adjATP,1/sqrt(x),MER,MER_1/sqrt(x),pp2015_atp_mer_pf2,1996,1.3632898932253,8440027154
R10PAC_OECD,PP2015adjATP,1/sqrt(x),MER,MER_1/sqrt(x),pp2015_atp_mer_pf2,1997,1.3754521497213172,8292360620
R10PAC_OECD,PP2015adjATP,1/sqrt(x),MER,MER_1/sqrt(x),pp2015_atp_mer_pf2,1998,1.3922781402899078,8144146529
R10PAC_OECD,PP2015adjATP,1/sqrt(x),MER,MER_1/sqrt(x),pp2015_atp_mer_pf2,1999,1.4111301652838588,7995426424
R10PAC_OECD,PP2015adjATP,1/sqrt(x),MER,MER_1/sqrt(x),pp2015_atp_mer_pf2,2000,1.4224985881606445,7846236972
R10PAC_OECD,PP2015adjATP,1/sqrt(x),MER,MER_1/sqrt(x),pp2015_atp_mer_pf2,2001,1.4343781604038592,7696559874
R10PAC_OECD,PP2015adjATP,1/sqrt(x),MER,MER_1/sqrt(x),pp2015_atp_mer_pf2,2002,1.4500025326858057,7546356405
R10PAC_OECD,PP2015adjATP,1/sqrt(x),MER,MER_1/sqrt(x),pp2015_atp_mer_pf2,2003,1.467664272816847,7395630237
R10PAC_OECD,PP2015adjATP,1/sqrt(x),MER,MER_1/sqrt(x),pp2015_atp_mer_pf2,2004,1.4845421846471003,7244408937
R10PAC_OECD,PP2015adjATP,1/sqrt(x),MER,MER_1/sqrt(x),pp2015_atp_mer_pf2,2005,1.5013969968630947,7092731174
R10PAC_OECD,PP2015adjATP,1/sqrt(x),MER,MER_1/sqrt(x),pp2015_atp_mer_pf2,2006,1.5247444726373198,6940628284
R10PAC_OECD,PP2015adjATP,1/sqrt(x),MER,MER_1/sqrt(x),pp2015_atp_mer_pf2,2007,1.557705960036269,6788079098
R10PAC_OECD,PP2015adjATP,1/sqrt(x),MER,MER_1/sqrt(x),pp2015_atp_mer_pf2,2008,1.600753735128708,6635020347
R10PAC_OECD,PP2015adjATP,1/sqrt(x),MER,MER_1/sqrt(x),pp2015_atp_mer_pf2,2009,1.6432766031468906,6481434604
R10PAC_OECD,PP2015adjATP,1/sqrt(x),MER,MER_1/sqrt(x),pp2015_atp_mer_pf2,2010,1.6845450230660088,6327353782
R10PAC_OECD,PP2015adjATP,1/sqrt(x),MER,MER_1/sqrt(x),pp2015_atp_mer_pf2,2011,1.7273620443182105,6172882839
R10PAC_OECD,PP2015adjATP,1/sqrt(x),MER,MER_1/sqrt(x),pp2015_atp_mer_pf2,2012,1.7691427486780766,6018137277
R10PAC_OECD,PP2015adjATP,1/sqrt(x),MER,MER_1/sqrt(x),pp2015_atp_mer_pf2,2013,1.8069978727824754,5863144032
R10PAC_OECD,PP2015adjATP,1/sqrt(x),MER,MER_1/sqrt(x),pp2015_atp_mer_pf2,2014,1.8495285990400652,5707902683
R10PAC_OECD,PP2015adjATP,1/sqrt(x),MER,MER_1/sqrt(x),pp2015_atp_mer_pf2,2015,1.8948628088800936,5552442179
R10PAC_OECD,PP2015adjATP,1/sqrt(x),MER,MER_1/sqrt(x),pp2015_atp_mer_pf2,2016,0.2765936463791004,5396780412
R10PAC_OECD,PP2015adjATP,1/sqrt(x),MER,MER_1/sqrt(x),pp2015_atp_mer_pf2,2017,-1.3319830521958993,5240922762
R10PAC_OECD,PP2015adjATP,1/sqrt(x),MER,MER_1/sqrt(x),pp2015_atp_mer_pf2,2018,-2.928711621026999,5084923709
R10PAC_OECD,PP2015adjATP,1/sqrt(x),MER,MER_1/sqrt(x),pp2015_atp_mer_pf2,2019,-4.484299326727158,4928850081
R10PAC_OECD,PP2015adjATP,1/sqrt(x),MER,MER_1/sqrt(x),pp2015_atp_mer_pf2,2020,-6.006326531534394,4772742200
R10PAC_OECD,PP2015adjATP,1/x,MER,MER_1/x,pp2015_atp_mer_pf1,1991,0.18928434041362696,9169934969
R10PAC_OECD,PP2015adjATP,1/x,MER,MER_1/x,pp2015_atp_mer_pf1,1992,0.17964902457153706,9025108279
R10PAC_OECD,PP2015adjATP,1/x,MER,MER_1/x,pp2015_atp_mer_pf1,1993,0.17389821930471983,8879668515
R10PAC_OECD,PP2015adjATP,1/x,MER,MER_1/x,pp2015_atp_mer_pf1,1994,0.16764783888633694,8733683686
R10PAC_OECD,PP2015adjATP,1/x,MER,MER_1/x,pp2015_atp_mer_pf1,1995,0.16386430725829565,8587138023
R10PAC_OECD,PP2015adjATP,1/x,MER,MER_1/x,pp2015_atp_mer_pf1,1996,0.1623403149121841,8440027154
R10PAC_OECD,PP2015adjATP,1/x,MER,MER_1/x,pp2015_atp_mer_pf1,1997,0.1651972774204569,8292360620
R10PAC_OECD,PP2015adjATP,1/x,MER,MER_1/x,pp2015_atp_mer_pf1,1998,0.1688733974096557,8144146529
R10PAC_OECD,PP2015adjATP,1/x,MER,MER_1/x,pp2015_atp_mer_pf1,1999,0.17327447267764778,7995426424
R10PAC_OECD,PP2015adjATP,1/x,MER,MER_1/x,pp2015_atp_mer_pf1,2000,0.17599688301104574,7846236972
R10PAC_OECD,PP2015adjATP,1/x,MER,MER_1/x,pp2015_atp_mer_pf1,2001,0.17928871147232336,7696559874
R10PAC_OECD,PP2015adjATP,1/x,MER,MER_1/x,pp2015_atp_mer_pf1,2002,0.18300838614888743,7546356405
R10PAC_OECD,PP2015adjATP,1/x,MER,MER_1/x,pp2015_atp_mer_pf1,2003,0.18709149941750036,7395630237
R10PAC_OECD,PP2015adjATP,1/x,MER,MER_1/x,pp2015_atp_mer_pf1,2004,0.19088986489185442,7244408937
R10PAC_OECD,PP2015adjATP,1/x,MER,MER_1/x,pp2015_atp_mer_pf1,2005,0.19448875651419906,7092731174
R10PAC_OECD,PP2015adjATP,1/x,MER,MER_1/x,pp2015_atp_mer_pf1,2006,0.19970305008383818,6940628284
R10PAC_OECD,PP2015adjATP,1/x,MER,MER_1/x,pp2015_atp_mer_pf1,2007,0.20744227093340986,6788079098
R10PAC_OECD,PP2015adjATP,1/x,MER,MER_1/x,pp2015_atp_mer_pf1,2008,0.21796567163261812,6635020347
R10PAC_OECD,PP2015adjATP,1/x,MER,MER_1/x,pp2015_atp_mer_pf1,2009,0.2286858292442853,6481434604
R10PAC_OECD,PP2015adjATP,1/x,MER,MER_1/x,pp2015_atp_mer_pf1,2010,0.24011249622048467,6327353782
R10PAC_OECD,PP2015adjATP,1/x,MER,MER_1/x,pp2015_atp_mer_pf1,2011,0.25176793742010645,6172882839
R10PAC_OECD,PP2015adjATP,1/x,MER,MER_1/x,pp2015_atp_mer_pf1,2012,0.26318484438520956,6018137277
R10PAC_OECD,PP2015adjATP,1/x,MER,MER_1/x,pp2015_atp_mer_pf1,2013,0.2738637805473015,5863144032
R10PAC_OECD,PP2015adjATP,1/x,MER,MER_1/x,pp2015_atp_mer_pf1,2014,0.2862263115107419,5707902683
R10PAC_OECD,PP2015adjATP,1/x,MER,MER_1/x,pp2015_atp_mer_pf1,2015,0.30006330585168806,5552442179
R10PAC_OECD,PP2015adjATP,1/x,MER,MER_1/x,pp2015_atp_mer_pf1,2016,-1.3475073896620424,5396780412
R10PAC_OECD,PP2015adjATP,1/x,MER,MER_1/x,pp2015_atp_mer_pf1,2017,-2.9823058607722013,5240922762
R10PAC_OECD,PP2015adjATP,1/x,MER,MER_1/x,pp2015_atp_mer_pf1,2018,-4.6058121066121736,5084923709
R10PAC_OECD,PP2015adjATP,1/x,MER,MER_1/x,pp2015_atp_mer_pf1,2019,-6.186376955301554,4928850081
R10PAC_OECD,PP2015adjATP,1/x,MER,MER_1/x,pp2015_atp_mer_pf1,2020,-7.731769508852381,4772742200
R10PAC_OECD,PP2015adjATP,1/asinh(x),PPP,PPP_1/asinh(x),pp2015_atp_ppp_pf3,1991,7.303206995057276,9169934969
R10PAC_OECD,PP2015adjATP,1/asinh(x),PPP,PPP_1/asinh(x),pp2015_atp_ppp_pf3,1992,7.303942754826307,9025108279
R10PAC_OECD,PP2015adjATP,1/asinh(x),PPP,PPP_1/asinh(x),pp2015_atp_ppp_pf3,1993,7.313918167710378,8879668515
R10PAC_OECD,PP2015adjATP,1/asinh(x),PPP,PPP_1/asinh(x),pp2015_atp_ppp_pf3,1994,7.327022186610241,8733683686
R10PAC_OECD,PP2015adjATP,1/asinh(x),PPP,PPP_1/asinh(x),pp2015_atp_ppp_pf3,1995,7.339965883497557,8587138023
R10PAC_OECD,PP2015adjATP,1/asinh(x),PPP,PPP_1/asinh(x),pp2015_atp_ppp_pf3,1996,7.353039490326837,8440027154
R10PAC_OECD,PP2015adjATP,1/asinh(x),PPP,PPP_1/asinh(x),pp2015_atp_ppp_pf3,1997,7.366125712127595,8292360620
R10PAC_OECD,PP2015adjATP,1/asinh(x),PPP,PPP_1/asinh(x),pp2015_atp_ppp_pf3,1998,7.379206673566124,8144146529
R10PAC_OECD,PP2015adjATP,1/asinh(x),PPP,PPP_1/asinh(x),pp2015_atp_ppp_pf3,1999,7.391965360164926,7995426424
R10PAC_OECD,PP2015adjATP,1/asinh(x),PPP,PPP_1/asinh(x),pp2015_atp_ppp_pf3,2000,7.405651555087588,7846236972
R10PAC_OECD,PP2015adjATP,1/asinh(x),PPP,PPP_1/asinh(x),pp2015_atp_ppp_pf3,2001,7.418198946949613,7696559874
R10PAC_OECD,PP2015adjATP,1/asinh(x),PPP,PPP_1/asinh(x),pp2015_atp_ppp_pf3,2002,7.431366012020791,7546356405
R10PAC_OECD,PP2015adjATP,1/asinh(x),PPP,PPP_1/asinh(x),pp2015_atp_ppp_pf3,2003,7.444464631581834,7395630237
R10PAC_OECD,PP2015adjATP,1/asinh(x),PPP,PPP_1/asinh(x),pp2015_atp_ppp_pf3,2004,7.458861906385797,7244408937
R10PAC_OECD,PP2015adjATP,1/asinh(x),PPP,PPP_1/asinh(x),pp2015_atp_ppp_pf3,2005,7.475322226795494,7092731174
R10PAC_OECD,PP2015adjATP,1/asinh(x),PPP,PPP_1/asinh(x),pp2015_atp_ppp_pf3,2006,7.4941053580988655,6940628284
R10PAC_OECD,PP2015adjATP,1/asinh(x),PPP,PPP_1/asinh(x),pp2015_atp_ppp_pf3,2007,7.515121663618154,6788079098
R10PAC_OECD,PP2015adjATP,1/asinh(x),PPP,PPP_1/asinh(x),pp2015_atp_ppp_pf3,2008,7.537863786228446,6635020347
R10PAC_OECD,PP2015adjATP,1/asinh(x),PPP,PPP_1/asinh(x),pp2015_atp_ppp_pf3,2009,7.561152309358024,6481434604
R10PAC_OECD,PP2015adjATP,1/asinh(x),PPP,PPP_1/asinh(x),pp2015_atp_ppp_pf3,2010,7.584600548698237,6327353782
R10PAC_OECD,PP2015adjATP,1/asinh(x),PPP,PPP_1/asinh(x),pp2015_atp_ppp_pf3,2011,7.608325800337166,6172882839
R10PAC_OECD,PP2015adjATP,1/asinh(x),PPP,PPP_1/asinh(x),pp2015_atp_ppp_pf3,2012,7.631852777002582,6018137277
R10PAC_OECD,PP2015adjATP,1/asinh(x),PPP,PPP_1/asinh(x),pp2015_atp_ppp_pf3,2013,7.654701977985165,5863144032
R10PAC_OECD,PP2015adjATP,1/asinh(x),PPP,PPP_1/asinh(x),pp2015_atp_ppp_pf3,2014,7.675396006396068,5707902683
R10PAC_OECD,PP2015adjATP,1/asinh(x),PPP,PPP_1/asinh(x),pp2015_atp_ppp_pf3,2015,7.695852495419832,5552442179
R10PAC_OECD,PP2015adjATP,1/asinh(x),PPP,PPP_1/asinh(x),pp2015_atp_ppp_pf3,2016,6.052962968489878,5396780412
R10PAC_OECD,PP2015adjATP,1/asinh(x),PPP,PPP_1/asinh(x),pp2015_atp_ppp_pf3,2017,4.423855814312394,5240922762
R10PAC_OECD,PP2015adjATP,1/asinh(x),PPP,PPP_1/asinh(x),pp2015_atp_ppp_pf3,2018,2.805254632020441,5084923709
R10PAC_OECD,PP2015adjATP,1/asinh(x),PPP,PPP_1/asinh(x),pp2015_atp_ppp_pf3,2019,1.2310720538920745,4928850081
R10PAC_OECD,PP2015adjATP,1/asinh(x),PPP,PPP_1/asinh(x),pp2015_atp_ppp_pf3,2020,-0.30720734498073504,4772742200
R10PAC_OECD,PP2015adjATP,1/sqrt(x),PPP,PPP_1/sqrt(x),pp2015_atp_ppp_pf2,1991,2.91162389503431,9169934969
R10PAC_OECD,PP2015adjATP,1/sqrt(x),PPP,PPP_1/sqrt(x),pp2015_atp_ppp_pf2,1992,2.90480761317084,9025108279
R10PAC_OECD,PP2015adjATP,1/sqrt(x),PPP,PPP_1/sqrt(x),pp2015_atp_ppp_pf2,1993,2.9167051547269,8879668515
R10PAC_OECD,PP2015adjATP,1/sqrt(x),PPP,PPP_1/sqrt(x),pp2015_atp_ppp_pf2,1994,2.9356350503353914,8733683686
R10PAC_OECD,PP2015adjATP,1/sqrt(x),PPP,PPP_1/sqrt(x),pp2015_atp_ppp_pf2,1995,2.953776056405954,8587138023
R10PAC_OECD,PP2015adjATP,1/sqrt(x),PPP,PPP_1/sqrt(x),pp2015_atp_ppp_pf2,1996,2.9717129031567366,8440027154
R10PAC_OECD,PP2015adjATP,1/sqrt(x),PPP,PPP_1/sqrt(x),pp2015_atp_ppp_pf2,1997,2.989268292502812,8292360620
R10PAC_OECD,PP2015adjATP,1/sqrt(x),PPP,PPP_1/sqrt(x),pp2015_atp_ppp_pf2,1998,3.0068079771684832,8144146529
R10PAC_OECD,PP2015adjATP,1/sqrt(x),PPP,PPP_1/sqrt(x),pp2015_atp_ppp_pf2,1999,3.0250774794251507,7995426424
R10PAC_OECD,PP2015adjATP,1/sqrt(x),PPP,PPP_1/sqrt(x),pp2015_atp_ppp_pf2,2000,3.0455486785438897,7846236972
R10PAC_OECD,PP2015adjATP,1/sqrt(x),PPP,PPP_1/sqrt(x),pp2015_atp_ppp_pf2,2001,3.062699496934553,7696559874
R10PAC_OECD,PP2015adjATP,1/sqrt(x),PPP,PPP_1/sqrt(x),pp2015_atp_ppp_pf2,2002,3.0814645509529295,7546356405
R10PAC_OECD,PP2015adjATP,1/sqrt(x),PPP,PPP_1/sqrt(x),pp2015_atp_ppp_pf2,2003,3.100240734761976,7395630237
R10PAC_OECD,PP2015adjATP,1/sqrt(x),PPP,PPP_1/sqrt(x),pp2015_atp_ppp_pf2,2004,3.1216630804946077,7244408937
R10PAC_OECD,PP2015adjATP,1/sqrt(x),PPP,PPP_1/sqrt(x),pp2015_atp_ppp_pf2,2005,3.146672116367372,7092731174
R10PAC_OECD,PP2015adjATP,1/sqrt(x),PPP,PPP_1/sqrt(x),pp2015_atp_ppp_pf2,2006,3.176310173383152,6940628284
R10PAC_OECD,PP2015adjATP,1/sqrt(x),PPP,PPP_1/sqrt(x),pp2015_atp_ppp_pf2,2007,3.210074208515919,6788079098
R10PAC_OECD,PP2015adjATP,1/sqrt(x),PPP,PPP_1/sqrt(x),pp2015_atp_ppp_pf2,2008,3.2474313658663725,6635020347
R10PAC_OECD,PP2015adjATP,1/sqrt(x),PPP,PPP_1/sqrt(x),pp2015_atp_ppp_pf2,2009,3.2868910857979277,6481434604
R10PAC_OECD,PP2015adjATP,1/sqrt(x),PPP,PPP_1/sqrt(x),pp2015_atp_ppp_pf2,2010,3.328859119685335,6327353782
R10PAC_OECD,PP2015adjATP,1/sqrt(x),PPP,PPP_1/sqrt(x),pp2015_atp_ppp_pf2,2011,3.3719406721190537,6172882839
R10PAC_OECD,PP2015adjATP,1/sqrt(x),PPP,PPP_1/sqrt(x),pp2015_atp_ppp_pf2,2012,3.41508554934482,6018137277
R10PAC_OECD,PP2015adjATP,1/sqrt(x),PPP,PPP_1/sqrt(x),pp2015_atp_ppp_pf2,2013,3.4573577208901645,5863144032
R10PAC_OECD,PP2015adjATP,1/sqrt(x),PPP,PPP_1/sqrt(x),pp2015_atp_ppp_pf2,2014,3.495393200243326,5707902683
R10PAC_OECD,PP2015adjATP,1/sqrt(x),PPP,PPP_1/sqrt(x),pp2015_atp_ppp_pf2,2015,3.5344064263965684,5552442179
R10PAC_OECD,PP2015adjATP,1/sqrt(x),PPP,PPP_1/sqrt(x),pp2015_atp_ppp_pf2,2016,1.909175363806044,5396780412
R10PAC_OECD,PP2015adjATP,1/sqrt(x),PPP,PPP_1/sqrt(x),pp2015_atp_ppp_pf2,2017,0.2991540293597674,5240922762
R10PAC_OECD,PP2015adjATP,1/sqrt(x),PPP,PPP_1/sqrt(x),pp2015_atp_ppp_pf2,2018,-1.3002385869551354,5084923709
R10PAC_OECD,PP2015adjATP,1/sqrt(x),PPP,PPP_1/sqrt(x),pp2015_atp_ppp_pf2,2019,-2.853543184706192,4928850081
R10PAC_OECD,PP2015adjATP,1/sqrt(x),PPP,PPP_1/sqrt(x),pp2015_atp_ppp_pf2,2020,-4.369763300068295,4772742200
R10PAC_OECD,PP2015adjATP,1/x,PPP,PPP_1/x,pp2015_atp_ppp_pf1,1991,0.7612657755335707,9169934969
R10PAC_OECD,PP2015adjATP,1/x,PPP,PPP_1/x,pp2015_atp_ppp_pf1,1992,0.7575945889269671,9025108279
R10PAC_OECD,PP2015adjATP,1/x,PPP,PPP_1/x,pp2015_atp_ppp_pf1,1993,0.7630954525136806,8879668515
R10PAC_OECD,PP2015adjATP,1/x,PPP,PPP_1/x,pp2015_atp_ppp_pf1,1994,0.7734497685491079,8733683686
R10PAC_OECD,PP2015adjATP,1/x,PPP,PPP_1/x,pp2015_atp_ppp_pf1,1995,0.7830067624254035,8587138023
R10PAC_OECD,PP2015adjATP,1/x,PPP,PPP_1/x,pp2015_atp_ppp_pf1,1996,0.7925631760281313,8440027154
R10PAC_OECD,PP2015adjATP,1/x,PPP,PPP_1/x,pp2015_atp_ppp_pf1,1997,0.8021587388610528,8292360620
R10PAC_OECD,PP2015adjATP,1/x,PPP,PPP_1/x,pp2015_atp_ppp_pf1,1998,0.8113518030983562,8144146529
R10PAC_OECD,PP2015adjATP,1/x,PPP,PPP_1/x,pp2015_atp_ppp_pf1,1999,0.8209063195786881,7995426424
R10PAC_OECD,PP2015adjATP,1/x,PPP,PPP_1/x,pp2015_atp_ppp_pf1,2000,0.8317234462083406,7846236972
R10PAC_OECD,PP2015adjATP,1/x,PPP,PPP_1/x,pp2015_atp_ppp_pf1,2001,0.8402930384871087,7696559874
R10PAC_OECD,PP2015adjATP,1/x,PPP,PPP_1/x,pp2015_atp_ppp_pf1,2002,0.8500180261250485,7546356405
R10PAC_OECD,PP2015adjATP,1/x,PPP,PPP_1/x,pp2015_atp_ppp_pf1,2003,0.8596368205472492,7395630237
R10PAC_OECD,PP2015adjATP,1/x,PPP,PPP_1/x,pp2015_atp_ppp_pf1,2004,0.8705536212690609,7244408937
R10PAC_OECD,PP2015adjATP,1/x,PPP,PPP_1/x,pp2015_atp_ppp_pf1,2005,0.8836076149382712,7092731174
R10PAC_OECD,PP2015adjATP,1/x,PPP,PPP_1/x,pp2015_atp_ppp_pf1,2006,0.8994836845724,6940628284
R10PAC_OECD,PP2015adjATP,1/x,PPP,PPP_1/x,pp2015_atp_ppp_pf1,2007,0.9176612495614356,6788079098
R10PAC_OECD,PP2015adjATP,1/x,PPP,PPP_1/x,pp2015_atp_ppp_pf1,2008,0.9379548237175855,6635020347
R10PAC_OECD,PP2015adjATP,1/x,PPP,PPP_1/x,pp2015_atp_ppp_pf1,2009,0.9597312584861172,6481434604
R10PAC_OECD,PP2015adjATP,1/x,PPP,PPP_1/x,pp2015_atp_ppp_pf1,2010,0.9834959203089112,6327353782
R10PAC_OECD,PP2015adjATP,1/x,PPP,PPP_1/x,pp2015_atp_ppp_pf1,2011,1.008245508969542,6172882839
R10PAC_OECD,PP2015adjATP,1/x,PPP,PPP_1/x,pp2015_atp_ppp_pf1,2012,1.0333418094792537,6018137277
R10PAC_OECD,PP2015adjATP,1/x,PPP,PPP_1/x,pp2015_atp_ppp_pf1,2013,1.0579710991960434,5863144032
R10PAC_OECD,PP2015adjATP,1/x,PPP,PPP_1/x,pp2015_atp_ppp_pf1,2014,1.0805304057715,5707902683
R10PAC_OECD,PP2015adjATP,1/x,PPP,PPP_1/x,pp2015_atp_ppp_pf1,2015,1.104989591468767,5552442179
R10PAC_OECD,PP2015adjATP,1/x,PPP,PPP_1/x,pp2015_atp_ppp_pf1,2016,-0.5328212945039936,5396780412
R10PAC_OECD,PP2015adjATP,1/x,PPP,PPP_1/x,pp2015_atp_ppp_pf1,2017,-2.1553442169904113,5240922762
R10PAC_OECD,PP2015adjATP,1/x,PPP,PPP_1/x,pp2015_atp_ppp_pf1,2018,-3.766975510427957,5084923709
R10PAC_OECD,PP2015adjATP,1/x,PPP,PPP_1/x,pp2015_atp_ppp_pf1,2019,-5.333354545976221,4928850081
R10PAC_OECD,PP2015adjATP,1/x,PPP,PPP_1/x,pp2015_atp_ppp_pf1,2020,-6.862610459343239,4772742200
R10PAC_OECD,PP1990adjATP,1/asinh(x),MER,MER_1/asinh(x),pp1990_atp_mer_pf3,1991,15.004816636543403,9169934969
R10PAC_OECD,PP1990adjATP,1/asinh(x),MER,MER_1/asinh(x),pp1990_atp_mer_pf3,1992,13.426743768672077,9025108279
R10PAC_OECD,PP1990adjATP,1/asinh(x),MER,MER_1/asinh(x),pp1990_atp_mer_pf3,1993,11.883832462579408,8879668515
R10PAC_OECD,PP1990adjATP,1/asinh(x),MER,MER_1/asinh(x),pp1990_atp_mer_pf3,1994,10.329695756193907,8733683686
R10PAC_OECD,PP1990adjATP,1/asinh(x),MER,MER_1/asinh(x),pp1990_atp_mer_pf3,1995,8.751955196203676,8587138023
R10PAC_OECD,PP1990adjATP,1/asinh(x),MER,MER_1/asinh(x),pp1990_atp_mer_pf3,1996,7.191021097457631,8440027154
R10PAC_OECD,PP1990adjATP,1/asinh(x),MER,MER_1/asinh(x),pp1990_atp_mer_pf3,1997,5.659526180780036,8292360620
R10PAC_OECD,PP1990adjATP,1/asinh(x),MER,MER_1/asinh(x),pp1990_atp_mer_pf3,1998,4.1304758461708015,8144146529
R10PAC_OECD,PP1990adjATP,1/asinh(x),MER,MER_1/asinh(x),pp1990_atp_mer_pf3,1999,2.621443539014631,7995426424
R10PAC_OECD,PP1990adjATP,1/asinh(x),MER,MER_1/asinh(x),pp1990_atp_mer_pf3,2000,1.0444118059474878,7846236972
R10PAC_OECD,PP1990adjATP,1/asinh(x),MER,MER_1/asinh(x),pp1990_atp_mer_pf3,2001,-0.5602281981642884,7696559874
R10PAC_OECD,PP1990adjATP,1/asinh(x),MER,MER_1/asinh(x),pp1990_atp_mer_pf3,2002,-2.154590418182505,7546356405
R10PAC_OECD,PP1990adjATP,1/asinh(x),MER,MER_1/asinh(x),pp1990_atp_mer_pf3,2003,-3.7778357646346925,7395630237
R10PAC_OECD,PP1990adjATP,1/asinh(x),MER,MER_1/asinh(x),pp1990_atp_mer_pf3,2004,-5.413747901979795,7244408937
R10PAC_OECD,PP1990adjATP,1/asinh(x),MER,MER_1/asinh(x),pp1990_atp_mer_pf3,2005,-7.049978388372268,7092731174
R10PAC_OECD,PP1990adjATP,1/asinh(x),MER,MER_1/asinh(x),pp1990_atp_mer_pf3,2006,-8.67985931057183,6940628284
R10PAC_OECD,PP1990adjATP,1/asinh(x),MER,MER_1/asinh(x),pp1990_atp_mer_pf3,2007,-10.269073803068942,6788079098
R10PAC_OECD,PP1990adjATP,1/asinh(x),MER,MER_1/asinh(x),pp1990_atp_mer_pf3,2008,-11.87292912775235,6635020347
R10PAC_OECD,PP1990adjATP,1/asinh(x),MER,MER_1/asinh(x),pp1990_atp_mer_pf3,2009,-13.41114739371331,6481434604
R10PAC_OECD,PP1990adjATP,1/asinh(x),MER,MER_1/asinh(x),pp1990_atp_mer_pf3,2010,-14.896268313498076,6327353782
R10PAC_OECD,PP1990adjATP,1/asinh(x),MER,MER_1/asinh(x),pp1990_atp_mer_pf3,2011,-16.424554334832784,6172882839
R10PAC_OECD,PP1990adjATP,1/asinh(x),MER,MER_1/asinh(x),pp1990_atp_mer_pf3,2012,-18.001865835945598,6018137277
R10PAC_OECD,PP1990adjATP,1/asinh(x),MER,MER_1/asinh(x),pp1990_atp_mer_pf3,2013,-19.63821916440862,5863144032
R10PAC_OECD,PP1990adjATP,1/asinh(x),MER,MER_1/asinh(x),pp1990_atp_mer_pf3,2014,-21.273187601074262,5707902683
R10PAC_OECD,PP1990adjATP,1/asinh(x),MER,MER_1/asinh(x),pp1990_atp_mer_pf3,2015,-22.852357939330098,5552442179
R10PAC_OECD,PP1990adjATP,1/asinh(x),MER,MER_1/asinh(x),pp1990_atp_mer_pf3,2016,-24.412319211822595,5396780412
R10PAC_OECD,PP1990adjATP,1/asinh(x),MER,MER_1/asinh(x),pp1990_atp_mer_pf3,2017,-25.970320320859035,5240922762
R10PAC_OECD,PP1990adjATP,1/asinh(x),MER,MER_1/asinh(x),pp1990_atp_mer_pf3,2018,-27.516382263610083,5084923709
R10PAC_OECD,PP1990adjATP,1/asinh(x),MER,MER_1/asinh(x),pp1990_atp_mer_pf3,2019,-29.024515261411928,4928850081
R10PAC_OECD,PP1990adjATP,1/asinh(x),MER,MER_1/asinh(x),pp1990_atp_mer_pf3,2020,-30.50375484093539,4772742200
R10PAC_OECD,PP1990adjATP,1/sqrt(x),MER,MER_1/sqrt(x),pp1990_atp_mer_pf2,1991,2.4818148472021706,9169934969
R10PAC_OECD,PP1990adjATP,1/sqrt(x),MER,MER_1/sqrt(x),pp1990_atp_mer_pf2,1992,0.8866625195658188,9025108279
R10PAC_OECD,PP1990adjATP,1/sqrt(x),MER,MER_1/sqrt(x),pp1990_atp_mer_pf2,1993,-0.6722458783077138,8879668515
R10PAC_OECD,PP1990adjATP,1/sqrt(x),MER,MER_1/sqrt(x),pp1990_atp_mer_pf2,1994,-2.2413317850284784,8733683686
R10PAC_OECD,PP1990adjATP,1/sqrt(x),MER,MER_1/sqrt(x),pp1990_atp_mer_pf2,1995,-3.8408834686650875,8587138023
R10PAC_OECD,PP1990adjATP,1/sqrt(x),MER,MER_1/sqrt(x),pp1990_atp_mer_pf2,1996,-5.434135777883885,8440027154
R10PAC_OECD,PP1990adjATP,1/sqrt(x),MER,MER_1/sqrt(x),pp1990_atp_mer_pf2,1997,-6.991078945176456,8292360620
R10PAC_OECD,PP1990adjATP,1/sqrt(x),MER,MER_1/sqrt(x),pp1990_atp_mer_pf2,1998,-8.538353802651905,8144146529
R10PAC_OECD,PP1990adjATP,1/sqrt(x),MER,MER_1/sqrt(x),pp1990_atp_mer_pf2,1999,-10.054320466816195,7995426424
R10PAC_OECD,PP1990adjATP,1/sqrt(x),MER,MER_1/sqrt(x),pp1990_atp_mer_pf2,2000,-11.639609258580302,7846236972
R10PAC_OECD,PP1990adjATP,1/sqrt(x),MER,MER_1/sqrt(x),pp1990_atp_mer_pf2,2001,-13.254280635916462,7696559874
R10PAC_OECD,PP1990adjATP,1/sqrt(x),MER,MER_1/sqrt(x),pp1990_atp_mer_pf2,2002,-14.85315165035639,7546356405
R10PAC_OECD,PP1990adjATP,1/sqrt(x),MER,MER_1/sqrt(x),pp1990_atp_mer_pf2,2003,-16.481022875291657,7395630237
R10PAC_OECD,PP1990adjATP,1/sqrt(x),MER,MER_1/sqrt(x),pp1990_atp_mer_pf2,2004,-18.127419244915057,7244408937
R10PAC_OECD,PP1990adjATP,1/sqrt(x),MER,MER_1/sqrt(x),pp1990_atp_mer_pf2,2005,-19.781273961152685,7092731174
R10PAC_OECD,PP1990adjATP,1/sqrt(x),MER,MER_1/sqrt(x),pp1990_atp_mer_pf2,2006,-21.4298761721082,6940628284
R10PAC_OECD,PP1990adjATP,1/sqrt(x),MER,MER_1/sqrt(x),pp1990_atp_mer_pf2,2007,-23.035786744297663,6788079098
R10PAC_OECD,PP1990adjATP,1/sqrt(x),MER,MER_1/sqrt(x),pp1990_atp_mer_pf2,2008,-24.655632906285064,6635020347
R10PAC_OECD,PP1990adjATP,1/sqrt(x),MER,MER_1/sqrt(x),pp1990_atp_mer_pf2,2009,-26.21082795050015,6481434604
R10PAC_OECD,PP1990adjATP,1/sqrt(x),MER,MER_1/sqrt(x),pp1990_atp_mer_pf2,2010,-27.702382090191595,6327353782
R10PAC_OECD,PP1990adjATP,1/sqrt(x),MER,MER_1/sqrt(x),pp1990_atp_mer_pf2,2011,-29.238421904015098,6172882839
R10PAC_OECD,PP1990adjATP,1/sqrt(x),MER,MER_1/sqrt(x),pp1990_atp_mer_pf2,2012,-30.824177540222426,6018137277
R10PAC_OECD,PP1990adjATP,1/sqrt(x),MER,MER_1/sqrt(x),pp1990_atp_mer_pf2,2013,-32.465887042743006,5863144032
R10PAC_OECD,PP1990adjATP,1/sqrt(x),MER,MER_1/sqrt(x),pp1990_atp_mer_pf2,2014,-34.09624753577649,5707902683
R10PAC_OECD,PP1990adjATP,1/sqrt(x),MER,MER_1/sqrt(x),pp1990_atp_mer_pf2,2015,-35.66292794650578,5552442179
R10PAC_OECD,PP1990adjATP,1/sqrt(x),MER,MER_1/sqrt(x),pp1990_atp_mer_pf2,2016,-37.203483192703466,5396780412
R10PAC_OECD,PP1990adjATP,1/sqrt(x),MER,MER_1/sqrt(x),pp1990_atp_mer_pf2,2017,-38.74191591712641,5240922762
R10PAC_OECD,PP1990adjATP,1/sqrt(x),MER,MER_1/sqrt(x),pp1990_atp_mer_pf2,2018,-40.26613614158066,5084923709
R10PAC_OECD,PP1990adjATP,1/sqrt(x),MER,MER_1/sqrt(x),pp1990_atp_mer_pf2,2019,-41.752844617290464,4928850081
R10PAC_OECD,PP1990adjATP,1/sqrt(x),MER,MER_1/sqrt(x),pp1990_atp_mer_pf2,2020,-43.20995255385708,4772742200
R10PAC_OECD,PP1990adjATP,1/x,MER,MER_1/x,pp1990_atp_mer_pf1,1991,-0.9650237738839003,9169934969
R10PAC_OECD,PP1990adjATP,1/x,MER,MER_1/x,pp1990_atp_mer_pf1,1992,-2.4663236584947916,9025108279
R10PAC_OECD,PP1990adjATP,1/x,MER,MER_1/x,pp1990_atp_mer_pf1,1993,-3.973769295977694,8879668515
R10PAC_OECD,PP1990adjATP,1/x,MER,MER_1/x,pp1990_atp_mer_pf1,1994,-5.479722694963951,8733683686
R10PAC_OECD,PP1990adjATP,1/x,MER,MER_1/x,pp1990_atp_mer_pf1,1995,-7.038516440142996,8587138023
R10PAC_OECD,PP1990adjATP,1/x,MER,MER_1/x,pp1990_atp_mer_pf1,1996,-8.614965288647792,8440027154
R10PAC_OECD,PP1990adjATP,1/x,MER,MER_1/x,pp1990_atp_mer_pf1,1997,-10.2000610805303,8292360620
R10PAC_OECD,PP1990adjATP,1/x,MER,MER_1/x,pp1990_atp_mer_pf1,1998,-11.785964272889007,8144146529
R10PAC_OECD,PP1990adjATP,1/x,MER,MER_1/x,pp1990_atp_mer_pf1,1999,-13.342903301380368,7995426424
R10PAC_OECD,PP1990adjATP,1/x,MER,MER_1/x,pp1990_atp_mer_pf1,2000,-14.952666916368058,7846236972
R10PAC_OECD,PP1990adjATP,1/x,MER,MER_1/x,pp1990_atp_mer_pf1,2001,-16.590866341279522,7696559874
R10PAC_OECD,PP1990adjATP,1/x,MER,MER_1/x,pp1990_atp_mer_pf1,2002,-18.22288140020646,7546356405
R10PAC_OECD,PP1990adjATP,1/x,MER,MER_1/x,pp1990_atp_mer_pf1,2003,-19.88844801234287,7395630237
R10PAC_OECD,PP1990adjATP,1/x,MER,MER_1/x,pp1990_atp_mer_pf1,2004,-21.571672833776436,7244408937
R10PAC_OECD,PP1990adjATP,1/x,MER,MER_1/x,pp1990_atp_mer_pf1,2005,-23.263541929153938,7092731174
R10PAC_OECD,PP1990adjATP,1/x,MER,MER_1/x,pp1990_atp_mer_pf1,2006,-24.963355223160907,6940628284
R10PAC_OECD,PP1990adjATP,1/x,MER,MER_1/x,pp1990_atp_mer_pf1,2007,-26.639421313642625,6788079098
R10PAC_OECD,PP1990adjATP,1/x,MER,MER_1/x,pp1990_atp_mer_pf1,2008,-28.34966695108963,6635020347
R10PAC_OECD,PP1990adjATP,1/x,MER,MER_1/x,pp1990_atp_mer_pf1,2009,-29.99393167497189,6481434604
R10PAC_OECD,PP1990adjATP,1/x,MER,MER_1/x,pp1990_atp_mer_pf1,2010,-31.568043775105174,6327353782
R10PAC_OECD,PP1990adjATP,1/x,MER,MER_1/x,pp1990_atp_mer_pf1,2011,-33.190904855314265,6172882839
R10PAC_OECD,PP1990adjATP,1/x,MER,MER_1/x,pp1990_atp_mer_pf1,2012,-34.862138858064455,6018137277
R10PAC_OECD,PP1990adjATP,1/x,MER,MER_1/x,pp1990_atp_mer_pf1,2013,-36.58071890121299,5863144032
R10PAC_OECD,PP1990adjATP,1/x,MER,MER_1/x,pp1990_atp_mer_pf1,2014,-38.29595964310674,5707902683
R10PAC_OECD,PP1990adjATP,1/x,MER,MER_1/x,pp1990_atp_mer_pf1,2015,-39.95022655509965,5552442179
R10PAC_OECD,PP1990adjATP,1/x,MER,MER_1/x,pp1990_atp_mer_pf1,2016,-41.57197293273169,5396780412
R10PAC_OECD,PP1990adjATP,1/x,MER,MER_1/x,pp1990_atp_mer_pf1,2017,-43.18248057035686,5240922762
R10PAC_OECD,PP1990adjATP,1/x,MER,MER_1/x,pp1990_atp_mer_pf1,2018,-44.78047695825819,5084923709
R10PAC_OECD,PP1990adjATP,1/x,MER,MER_1/x,pp1990_atp_mer_pf1,2019,-46.33635135529305,4928850081
R10PAC_OECD,PP1990adjATP,1/x,MER,MER_1/x,pp1990_atp_mer_pf1,2020,-47.857834848898236,4772742200
R10PAC_OECD,PP1990adjATP,1/asinh(x),PPP,PPP_1/asinh(x),pp1990_atp_ppp_pf3,1991,17.862971594982945,9169934969
R10PAC_OECD,PP1990adjATP,1/asinh(x),PPP,PPP_1/asinh(x),pp1990_atp_ppp_pf3,1992,16.389944230267005,9025108279
R10PAC_OECD,PP1990adjATP,1/asinh(x),PPP,PPP_1/asinh(x),pp1990_atp_ppp_pf3,1993,14.925695068546698,8879668515
R10PAC_OECD,PP1990adjATP,1/asinh(x),PPP,PPP_1/asinh(x),pp1990_atp_ppp_pf3,1994,13.473676223618591,8733683686
R10PAC_OECD,PP1990adjATP,1/asinh(x),PPP,PPP_1/asinh(x),pp1990_atp_ppp_pf3,1995,11.961516096408072,8587138023
R10PAC_OECD,PP1990adjATP,1/asinh(x),PPP,PPP_1/asinh(x),pp1990_atp_ppp_pf3,1996,10.425352613593114,8440027154
R10PAC_OECD,PP1990adjATP,1/asinh(x),PPP,PPP_1/asinh(x),pp1990_atp_ppp_pf3,1997,8.8680814642344,8292360620
R10PAC_OECD,PP1990adjATP,1/asinh(x),PPP,PPP_1/asinh(x),pp1990_atp_ppp_pf3,1998,7.307683960554064,8144146529
R10PAC_OECD,PP1990adjATP,1/asinh(x),PPP,PPP_1/asinh(x),pp1990_atp_ppp_pf3,1999,5.773981298590243,7995426424
R10PAC_OECD,PP1990adjATP,1/asinh(x),PPP,PPP_1/asinh(x),pp1990_atp_ppp_pf3,2000,4.194691011505136,7846236972
R10PAC_OECD,PP1990adjATP,1/asinh(x),PPP,PPP_1/asinh(x),pp1990_atp_ppp_pf3,2001,2.582738427746375,7696559874
R10PAC_OECD,PP1990adjATP,1/asinh(x),PPP,PPP_1/asinh(x),pp1990_atp_ppp_pf3,2002,0.9770990015542411,7546356405
R10PAC_OECD,PP1990adjATP,1/asinh(x),PPP,PPP_1/asinh(x),pp1990_atp_ppp_pf3,2003,-0.663229183699207,7395630237
R10PAC_OECD,PP1990adjATP,1/asinh(x),PPP,PPP_1/asinh(x),pp1990_atp_ppp_pf3,2004,-2.3171828356521744,7244408937
R10PAC_OECD,PP1990adjATP,1/asinh(x),PPP,PPP_1/asinh(x),pp1990_atp_ppp_pf3,2005,-3.974286303008296,7092731174
R10PAC_OECD,PP1990adjATP,1/asinh(x),PPP,PPP_1/asinh(x),pp1990_atp_ppp_pf3,2006,-5.637707461493515,6940628284
R10PAC_OECD,PP1990adjATP,1/asinh(x),PPP,PPP_1/asinh(x),pp1990_atp_ppp_pf3,2007,-7.278158713324053,6788079098
R10PAC_OECD,PP1990adjATP,1/asinh(x),PPP,PPP_1/asinh(x),pp1990_atp_ppp_pf3,2008,-8.955960923768194,6635020347
R10PAC_OECD,PP1990adjATP,1/asinh(x),PPP,PPP_1/asinh(x),pp1990_atp_ppp_pf3,2009,-10.567129417303263,6481434604
R10PAC_OECD,PP1990adjATP,1/asinh(x),PPP,PPP_1/asinh(x),pp1990_atp_ppp_pf3,2010,-12.108973213225369,6327353782
R10PAC_OECD,PP1990adjATP,1/asinh(x),PPP,PPP_1/asinh(x),pp1990_atp_ppp_pf3,2011,-13.700434410554562,6172882839
R10PAC_OECD,PP1990adjATP,1/asinh(x),PPP,PPP_1/asinh(x),pp1990_atp_ppp_pf3,2012,-15.34049156517893,6018137277
R10PAC_OECD,PP1990adjATP,1/asinh(x),PPP,PPP_1/asinh(x),pp1990_atp_ppp_pf3,2013,-17.02771359310434,5863144032
R10PAC_OECD,PP1990adjATP,1/asinh(x),PPP,PPP_1/asinh(x),pp1990_atp_ppp_pf3,2014,-18.722029300331148,5707902683
R10PAC_OECD,PP1990adjATP,1/asinh(x),PPP,PPP_1/asinh(x),pp1990_atp_ppp_pf3,2015,-20.36008184493336,5552442179
R10PAC_OECD,PP1990adjATP,1/asinh(x),PPP,PPP_1/asinh(x),pp1990_atp_ppp_pf3,2016,-21.970986773990457,5396780412
R10PAC_OECD,PP1990adjATP,1/asinh(x),PPP,PPP_1/asinh(x),pp1990_atp_ppp_pf3,2017,-23.567689790078035,5240922762
R10PAC_OECD,PP1990adjATP,1/asinh(x),PPP,PPP_1/asinh(x),pp1990_atp_ppp_pf3,2018,-25.154280983837367,5084923709
R10PAC_OECD,PP1990adjATP,1/asinh(x),PPP,PPP_1/asinh(x),pp1990_atp_ppp_pf3,2019,-26.694849364271903,4928850081
R10PAC_OECD,PP1990adjATP,1/asinh(x),PPP,PPP_1/asinh(x),pp1990_atp_ppp_pf3,2020,-28.19885337720105,4772742200
R10PAC_OECD,PP1990adjATP,1/sqrt(x),PPP,PPP_1/sqrt(x),pp1990_atp_ppp_pf2,1991,6.270680280326204,9169934969
R10PAC_OECD,PP1990adjATP,1/sqrt(x),PPP,PPP_1/sqrt(x),pp1990_atp_ppp_pf2,1992,4.778405561946268,9025108279
R10PAC_OECD,PP1990adjATP,1/sqrt(x),PPP,PPP_1/sqrt(x),pp1990_atp_ppp_pf2,1993,3.3219616093759865,8879668515
R10PAC_OECD,PP1990adjATP,1/sqrt(x),PPP,PPP_1/sqrt(x),pp1990_atp_ppp_pf2,1994,1.8890876145996758,8733683686
R10PAC_OECD,PP1990adjATP,1/sqrt(x),PPP,PPP_1/sqrt(x),pp1990_atp_ppp_pf2,1995,0.39476913046862305,8587138023
R10PAC_OECD,PP1990adjATP,1/sqrt(x),PPP,PPP_1/sqrt(x),pp1990_atp_ppp_pf2,1996,-1.124979383124603,8440027154
R10PAC_OECD,PP1990adjATP,1/sqrt(x),PPP,PPP_1/sqrt(x),pp1990_atp_ppp_pf2,1997,-2.6672847712971706,8292360620
R10PAC_OECD,PP1990adjATP,1/sqrt(x),PPP,PPP_1/sqrt(x),pp1990_atp_ppp_pf2,1998,-4.212721526299365,8144146529
R10PAC_OECD,PP1990adjATP,1/sqrt(x),PPP,PPP_1/sqrt(x),pp1990_atp_ppp_pf2,1999,-5.728480709305888,7995426424
R10PAC_OECD,PP1990adjATP,1/sqrt(x),PPP,PPP_1/sqrt(x),pp1990_atp_ppp_pf2,2000,-7.286283052320668,7846236972
R10PAC_OECD,PP1990adjATP,1/sqrt(x),PPP,PPP_1/sqrt(x),pp1990_atp_ppp_pf2,2001,-8.882695373168282,7696559874
R10PAC_OECD,PP1990adjATP,1/sqrt(x),PPP,PPP_1/sqrt(x),pp1990_atp_ppp_pf2,2002,-10.470127972056453,7546356405
R10PAC_OECD,PP1990adjATP,1/sqrt(x),PPP,PPP_1/sqrt(x),pp1990_atp_ppp_pf2,2003,-12.091954473850802,7395630237
R10PAC_OECD,PP1990adjATP,1/sqrt(x),PPP,PPP_1/sqrt(x),pp1990_atp_ppp_pf2,2004,-13.723642817015296,7244408937
R10PAC_OECD,PP1990adjATP,1/sqrt(x),PPP,PPP_1/sqrt(x),pp1990_atp_ppp_pf2,2005,-15.354376220308161,7092731174
R10PAC_OECD,PP1990adjATP,1/sqrt(x),PPP,PPP_1/sqrt(x),pp1990_atp_ppp_pf2,2006,-16.985148201068366,6940628284
R10PAC_OECD,PP1990adjATP,1/sqrt(x),PPP,PPP_1/sqrt(x),pp1990_atp_ppp_pf2,2007,-18.587519613580227,6788079098
R10PAC_OECD,PP1990adjATP,1/sqrt(x),PPP,PPP_1/sqrt(x),pp1990_atp_ppp_pf2,2008,-20.22186448514837,6635020347
R10PAC_OECD,PP1990adjATP,1/sqrt(x),PPP,PPP_1/sqrt(x),pp1990_atp_ppp_pf2,2009,-21.785353719811013,6481434604
R10PAC_OECD,PP1990adjATP,1/sqrt(x),PPP,PPP_1/sqrt(x),pp1990_atp_ppp_pf2,2010,-23.272671058214378,6327353782
R10PAC_OECD,PP1990adjATP,1/sqrt(x),PPP,PPP_1/sqrt(x),pp1990_atp_ppp_pf2,2011,-24.80781919929512,6172882839
R10PAC_OECD,PP1990adjATP,1/sqrt(x),PPP,PPP_1/sqrt(x),pp1990_atp_ppp_pf2,2012,-26.390637083111255,6018137277
R10PAC_OECD,PP1990adjATP,1/sqrt(x),PPP,PPP_1/sqrt(x),pp1990_atp_ppp_pf2,2013,-28.02111050868266,5863144032
R10PAC_OECD,PP1990adjATP,1/sqrt(x),PPP,PPP_1/sqrt(x),pp1990_atp_ppp_pf2,2014,-29.66439232555242,5707902683
R10PAC_OECD,PP1990adjATP,1/sqrt(x),PPP,PPP_1/sqrt(x),pp1990_atp_ppp_pf2,2015,-31.24854504774811,5552442179
R10PAC_OECD,PP1990adjATP,1/sqrt(x),PPP,PPP_1/sqrt(x),pp1990_atp_ppp_pf2,2016,-32.808619002092215,5396780412
R10PAC_OECD,PP1990adjATP,1/sqrt(x),PPP,PPP_1/sqrt(x),pp1990_atp_ppp_pf2,2017,-34.35063343072113,5240922762
R10PAC_OECD,PP1990adjATP,1/sqrt(x),PPP,PPP_1/sqrt(x),pp1990_atp_ppp_pf2,2018,-35.882203412044916,5084923709
R10PAC_OECD,PP1990adjATP,1/sqrt(x),PPP,PPP_1/sqrt(x),pp1990_atp_ppp_pf2,2019,-37.363039743963945,4928850081
R10PAC_OECD,PP1990adjATP,1/sqrt(x),PPP,PPP_1/sqrt(x),pp1990_atp_ppp_pf2,2020,-38.804009986646484,4772742200
R10PAC_OECD,PP1990adjATP,1/x,PPP,PPP_1/x,pp1990_atp_ppp_pf1,1991,0.5649688224141605,9169934969
R10PAC_OECD,PP1990adjATP,1/x,PPP,PPP_1/x,pp1990_atp_ppp_pf1,1992,-0.9191630496602686,9025108279
R10PAC_OECD,PP1990adjATP,1/x,PPP,PPP_1/x,pp1990_atp_ppp_pf1,1993,-2.393445629360659,8879668515
R10PAC_OECD,PP1990adjATP,1/x,PPP,PPP_1/x,pp1990_atp_ppp_pf1,1994,-3.8509602930995275,8733683686
R10PAC_OECD,PP1990adjATP,1/x,PPP,PPP_1/x,pp1990_atp_ppp_pf1,1995,-5.370204422786713,8587138023
R10PAC_OECD,PP1990adjATP,1/x,PPP,PPP_1/x,pp1990_atp_ppp_pf1,1996,-6.913940968419863,8440027154
R10PAC_OECD,PP1990adjATP,1/x,PPP,PPP_1/x,pp1990_atp_ppp_pf1,1997,-8.478808702486337,8292360620
R10PAC_OECD,PP1990adjATP,1/x,PPP,PPP_1/x,pp1990_atp_ppp_pf1,1998,-10.047829889069163,8144146529
R10PAC_OECD,PP1990adjATP,1/x,PPP,PPP_1/x,pp1990_atp_ppp_pf1,1999,-11.588196801223926,7995426424
R10PAC_OECD,PP1990adjATP,1/x,PPP,PPP_1/x,pp1990_atp_ppp_pf1,2000,-13.173125246843181,7846236972
R10PAC_OECD,PP1990adjATP,1/x,PPP,PPP_1/x,pp1990_atp_ppp_pf1,2001,-14.793751782080806,7696559874
R10PAC_OECD,PP1990adjATP,1/x,PPP,PPP_1/x,pp1990_atp_ppp_pf1,2002,-16.406604571037903,7546356405
R10PAC_OECD,PP1990adjATP,1/x,PPP,PPP_1/x,pp1990_atp_ppp_pf1,2003,-18.05422845514949,7395630237
R10PAC_OECD,PP1990adjATP,1/x,PPP,PPP_1/x,pp1990_atp_ppp_pf1,2004,-19.715300593354872,7244408937
R10PAC_OECD,PP1990adjATP,1/x,PPP,PPP_1/x,pp1990_atp_ppp_pf1,2005,-21.379081843096472,7092731174
R10PAC_OECD,PP1990adjATP,1/x,PPP,PPP_1/x,pp1990_atp_ppp_pf1,2006,-23.04756528063177,6940628284
R10PAC_OECD,PP1990adjATP,1/x,PPP,PPP_1/x,pp1990_atp_ppp_pf1,2007,-24.69259484924385,6788079098
R10PAC_OECD,PP1990adjATP,1/x,PPP,PPP_1/x,pp1990_atp_ppp_pf1,2008,-26.37360288342233,6635020347
R10PAC_OECD,PP1990adjATP,1/x,PPP,PPP_1/x,pp1990_atp_ppp_pf1,2009,-27.985391358248997,6481434604
R10PAC_OECD,PP1990adjATP,1/x,PPP,PPP_1/x,pp1990_atp_ppp_pf1,2010,-29.522467573529948,6327353782
R10PAC_OECD,PP1990adjATP,1/x,PPP,PPP_1/x,pp1990_atp_ppp_pf1,2011,-31.10725030613495,6172882839
R10PAC_OECD,PP1990adjATP,1/x,PPP,PPP_1/x,pp1990_atp_ppp_pf1,2012,-32.73902795926381,6018137277
R10PAC_OECD,PP1990adjATP,1/x,PPP,PPP_1/x,pp1990_atp_ppp_pf1,2013,-34.417231739207395,5863144032
R10PAC_OECD,PP1990adjATP,1/x,PPP,PPP_1/x,pp1990_atp_ppp_pf1,2014,-36.102511289394236,5707902683
R10PAC_OECD,PP1990adjATP,1/x,PPP,PPP_1/x,pp1990_atp_ppp_pf1,2015,-37.725851566146304,5552442179
R10PAC_OECD,PP1990adjATP,1/x,PPP,PPP_1/x,pp1990_atp_ppp_pf1,2016,-39.31951660301292,5396780412
R10PAC_OECD,PP1990adjATP,1/x,PPP,PPP_1/x,pp1990_atp_ppp_pf1,2017,-40.89475692604839,5240922762
R10PAC_OECD,PP1990adjATP,1/x,PPP,PPP_1/x,pp1990_atp_ppp_pf1,2018,-42.45879183731556,5084923709
R10PAC_OECD,PP1990adjATP,1/x,PPP,PPP_1/x,pp1990_atp_ppp_pf1,2019,-43.97416806470544,4928850081
R10PAC_OECD,PP1990adjATP,1/x,PPP,PPP_1/x,pp1990_atp_ppp_pf1,2020,-45.449510228587876,4772742200
R10PAC_OECD,PP1850adjATP,1/asinh(x),MER,MER_1/asinh(x),pp1850_atp_mer_pf3,1991,3.872992722667972,9169934969
R10PAC_OECD,PP1850adjATP,1/asinh(x),MER,MER_1/asinh(x),pp1850_atp_mer_pf3,1992,2.294919854796654,9025108279
R10PAC_OECD,PP1850adjATP,1/asinh(x),MER,MER_1/asinh(x),pp1850_atp_mer_pf3,1993,0.7520085487039786,8879668515
R10PAC_OECD,PP1850adjATP,1/asinh(x),MER,MER_1/asinh(x),pp1850_atp_mer_pf3,1994,-0.8021281576815272,8733683686
R10PAC_OECD,PP1850adjATP,1/asinh(x),MER,MER_1/asinh(x),pp1850_atp_mer_pf3,1995,-2.3798687176717532,8587138023
R10PAC_OECD,PP1850adjATP,1/asinh(x),MER,MER_1/asinh(x),pp1850_atp_mer_pf3,1996,-3.940802816417798,8440027154
R10PAC_OECD,PP1850adjATP,1/asinh(x),MER,MER_1/asinh(x),pp1850_atp_mer_pf3,1997,-5.472297733095393,8292360620
R10PAC_OECD,PP1850adjATP,1/asinh(x),MER,MER_1/asinh(x),pp1850_atp_mer_pf3,1998,-7.001348067704626,8144146529
R10PAC_OECD,PP1850adjATP,1/asinh(x),MER,MER_1/asinh(x),pp1850_atp_mer_pf3,1999,-8.510380374860796,7995426424
R10PAC_OECD,PP1850adjATP,1/asinh(x),MER,MER_1/asinh(x),pp1850_atp_mer_pf3,2000,-10.08741210792794,7846236972
R10PAC_OECD,PP1850adjATP,1/asinh(x),MER,MER_1/asinh(x),pp1850_atp_mer_pf3,2001,-11.692052112039715,7696559874
R10PAC_OECD,PP1850adjATP,1/asinh(x),MER,MER_1/asinh(x),pp1850_atp_mer_pf3,2002,-13.286414332057932,7546356405
R10PAC_OECD,PP1850adjATP,1/asinh(x),MER,MER_1/asinh(x),pp1850_atp_mer_pf3,2003,-14.90965967851012,7395630237
R10PAC_OECD,PP1850adjATP,1/asinh(x),MER,MER_1/asinh(x),pp1850_atp_mer_pf3,2004,-16.545571815855226,7244408937
R10PAC_OECD,PP1850adjATP,1/asinh(x),MER,MER_1/asinh(x),pp1850_atp_mer_pf3,2005,-18.181802302247696,7092731174
R10PAC_OECD,PP1850adjATP,1/asinh(x),MER,MER_1/asinh(x),pp1850_atp_mer_pf3,2006,-19.811683224447258,6940628284
R10PAC_OECD,PP1850adjATP,1/asinh(x),MER,MER_1/asinh(x),pp1850_atp_mer_pf3,2007,-21.40089771694437,6788079098
R10PAC_OECD,PP1850adjATP,1/asinh(x),MER,MER_1/asinh(x),pp1850_atp_mer_pf3,2008,-23.004753041627783,6635020347
R10PAC_OECD,PP1850adjATP,1/asinh(x),MER,MER_1/asinh(x),pp1850_atp_mer_pf3,2009,-24.542971307588736,6481434604
R10PAC_OECD,PP1850adjATP,1/asinh(x),MER,MER_1/asinh(x),pp1850_atp_mer_pf3,2010,-26.028092227373502,6327353782
R10PAC_OECD,PP1850adjATP,1/asinh(x),MER,MER_1/asinh(x),pp1850_atp_mer_pf3,2011,-27.556378248708214,6172882839
R10PAC_OECD,PP1850adjATP,1/asinh(x),MER,MER_1/asinh(x),pp1850_atp_mer_pf3,2012,-29.133689749821027,6018137277
R10PAC_OECD,PP1850adjATP,1/asinh(x),MER,MER_1/asinh(x),pp1850_atp_mer_pf3,2013,-30.770043078284047,5863144032
R10PAC_OECD,PP1850adjATP,1/asinh(x),MER,MER_1/asinh(x),pp1850_atp_mer_pf3,2014,-32.40501151494969,5707902683
R10PAC_OECD,PP1850adjATP,1/asinh(x),MER,MER_1/asinh(x),pp1850_atp_mer_pf3,2015,-33.98418185320553,5552442179
R10PAC_OECD,PP1850adjATP,1/asinh(x),MER,MER_1/asinh(x),pp1850_atp_mer_pf3,2016,-35.54414312569802,5396780412
R10PAC_OECD,PP1850adjATP,1/asinh(x),MER,MER_1/asinh(x),pp1850_atp_mer_pf3,2017,-37.10214423473446,5240922762
R10PAC_OECD,PP1850adjATP,1/asinh(x),MER,MER_1/asinh(x),pp1850_atp_mer_pf3,2018,-38.648206177485505,5084923709
R10PAC_OECD,PP1850adjATP,1/asinh(x),MER,MER_1/asinh(x),pp1850_atp_mer_pf3,2019,-40.15633917528735,4928850081
R10PAC_OECD,PP1850adjATP,1/asinh(x),MER,MER_1/asinh(x),pp1850_atp_mer_pf3,2020,-41.635578754810815,4772742200
R10PAC_OECD,PP1850adjATP,1/sqrt(x),MER,MER_1/sqrt(x),pp1850_atp_mer_pf2,1991,-8.650009066673256,9169934969
R10PAC_OECD,PP1850adjATP,1/sqrt(x),MER,MER_1/sqrt(x),pp1850_atp_mer_pf2,1992,-10.245161394309607,9025108279
R10PAC_OECD,PP1850adjATP,1/sqrt(x),MER,MER_1/sqrt(x),pp1850_atp_mer_pf2,1993,-11.804069792183139,8879668515
R10PAC_OECD,PP1850adjATP,1/sqrt(x),MER,MER_1/sqrt(x),pp1850_atp_mer_pf2,1994,-13.37315569890391,8733683686
R10PAC_OECD,PP1850adjATP,1/sqrt(x),MER,MER_1/sqrt(x),pp1850_atp_mer_pf2,1995,-14.972707382540516,8587138023
R10PAC_OECD,PP1850adjATP,1/sqrt(x),MER,MER_1/sqrt(x),pp1850_atp_mer_pf2,1996,-16.565959691759314,8440027154
R10PAC_OECD,PP1850adjATP,1/sqrt(x),MER,MER_1/sqrt(x),pp1850_atp_mer_pf2,1997,-18.122902859051887,8292360620
R10PAC_OECD,PP1850adjATP,1/sqrt(x),MER,MER_1/sqrt(x),pp1850_atp_mer_pf2,1998,-19.670177716527334,8144146529
R10PAC_OECD,PP1850adjATP,1/sqrt(x),MER,MER_1/sqrt(x),pp1850_atp_mer_pf2,1999,-21.186144380691623,7995426424
R10PAC_OECD,PP1850adjATP,1/sqrt(x),MER,MER_1/sqrt(x),pp1850_atp_mer_pf2,2000,-22.77143317245573,7846236972
R10PAC_OECD,PP1850adjATP,1/sqrt(x),MER,MER_1/sqrt(x),pp1850_atp_mer_pf2,2001,-24.38610454979189,7696559874
R10PAC_OECD,PP1850adjATP,1/sqrt(x),MER,MER_1/sqrt(x),pp1850_atp_mer_pf2,2002,-25.98497556423182,7546356405
R10PAC_OECD,PP1850adjATP,1/sqrt(x),MER,MER_1/sqrt(x),pp1850_atp_mer_pf2,2003,-27.612846789167083,7395630237
R10PAC_OECD,PP1850adjATP,1/sqrt(x),MER,MER_1/sqrt(x),pp1850_atp_mer_pf2,2004,-29.259243158790486,7244408937
R10PAC_OECD,PP1850adjATP,1/sqrt(x),MER,MER_1/sqrt(x),pp1850_atp_mer_pf2,2005,-30.91309787502811,7092731174
R10PAC_OECD,PP1850adjATP,1/sqrt(x),MER,MER_1/sqrt(x),pp1850_atp_mer_pf2,2006,-32.56170008598363,6940628284
R10PAC_OECD,PP1850adjATP,1/sqrt(x),MER,MER_1/sqrt(x),pp1850_atp_mer_pf2,2007,-34.16761065817309,6788079098
R10PAC_OECD,PP1850adjATP,1/sqrt(x),MER,MER_1/sqrt(x),pp1850_atp_mer_pf2,2008,-35.78745682016049,6635020347
R10PAC_OECD,PP1850adjATP,1/sqrt(x),MER,MER_1/sqrt(x),pp1850_atp_mer_pf2,2009,-37.342651864375576,6481434604
R10PAC_OECD,PP1850adjATP,1/sqrt(x),MER,MER_1/sqrt(x),pp1850_atp_mer_pf2,2010,-38.83420600406702,6327353782
R10PAC_OECD,PP1850adjATP,1/sqrt(x),MER,MER_1/sqrt(x),pp1850_atp_mer_pf2,2011,-40.37024581789052,6172882839
R10PAC_OECD,PP1850adjATP,1/sqrt(x),MER,MER_1/sqrt(x),pp1850_atp_mer_pf2,2012,-41.95600145409786,6018137277
R10PAC_OECD,PP1850adjATP,1/sqrt(x),MER,MER_1/sqrt(x),pp1850_atp_mer_pf2,2013,-43.59771095661843,5863144032
R10PAC_OECD,PP1850adjATP,1/sqrt(x),MER,MER_1/sqrt(x),pp1850_atp_mer_pf2,2014,-45.22807144965192,5707902683
R10PAC_OECD,PP1850adjATP,1/sqrt(x),MER,MER_1/sqrt(x),pp1850_atp_mer_pf2,2015,-46.794751860381204,5552442179
R10PAC_OECD,PP1850adjATP,1/sqrt(x),MER,MER_1/sqrt(x),pp1850_atp_mer_pf2,2016,-48.33530710657889,5396780412
R10PAC_OECD,PP1850adjATP,1/sqrt(x),MER,MER_1/sqrt(x),pp1850_atp_mer_pf2,2017,-49.87373983100184,5240922762
R10PAC_OECD,PP1850adjATP,1/sqrt(x),MER,MER_1/sqrt(x),pp1850_atp_mer_pf2,2018,-51.397960055456096,5084923709
R10PAC_OECD,PP1850adjATP,1/sqrt(x),MER,MER_1/sqrt(x),pp1850_atp_mer_pf2,2019,-52.8846685311659,4928850081
R10PAC_OECD,PP1850adjATP,1/sqrt(x),MER,MER_1/sqrt(x),pp1850_atp_mer_pf2,2020,-54.3417764677325,4772742200
R10PAC_OECD,PP1850adjATP,1/x,MER,MER_1/x,pp1850_atp_mer_pf1,1991,-12.096847687759333,9169934969
R10PAC_OECD,PP1850adjATP,1/x,MER,MER_1/x,pp1850_atp_mer_pf1,1992,-13.598147572370216,9025108279
R10PAC_OECD,PP1850adjATP,1/x,MER,MER_1/x,pp1850_atp_mer_pf1,1993,-15.105593209853122,8879668515
R10PAC_OECD,PP1850adjATP,1/x,MER,MER_1/x,pp1850_atp_mer_pf1,1994,-16.61154660883938,8733683686
R10PAC_OECD,PP1850adjATP,1/x,MER,MER_1/x,pp1850_atp_mer_pf1,1995,-18.170340354018425,8587138023
R10PAC_OECD,PP1850adjATP,1/x,MER,MER_1/x,pp1850_atp_mer_pf1,1996,-19.746789202523217,8440027154
R10PAC_OECD,PP1850adjATP,1/x,MER,MER_1/x,pp1850_atp_mer_pf1,1997,-21.331884994405726,8292360620
R10PAC_OECD,PP1850adjATP,1/x,MER,MER_1/x,pp1850_atp_mer_pf1,1998,-22.917788186764437,8144146529
R10PAC_OECD,PP1850adjATP,1/x,MER,MER_1/x,pp1850_atp_mer_pf1,1999,-24.474727215255793,7995426424
R10PAC_OECD,PP1850adjATP,1/x,MER,MER_1/x,pp1850_atp_mer_pf1,2000,-26.08449083024348,7846236972
R10PAC_OECD,PP1850adjATP,1/x,MER,MER_1/x,pp1850_atp_mer_pf1,2001,-27.72269025515495,7696559874
R10PAC_OECD,PP1850adjATP,1/x,MER,MER_1/x,pp1850_atp_mer_pf1,2002,-29.354705314081887,7546356405
R10PAC_OECD,PP1850adjATP,1/x,MER,MER_1/x,pp1850_atp_mer_pf1,2003,-31.020271926218296,7395630237
R10PAC_OECD,PP1850adjATP,1/x,MER,MER_1/x,pp1850_atp_mer_pf1,2004,-32.70349674765187,7244408937
R10PAC_OECD,PP1850adjATP,1/x,MER,MER_1/x,pp1850_atp_mer_pf1,2005,-34.39536584302936,7092731174
R10PAC_OECD,PP1850adjATP,1/x,MER,MER_1/x,pp1850_atp_mer_pf1,2006,-36.09517913703633,6940628284
R10PAC_OECD,PP1850adjATP,1/x,MER,MER_1/x,pp1850_atp_mer_pf1,2007,-37.77124522751805,6788079098
R10PAC_OECD,PP1850adjATP,1/x,MER,MER_1/x,pp1850_atp_mer_pf1,2008,-39.48149086496505,6635020347
R10PAC_OECD,PP1850adjATP,1/x,MER,MER_1/x,pp1850_atp_mer_pf1,2009,-41.12575558884731,6481434604
R10PAC_OECD,PP1850adjATP,1/x,MER,MER_1/x,pp1850_atp_mer_pf1,2010,-42.6998676889806,6327353782
R10PAC_OECD,PP1850adjATP,1/x,MER,MER_1/x,pp1850_atp_mer_pf1,2011,-44.32272876918969,6172882839
R10PAC_OECD,PP1850adjATP,1/x,MER,MER_1/x,pp1850_atp_mer_pf1,2012,-45.993962771939884,6018137277
R10PAC_OECD,PP1850adjATP,1/x,MER,MER_1/x,pp1850_atp_mer_pf1,2013,-47.712542815088426,5863144032
R10PAC_OECD,PP1850adjATP,1/x,MER,MER_1/x,pp1850_atp_mer_pf1,2014,-49.42778355698218,5707902683
R10PAC_OECD,PP1850adjATP,1/x,MER,MER_1/x,pp1850_atp_mer_pf1,2015,-51.082050468975076,5552442179
R10PAC_OECD,PP1850adjATP,1/x,MER,MER_1/x,pp1850_atp_mer_pf1,2016,-52.70379684660711,5396780412
R10PAC_OECD,PP1850adjATP,1/x,MER,MER_1/x,pp1850_atp_mer_pf1,2017,-54.31430448423228,5240922762
R10PAC_OECD,PP1850adjATP,1/x,MER,MER_1/x,pp1850_atp_mer_pf1,2018,-55.91230087213362,5084923709
R10PAC_OECD,PP1850adjATP,1/x,MER,MER_1/x,pp1850_atp_mer_pf1,2019,-57.468175269168476,4928850081
R10PAC_OECD,PP1850adjATP,1/x,MER,MER_1/x,pp1850_atp_mer_pf1,2020,-58.989658762773665,4772742200
R10PAC_OECD,PP1850adjATP,1/asinh(x),PPP,PPP_1/asinh(x),pp1850_atp_ppp_pf3,1991,6.731147681107514,9169934969
R10PAC_OECD,PP1850adjATP,1/asinh(x),PPP,PPP_1/asinh(x),pp1850_atp_ppp_pf3,1992,5.2581203163915795,9025108279
R10PAC_OECD,PP1850adjATP,1/asinh(x),PPP,PPP_1/asinh(x),pp1850_atp_ppp_pf3,1993,3.793871154671267,8879668515
R10PAC_OECD,PP1850adjATP,1/asinh(x),PPP,PPP_1/asinh(x),pp1850_atp_ppp_pf3,1994,2.3418523097431647,8733683686
R10PAC_OECD,PP1850adjATP,1/asinh(x),PPP,PPP_1/asinh(x),pp1850_atp_ppp_pf3,1995,0.8296921825326438,8587138023
R10PAC_OECD,PP1850adjATP,1/asinh(x),PPP,PPP_1/asinh(x),pp1850_atp_ppp_pf3,1996,-0.7064713002823086,8440027154
R10PAC_OECD,PP1850adjATP,1/asinh(x),PPP,PPP_1/asinh(x),pp1850_atp_ppp_pf3,1997,-2.2637424496410303,8292360620
R10PAC_OECD,PP1850adjATP,1/asinh(x),PPP,PPP_1/asinh(x),pp1850_atp_ppp_pf3,1998,-3.824139953321368,8144146529
R10PAC_OECD,PP1850adjATP,1/asinh(x),PPP,PPP_1/asinh(x),pp1850_atp_ppp_pf3,1999,-5.357842615285186,7995426424
R10PAC_OECD,PP1850adjATP,1/asinh(x),PPP,PPP_1/asinh(x),pp1850_atp_ppp_pf3,2000,-6.937132902370292,7846236972
R10PAC_OECD,PP1850adjATP,1/asinh(x),PPP,PPP_1/asinh(x),pp1850_atp_ppp_pf3,2001,-8.549085486129052,7696559874
R10PAC_OECD,PP1850adjATP,1/asinh(x),PPP,PPP_1/asinh(x),pp1850_atp_ppp_pf3,2002,-10.154724912321182,7546356405
R10PAC_OECD,PP1850adjATP,1/asinh(x),PPP,PPP_1/asinh(x),pp1850_atp_ppp_pf3,2003,-11.795053097574641,7395630237
R10PAC_OECD,PP1850adjATP,1/asinh(x),PPP,PPP_1/asinh(x),pp1850_atp_ppp_pf3,2004,-13.449006749527602,7244408937
R10PAC_OECD,PP1850adjATP,1/asinh(x),PPP,PPP_1/asinh(x),pp1850_atp_ppp_pf3,2005,-15.106110216883723,7092731174
R10PAC_OECD,PP1850adjATP,1/asinh(x),PPP,PPP_1/asinh(x),pp1850_atp_ppp_pf3,2006,-16.769531375368942,6940628284
R10PAC_OECD,PP1850adjATP,1/asinh(x),PPP,PPP_1/asinh(x),pp1850_atp_ppp_pf3,2007,-18.409982627199476,6788079098
R10PAC_OECD,PP1850adjATP,1/asinh(x),PPP,PPP_1/asinh(x),pp1850_atp_ppp_pf3,2008,-20.087784837643618,6635020347
R10PAC_OECD,PP1850adjATP,1/asinh(x),PPP,PPP_1/asinh(x),pp1850_atp_ppp_pf3,2009,-21.698953331178686,6481434604
R10PAC_OECD,PP1850adjATP,1/asinh(x),PPP,PPP_1/asinh(x),pp1850_atp_ppp_pf3,2010,-23.240797127100798,6327353782
R10PAC_OECD,PP1850adjATP,1/asinh(x),PPP,PPP_1/asinh(x),pp1850_atp_ppp_pf3,2011,-24.832258324429993,6172882839
R10PAC_OECD,PP1850adjATP,1/asinh(x),PPP,PPP_1/asinh(x),pp1850_atp_ppp_pf3,2012,-26.472315479054352,6018137277
R10PAC_OECD,PP1850adjATP,1/asinh(x),PPP,PPP_1/asinh(x),pp1850_atp_ppp_pf3,2013,-28.159537506979767,5863144032
R10PAC_OECD,PP1850adjATP,1/asinh(x),PPP,PPP_1/asinh(x),pp1850_atp_ppp_pf3,2014,-29.85385321420658,5707902683
R10PAC_OECD,PP1850adjATP,1/asinh(x),PPP,PPP_1/asinh(x),pp1850_atp_ppp_pf3,2015,-31.491905758808787,5552442179
R10PAC_OECD,PP1850adjATP,1/asinh(x),PPP,PPP_1/asinh(x),pp1850_atp_ppp_pf3,2016,-33.10281068786588,5396780412
R10PAC_OECD,PP1850adjATP,1/asinh(x),PPP,PPP_1/asinh(x),pp1850_atp_ppp_pf3,2017,-34.699513703953464,5240922762
R10PAC_OECD,PP1850adjATP,1/asinh(x),PPP,PPP_1/asinh(x),pp1850_atp_ppp_pf3,2018,-36.286104897712804,5084923709
R10PAC_OECD,PP1850adjATP,1/asinh(x),PPP,PPP_1/asinh(x),pp1850_atp_ppp_pf3,2019,-37.826673278147325,4928850081
R10PAC_OECD,PP1850adjATP,1/asinh(x),PPP,PPP_1/asinh(x),pp1850_atp_ppp_pf3,2020,-39.33067729107648,4772742200
R10PAC_OECD,PP1850adjATP,1/sqrt(x),PPP,PPP_1/sqrt(x),pp1850_atp_ppp_pf2,1991,-4.861143633549225,9169934969
R10PAC_OECD,PP1850adjATP,1/sqrt(x),PPP,PPP_1/sqrt(x),pp1850_atp_ppp_pf2,1992,-6.353418351929162,9025108279
R10PAC_OECD,PP1850adjATP,1/sqrt(x),PPP,PPP_1/sqrt(x),pp1850_atp_ppp_pf2,1993,-7.8098623044994415,8879668515
R10PAC_OECD,PP1850adjATP,1/sqrt(x),PPP,PPP_1/sqrt(x),pp1850_atp_ppp_pf2,1994,-9.24273629927575,8733683686
R10PAC_OECD,PP1850adjATP,1/sqrt(x),PPP,PPP_1/sqrt(x),pp1850_atp_ppp_pf2,1995,-10.737054783406807,8587138023
R10PAC_OECD,PP1850adjATP,1/sqrt(x),PPP,PPP_1/sqrt(x),pp1850_atp_ppp_pf2,1996,-12.25680329700003,8440027154
R10PAC_OECD,PP1850adjATP,1/sqrt(x),PPP,PPP_1/sqrt(x),pp1850_atp_ppp_pf2,1997,-13.7991086851726,8292360620
R10PAC_OECD,PP1850adjATP,1/sqrt(x),PPP,PPP_1/sqrt(x),pp1850_atp_ppp_pf2,1998,-15.344545440174794,8144146529
R10PAC_OECD,PP1850adjATP,1/sqrt(x),PPP,PPP_1/sqrt(x),pp1850_atp_ppp_pf2,1999,-16.860304623181314,7995426424
R10PAC_OECD,PP1850adjATP,1/sqrt(x),PPP,PPP_1/sqrt(x),pp1850_atp_ppp_pf2,2000,-18.418106966196095,7846236972
R10PAC_OECD,PP1850adjATP,1/sqrt(x),PPP,PPP_1/sqrt(x),pp1850_atp_ppp_pf2,2001,-20.014519287043708,7696559874
R10PAC_OECD,PP1850adjATP,1/sqrt(x),PPP,PPP_1/sqrt(x),pp1850_atp_ppp_pf2,2002,-21.60195188593188,7546356405
R10PAC_OECD,PP1850adjATP,1/sqrt(x),PPP,PPP_1/sqrt(x),pp1850_atp_ppp_pf2,2003,-23.223778387726227,7395630237
R10PAC_OECD,PP1850adjATP,1/sqrt(x),PPP,PPP_1/sqrt(x),pp1850_atp_ppp_pf2,2004,-24.855466730890722,7244408937
R10PAC_OECD,PP1850adjATP,1/sqrt(x),PPP,PPP_1/sqrt(x),pp1850_atp_ppp_pf2,2005,-26.48620013418359,7092731174
R10PAC_OECD,PP1850adjATP,1/sqrt(x),PPP,PPP_1/sqrt(x),pp1850_atp_ppp_pf2,2006,-28.11697211494379,6940628284
R10PAC_OECD,PP1850adjATP,1/sqrt(x),PPP,PPP_1/sqrt(x),pp1850_atp_ppp_pf2,2007,-29.719343527455656,6788079098
R10PAC_OECD,PP1850adjATP,1/sqrt(x),PPP,PPP_1/sqrt(x),pp1850_atp_ppp_pf2,2008,-31.353688399023795,6635020347
R10PAC_OECD,PP1850adjATP,1/sqrt(x),PPP,PPP_1/sqrt(x),pp1850_atp_ppp_pf2,2009,-32.91717763368644,6481434604
R10PAC_OECD,PP1850adjATP,1/sqrt(x),PPP,PPP_1/sqrt(x),pp1850_atp_ppp_pf2,2010,-34.4044949720898,6327353782
R10PAC_OECD,PP1850adjATP,1/sqrt(x),PPP,PPP_1/sqrt(x),pp1850_atp_ppp_pf2,2011,-35.93964311317055,6172882839
R10PAC_OECD,PP1850adjATP,1/sqrt(x),PPP,PPP_1/sqrt(x),pp1850_atp_ppp_pf2,2012,-37.52246099698668,6018137277
R10PAC_OECD,PP1850adjATP,1/sqrt(x),PPP,PPP_1/sqrt(x),pp1850_atp_ppp_pf2,2013,-39.15293442255809,5863144032
R10PAC_OECD,PP1850adjATP,1/sqrt(x),PPP,PPP_1/sqrt(x),pp1850_atp_ppp_pf2,2014,-40.79621623942785,5707902683
R10PAC_OECD,PP1850adjATP,1/sqrt(x),PPP,PPP_1/sqrt(x),pp1850_atp_ppp_pf2,2015,-42.38036896162354,5552442179
R10PAC_OECD,PP1850adjATP,1/sqrt(x),PPP,PPP_1/sqrt(x),pp1850_atp_ppp_pf2,2016,-43.94044291596765,5396780412
R10PAC_OECD,PP1850adjATP,1/sqrt(x),PPP,PPP_1/sqrt(x),pp1850_atp_ppp_pf2,2017,-45.482457344596554,5240922762
R10PAC_OECD,PP1850adjATP,1/sqrt(x),PPP,PPP_1/sqrt(x),pp1850_atp_ppp_pf2,2018,-47.014027325920345,5084923709
R10PAC_OECD,PP1850adjATP,1/sqrt(x),PPP,PPP_1/sqrt(x),pp1850_atp_ppp_pf2,2019,-48.49486365783938,4928850081
R10PAC_OECD,PP1850adjATP,1/sqrt(x),PPP,PPP_1/sqrt(x),pp1850_atp_ppp_pf2,2020,-49.93583390052191,4772742200
R10PAC_OECD,PP1850adjATP,1/x,PPP,PPP_1/x,pp1850_atp_ppp_pf1,1991,-10.566855091461269,9169934969
R10PAC_OECD,PP1850adjATP,1/x,PPP,PPP_1/x,pp1850_atp_ppp_pf1,1992,-12.050986963535696,9025108279
R10PAC_OECD,PP1850adjATP,1/x,PPP,PPP_1/x,pp1850_atp_ppp_pf1,1993,-13.52526954323609,8879668515
R10PAC_OECD,PP1850adjATP,1/x,PPP,PPP_1/x,pp1850_atp_ppp_pf1,1994,-14.982784206974955,8733683686
R10PAC_OECD,PP1850adjATP,1/x,PPP,PPP_1/x,pp1850_atp_ppp_pf1,1995,-16.502028336662143,8587138023
R10PAC_OECD,PP1850adjATP,1/x,PPP,PPP_1/x,pp1850_atp_ppp_pf1,1996,-18.045764882295295,8440027154
R10PAC_OECD,PP1850adjATP,1/x,PPP,PPP_1/x,pp1850_atp_ppp_pf1,1997,-19.610632616361766,8292360620
R10PAC_OECD,PP1850adjATP,1/x,PPP,PPP_1/x,pp1850_atp_ppp_pf1,1998,-21.179653802944593,8144146529
R10PAC_OECD,PP1850adjATP,1/x,PPP,PPP_1/x,pp1850_atp_ppp_pf1,1999,-22.720020715099352,7995426424
R10PAC_OECD,PP1850adjATP,1/x,PPP,PPP_1/x,pp1850_atp_ppp_pf1,2000,-24.304949160718607,7846236972
R10PAC_OECD,PP1850adjATP,1/x,PPP,PPP_1/x,pp1850_atp_ppp_pf1,2001,-25.925575695956233,7696559874
R10PAC_OECD,PP1850adjATP,1/x,PPP,PPP_1/x,pp1850_atp_ppp_pf1,2002,-27.53842848491333,7546356405
R10PAC_OECD,PP1850adjATP,1/x,PPP,PPP_1/x,pp1850_atp_ppp_pf1,2003,-29.18605236902492,7395630237
R10PAC_OECD,PP1850adjATP,1/x,PPP,PPP_1/x,pp1850_atp_ppp_pf1,2004,-30.8471245072303,7244408937
R10PAC_OECD,PP1850adjATP,1/x,PPP,PPP_1/x,pp1850_atp_ppp_pf1,2005,-32.5109057569719,7092731174
R10PAC_OECD,PP1850adjATP,1/x,PPP,PPP_1/x,pp1850_atp_ppp_pf1,2006,-34.179389194507195,6940628284
R10PAC_OECD,PP1850adjATP,1/x,PPP,PPP_1/x,pp1850_atp_ppp_pf1,2007,-35.82441876311928,6788079098
R10PAC_OECD,PP1850adjATP,1/x,PPP,PPP_1/x,pp1850_atp_ppp_pf1,2008,-37.50542679729775,6635020347
R10PAC_OECD,PP1850adjATP,1/x,PPP,PPP_1/x,pp1850_atp_ppp_pf1,2009,-39.117215272124426,6481434604
R10PAC_OECD,PP1850adjATP,1/x,PPP,PPP_1/x,pp1850_atp_ppp_pf1,2010,-40.654291487405374,6327353782
R10PAC_OECD,PP1850adjATP,1/x,PPP,PPP_1/x,pp1850_atp_ppp_pf1,2011,-42.23907422001038,6172882839
R10PAC_OECD,PP1850adjATP,1/x,PPP,PPP_1/x,pp1850_atp_ppp_pf1,2012,-43.87085187313923,6018137277
R10PAC_OECD,PP1850adjATP,1/x,PPP,PPP_1/x,pp1850_atp_ppp_pf1,2013,-45.549055653082824,5863144032
R10PAC_OECD,PP1850adjATP,1/x,PPP,PPP_1/x,pp1850_atp_ppp_pf1,2014,-47.23433520326966,5707902683
R10PAC_OECD,PP1850adjATP,1/x,PPP,PPP_1/x,pp1850_atp_ppp_pf1,2015,-48.85767548002173,5552442179
R10PAC_OECD,PP1850adjATP,1/x,PPP,PPP_1/x,pp1850_atp_ppp_pf1,2016,-50.45134051688836,5396780412
R10PAC_OECD,PP1850adjATP,1/x,PPP,PPP_1/x,pp1850_atp_ppp_pf1,2017,-52.02658083992382,5240922762
R10PAC_OECD,PP1850adjATP,1/x,PPP,PPP_1/x,pp1850_atp_ppp_pf1,2018,-53.59061575119099,5084923709
R10PAC_OECD,PP1850adjATP,1/x,PPP,PPP_1/x,pp1850_atp_ppp_pf1,2019,-55.10599197858087,4928850081
R10PAC_OECD,PP1850adjATP,1/x,PPP,PPP_1/x,pp1850_atp_ppp_pf1,2020,-56.5813341424633,4772742200
R10REF_ECON,PP2015,NA,NA,NA,pp2015,1991,16.81276661154621,16941031255
R10REF_ECON,PP2015,NA,NA,NA,pp2015,1992,16.81276661154621,16657574177
R10REF_ECON,PP2015,NA,NA,NA,pp2015,1993,16.81276661154621,16372919968
R10REF_ECON,PP2015,NA,NA,NA,pp2015,1994,16.81276661154621,16087622340
R10REF_ECON,PP2015,NA,NA,NA,pp2015,1995,16.81276661154621,15802374593
R10REF_ECON,PP2015,NA,NA,NA,pp2015,1996,16.81276661154621,15517543332
R10REF_ECON,PP2015,NA,NA,NA,pp2015,1997,16.81276661154621,15233204418
R10REF_ECON,PP2015,NA,NA,NA,pp2015,1998,16.81276661154621,14949472002
R10REF_ECON,PP2015,NA,NA,NA,pp2015,1999,16.81276661154621,14666412566
R10REF_ECON,PP2015,NA,NA,NA,pp2015,2000,16.81276661154621,14384013320
R10REF_ECON,PP2015,NA,NA,NA,pp2015,2001,16.81276661154621,14102217484
R10REF_ECON,PP2015,NA,NA,NA,pp2015,2002,16.81276661154621,13821050979
R10REF_ECON,PP2015,NA,NA,NA,pp2015,2003,16.81276661154621,13540477595
R10REF_ECON,PP2015,NA,NA,NA,pp2015,2004,16.81276661154621,13260368712
R10REF_ECON,PP2015,NA,NA,NA,pp2015,2005,16.81276661154621,12980580729
R10REF_ECON,PP2015,NA,NA,NA,pp2015,2006,16.81276661154621,12701029111
R10REF_ECON,PP2015,NA,NA,NA,pp2015,2007,16.81276661154621,12421548913
R10REF_ECON,PP2015,NA,NA,NA,pp2015,2008,16.81276661154621,12141802219
R10REF_ECON,PP2015,NA,NA,NA,pp2015,2009,16.81276661154621,11861496179
R10REF_ECON,PP2015,NA,NA,NA,pp2015,2010,16.81276661154621,11580388455
R10REF_ECON,PP2015,NA,NA,NA,pp2015,2011,16.81276661154621,11298417280
R10REF_ECON,PP2015,NA,NA,NA,pp2015,2012,16.81276661154621,11015504465
R10REF_ECON,PP2015,NA,NA,NA,pp2015,2013,16.81276661154621,10731410611
R10REF_ECON,PP2015,NA,NA,NA,pp2015,2014,16.81276661154621,10446011853
R10REF_ECON,PP2015,NA,NA,NA,pp2015,2015,16.81276661154621,10159297805
R10REF_ECON,PP2015,NA,NA,NA,pp2015,2016,14.372793078803245,9871164834
R10REF_ECON,PP2015,NA,NA,NA,pp2015,2017,11.921528823438294,9581531340
R10REF_ECON,PP2015,NA,NA,NA,pp2015,2018,9.43260857913037,9290562060
R10REF_ECON,PP2015,NA,NA,NA,pp2015,2019,6.8760701021980335,8998459614
R10REF_ECON,PP2015,NA,NA,NA,pp2015,2020,4.357818047768677,8705348299
R10REF_ECON,PP1990,NA,NA,NA,pp1990,1991,40.98577464977741,16941031255
R10REF_ECON,PP1990,NA,NA,NA,pp1990,1992,37.316056746497445,16657574177
R10REF_ECON,PP1990,NA,NA,NA,pp1990,1993,34.16888484610199,16372919968
R10REF_ECON,PP1990,NA,NA,NA,pp1990,1994,31.26749639282396,16087622340
R10REF_ECON,PP1990,NA,NA,NA,pp1990,1995,28.74006366985918,15802374593
R10REF_ECON,PP1990,NA,NA,NA,pp1990,1996,26.302608115824395,15517543332
R10REF_ECON,PP1990,NA,NA,NA,pp1990,1997,23.94826667449872,15233204418
R10REF_ECON,PP1990,NA,NA,NA,pp1990,1998,21.723117772731857,14949472002
R10REF_ECON,PP1990,NA,NA,NA,pp1990,1999,19.51368882308778,14666412566
R10REF_ECON,PP1990,NA,NA,NA,pp1990,2000,17.330712245519067,14384013320
R10REF_ECON,PP1990,NA,NA,NA,pp1990,2001,15.155049081905801,14102217484
R10REF_ECON,PP1990,NA,NA,NA,pp1990,2002,12.93526528314488,13821050979
R10REF_ECON,PP1990,NA,NA,NA,pp1990,2003,10.711042136681991,13540477595
R10REF_ECON,PP1990,NA,NA,NA,pp1990,2004,8.413777722203195,13260368712
R10REF_ECON,PP1990,NA,NA,NA,pp1990,2005,6.081238468887282,12980580729
R10REF_ECON,PP1990,NA,NA,NA,pp1990,2006,3.7180517995320996,12701029111
R10REF_ECON,PP1990,NA,NA,NA,pp1990,2007,1.2453094234825537,12421548913
R10REF_ECON,PP1990,NA,NA,NA,pp1990,2008,-1.233287174151041,12141802219
R10REF_ECON,PP1990,NA,NA,NA,pp1990,2009,-3.7501470239961887,11861496179
R10REF_ECON,PP1990,NA,NA,NA,pp1990,2010,-6.0745767847308,11580388455
R10REF_ECON,PP1990,NA,NA,NA,pp1990,2011,-8.533345118582439,11298417280
R10REF_ECON,PP1990,NA,NA,NA,pp1990,2012,-11.069571133466205,11015504465
R10REF_ECON,PP1990,NA,NA,NA,pp1990,2013,-13.636376100356939,10731410611
R10REF_ECON,PP1990,NA,NA,NA,pp1990,2014,-16.136665876248312,10446011853
R10REF_ECON,PP1990,NA,NA,NA,pp1990,2015,-18.612688625002306,10159297805
R10REF_ECON,PP1990,NA,NA,NA,pp1990,2016,-21.052662157745264,9871164834
R10REF_ECON,PP1990,NA,NA,NA,pp1990,2017,-23.503926413110214,9581531340
R10REF_ECON,PP1990,NA,NA,NA,pp1990,2018,-25.99284665741814,9290562060
R10REF_ECON,PP1990,NA,NA,NA,pp1990,2019,-28.549385134350473,8998459614
R10REF_ECON,PP1990,NA,NA,NA,pp1990,2020,-31.067637188779827,8705348299
R10REF_ECON,PP1850,NA,NA,NA,pp1850,1991,-24.477223375059545,16941031255
R10REF_ECON,PP1850,NA,NA,NA,pp1850,1992,-28.146941278339508,16657574177
R10REF_ECON,PP1850,NA,NA,NA,pp1850,1993,-31.294113178734975,16372919968
R10REF_ECON,PP1850,NA,NA,NA,pp1850,1994,-34.195501632013,16087622340
R10REF_ECON,PP1850,NA,NA,NA,pp1850,1995,-36.72293435497778,15802374593
R10REF_ECON,PP1850,NA,NA,NA,pp1850,1996,-39.16038990901256,15517543332
R10REF_ECON,PP1850,NA,NA,NA,pp1850,1997,-41.51473135033824,15233204418
R10REF_ECON,PP1850,NA,NA,NA,pp1850,1998,-43.739880252105095,14949472002
R10REF_ECON,PP1850,NA,NA,NA,pp1850,1999,-45.94930920174917,14666412566
R10REF_ECON,PP1850,NA,NA,NA,pp1850,2000,-48.1322857793179,14384013320
R10REF_ECON,PP1850,NA,NA,NA,pp1850,2001,-50.30794894293115,14102217484
R10REF_ECON,PP1850,NA,NA,NA,pp1850,2002,-52.52773274169207,13821050979
R10REF_ECON,PP1850,NA,NA,NA,pp1850,2003,-54.75195588815496,13540477595
R10REF_ECON,PP1850,NA,NA,NA,pp1850,2004,-57.04922030263376,13260368712
R10REF_ECON,PP1850,NA,NA,NA,pp1850,2005,-59.381759555949664,12980580729
R10REF_ECON,PP1850,NA,NA,NA,pp1850,2006,-61.744946225304865,12701029111
R10REF_ECON,PP1850,NA,NA,NA,pp1850,2007,-64.2176886013544,12421548913
R10REF_ECON,PP1850,NA,NA,NA,pp1850,2008,-66.696285198988,12141802219
R10REF_ECON,PP1850,NA,NA,NA,pp1850,2009,-69.21314504883314,11861496179
R10REF_ECON,PP1850,NA,NA,NA,pp1850,2010,-71.53757480956776,11580388455
R10REF_ECON,PP1850,NA,NA,NA,pp1850,2011,-73.9963431434194,11298417280
R10REF_ECON,PP1850,NA,NA,NA,pp1850,2012,-76.53256915830316,11015504465
R10REF_ECON,PP1850,NA,NA,NA,pp1850,2013,-79.09937412519389,10731410611
R10REF_ECON,PP1850,NA,NA,NA,pp1850,2014,-81.59966390108528,10446011853
R10REF_ECON,PP1850,NA,NA,NA,pp1850,2015,-84.07568664983928,10159297805
R10REF_ECON,PP1850,NA,NA,NA,pp1850,2016,-86.51566018258222,9871164834
R10REF_ECON,PP1850,NA,NA,NA,pp1850,2017,-88.96692443794718,9581531340
R10REF_ECON,PP1850,NA,NA,NA,pp1850,2018,-91.45584468225512,9290562060
R10REF_ECON,PP1850,NA,NA,NA,pp1850,2019,-94.01238315918745,8998459614
R10REF_ECON,PP1850,NA,NA,NA,pp1850,2020,-96.53063521361679,8705348299
R10REF_ECON,PP2015adjATP,1/asinh(x),MER,MER_1/asinh(x),pp2015_atp_mer_pf3,1991,14.931313584396039,16941031255
R10REF_ECON,PP2015adjATP,1/asinh(x),MER,MER_1/asinh(x),pp2015_atp_mer_pf3,1992,14.954687104007748,16657574177
R10REF_ECON,PP2015adjATP,1/asinh(x),MER,MER_1/asinh(x),pp2015_atp_mer_pf3,1993,15.05924354677548,16372919968
R10REF_ECON,PP2015adjATP,1/asinh(x),MER,MER_1/asinh(x),pp2015_atp_mer_pf3,1994,15.139346633278116,16087622340
R10REF_ECON,PP2015adjATP,1/asinh(x),MER,MER_1/asinh(x),pp2015_atp_mer_pf3,1995,15.263663334460594,15802374593
R10REF_ECON,PP2015adjATP,1/asinh(x),MER,MER_1/asinh(x),pp2015_atp_mer_pf3,1996,15.40529703481382,15517543332
R10REF_ECON,PP2015adjATP,1/asinh(x),MER,MER_1/asinh(x),pp2015_atp_mer_pf3,1997,15.53647706468718,15233204418
R10REF_ECON,PP2015adjATP,1/asinh(x),MER,MER_1/asinh(x),pp2015_atp_mer_pf3,1998,15.632473253588849,14949472002
R10REF_ECON,PP2015adjATP,1/asinh(x),MER,MER_1/asinh(x),pp2015_atp_mer_pf3,1999,15.727748732779093,14666412566
R10REF_ECON,PP2015adjATP,1/asinh(x),MER,MER_1/asinh(x),pp2015_atp_mer_pf3,2000,15.83643858987505,14384013320
R10REF_ECON,PP2015adjATP,1/asinh(x),MER,MER_1/asinh(x),pp2015_atp_mer_pf3,2001,15.937211599153134,14102217484
R10REF_ECON,PP2015adjATP,1/asinh(x),MER,MER_1/asinh(x),pp2015_atp_mer_pf3,2002,16.004874757203744,13821050979
R10REF_ECON,PP2015adjATP,1/asinh(x),MER,MER_1/asinh(x),pp2015_atp_mer_pf3,2003,16.06157840125386,13540477595
R10REF_ECON,PP2015adjATP,1/asinh(x),MER,MER_1/asinh(x),pp2015_atp_mer_pf3,2004,16.10466798503539,13260368712
R10REF_ECON,PP2015adjATP,1/asinh(x),MER,MER_1/asinh(x),pp2015_atp_mer_pf3,2005,16.125493488571937,12980580729
R10REF_ECON,PP2015adjATP,1/asinh(x),MER,MER_1/asinh(x),pp2015_atp_mer_pf3,2006,16.12476099384024,12701029111
R10REF_ECON,PP2015adjATP,1/asinh(x),MER,MER_1/asinh(x),pp2015_atp_mer_pf3,2007,16.10218053241272,12421548913
R10REF_ECON,PP2015adjATP,1/asinh(x),MER,MER_1/asinh(x),pp2015_atp_mer_pf3,2008,16.06371582222113,12141802219
R10REF_ECON,PP2015adjATP,1/asinh(x),MER,MER_1/asinh(x),pp2015_atp_mer_pf3,2009,15.99904855884938,11861496179
R10REF_ECON,PP2015adjATP,1/asinh(x),MER,MER_1/asinh(x),pp2015_atp_mer_pf3,2010,16.005659150531756,11580388455
R10REF_ECON,PP2015adjATP,1/asinh(x),MER,MER_1/asinh(x),pp2015_atp_mer_pf3,2011,16.001003935439844,11298417280
R10REF_ECON,PP2015adjATP,1/asinh(x),MER,MER_1/asinh(x),pp2015_atp_mer_pf3,2012,15.973827849483058,11015504465
R10REF_ECON,PP2015adjATP,1/asinh(x),MER,MER_1/asinh(x),pp2015_atp_mer_pf3,2013,15.944371097058212,10731410611
R10REF_ECON,PP2015adjATP,1/asinh(x),MER,MER_1/asinh(x),pp2015_atp_mer_pf3,2014,15.917644145982685,10446011853
R10REF_ECON,PP2015adjATP,1/asinh(x),MER,MER_1/asinh(x),pp2015_atp_mer_pf3,2015,15.917882903868128,10159297805
R10REF_ECON,PP2015adjATP,1/asinh(x),MER,MER_1/asinh(x),pp2015_atp_mer_pf3,2016,13.510561123371067,9871164834
R10REF_ECON,PP2015adjATP,1/asinh(x),MER,MER_1/asinh(x),pp2015_atp_mer_pf3,2017,11.100472353086161,9581531340
R10REF_ECON,PP2015adjATP,1/asinh(x),MER,MER_1/asinh(x),pp2015_atp_mer_pf3,2018,8.651809239738963,9290562060
R10REF_ECON,PP2015adjATP,1/asinh(x),MER,MER_1/asinh(x),pp2015_atp_mer_pf3,2019,6.132084915788676,8998459614
R10REF_ECON,PP2015adjATP,1/asinh(x),MER,MER_1/asinh(x),pp2015_atp_mer_pf3,2020,3.642099871866912,8705348299
R10REF_ECON,PP2015adjATP,1/sqrt(x),MER,MER_1/sqrt(x),pp2015_atp_mer_pf2,1991,10.058747746285611,16941031255
R10REF_ECON,PP2015adjATP,1/sqrt(x),MER,MER_1/sqrt(x),pp2015_atp_mer_pf2,1992,10.139410458314549,16657574177
R10REF_ECON,PP2015adjATP,1/sqrt(x),MER,MER_1/sqrt(x),pp2015_atp_mer_pf2,1993,10.439871262073348,16372919968
R10REF_ECON,PP2015adjATP,1/sqrt(x),MER,MER_1/sqrt(x),pp2015_atp_mer_pf2,1994,10.67302221814109,16087622340
R10REF_ECON,PP2015adjATP,1/sqrt(x),MER,MER_1/sqrt(x),pp2015_atp_mer_pf2,1995,11.025258190962326,15802374593
R10REF_ECON,PP2015adjATP,1/sqrt(x),MER,MER_1/sqrt(x),pp2015_atp_mer_pf2,1996,11.420081553521237,15517543332
R10REF_ECON,PP2015adjATP,1/sqrt(x),MER,MER_1/sqrt(x),pp2015_atp_mer_pf2,1997,11.791288081564208,15233204418
R10REF_ECON,PP2015adjATP,1/sqrt(x),MER,MER_1/sqrt(x),pp2015_atp_mer_pf2,1998,12.06642955334017,14949472002
R10REF_ECON,PP2015adjATP,1/sqrt(x),MER,MER_1/sqrt(x),pp2015_atp_mer_pf2,1999,12.331997838134962,14666412566
R10REF_ECON,PP2015adjATP,1/sqrt(x),MER,MER_1/sqrt(x),pp2015_atp_mer_pf2,2000,12.640726259693626,14384013320
R10REF_ECON,PP2015adjATP,1/sqrt(x),MER,MER_1/sqrt(x),pp2015_atp_mer_pf2,2001,12.946088696438402,14102217484
R10REF_ECON,PP2015adjATP,1/sqrt(x),MER,MER_1/sqrt(x),pp2015_atp_mer_pf2,2002,13.153889661678743,13821050979
R10REF_ECON,PP2015adjATP,1/sqrt(x),MER,MER_1/sqrt(x),pp2015_atp_mer_pf2,2003,13.332500289222317,13540477595
R10REF_ECON,PP2015adjATP,1/sqrt(x),MER,MER_1/sqrt(x),pp2015_atp_mer_pf2,2004,13.469149353740596,13260368712
R10REF_ECON,PP2015adjATP,1/sqrt(x),MER,MER_1/sqrt(x),pp2015_atp_mer_pf2,2005,13.536353831371056,12980580729
R10REF_ECON,PP2015adjATP,1/sqrt(x),MER,MER_1/sqrt(x),pp2015_atp_mer_pf2,2006,13.534946723650922,12701029111
R10REF_ECON,PP2015adjATP,1/sqrt(x),MER,MER_1/sqrt(x),pp2015_atp_mer_pf2,2007,13.462584611067602,12421548913
R10REF_ECON,PP2015adjATP,1/sqrt(x),MER,MER_1/sqrt(x),pp2015_atp_mer_pf2,2008,13.335660458708315,12141802219
R10REF_ECON,PP2015adjATP,1/sqrt(x),MER,MER_1/sqrt(x),pp2015_atp_mer_pf2,2009,13.11519728950266,11861496179
R10REF_ECON,PP2015adjATP,1/sqrt(x),MER,MER_1/sqrt(x),pp2015_atp_mer_pf2,2010,13.122518271872309,11580388455
R10REF_ECON,PP2015adjATP,1/sqrt(x),MER,MER_1/sqrt(x),pp2015_atp_mer_pf2,2011,13.086316938003868,11298417280
R10REF_ECON,PP2015adjATP,1/sqrt(x),MER,MER_1/sqrt(x),pp2015_atp_mer_pf2,2012,12.978842153238343,11015504465
R10REF_ECON,PP2015adjATP,1/sqrt(x),MER,MER_1/sqrt(x),pp2015_atp_mer_pf2,2013,12.862497179644123,10731410611
R10REF_ECON,PP2015adjATP,1/sqrt(x),MER,MER_1/sqrt(x),pp2015_atp_mer_pf2,2014,12.753879112206995,10446011853
R10REF_ECON,PP2015adjATP,1/sqrt(x),MER,MER_1/sqrt(x),pp2015_atp_mer_pf2,2015,12.73295405709199,10159297805
R10REF_ECON,PP2015adjATP,1/sqrt(x),MER,MER_1/sqrt(x),pp2015_atp_mer_pf2,2016,10.380106802514678,9871164834
R10REF_ECON,PP2015adjATP,1/sqrt(x),MER,MER_1/sqrt(x),pp2015_atp_mer_pf2,2017,8.05321171451753,9581531340
R10REF_ECON,PP2015adjATP,1/sqrt(x),MER,MER_1/sqrt(x),pp2015_atp_mer_pf2,2018,5.700125472854533,9290562060
R10REF_ECON,PP2015adjATP,1/sqrt(x),MER,MER_1/sqrt(x),pp2015_atp_mer_pf2,2019,3.271229144801368,8998459614
R10REF_ECON,PP2015adjATP,1/sqrt(x),MER,MER_1/sqrt(x),pp2015_atp_mer_pf2,2020,0.8499872106045661,8705348299
R10REF_ECON,PP2015adjATP,1/x,MER,MER_1/x,pp2015_atp_mer_pf1,1991,5.3312978759454115,16941031255
R10REF_ECON,PP2015adjATP,1/x,MER,MER_1/x,pp2015_atp_mer_pf1,1992,5.45781541859695,16657574177
R10REF_ECON,PP2015adjATP,1/x,MER,MER_1/x,pp2015_atp_mer_pf1,1993,5.823510156991588,16372919968
R10REF_ECON,PP2015adjATP,1/x,MER,MER_1/x,pp2015_atp_mer_pf1,1994,6.131505892772054,16087622340
R10REF_ECON,PP2015adjATP,1/x,MER,MER_1/x,pp2015_atp_mer_pf1,1995,6.583205515606992,15802374593
R10REF_ECON,PP2015adjATP,1/x,MER,MER_1/x,pp2015_atp_mer_pf1,1996,7.0860918512466755,15517543332
R10REF_ECON,PP2015adjATP,1/x,MER,MER_1/x,pp2015_atp_mer_pf1,1997,7.566157871270569,15233204418
R10REF_ECON,PP2015adjATP,1/x,MER,MER_1/x,pp2015_atp_mer_pf1,1998,7.9281150611476665,14949472002
R10REF_ECON,PP2015adjATP,1/x,MER,MER_1/x,pp2015_atp_mer_pf1,1999,8.234165522538328,14666412566
R10REF_ECON,PP2015adjATP,1/x,MER,MER_1/x,pp2015_atp_mer_pf1,2000,8.590836686124572,14384013320
R10REF_ECON,PP2015adjATP,1/x,MER,MER_1/x,pp2015_atp_mer_pf1,2001,9.006227317963004,14102217484
R10REF_ECON,PP2015adjATP,1/x,MER,MER_1/x,pp2015_atp_mer_pf1,2002,9.284275675779327,13821050979
R10REF_ECON,PP2015adjATP,1/x,MER,MER_1/x,pp2015_atp_mer_pf1,2003,9.533116951856229,13540477595
R10REF_ECON,PP2015adjATP,1/x,MER,MER_1/x,pp2015_atp_mer_pf1,2004,9.733798652591966,13260368712
R10REF_ECON,PP2015adjATP,1/x,MER,MER_1/x,pp2015_atp_mer_pf1,2005,9.851107392436544,12980580729
R10REF_ECON,PP2015adjATP,1/x,MER,MER_1/x,pp2015_atp_mer_pf1,2006,9.88624643480473,12701029111
R10REF_ECON,PP2015adjATP,1/x,MER,MER_1/x,pp2015_atp_mer_pf1,2007,9.829620847053368,12421548913
R10REF_ECON,PP2015adjATP,1/x,MER,MER_1/x,pp2015_atp_mer_pf1,2008,9.70161348283633,12141802219
R10REF_ECON,PP2015adjATP,1/x,MER,MER_1/x,pp2015_atp_mer_pf1,2009,9.437363272392371,11861496179
R10REF_ECON,PP2015adjATP,1/x,MER,MER_1/x,pp2015_atp_mer_pf1,2010,9.452761407852083,11580388455
R10REF_ECON,PP2015adjATP,1/x,MER,MER_1/x,pp2015_atp_mer_pf1,2011,9.38688732747508,11298417280
R10REF_ECON,PP2015adjATP,1/x,MER,MER_1/x,pp2015_atp_mer_pf1,2012,9.237998818402474,11015504465
R10REF_ECON,PP2015adjATP,1/x,MER,MER_1/x,pp2015_atp_mer_pf1,2013,9.074417004090058,10731410611
R10REF_ECON,PP2015adjATP,1/x,MER,MER_1/x,pp2015_atp_mer_pf1,2014,8.917256841809525,10446011853
R10REF_ECON,PP2015adjATP,1/x,MER,MER_1/x,pp2015_atp_mer_pf1,2015,8.86508282563174,10159297805
R10REF_ECON,PP2015adjATP,1/x,MER,MER_1/x,pp2015_atp_mer_pf1,2016,6.504125940304433,9871164834
R10REF_ECON,PP2015adjATP,1/x,MER,MER_1/x,pp2015_atp_mer_pf1,2017,4.198524726822711,9581531340
R10REF_ECON,PP2015adjATP,1/x,MER,MER_1/x,pp2015_atp_mer_pf1,2018,1.9031050317044897,9290562060
R10REF_ECON,PP2015adjATP,1/x,MER,MER_1/x,pp2015_atp_mer_pf1,2019,-0.46066145202813,8998459614
R10REF_ECON,PP2015adjATP,1/x,MER,MER_1/x,pp2015_atp_mer_pf1,2020,-2.8325084048453126,8705348299
R10REF_ECON,PP2015adjATP,1/asinh(x),PPP,PPP_1/asinh(x),pp2015_atp_ppp_pf3,1991,14.988939924043759,16941031255
R10REF_ECON,PP2015adjATP,1/asinh(x),PPP,PPP_1/asinh(x),pp2015_atp_ppp_pf3,1992,15.055780713516665,16657574177
R10REF_ECON,PP2015adjATP,1/asinh(x),PPP,PPP_1/asinh(x),pp2015_atp_ppp_pf3,1993,15.183446415717295,16372919968
R10REF_ECON,PP2015adjATP,1/asinh(x),PPP,PPP_1/asinh(x),pp2015_atp_ppp_pf3,1994,15.30584671528566,16087622340
R10REF_ECON,PP2015adjATP,1/asinh(x),PPP,PPP_1/asinh(x),pp2015_atp_ppp_pf3,1995,15.439513333851417,15802374593
R10REF_ECON,PP2015adjATP,1/asinh(x),PPP,PPP_1/asinh(x),pp2015_atp_ppp_pf3,1996,15.561596950100425,15517543332
R10REF_ECON,PP2015adjATP,1/asinh(x),PPP,PPP_1/asinh(x),pp2015_atp_ppp_pf3,1997,15.671895389132896,15233204418
R10REF_ECON,PP2015adjATP,1/asinh(x),PPP,PPP_1/asinh(x),pp2015_atp_ppp_pf3,1998,15.762356092067023,14949472002
R10REF_ECON,PP2015adjATP,1/asinh(x),PPP,PPP_1/asinh(x),pp2015_atp_ppp_pf3,1999,15.840454903363824,14666412566
R10REF_ECON,PP2015adjATP,1/asinh(x),PPP,PPP_1/asinh(x),pp2015_atp_ppp_pf3,2000,15.904263236084379,14384013320
R10REF_ECON,PP2015adjATP,1/asinh(x),PPP,PPP_1/asinh(x),pp2015_atp_ppp_pf3,2001,15.950983363259855,14102217484
R10REF_ECON,PP2015adjATP,1/asinh(x),PPP,PPP_1/asinh(x),pp2015_atp_ppp_pf3,2002,15.986874689282718,13821050979
R10REF_ECON,PP2015adjATP,1/asinh(x),PPP,PPP_1/asinh(x),pp2015_atp_ppp_pf3,2003,16.0136154175853,13540477595
R10REF_ECON,PP2015adjATP,1/asinh(x),PPP,PPP_1/asinh(x),pp2015_atp_ppp_pf3,2004,16.029698905572968,13260368712
R10REF_ECON,PP2015adjATP,1/asinh(x),PPP,PPP_1/asinh(x),pp2015_atp_ppp_pf3,2005,16.04228123828834,12980580729
R10REF_ECON,PP2015adjATP,1/asinh(x),PPP,PPP_1/asinh(x),pp2015_atp_ppp_pf3,2006,16.048725978859025,12701029111
R10REF_ECON,PP2015adjATP,1/asinh(x),PPP,PPP_1/asinh(x),pp2015_atp_ppp_pf3,2007,16.041812063043015,12421548913
R10REF_ECON,PP2015adjATP,1/asinh(x),PPP,PPP_1/asinh(x),pp2015_atp_ppp_pf3,2008,16.032707684101823,12141802219
R10REF_ECON,PP2015adjATP,1/asinh(x),PPP,PPP_1/asinh(x),pp2015_atp_ppp_pf3,2009,16.012690936566386,11861496179
R10REF_ECON,PP2015adjATP,1/asinh(x),PPP,PPP_1/asinh(x),pp2015_atp_ppp_pf3,2010,16.00629116736423,11580388455
R10REF_ECON,PP2015adjATP,1/asinh(x),PPP,PPP_1/asinh(x),pp2015_atp_ppp_pf3,2011,16.003185852126602,11298417280
R10REF_ECON,PP2015adjATP,1/asinh(x),PPP,PPP_1/asinh(x),pp2015_atp_ppp_pf3,2012,15.997305572144898,11015504465
R10REF_ECON,PP2015adjATP,1/asinh(x),PPP,PPP_1/asinh(x),pp2015_atp_ppp_pf3,2013,15.991486918307992,10731410611
R10REF_ECON,PP2015adjATP,1/asinh(x),PPP,PPP_1/asinh(x),pp2015_atp_ppp_pf3,2014,15.982346899743485,10446011853
R10REF_ECON,PP2015adjATP,1/asinh(x),PPP,PPP_1/asinh(x),pp2015_atp_ppp_pf3,2015,15.979590490252905,10159297805
R10REF_ECON,PP2015adjATP,1/asinh(x),PPP,PPP_1/asinh(x),pp2015_atp_ppp_pf3,2016,13.546286628182367,9871164834
R10REF_ECON,PP2015adjATP,1/asinh(x),PPP,PPP_1/asinh(x),pp2015_atp_ppp_pf3,2017,11.104057284854983,9581531340
R10REF_ECON,PP2015adjATP,1/asinh(x),PPP,PPP_1/asinh(x),pp2015_atp_ppp_pf3,2018,8.623159335266612,9290562060
R10REF_ECON,PP2015adjATP,1/asinh(x),PPP,PPP_1/asinh(x),pp2015_atp_ppp_pf3,2019,6.072985013279155,8998459614
R10REF_ECON,PP2015adjATP,1/asinh(x),PPP,PPP_1/asinh(x),pp2015_atp_ppp_pf3,2020,3.5575498999248647,8705348299
R10REF_ECON,PP2015adjATP,1/sqrt(x),PPP,PPP_1/sqrt(x),pp2015_atp_ppp_pf2,1991,9.576046897116067,16941031255
R10REF_ECON,PP2015adjATP,1/sqrt(x),PPP,PPP_1/sqrt(x),pp2015_atp_ppp_pf2,1992,9.763161039614749,16657574177
R10REF_ECON,PP2015adjATP,1/sqrt(x),PPP,PPP_1/sqrt(x),pp2015_atp_ppp_pf2,1993,10.149308031115881,16372919968
R10REF_ECON,PP2015adjATP,1/sqrt(x),PPP,PPP_1/sqrt(x),pp2015_atp_ppp_pf2,1994,10.52969749411694,16087622340
R10REF_ECON,PP2015adjATP,1/sqrt(x),PPP,PPP_1/sqrt(x),pp2015_atp_ppp_pf2,1995,10.953627102605513,15802374593
R10REF_ECON,PP2015adjATP,1/sqrt(x),PPP,PPP_1/sqrt(x),pp2015_atp_ppp_pf2,1996,11.350093206356416,15517543332
R10REF_ECON,PP2015adjATP,1/sqrt(x),PPP,PPP_1/sqrt(x),pp2015_atp_ppp_pf2,1997,11.715489367766637,15233204418
R10REF_ECON,PP2015adjATP,1/sqrt(x),PPP,PPP_1/sqrt(x),pp2015_atp_ppp_pf2,1998,12.018309124638398,14949472002
R10REF_ECON,PP2015adjATP,1/sqrt(x),PPP,PPP_1/sqrt(x),pp2015_atp_ppp_pf2,1999,12.283136331204647,14666412566
R10REF_ECON,PP2015adjATP,1/sqrt(x),PPP,PPP_1/sqrt(x),pp2015_atp_ppp_pf2,2000,12.502987849636002,14384013320
R10REF_ECON,PP2015adjATP,1/sqrt(x),PPP,PPP_1/sqrt(x),pp2015_atp_ppp_pf2,2001,12.663787019617427,14102217484
R10REF_ECON,PP2015adjATP,1/sqrt(x),PPP,PPP_1/sqrt(x),pp2015_atp_ppp_pf2,2002,12.788448426948847,13821050979
R10REF_ECON,PP2015adjATP,1/sqrt(x),PPP,PPP_1/sqrt(x),pp2015_atp_ppp_pf2,2003,12.881366195203045,13540477595
R10REF_ECON,PP2015adjATP,1/sqrt(x),PPP,PPP_1/sqrt(x),pp2015_atp_ppp_pf2,2004,12.937109080569124,13260368712
R10REF_ECON,PP2015adjATP,1/sqrt(x),PPP,PPP_1/sqrt(x),pp2015_atp_ppp_pf2,2005,12.979007937611723,12980580729
R10REF_ECON,PP2015adjATP,1/sqrt(x),PPP,PPP_1/sqrt(x),pp2015_atp_ppp_pf2,2006,12.999147636304947,12701029111
R10REF_ECON,PP2015adjATP,1/sqrt(x),PPP,PPP_1/sqrt(x),pp2015_atp_ppp_pf2,2007,12.971643736501079,12421548913
R10REF_ECON,PP2015adjATP,1/sqrt(x),PPP,PPP_1/sqrt(x),pp2015_atp_ppp_pf2,2008,12.93423793852666,12141802219
R10REF_ECON,PP2015adjATP,1/sqrt(x),PPP,PPP_1/sqrt(x),pp2015_atp_ppp_pf2,2009,12.858453920377933,11861496179
R10REF_ECON,PP2015adjATP,1/sqrt(x),PPP,PPP_1/sqrt(x),pp2015_atp_ppp_pf2,2010,12.83224521618468,11580388455
R10REF_ECON,PP2015adjATP,1/sqrt(x),PPP,PPP_1/sqrt(x),pp2015_atp_ppp_pf2,2011,12.817464377901183,11298417280
R10REF_ECON,PP2015adjATP,1/sqrt(x),PPP,PPP_1/sqrt(x),pp2015_atp_ppp_pf2,2012,12.792107899741497,11015504465
R10REF_ECON,PP2015adjATP,1/sqrt(x),PPP,PPP_1/sqrt(x),pp2015_atp_ppp_pf2,2013,12.765732121719603,10731410611
R10REF_ECON,PP2015adjATP,1/sqrt(x),PPP,PPP_1/sqrt(x),pp2015_atp_ppp_pf2,2014,12.726484702233098,10446011853
R10REF_ECON,PP2015adjATP,1/sqrt(x),PPP,PPP_1/sqrt(x),pp2015_atp_ppp_pf2,2015,12.711557830549465,10159297805
R10REF_ECON,PP2015adjATP,1/sqrt(x),PPP,PPP_1/sqrt(x),pp2015_atp_ppp_pf2,2016,10.292643368822416,9871164834
R10REF_ECON,PP2015adjATP,1/sqrt(x),PPP,PPP_1/sqrt(x),pp2015_atp_ppp_pf2,2017,7.871865765907074,9581531340
R10REF_ECON,PP2015adjATP,1/sqrt(x),PPP,PPP_1/sqrt(x),pp2015_atp_ppp_pf2,2018,5.410195087742238,9290562060
R10REF_ECON,PP2015adjATP,1/sqrt(x),PPP,PPP_1/sqrt(x),pp2015_atp_ppp_pf2,2019,2.875959412746684,8998459614
R10REF_ECON,PP2015adjATP,1/sqrt(x),PPP,PPP_1/sqrt(x),pp2015_atp_ppp_pf2,2020,0.36604602189715973,8705348299
R10REF_ECON,PP2015adjATP,1/x,PPP,PPP_1/x,pp2015_atp_ppp_pf1,1991,4.756033969849373,16941031255
R10REF_ECON,PP2015adjATP,1/x,PPP,PPP_1/x,pp2015_atp_ppp_pf1,1992,4.938037754786556,16657574177
R10REF_ECON,PP2015adjATP,1/x,PPP,PPP_1/x,pp2015_atp_ppp_pf1,1993,5.3430196402900565,16372919968
R10REF_ECON,PP2015adjATP,1/x,PPP,PPP_1/x,pp2015_atp_ppp_pf1,1994,5.762304294258192,16087622340
R10REF_ECON,PP2015adjATP,1/x,PPP,PPP_1/x,pp2015_atp_ppp_pf1,1995,6.239825747794342,15802374593
R10REF_ECON,PP2015adjATP,1/x,PPP,PPP_1/x,pp2015_atp_ppp_pf1,1996,6.704482955401705,15517543332
R10REF_ECON,PP2015adjATP,1/x,PPP,PPP_1/x,pp2015_atp_ppp_pf1,1997,7.149248697126196,15233204418
R10REF_ECON,PP2015adjATP,1/x,PPP,PPP_1/x,pp2015_atp_ppp_pf1,1998,7.524650296776464,14949472002
R10REF_ECON,PP2015adjATP,1/x,PPP,PPP_1/x,pp2015_atp_ppp_pf1,1999,7.8549578610717585,14666412566
R10REF_ECON,PP2015adjATP,1/x,PPP,PPP_1/x,pp2015_atp_ppp_pf1,2000,8.137273839669177,14384013320
R10REF_ECON,PP2015adjATP,1/x,PPP,PPP_1/x,pp2015_atp_ppp_pf1,2001,8.34753756024855,14102217484
R10REF_ECON,PP2015adjATP,1/x,PPP,PPP_1/x,pp2015_atp_ppp_pf1,2002,8.51552414680668,13821050979
R10REF_ECON,PP2015adjATP,1/x,PPP,PPP_1/x,pp2015_atp_ppp_pf1,2003,8.642410488445053,13540477595
R10REF_ECON,PP2015adjATP,1/x,PPP,PPP_1/x,pp2015_atp_ppp_pf1,2004,8.721579754110445,13260368712
R10REF_ECON,PP2015adjATP,1/x,PPP,PPP_1/x,pp2015_atp_ppp_pf1,2005,8.782562008672885,12980580729
R10REF_ECON,PP2015adjATP,1/x,PPP,PPP_1/x,pp2015_atp_ppp_pf1,2006,8.818654583821175,12701029111
R10REF_ECON,PP2015adjATP,1/x,PPP,PPP_1/x,pp2015_atp_ppp_pf1,2007,8.799654626151613,12421548913
R10REF_ECON,PP2015adjATP,1/x,PPP,PPP_1/x,pp2015_atp_ppp_pf1,2008,8.765023267711763,12141802219
R10REF_ECON,PP2015adjATP,1/x,PPP,PPP_1/x,pp2015_atp_ppp_pf1,2009,8.686415832734324,11861496179
R10REF_ECON,PP2015adjATP,1/x,PPP,PPP_1/x,pp2015_atp_ppp_pf1,2010,8.664957921116523,11580388455
R10REF_ECON,PP2015adjATP,1/x,PPP,PPP_1/x,pp2015_atp_ppp_pf1,2011,8.657591645281876,11298417280
R10REF_ECON,PP2015adjATP,1/x,PPP,PPP_1/x,pp2015_atp_ppp_pf1,2012,8.637076495237118,11015504465
R10REF_ECON,PP2015adjATP,1/x,PPP,PPP_1/x,pp2015_atp_ppp_pf1,2013,8.61043133113525,10731410611
R10REF_ECON,PP2015adjATP,1/x,PPP,PPP_1/x,pp2015_atp_ppp_pf1,2014,8.567045317818618,10446011853
R10REF_ECON,PP2015adjATP,1/x,PPP,PPP_1/x,pp2015_atp_ppp_pf1,2015,8.557320998045324,10159297805
R10REF_ECON,PP2015adjATP,1/x,PPP,PPP_1/x,pp2015_atp_ppp_pf1,2016,6.155536620303139,9871164834
R10REF_ECON,PP2015adjATP,1/x,PPP,PPP_1/x,pp2015_atp_ppp_pf1,2017,3.756555155727434,9581531340
R10REF_ECON,PP2015adjATP,1/x,PPP,PPP_1/x,pp2015_atp_ppp_pf1,2018,1.3170897731595195,9290562060
R10REF_ECON,PP2015adjATP,1/x,PPP,PPP_1/x,pp2015_atp_ppp_pf1,2019,-1.1929275446405696,8998459614
R10REF_ECON,PP2015adjATP,1/x,PPP,PPP_1/x,pp2015_atp_ppp_pf1,2020,-3.683658469970399,8705348299
R10REF_ECON,PP1990adjATP,1/asinh(x),MER,MER_1/asinh(x),pp1990_atp_mer_pf3,1991,35.95971106559097,16941031255
R10REF_ECON,PP1990adjATP,1/asinh(x),MER,MER_1/asinh(x),pp1990_atp_mer_pf3,1992,32.35801845131547,16657574177
R10REF_ECON,PP1990adjATP,1/asinh(x),MER,MER_1/asinh(x),pp1990_atp_mer_pf3,1993,29.494950124728597,16372919968
R10REF_ECON,PP1990adjATP,1/asinh(x),MER,MER_1/asinh(x),pp1990_atp_mer_pf3,1994,26.816128810172287,16087622340
R10REF_ECON,PP1990adjATP,1/asinh(x),MER,MER_1/asinh(x),pp1990_atp_mer_pf3,1995,24.634795881689246,15802374593
R10REF_ECON,PP1990adjATP,1/asinh(x),MER,MER_1/asinh(x),pp1990_atp_mer_pf3,1996,22.58974701158152,15517543332
R10REF_ECON,PP1990adjATP,1/asinh(x),MER,MER_1/asinh(x),pp1990_atp_mer_pf3,1997,20.59807648543915,15233204418
R10REF_ECON,PP1990adjATP,1/asinh(x),MER,MER_1/asinh(x),pp1990_atp_mer_pf3,1998,18.638633950456622,14949472002
R10REF_ECON,PP1990adjATP,1/asinh(x),MER,MER_1/asinh(x),pp1990_atp_mer_pf3,1999,16.693550386340778,14666412566
R10REF_ECON,PP1990adjATP,1/asinh(x),MER,MER_1/asinh(x),pp1990_atp_mer_pf3,2000,14.811818588646005,14384013320
R10REF_ECON,PP1990adjATP,1/asinh(x),MER,MER_1/asinh(x),pp1990_atp_mer_pf3,2001,12.910680326540337,14102217484
R10REF_ECON,PP1990adjATP,1/asinh(x),MER,MER_1/asinh(x),pp1990_atp_mer_pf3,2002,10.877615310799092,13821050979
R10REF_ECON,PP1990adjATP,1/asinh(x),MER,MER_1/asinh(x),pp1990_atp_mer_pf3,2003,8.808495539488966,13540477595
R10REF_ECON,PP1990adjATP,1/asinh(x),MER,MER_1/asinh(x),pp1990_atp_mer_pf3,2004,6.629754215529069,13260368712
R10REF_ECON,PP1990adjATP,1/asinh(x),MER,MER_1/asinh(x),pp1990_atp_mer_pf3,2005,4.3548216610095,12980580729
R10REF_ECON,PP1990adjATP,1/asinh(x),MER,MER_1/asinh(x),pp1990_atp_mer_pf3,2006,1.9902137374392046,12701029111
R10REF_ECON,PP1990adjATP,1/asinh(x),MER,MER_1/asinh(x),pp1990_atp_mer_pf3,2007,-0.5422176405389383,12421548913
R10REF_ECON,PP1990adjATP,1/asinh(x),MER,MER_1/asinh(x),pp1990_atp_mer_pf3,2008,-3.121964590019646,12141802219
R10REF_ECON,PP1990adjATP,1/asinh(x),MER,MER_1/asinh(x),pp1990_atp_mer_pf3,2009,-5.808311934197313,11861496179
R10REF_ECON,PP1990adjATP,1/asinh(x),MER,MER_1/asinh(x),pp1990_atp_mer_pf3,2010,-8.107875986425356,11580388455
R10REF_ECON,PP1990adjATP,1/asinh(x),MER,MER_1/asinh(x),pp1990_atp_mer_pf3,2011,-10.57061307956993,11298417280
R10REF_ECON,PP1990adjATP,1/asinh(x),MER,MER_1/asinh(x),pp1990_atp_mer_pf3,2012,-13.170756443622633,11015504465
R10REF_ECON,PP1990adjATP,1/asinh(x),MER,MER_1/asinh(x),pp1990_atp_mer_pf3,2013,-15.808661154584675,10731410611
R10REF_ECON,PP1990adjATP,1/asinh(x),MER,MER_1/asinh(x),pp1990_atp_mer_pf3,2014,-18.373754212526656,10446011853
R10REF_ECON,PP1990adjATP,1/asinh(x),MER,MER_1/asinh(x),pp1990_atp_mer_pf3,2015,-20.841784513782095,10159297805
R10REF_ECON,PP1990adjATP,1/asinh(x),MER,MER_1/asinh(x),pp1990_atp_mer_pf3,2016,-23.186405965033515,9871164834
R10REF_ECON,PP1990adjATP,1/asinh(x),MER,MER_1/asinh(x),pp1990_atp_mer_pf3,2017,-25.52157942320363,9581531340
R10REF_ECON,PP1990adjATP,1/asinh(x),MER,MER_1/asinh(x),pp1990_atp_mer_pf3,2018,-27.899875998611293,9290562060
R10REF_ECON,PP1990adjATP,1/asinh(x),MER,MER_1/asinh(x),pp1990_atp_mer_pf3,2019,-30.355828169840784,8998459614
R10REF_ECON,PP1990adjATP,1/asinh(x),MER,MER_1/asinh(x),pp1990_atp_mer_pf3,2020,-32.79695842114748,8705348299
R10REF_ECON,PP1990adjATP,1/sqrt(x),MER,MER_1/sqrt(x),pp1990_atp_mer_pf2,1991,22.835240361463576,16941031255
R10REF_ECON,PP1990adjATP,1/sqrt(x),MER,MER_1/sqrt(x),pp1990_atp_mer_pf2,1992,19.39233321538271,16657574177
R10REF_ECON,PP1990adjATP,1/sqrt(x),MER,MER_1/sqrt(x),pp1990_atp_mer_pf2,1993,17.05466827726143,16372919968
R10REF_ECON,PP1990adjATP,1/sqrt(x),MER,MER_1/sqrt(x),pp1990_atp_mer_pf2,1994,14.795896921090222,16087622340
R10REF_ECON,PP1990adjATP,1/sqrt(x),MER,MER_1/sqrt(x),pp1990_atp_mer_pf2,1995,13.247058815154693,15802374593
R10REF_ECON,PP1990adjATP,1/sqrt(x),MER,MER_1/sqrt(x),pp1990_atp_mer_pf2,1996,11.906026568742323,15517543332
R10REF_ECON,PP1990adjATP,1/sqrt(x),MER,MER_1/sqrt(x),pp1990_atp_mer_pf2,1997,10.583461993880816,15233204418
R10REF_ECON,PP1990adjATP,1/sqrt(x),MER,MER_1/sqrt(x),pp1990_atp_mer_pf2,1998,9.125437128534193,14949472002
R10REF_ECON,PP1990adjATP,1/sqrt(x),MER,MER_1/sqrt(x),pp1990_atp_mer_pf2,1999,7.660740431173393,14666412566
R10REF_ECON,PP1990adjATP,1/sqrt(x),MER,MER_1/sqrt(x),pp1990_atp_mer_pf2,2000,6.344680577334734,14384013320
R10REF_ECON,PP1990adjATP,1/sqrt(x),MER,MER_1/sqrt(x),pp1990_atp_mer_pf2,2001,5.0087215847686,14102217484
R10REF_ECON,PP1990adjATP,1/sqrt(x),MER,MER_1/sqrt(x),pp1990_atp_mer_pf2,2002,3.3687046402101037,13821050979
R10REF_ECON,PP1990adjATP,1/sqrt(x),MER,MER_1/sqrt(x),pp1990_atp_mer_pf2,2003,1.6378930725972358,13540477595
R10REF_ECON,PP1990adjATP,1/sqrt(x),MER,MER_1/sqrt(x),pp1990_atp_mer_pf2,2004,-0.2793114486802253,13260368712
R10REF_ECON,PP1990adjATP,1/sqrt(x),MER,MER_1/sqrt(x),pp1990_atp_mer_pf2,2005,-2.4233131456921475,12980580729
R10REF_ECON,PP1990adjATP,1/sqrt(x),MER,MER_1/sqrt(x),pp1990_atp_mer_pf2,2006,-4.787175158442339,12701029111
R10REF_ECON,PP1990adjATP,1/sqrt(x),MER,MER_1/sqrt(x),pp1990_atp_mer_pf2,2007,-7.450843916760603,12421548913
R10REF_ECON,PP1990adjATP,1/sqrt(x),MER,MER_1/sqrt(x),pp1990_atp_mer_pf2,2008,-10.263538357074218,12141802219
R10REF_ECON,PP1990adjATP,1/sqrt(x),MER,MER_1/sqrt(x),pp1990_atp_mer_pf2,2009,-13.361158735118911,11861496179
R10REF_ECON,PP1990adjATP,1/sqrt(x),MER,MER_1/sqrt(x),pp1990_atp_mer_pf2,2010,-15.637301392485737,11580388455
R10REF_ECON,PP1990adjATP,1/sqrt(x),MER,MER_1/sqrt(x),pp1990_atp_mer_pf2,2011,-18.15811006748378,11298417280
R10REF_ECON,PP1990adjATP,1/sqrt(x),MER,MER_1/sqrt(x),pp1990_atp_mer_pf2,2012,-20.9477691742249,11015504465
R10REF_ECON,PP1990adjATP,1/sqrt(x),MER,MER_1/sqrt(x),pp1990_atp_mer_pf2,2013,-23.79618551330725,10731410611
R10REF_ECON,PP1990adjATP,1/sqrt(x),MER,MER_1/sqrt(x),pp1990_atp_mer_pf2,2014,-26.561519432054148,10446011853
R10REF_ECON,PP1990adjATP,1/sqrt(x),MER,MER_1/sqrt(x),pp1990_atp_mer_pf2,2015,-29.061803236880227,10159297805
R10REF_ECON,PP1990adjATP,1/sqrt(x),MER,MER_1/sqrt(x),pp1990_atp_mer_pf2,2016,-31.230763495430967,9871164834
R10REF_ECON,PP1990adjATP,1/sqrt(x),MER,MER_1/sqrt(x),pp1990_atp_mer_pf2,2017,-33.317405042778816,9581531340
R10REF_ECON,PP1990adjATP,1/sqrt(x),MER,MER_1/sqrt(x),pp1990_atp_mer_pf2,2018,-35.42267960173108,9290562060
R10REF_ECON,PP1990adjATP,1/sqrt(x),MER,MER_1/sqrt(x),pp1990_atp_mer_pf2,2019,-37.62224020587142,8998459614
R10REF_ECON,PP1990adjATP,1/sqrt(x),MER,MER_1/sqrt(x),pp1990_atp_mer_pf2,2020,-39.868736098595264,8705348299
R10REF_ECON,PP1990adjATP,1/x,MER,MER_1/x,pp1990_atp_mer_pf1,1991,10.09846431868657,16941031255
R10REF_ECON,PP1990adjATP,1/x,MER,MER_1/x,pp1990_atp_mer_pf1,1992,6.776158405638009,16657574177
R10REF_ECON,PP1990adjATP,1/x,MER,MER_1/x,pp1990_atp_mer_pf1,1993,4.600543844454127,16372919968
R10REF_ECON,PP1990adjATP,1/x,MER,MER_1/x,pp1990_atp_mer_pf1,1994,2.5342179004616807,16087622340
R10REF_ECON,PP1990adjATP,1/x,MER,MER_1/x,pp1990_atp_mer_pf1,1995,1.2482103774768034,15802374593
R10REF_ECON,PP1990adjATP,1/x,MER,MER_1/x,pp1990_atp_mer_pf1,1996,0.19800280739147702,15517543332
R10REF_ECON,PP1990adjATP,1/x,MER,MER_1/x,pp1990_atp_mer_pf1,1997,-0.8271162580635347,15233204418
R10REF_ECON,PP1990adjATP,1/x,MER,MER_1/x,pp1990_atp_mer_pf1,1998,-2.0467534873386386,14949472002
R10REF_ECON,PP1990adjATP,1/x,MER,MER_1/x,pp1990_atp_mer_pf1,1999,-3.395509836390216,14666412566
R10REF_ECON,PP1990adjATP,1/x,MER,MER_1/x,pp1990_atp_mer_pf1,2000,-4.566560987084294,14384013320
R10REF_ECON,PP1990adjATP,1/x,MER,MER_1/x,pp1990_atp_mer_pf1,2001,-5.601607547617475,14102217484
R10REF_ECON,PP1990adjATP,1/x,MER,MER_1/x,pp1990_atp_mer_pf1,2002,-7.043193980684966,13821050979
R10REF_ECON,PP1990adjATP,1/x,MER,MER_1/x,pp1990_atp_mer_pf1,2003,-8.579872966759728,13540477595
R10REF_ECON,PP1990adjATP,1/x,MER,MER_1/x,pp1990_atp_mer_pf1,2004,-10.318910916973275,13260368712
R10REF_ECON,PP1990adjATP,1/x,MER,MER_1/x,pp1990_atp_mer_pf1,2005,-12.32485527568943,12980580729
R10REF_ECON,PP1990adjATP,1/x,MER,MER_1/x,pp1990_atp_mer_pf1,2006,-14.590630965396361,12701029111
R10REF_ECON,PP1990adjATP,1/x,MER,MER_1/x,pp1990_atp_mer_pf1,2007,-17.212996929250487,12421548913
R10REF_ECON,PP1990adjATP,1/x,MER,MER_1/x,pp1990_atp_mer_pf1,2008,-20.028844338479104,12141802219
R10REF_ECON,PP1990adjATP,1/x,MER,MER_1/x,pp1990_atp_mer_pf1,2009,-23.24560006584388,11861496179
R10REF_ECON,PP1990adjATP,1/x,MER,MER_1/x,pp1990_atp_mer_pf1,2010,-25.48938186857177,11580388455
R10REF_ECON,PP1990adjATP,1/x,MER,MER_1/x,pp1990_atp_mer_pf1,2011,-28.07271054604934,11298417280
R10REF_ECON,PP1990adjATP,1/x,MER,MER_1/x,pp1990_atp_mer_pf1,2012,-30.958311662904887,11015504465
R10REF_ECON,PP1990adjATP,1/x,MER,MER_1/x,pp1990_atp_mer_pf1,2013,-33.922714083951135,10731410611
R10REF_ECON,PP1990adjATP,1/x,MER,MER_1/x,pp1990_atp_mer_pf1,2014,-36.811354434016224,10446011853
R10REF_ECON,PP1990adjATP,1/x,MER,MER_1/x,pp1990_atp_mer_pf1,2015,-39.38295917861422,10159297805
R10REF_ECON,PP1990adjATP,1/x,MER,MER_1/x,pp1990_atp_mer_pf1,2016,-41.55547044720954,9871164834
R10REF_ECON,PP1990adjATP,1/x,MER,MER_1/x,pp1990_atp_mer_pf1,2017,-43.56615439854073,9581531340
R10REF_ECON,PP1990adjATP,1/x,MER,MER_1/x,pp1990_atp_mer_pf1,2018,-45.5022380574869,9290562060
R10REF_ECON,PP1990adjATP,1/x,MER,MER_1/x,pp1990_atp_mer_pf1,2019,-47.51770661751443,8998459614
R10REF_ECON,PP1990adjATP,1/x,MER,MER_1/x,pp1990_atp_mer_pf1,2020,-49.62432322064939,8705348299
R10REF_ECON,PP1990adjATP,1/asinh(x),PPP,PPP_1/asinh(x),pp1990_atp_ppp_pf3,1991,36.13225048583936,16941031255
R10REF_ECON,PP1990adjATP,1/asinh(x),PPP,PPP_1/asinh(x),pp1990_atp_ppp_pf3,1992,32.646269949790444,16657574177
R10REF_ECON,PP1990adjATP,1/asinh(x),PPP,PPP_1/asinh(x),pp1990_atp_ppp_pf3,1993,29.844789251939453,16372919968
R10REF_ECON,PP1990adjATP,1/asinh(x),PPP,PPP_1/asinh(x),pp1990_atp_ppp_pf3,1994,27.275663161848186,16087622340
R10REF_ECON,PP1990adjATP,1/asinh(x),PPP,PPP_1/asinh(x),pp1990_atp_ppp_pf3,1995,25.111597664052084,15802374593
R10REF_ECON,PP1990adjATP,1/asinh(x),PPP,PPP_1/asinh(x),pp1990_atp_ppp_pf3,1996,23.005547123410928,15517543332
R10REF_ECON,PP1990adjATP,1/asinh(x),PPP,PPP_1/asinh(x),pp1990_atp_ppp_pf3,1997,20.9506784429489,15233204418
R10REF_ECON,PP1990adjATP,1/asinh(x),PPP,PPP_1/asinh(x),pp1990_atp_ppp_pf3,1998,18.971714502540948,14949472002
R10REF_ECON,PP1990adjATP,1/asinh(x),PPP,PPP_1/asinh(x),pp1990_atp_ppp_pf3,1999,16.97538533484331,14666412566
R10REF_ECON,PP1990adjATP,1/asinh(x),PPP,PPP_1/asinh(x),pp1990_atp_ppp_pf3,2000,14.967209694290263,14384013320
R10REF_ECON,PP1990adjATP,1/asinh(x),PPP,PPP_1/asinh(x),pp1990_atp_ppp_pf3,2001,12.920632832312663,14102217484
R10REF_ECON,PP1990adjATP,1/asinh(x),PPP,PPP_1/asinh(x),pp1990_atp_ppp_pf3,2002,10.8007643917012,13821050979
R10REF_ECON,PP1990adjATP,1/asinh(x),PPP,PPP_1/asinh(x),pp1990_atp_ppp_pf3,2003,8.651759071417743,13540477595
R10REF_ECON,PP1990adjATP,1/asinh(x),PPP,PPP_1/asinh(x),pp1990_atp_ppp_pf3,2004,6.400955695277473,13260368712
R10REF_ECON,PP1990adjATP,1/asinh(x),PPP,PPP_1/asinh(x),pp1990_atp_ppp_pf3,2005,4.105014524051041,12980580729
R10REF_ECON,PP1990adjATP,1/asinh(x),PPP,PPP_1/asinh(x),pp1990_atp_ppp_pf3,2006,1.7621986587422094,12701029111
R10REF_ECON,PP1990adjATP,1/asinh(x),PPP,PPP_1/asinh(x),pp1990_atp_ppp_pf3,2007,-0.7257570753531049,12421548913
R10REF_ECON,PP1990adjATP,1/asinh(x),PPP,PPP_1/asinh(x),pp1990_atp_ppp_pf3,2008,-3.2248526658931413,12141802219
R10REF_ECON,PP1990adjATP,1/asinh(x),PPP,PPP_1/asinh(x),pp1990_atp_ppp_pf3,2009,-5.7917107489394795,11861496179
R10REF_ECON,PP1990adjATP,1/asinh(x),PPP,PPP_1/asinh(x),pp1990_atp_ppp_pf3,2010,-8.128831068297455,11580388455
R10REF_ECON,PP1990adjATP,1/asinh(x),PPP,PPP_1/asinh(x),pp1990_atp_ppp_pf3,2011,-10.591752803768703,11298417280
R10REF_ECON,PP1990adjATP,1/asinh(x),PPP,PPP_1/asinh(x),pp1990_atp_ppp_pf3,2012,-13.139841204700808,11015504465
R10REF_ECON,PP1990adjATP,1/asinh(x),PPP,PPP_1/asinh(x),pp1990_atp_ppp_pf3,2013,-15.718405214068222,10731410611
R10REF_ECON,PP1990adjATP,1/asinh(x),PPP,PPP_1/asinh(x),pp1990_atp_ppp_pf3,2014,-18.23992030255912,10446011853
R10REF_ECON,PP1990adjATP,1/asinh(x),PPP,PPP_1/asinh(x),pp1990_atp_ppp_pf3,2015,-20.72033986198334,10159297805
R10REF_ECON,PP1990adjATP,1/asinh(x),PPP,PPP_1/asinh(x),pp1990_atp_ppp_pf3,2016,-23.139868818394977,9871164834
R10REF_ECON,PP1990adjATP,1/asinh(x),PPP,PPP_1/asinh(x),pp1990_atp_ppp_pf3,2017,-25.564896988253853,9581531340
R10REF_ECON,PP1990adjATP,1/asinh(x),PPP,PPP_1/asinh(x),pp1990_atp_ppp_pf3,2018,-28.030686150693327,9290562060
R10REF_ECON,PP1990adjATP,1/asinh(x),PPP,PPP_1/asinh(x),pp1990_atp_ppp_pf3,2019,-30.56881913109363,8998459614
R10REF_ECON,PP1990adjATP,1/asinh(x),PPP,PPP_1/asinh(x),pp1990_atp_ppp_pf3,2020,-33.07834505937501,8705348299
R10REF_ECON,PP1990adjATP,1/sqrt(x),PPP,PPP_1/sqrt(x),pp1990_atp_ppp_pf2,1991,21.639745028111395,16941031255
R10REF_ECON,PP1990adjATP,1/sqrt(x),PPP,PPP_1/sqrt(x),pp1990_atp_ppp_pf2,1992,18.487982196355134,16657574177
R10REF_ECON,PP1990adjATP,1/sqrt(x),PPP,PPP_1/sqrt(x),pp1990_atp_ppp_pf2,1993,16.39190611268471,16372919968
R10REF_ECON,PP1990adjATP,1/sqrt(x),PPP,PPP_1/sqrt(x),pp1990_atp_ppp_pf2,1994,14.52874445336723,16087622340
R10REF_ECON,PP1990adjATP,1/sqrt(x),PPP,PPP_1/sqrt(x),pp1990_atp_ppp_pf2,1995,13.160570189040635,15802374593
R10REF_ECON,PP1990adjATP,1/sqrt(x),PPP,PPP_1/sqrt(x),pp1990_atp_ppp_pf2,1996,11.806215767387492,15517543332
R10REF_ECON,PP1990adjATP,1/sqrt(x),PPP,PPP_1/sqrt(x),pp1990_atp_ppp_pf2,1997,10.450889699164065,15233204418
R10REF_ECON,PP1990adjATP,1/sqrt(x),PPP,PPP_1/sqrt(x),pp1990_atp_ppp_pf2,1998,9.056748511164482,14949472002
R10REF_ECON,PP1990adjATP,1/sqrt(x),PPP,PPP_1/sqrt(x),pp1990_atp_ppp_pf2,1999,7.577048387383568,14666412566
R10REF_ECON,PP1990adjATP,1/sqrt(x),PPP,PPP_1/sqrt(x),pp1990_atp_ppp_pf2,2000,6.003048386978524,14384013320
R10REF_ECON,PP1990adjATP,1/sqrt(x),PPP,PPP_1/sqrt(x),pp1990_atp_ppp_pf2,2001,4.277821244791995,14102217484
R10REF_ECON,PP1990adjATP,1/sqrt(x),PPP,PPP_1/sqrt(x),pp1990_atp_ppp_pf2,2002,2.4105071696955878,13821050979
R10REF_ECON,PP1990adjATP,1/sqrt(x),PPP,PPP_1/sqrt(x),pp1990_atp_ppp_pf2,2003,0.45246829458381166,13540477595
R10REF_ECON,PP1990adjATP,1/sqrt(x),PPP,PPP_1/sqrt(x),pp1990_atp_ppp_pf2,2004,-1.6795549872342104,13260368712
R10REF_ECON,PP1990adjATP,1/sqrt(x),PPP,PPP_1/sqrt(x),pp1990_atp_ppp_pf2,2005,-3.8855816821937994,12980580729
R10REF_ECON,PP1990adjATP,1/sqrt(x),PPP,PPP_1/sqrt(x),pp1990_atp_ppp_pf2,2006,-6.180027033488699,12701029111
R10REF_ECON,PP1990adjATP,1/sqrt(x),PPP,PPP_1/sqrt(x),pp1990_atp_ppp_pf2,2007,-8.712058452054201,12421548913
R10REF_ECON,PP1990adjATP,1/sqrt(x),PPP,PPP_1/sqrt(x),pp1990_atp_ppp_pf2,2008,-11.2743047360386,12141802219
R10REF_ECON,PP1990adjATP,1/sqrt(x),PPP,PPP_1/sqrt(x),pp1990_atp_ppp_pf2,2009,-13.979942072723741,11861496179
R10REF_ECON,PP1990adjATP,1/sqrt(x),PPP,PPP_1/sqrt(x),pp1990_atp_ppp_pf2,2010,-16.355252763784183,11580388455
R10REF_ECON,PP1990adjATP,1/sqrt(x),PPP,PPP_1/sqrt(x),pp1990_atp_ppp_pf2,2011,-18.83504836721908,11298417280
R10REF_ECON,PP1990adjATP,1/sqrt(x),PPP,PPP_1/sqrt(x),pp1990_atp_ppp_pf2,2012,-21.422012559325296,11015504465
R10REF_ECON,PP1990adjATP,1/sqrt(x),PPP,PPP_1/sqrt(x),pp1990_atp_ppp_pf2,2013,-24.04223600438753,10731410611
R10REF_ECON,PP1990adjATP,1/sqrt(x),PPP,PPP_1/sqrt(x),pp1990_atp_ppp_pf2,2014,-26.63337515127641,10446011853
R10REF_ECON,PP1990adjATP,1/sqrt(x),PPP,PPP_1/sqrt(x),pp1990_atp_ppp_pf2,2015,-29.135505743941764,10159297805
R10REF_ECON,PP1990adjATP,1/sqrt(x),PPP,PPP_1/sqrt(x),pp1990_atp_ppp_pf2,2016,-31.50594312688209,9871164834
R10REF_ECON,PP1990adjATP,1/sqrt(x),PPP,PPP_1/sqrt(x),pp1990_atp_ppp_pf2,2017,-33.86444709191576,9581531340
R10REF_ECON,PP1990adjATP,1/sqrt(x),PPP,PPP_1/sqrt(x),pp1990_atp_ppp_pf2,2018,-36.27098194547806,9290562060
R10REF_ECON,PP1990adjATP,1/sqrt(x),PPP,PPP_1/sqrt(x),pp1990_atp_ppp_pf2,2019,-38.75951109986423,8998459614
R10REF_ECON,PP1990adjATP,1/sqrt(x),PPP,PPP_1/sqrt(x),pp1990_atp_ppp_pf2,2020,-41.24849551093812,8705348299
R10REF_ECON,PP1990adjATP,1/x,PPP,PPP_1/x,pp1990_atp_ppp_pf1,1991,8.71038929448964,16941031255
R10REF_ECON,PP1990adjATP,1/x,PPP,PPP_1/x,pp1990_atp_ppp_pf1,1992,5.547384953859562,16657574177
R10REF_ECON,PP1990adjATP,1/x,PPP,PPP_1/x,pp1990_atp_ppp_pf1,1993,3.507376633682198,16372919968
R10REF_ECON,PP1990adjATP,1/x,PPP,PPP_1/x,pp1990_atp_ppp_pf1,1994,1.754402568100941,16087622340
R10REF_ECON,PP1990adjATP,1/x,PPP,PPP_1/x,pp1990_atp_ppp_pf1,1995,0.5383665068149446,15802374593
R10REF_ECON,PP1990adjATP,1/x,PPP,PPP_1/x,pp1990_atp_ppp_pf1,1996,-0.6238989142626541,15517543332
R10REF_ECON,PP1990adjATP,1/x,PPP,PPP_1/x,pp1990_atp_ppp_pf1,1997,-1.7566787209349548,15233204418
R10REF_ECON,PP1990adjATP,1/x,PPP,PPP_1/x,pp1990_atp_ppp_pf1,1998,-2.945154969494304,14949472002
R10REF_ECON,PP1990adjATP,1/x,PPP,PPP_1/x,pp1990_atp_ppp_pf1,1999,-4.236387821410691,14666412566
R10REF_ECON,PP1990adjATP,1/x,PPP,PPP_1/x,pp1990_atp_ppp_pf1,2000,-5.629348034398394,14384013320
R10REF_ECON,PP1990adjATP,1/x,PPP,PPP_1/x,pp1990_atp_ppp_pf1,2001,-7.208323150949864,14102217484
R10REF_ECON,PP1990adjATP,1/x,PPP,PPP_1/x,pp1990_atp_ppp_pf1,2002,-8.946773213753941,13821050979
R10REF_ECON,PP1990adjATP,1/x,PPP,PPP_1/x,pp1990_atp_ppp_pf1,2003,-10.802036187755718,13540477595
R10REF_ECON,PP1990adjATP,1/x,PPP,PPP_1/x,pp1990_atp_ppp_pf1,2004,-12.860491730800014,13260368712
R10REF_ECON,PP1990adjATP,1/x,PPP,PPP_1/x,pp1990_atp_ppp_pf1,2005,-15.005299023746057,12980580729
R10REF_ECON,PP1990adjATP,1/x,PPP,PPP_1/x,pp1990_atp_ppp_pf1,2006,-17.247613837307387,12701029111
R10REF_ECON,PP1990adjATP,1/x,PPP,PPP_1/x,pp1990_atp_ppp_pf1,2007,-19.74964360670858,12421548913
R10REF_ECON,PP1990adjATP,1/x,PPP,PPP_1/x,pp1990_atp_ppp_pf1,2008,-22.29719973753565,12141802219
R10REF_ECON,PP1990adjATP,1/x,PPP,PPP_1/x,pp1990_atp_ppp_pf1,2009,-25.006045140831237,11861496179
R10REF_ECON,PP1990adjATP,1/x,PPP,PPP_1/x,pp1990_atp_ppp_pf1,2010,-27.359663764389616,11580388455
R10REF_ECON,PP1990adjATP,1/x,PPP,PPP_1/x,pp1990_atp_ppp_pf1,2011,-29.810863509128804,11298417280
R10REF_ECON,PP1990adjATP,1/x,PPP,PPP_1/x,pp1990_atp_ppp_pf1,2012,-32.37746998282084,11015504465
R10REF_ECON,PP1990adjATP,1/x,PPP,PPP_1/x,pp1990_atp_ppp_pf1,2013,-34.9906430932257,10731410611
R10REF_ECON,PP1990adjATP,1/x,PPP,PPP_1/x,pp1990_atp_ppp_pf1,2014,-37.58761024518908,10446011853
R10REF_ECON,PP1990adjATP,1/x,PPP,PPP_1/x,pp1990_atp_ppp_pf1,2015,-40.06989735245633,10159297805
R10REF_ECON,PP1990adjATP,1/x,PPP,PPP_1/x,pp1990_atp_ppp_pf1,2016,-42.38756169642164,9871164834
R10REF_ECON,PP1990adjATP,1/x,PPP,PPP_1/x,pp1990_atp_ppp_pf1,2017,-44.68136916975945,9581531340
R10REF_ECON,PP1990adjATP,1/x,PPP,PPP_1/x,pp1990_atp_ppp_pf1,2018,-47.02294592388531,9290562060
R10REF_ECON,PP1990adjATP,1/x,PPP,PPP_1/x,pp1990_atp_ppp_pf1,2019,-49.44131653436682,8998459614
R10REF_ECON,PP1990adjATP,1/x,PPP,PPP_1/x,pp1990_atp_ppp_pf1,2020,-51.875264894762466,8705348299
R10REF_ECON,PP1850adjATP,1/asinh(x),MER,MER_1/asinh(x),pp1850_atp_mer_pf3,1991,-15.532063102645308,16941031255
R10REF_ECON,PP1850adjATP,1/asinh(x),MER,MER_1/asinh(x),pp1850_atp_mer_pf3,1992,-19.133755716920803,16657574177
R10REF_ECON,PP1850adjATP,1/asinh(x),MER,MER_1/asinh(x),pp1850_atp_mer_pf3,1993,-21.996824043507686,16372919968
R10REF_ECON,PP1850adjATP,1/asinh(x),MER,MER_1/asinh(x),pp1850_atp_mer_pf3,1994,-24.675645358063996,16087622340
R10REF_ECON,PP1850adjATP,1/asinh(x),MER,MER_1/asinh(x),pp1850_atp_mer_pf3,1995,-26.856978286547033,15802374593
R10REF_ECON,PP1850adjATP,1/asinh(x),MER,MER_1/asinh(x),pp1850_atp_mer_pf3,1996,-28.90202715665476,15517543332
R10REF_ECON,PP1850adjATP,1/asinh(x),MER,MER_1/asinh(x),pp1850_atp_mer_pf3,1997,-30.893697682797132,15233204418
R10REF_ECON,PP1850adjATP,1/asinh(x),MER,MER_1/asinh(x),pp1850_atp_mer_pf3,1998,-32.853140217779654,14949472002
R10REF_ECON,PP1850adjATP,1/asinh(x),MER,MER_1/asinh(x),pp1850_atp_mer_pf3,1999,-34.7982237818955,14666412566
R10REF_ECON,PP1850adjATP,1/asinh(x),MER,MER_1/asinh(x),pp1850_atp_mer_pf3,2000,-36.67995557959028,14384013320
R10REF_ECON,PP1850adjATP,1/asinh(x),MER,MER_1/asinh(x),pp1850_atp_mer_pf3,2001,-38.58109384169595,14102217484
R10REF_ECON,PP1850adjATP,1/asinh(x),MER,MER_1/asinh(x),pp1850_atp_mer_pf3,2002,-40.6141588574372,13821050979
R10REF_ECON,PP1850adjATP,1/asinh(x),MER,MER_1/asinh(x),pp1850_atp_mer_pf3,2003,-42.68327862874732,13540477595
R10REF_ECON,PP1850adjATP,1/asinh(x),MER,MER_1/asinh(x),pp1850_atp_mer_pf3,2004,-44.8620199527072,13260368712
R10REF_ECON,PP1850adjATP,1/asinh(x),MER,MER_1/asinh(x),pp1850_atp_mer_pf3,2005,-47.13695250722678,12980580729
R10REF_ECON,PP1850adjATP,1/asinh(x),MER,MER_1/asinh(x),pp1850_atp_mer_pf3,2006,-49.50156043079707,12701029111
R10REF_ECON,PP1850adjATP,1/asinh(x),MER,MER_1/asinh(x),pp1850_atp_mer_pf3,2007,-52.03399180877523,12421548913
R10REF_ECON,PP1850adjATP,1/asinh(x),MER,MER_1/asinh(x),pp1850_atp_mer_pf3,2008,-54.61373875825592,12141802219
R10REF_ECON,PP1850adjATP,1/asinh(x),MER,MER_1/asinh(x),pp1850_atp_mer_pf3,2009,-57.300086102433596,11861496179
R10REF_ECON,PP1850adjATP,1/asinh(x),MER,MER_1/asinh(x),pp1850_atp_mer_pf3,2010,-59.59965015466163,11580388455
R10REF_ECON,PP1850adjATP,1/asinh(x),MER,MER_1/asinh(x),pp1850_atp_mer_pf3,2011,-62.0623872478062,11298417280
R10REF_ECON,PP1850adjATP,1/asinh(x),MER,MER_1/asinh(x),pp1850_atp_mer_pf3,2012,-64.6625306118589,11015504465
R10REF_ECON,PP1850adjATP,1/asinh(x),MER,MER_1/asinh(x),pp1850_atp_mer_pf3,2013,-67.30043532282095,10731410611
R10REF_ECON,PP1850adjATP,1/asinh(x),MER,MER_1/asinh(x),pp1850_atp_mer_pf3,2014,-69.86552838076292,10446011853
R10REF_ECON,PP1850adjATP,1/asinh(x),MER,MER_1/asinh(x),pp1850_atp_mer_pf3,2015,-72.33355868201838,10159297805
R10REF_ECON,PP1850adjATP,1/asinh(x),MER,MER_1/asinh(x),pp1850_atp_mer_pf3,2016,-74.6781801332698,9871164834
R10REF_ECON,PP1850adjATP,1/asinh(x),MER,MER_1/asinh(x),pp1850_atp_mer_pf3,2017,-77.0133535914399,9581531340
R10REF_ECON,PP1850adjATP,1/asinh(x),MER,MER_1/asinh(x),pp1850_atp_mer_pf3,2018,-79.39165016684757,9290562060
R10REF_ECON,PP1850adjATP,1/asinh(x),MER,MER_1/asinh(x),pp1850_atp_mer_pf3,2019,-81.84760233807707,8998459614
R10REF_ECON,PP1850adjATP,1/asinh(x),MER,MER_1/asinh(x),pp1850_atp_mer_pf3,2020,-84.28873258938376,8705348299
R10REF_ECON,PP1850adjATP,1/sqrt(x),MER,MER_1/sqrt(x),pp1850_atp_mer_pf2,1991,-28.656533806772714,16941031255
R10REF_ECON,PP1850adjATP,1/sqrt(x),MER,MER_1/sqrt(x),pp1850_atp_mer_pf2,1992,-32.09944095285358,16657574177
R10REF_ECON,PP1850adjATP,1/sqrt(x),MER,MER_1/sqrt(x),pp1850_atp_mer_pf2,1993,-34.43710589097485,16372919968
R10REF_ECON,PP1850adjATP,1/sqrt(x),MER,MER_1/sqrt(x),pp1850_atp_mer_pf2,1994,-36.69587724714605,16087622340
R10REF_ECON,PP1850adjATP,1/sqrt(x),MER,MER_1/sqrt(x),pp1850_atp_mer_pf2,1995,-38.24471535308159,15802374593
R10REF_ECON,PP1850adjATP,1/sqrt(x),MER,MER_1/sqrt(x),pp1850_atp_mer_pf2,1996,-39.58574759949396,15517543332
R10REF_ECON,PP1850adjATP,1/sqrt(x),MER,MER_1/sqrt(x),pp1850_atp_mer_pf2,1997,-40.908312174355466,15233204418
R10REF_ECON,PP1850adjATP,1/sqrt(x),MER,MER_1/sqrt(x),pp1850_atp_mer_pf2,1998,-42.36633703970208,14949472002
R10REF_ECON,PP1850adjATP,1/sqrt(x),MER,MER_1/sqrt(x),pp1850_atp_mer_pf2,1999,-43.83103373706289,14666412566
R10REF_ECON,PP1850adjATP,1/sqrt(x),MER,MER_1/sqrt(x),pp1850_atp_mer_pf2,2000,-45.14709359090156,14384013320
R10REF_ECON,PP1850adjATP,1/sqrt(x),MER,MER_1/sqrt(x),pp1850_atp_mer_pf2,2001,-46.48305258346769,14102217484
R10REF_ECON,PP1850adjATP,1/sqrt(x),MER,MER_1/sqrt(x),pp1850_atp_mer_pf2,2002,-48.12306952802618,13821050979
R10REF_ECON,PP1850adjATP,1/sqrt(x),MER,MER_1/sqrt(x),pp1850_atp_mer_pf2,2003,-49.853881095639046,13540477595
R10REF_ECON,PP1850adjATP,1/sqrt(x),MER,MER_1/sqrt(x),pp1850_atp_mer_pf2,2004,-51.771085616916494,13260368712
R10REF_ECON,PP1850adjATP,1/sqrt(x),MER,MER_1/sqrt(x),pp1850_atp_mer_pf2,2005,-53.91508731392843,12980580729
R10REF_ECON,PP1850adjATP,1/sqrt(x),MER,MER_1/sqrt(x),pp1850_atp_mer_pf2,2006,-56.278949326678614,12701029111
R10REF_ECON,PP1850adjATP,1/sqrt(x),MER,MER_1/sqrt(x),pp1850_atp_mer_pf2,2007,-58.94261808499687,12421548913
R10REF_ECON,PP1850adjATP,1/sqrt(x),MER,MER_1/sqrt(x),pp1850_atp_mer_pf2,2008,-61.7553125253105,12141802219
R10REF_ECON,PP1850adjATP,1/sqrt(x),MER,MER_1/sqrt(x),pp1850_atp_mer_pf2,2009,-64.8529329033552,11861496179
R10REF_ECON,PP1850adjATP,1/sqrt(x),MER,MER_1/sqrt(x),pp1850_atp_mer_pf2,2010,-67.12907556072203,11580388455
R10REF_ECON,PP1850adjATP,1/sqrt(x),MER,MER_1/sqrt(x),pp1850_atp_mer_pf2,2011,-69.64988423572005,11298417280
R10REF_ECON,PP1850adjATP,1/sqrt(x),MER,MER_1/sqrt(x),pp1850_atp_mer_pf2,2012,-72.43954334246118,11015504465
R10REF_ECON,PP1850adjATP,1/sqrt(x),MER,MER_1/sqrt(x),pp1850_atp_mer_pf2,2013,-75.28795968154354,10731410611
R10REF_ECON,PP1850adjATP,1/sqrt(x),MER,MER_1/sqrt(x),pp1850_atp_mer_pf2,2014,-78.05329360029042,10446011853
R10REF_ECON,PP1850adjATP,1/sqrt(x),MER,MER_1/sqrt(x),pp1850_atp_mer_pf2,2015,-80.5535774051165,10159297805
R10REF_ECON,PP1850adjATP,1/sqrt(x),MER,MER_1/sqrt(x),pp1850_atp_mer_pf2,2016,-82.72253766366723,9871164834
R10REF_ECON,PP1850adjATP,1/sqrt(x),MER,MER_1/sqrt(x),pp1850_atp_mer_pf2,2017,-84.80917921101509,9581531340
R10REF_ECON,PP1850adjATP,1/sqrt(x),MER,MER_1/sqrt(x),pp1850_atp_mer_pf2,2018,-86.91445376996734,9290562060
R10REF_ECON,PP1850adjATP,1/sqrt(x),MER,MER_1/sqrt(x),pp1850_atp_mer_pf2,2019,-89.11401437410771,8998459614
R10REF_ECON,PP1850adjATP,1/sqrt(x),MER,MER_1/sqrt(x),pp1850_atp_mer_pf2,2020,-91.36051026683154,8705348299
R10REF_ECON,PP1850adjATP,1/x,MER,MER_1/x,pp1850_atp_mer_pf1,1991,-41.3933098495497,16941031255
R10REF_ECON,PP1850adjATP,1/x,MER,MER_1/x,pp1850_atp_mer_pf1,1992,-44.71561576259827,16657574177
R10REF_ECON,PP1850adjATP,1/x,MER,MER_1/x,pp1850_atp_mer_pf1,1993,-46.891230323782146,16372919968
R10REF_ECON,PP1850adjATP,1/x,MER,MER_1/x,pp1850_atp_mer_pf1,1994,-48.95755626777459,16087622340
R10REF_ECON,PP1850adjATP,1/x,MER,MER_1/x,pp1850_atp_mer_pf1,1995,-50.243563790759474,15802374593
R10REF_ECON,PP1850adjATP,1/x,MER,MER_1/x,pp1850_atp_mer_pf1,1996,-51.2937713608448,15517543332
R10REF_ECON,PP1850adjATP,1/x,MER,MER_1/x,pp1850_atp_mer_pf1,1997,-52.31889042629982,15233204418
R10REF_ECON,PP1850adjATP,1/x,MER,MER_1/x,pp1850_atp_mer_pf1,1998,-53.53852765557492,14949472002
R10REF_ECON,PP1850adjATP,1/x,MER,MER_1/x,pp1850_atp_mer_pf1,1999,-54.887284004626494,14666412566
R10REF_ECON,PP1850adjATP,1/x,MER,MER_1/x,pp1850_atp_mer_pf1,2000,-56.05833515532058,14384013320
R10REF_ECON,PP1850adjATP,1/x,MER,MER_1/x,pp1850_atp_mer_pf1,2001,-57.09338171585375,14102217484
R10REF_ECON,PP1850adjATP,1/x,MER,MER_1/x,pp1850_atp_mer_pf1,2002,-58.53496814892125,13821050979
R10REF_ECON,PP1850adjATP,1/x,MER,MER_1/x,pp1850_atp_mer_pf1,2003,-60.071647134996006,13540477595
R10REF_ECON,PP1850adjATP,1/x,MER,MER_1/x,pp1850_atp_mer_pf1,2004,-61.810685085209556,13260368712
R10REF_ECON,PP1850adjATP,1/x,MER,MER_1/x,pp1850_atp_mer_pf1,2005,-63.81662944392571,12980580729
R10REF_ECON,PP1850adjATP,1/x,MER,MER_1/x,pp1850_atp_mer_pf1,2006,-66.08240513363265,12701029111
R10REF_ECON,PP1850adjATP,1/x,MER,MER_1/x,pp1850_atp_mer_pf1,2007,-68.70477109748677,12421548913
R10REF_ECON,PP1850adjATP,1/x,MER,MER_1/x,pp1850_atp_mer_pf1,2008,-71.52061850671538,12141802219
R10REF_ECON,PP1850adjATP,1/x,MER,MER_1/x,pp1850_atp_mer_pf1,2009,-74.73737423408016,11861496179
R10REF_ECON,PP1850adjATP,1/x,MER,MER_1/x,pp1850_atp_mer_pf1,2010,-76.98115603680806,11580388455
R10REF_ECON,PP1850adjATP,1/x,MER,MER_1/x,pp1850_atp_mer_pf1,2011,-79.56448471428561,11298417280
R10REF_ECON,PP1850adjATP,1/x,MER,MER_1/x,pp1850_atp_mer_pf1,2012,-82.45008583114117,11015504465
R10REF_ECON,PP1850adjATP,1/x,MER,MER_1/x,pp1850_atp_mer_pf1,2013,-85.41448825218743,10731410611
R10REF_ECON,PP1850adjATP,1/x,MER,MER_1/x,pp1850_atp_mer_pf1,2014,-88.3031286022525,10446011853
R10REF_ECON,PP1850adjATP,1/x,MER,MER_1/x,pp1850_atp_mer_pf1,2015,-90.87473334685052,10159297805
R10REF_ECON,PP1850adjATP,1/x,MER,MER_1/x,pp1850_atp_mer_pf1,2016,-93.0472446154458,9871164834
R10REF_ECON,PP1850adjATP,1/x,MER,MER_1/x,pp1850_atp_mer_pf1,2017,-95.05792856677702,9581531340
R10REF_ECON,PP1850adjATP,1/x,MER,MER_1/x,pp1850_atp_mer_pf1,2018,-96.9940122257232,9290562060
R10REF_ECON,PP1850adjATP,1/x,MER,MER_1/x,pp1850_atp_mer_pf1,2019,-99.0094807857507,8998459614
R10REF_ECON,PP1850adjATP,1/x,MER,MER_1/x,pp1850_atp_mer_pf1,2020,-101.11609738888566,8705348299
R10REF_ECON,PP1850adjATP,1/asinh(x),PPP,PPP_1/asinh(x),pp1850_atp_ppp_pf3,1991,-15.35952368239693,16941031255
R10REF_ECON,PP1850adjATP,1/asinh(x),PPP,PPP_1/asinh(x),pp1850_atp_ppp_pf3,1992,-18.84550421844583,16657574177
R10REF_ECON,PP1850adjATP,1/asinh(x),PPP,PPP_1/asinh(x),pp1850_atp_ppp_pf3,1993,-21.646984916296823,16372919968
R10REF_ECON,PP1850adjATP,1/asinh(x),PPP,PPP_1/asinh(x),pp1850_atp_ppp_pf3,1994,-24.2161110063881,16087622340
R10REF_ECON,PP1850adjATP,1/asinh(x),PPP,PPP_1/asinh(x),pp1850_atp_ppp_pf3,1995,-26.380176504184195,15802374593
R10REF_ECON,PP1850adjATP,1/asinh(x),PPP,PPP_1/asinh(x),pp1850_atp_ppp_pf3,1996,-28.48622704482534,15517543332
R10REF_ECON,PP1850adjATP,1/asinh(x),PPP,PPP_1/asinh(x),pp1850_atp_ppp_pf3,1997,-30.541095725287374,15233204418
R10REF_ECON,PP1850adjATP,1/asinh(x),PPP,PPP_1/asinh(x),pp1850_atp_ppp_pf3,1998,-32.52005966569533,14949472002
R10REF_ECON,PP1850adjATP,1/asinh(x),PPP,PPP_1/asinh(x),pp1850_atp_ppp_pf3,1999,-34.516388833392966,14666412566
R10REF_ECON,PP1850adjATP,1/asinh(x),PPP,PPP_1/asinh(x),pp1850_atp_ppp_pf3,2000,-36.52456447394601,14384013320
R10REF_ECON,PP1850adjATP,1/asinh(x),PPP,PPP_1/asinh(x),pp1850_atp_ppp_pf3,2001,-38.57114133592361,14102217484
R10REF_ECON,PP1850adjATP,1/asinh(x),PPP,PPP_1/asinh(x),pp1850_atp_ppp_pf3,2002,-40.69100977653508,13821050979
R10REF_ECON,PP1850adjATP,1/asinh(x),PPP,PPP_1/asinh(x),pp1850_atp_ppp_pf3,2003,-42.84001509681855,13540477595
R10REF_ECON,PP1850adjATP,1/asinh(x),PPP,PPP_1/asinh(x),pp1850_atp_ppp_pf3,2004,-45.090818472958816,13260368712
R10REF_ECON,PP1850adjATP,1/asinh(x),PPP,PPP_1/asinh(x),pp1850_atp_ppp_pf3,2005,-47.38675964418524,12980580729
R10REF_ECON,PP1850adjATP,1/asinh(x),PPP,PPP_1/asinh(x),pp1850_atp_ppp_pf3,2006,-49.729575509494076,12701029111
R10REF_ECON,PP1850adjATP,1/asinh(x),PPP,PPP_1/asinh(x),pp1850_atp_ppp_pf3,2007,-52.217531243589384,12421548913
R10REF_ECON,PP1850adjATP,1/asinh(x),PPP,PPP_1/asinh(x),pp1850_atp_ppp_pf3,2008,-54.71662683412943,12141802219
R10REF_ECON,PP1850adjATP,1/asinh(x),PPP,PPP_1/asinh(x),pp1850_atp_ppp_pf3,2009,-57.28348491717577,11861496179
R10REF_ECON,PP1850adjATP,1/asinh(x),PPP,PPP_1/asinh(x),pp1850_atp_ppp_pf3,2010,-59.62060523653373,11580388455
R10REF_ECON,PP1850adjATP,1/asinh(x),PPP,PPP_1/asinh(x),pp1850_atp_ppp_pf3,2011,-62.08352697200498,11298417280
R10REF_ECON,PP1850adjATP,1/asinh(x),PPP,PPP_1/asinh(x),pp1850_atp_ppp_pf3,2012,-64.63161537293709,11015504465
R10REF_ECON,PP1850adjATP,1/asinh(x),PPP,PPP_1/asinh(x),pp1850_atp_ppp_pf3,2013,-67.2101793823045,10731410611
R10REF_ECON,PP1850adjATP,1/asinh(x),PPP,PPP_1/asinh(x),pp1850_atp_ppp_pf3,2014,-69.7316944707954,10446011853
R10REF_ECON,PP1850adjATP,1/asinh(x),PPP,PPP_1/asinh(x),pp1850_atp_ppp_pf3,2015,-72.21211403021962,10159297805
R10REF_ECON,PP1850adjATP,1/asinh(x),PPP,PPP_1/asinh(x),pp1850_atp_ppp_pf3,2016,-74.63164298663126,9871164834
R10REF_ECON,PP1850adjATP,1/asinh(x),PPP,PPP_1/asinh(x),pp1850_atp_ppp_pf3,2017,-77.05667115649011,9581531340
R10REF_ECON,PP1850adjATP,1/asinh(x),PPP,PPP_1/asinh(x),pp1850_atp_ppp_pf3,2018,-79.5224603189296,9290562060
R10REF_ECON,PP1850adjATP,1/asinh(x),PPP,PPP_1/asinh(x),pp1850_atp_ppp_pf3,2019,-82.06059329932991,8998459614
R10REF_ECON,PP1850adjATP,1/asinh(x),PPP,PPP_1/asinh(x),pp1850_atp_ppp_pf3,2020,-84.57011922761129,8705348299
R10REF_ECON,PP1850adjATP,1/sqrt(x),PPP,PPP_1/sqrt(x),pp1850_atp_ppp_pf2,1991,-29.852029140124888,16941031255
R10REF_ECON,PP1850adjATP,1/sqrt(x),PPP,PPP_1/sqrt(x),pp1850_atp_ppp_pf2,1992,-33.00379197188114,16657574177
R10REF_ECON,PP1850adjATP,1/sqrt(x),PPP,PPP_1/sqrt(x),pp1850_atp_ppp_pf2,1993,-35.099868055551575,16372919968
R10REF_ECON,PP1850adjATP,1/sqrt(x),PPP,PPP_1/sqrt(x),pp1850_atp_ppp_pf2,1994,-36.96302971486906,16087622340
R10REF_ECON,PP1850adjATP,1/sqrt(x),PPP,PPP_1/sqrt(x),pp1850_atp_ppp_pf2,1995,-38.331203979195635,15802374593
R10REF_ECON,PP1850adjATP,1/sqrt(x),PPP,PPP_1/sqrt(x),pp1850_atp_ppp_pf2,1996,-39.68555840084878,15517543332
R10REF_ECON,PP1850adjATP,1/sqrt(x),PPP,PPP_1/sqrt(x),pp1850_atp_ppp_pf2,1997,-41.04088446907222,15233204418
R10REF_ECON,PP1850adjATP,1/sqrt(x),PPP,PPP_1/sqrt(x),pp1850_atp_ppp_pf2,1998,-42.4350256570718,14949472002
R10REF_ECON,PP1850adjATP,1/sqrt(x),PPP,PPP_1/sqrt(x),pp1850_atp_ppp_pf2,1999,-43.914725780852706,14666412566
R10REF_ECON,PP1850adjATP,1/sqrt(x),PPP,PPP_1/sqrt(x),pp1850_atp_ppp_pf2,2000,-45.488725781257756,14384013320
R10REF_ECON,PP1850adjATP,1/sqrt(x),PPP,PPP_1/sqrt(x),pp1850_atp_ppp_pf2,2001,-47.21395292344429,14102217484
R10REF_ECON,PP1850adjATP,1/sqrt(x),PPP,PPP_1/sqrt(x),pp1850_atp_ppp_pf2,2002,-49.08126699854069,13821050979
R10REF_ECON,PP1850adjATP,1/sqrt(x),PPP,PPP_1/sqrt(x),pp1850_atp_ppp_pf2,2003,-51.03930587365248,13540477595
R10REF_ECON,PP1850adjATP,1/sqrt(x),PPP,PPP_1/sqrt(x),pp1850_atp_ppp_pf2,2004,-53.171329155470495,13260368712
R10REF_ECON,PP1850adjATP,1/sqrt(x),PPP,PPP_1/sqrt(x),pp1850_atp_ppp_pf2,2005,-55.37735585043007,12980580729
R10REF_ECON,PP1850adjATP,1/sqrt(x),PPP,PPP_1/sqrt(x),pp1850_atp_ppp_pf2,2006,-57.67180120172498,12701029111
R10REF_ECON,PP1850adjATP,1/sqrt(x),PPP,PPP_1/sqrt(x),pp1850_atp_ppp_pf2,2007,-60.20383262029047,12421548913
R10REF_ECON,PP1850adjATP,1/sqrt(x),PPP,PPP_1/sqrt(x),pp1850_atp_ppp_pf2,2008,-62.76607890427488,12141802219
R10REF_ECON,PP1850adjATP,1/sqrt(x),PPP,PPP_1/sqrt(x),pp1850_atp_ppp_pf2,2009,-65.47171624096002,11861496179
R10REF_ECON,PP1850adjATP,1/sqrt(x),PPP,PPP_1/sqrt(x),pp1850_atp_ppp_pf2,2010,-67.84702693202047,11580388455
R10REF_ECON,PP1850adjATP,1/sqrt(x),PPP,PPP_1/sqrt(x),pp1850_atp_ppp_pf2,2011,-70.32682253545536,11298417280
R10REF_ECON,PP1850adjATP,1/sqrt(x),PPP,PPP_1/sqrt(x),pp1850_atp_ppp_pf2,2012,-72.91378672756156,11015504465
R10REF_ECON,PP1850adjATP,1/sqrt(x),PPP,PPP_1/sqrt(x),pp1850_atp_ppp_pf2,2013,-75.53401017262381,10731410611
R10REF_ECON,PP1850adjATP,1/sqrt(x),PPP,PPP_1/sqrt(x),pp1850_atp_ppp_pf2,2014,-78.1251493195127,10446011853
R10REF_ECON,PP1850adjATP,1/sqrt(x),PPP,PPP_1/sqrt(x),pp1850_atp_ppp_pf2,2015,-80.62727991217804,10159297805
R10REF_ECON,PP1850adjATP,1/sqrt(x),PPP,PPP_1/sqrt(x),pp1850_atp_ppp_pf2,2016,-82.99771729511838,9871164834
R10REF_ECON,PP1850adjATP,1/sqrt(x),PPP,PPP_1/sqrt(x),pp1850_atp_ppp_pf2,2017,-85.35622126015204,9581531340
R10REF_ECON,PP1850adjATP,1/sqrt(x),PPP,PPP_1/sqrt(x),pp1850_atp_ppp_pf2,2018,-87.76275611371436,9290562060
R10REF_ECON,PP1850adjATP,1/sqrt(x),PPP,PPP_1/sqrt(x),pp1850_atp_ppp_pf2,2019,-90.25128526810052,8998459614
R10REF_ECON,PP1850adjATP,1/sqrt(x),PPP,PPP_1/sqrt(x),pp1850_atp_ppp_pf2,2020,-92.74026967917442,8705348299
R10REF_ECON,PP1850adjATP,1/x,PPP,PPP_1/x,pp1850_atp_ppp_pf1,1991,-42.781384873746646,16941031255
R10REF_ECON,PP1850adjATP,1/x,PPP,PPP_1/x,pp1850_atp_ppp_pf1,1992,-45.94438921437671,16657574177
R10REF_ECON,PP1850adjATP,1/x,PPP,PPP_1/x,pp1850_atp_ppp_pf1,1993,-47.98439753455409,16372919968
R10REF_ECON,PP1850adjATP,1/x,PPP,PPP_1/x,pp1850_atp_ppp_pf1,1994,-49.73737160013533,16087622340
R10REF_ECON,PP1850adjATP,1/x,PPP,PPP_1/x,pp1850_atp_ppp_pf1,1995,-50.95340766142134,15802374593
R10REF_ECON,PP1850adjATP,1/x,PPP,PPP_1/x,pp1850_atp_ppp_pf1,1996,-52.11567308249894,15517543332
R10REF_ECON,PP1850adjATP,1/x,PPP,PPP_1/x,pp1850_atp_ppp_pf1,1997,-53.24845288917124,15233204418
R10REF_ECON,PP1850adjATP,1/x,PPP,PPP_1/x,pp1850_atp_ppp_pf1,1998,-54.436929137730594,14949472002
R10REF_ECON,PP1850adjATP,1/x,PPP,PPP_1/x,pp1850_atp_ppp_pf1,1999,-55.72816198964697,14666412566
R10REF_ECON,PP1850adjATP,1/x,PPP,PPP_1/x,pp1850_atp_ppp_pf1,2000,-57.12112220263466,14384013320
R10REF_ECON,PP1850adjATP,1/x,PPP,PPP_1/x,pp1850_atp_ppp_pf1,2001,-58.70009731918615,14102217484
R10REF_ECON,PP1850adjATP,1/x,PPP,PPP_1/x,pp1850_atp_ppp_pf1,2002,-60.438547381990226,13821050979
R10REF_ECON,PP1850adjATP,1/x,PPP,PPP_1/x,pp1850_atp_ppp_pf1,2003,-62.293810355991994,13540477595
R10REF_ECON,PP1850adjATP,1/x,PPP,PPP_1/x,pp1850_atp_ppp_pf1,2004,-64.3522658990363,13260368712
R10REF_ECON,PP1850adjATP,1/x,PPP,PPP_1/x,pp1850_atp_ppp_pf1,2005,-66.49707319198234,12980580729
R10REF_ECON,PP1850adjATP,1/x,PPP,PPP_1/x,pp1850_atp_ppp_pf1,2006,-68.73938800554367,12701029111
R10REF_ECON,PP1850adjATP,1/x,PPP,PPP_1/x,pp1850_atp_ppp_pf1,2007,-71.24141777494486,12421548913
R10REF_ECON,PP1850adjATP,1/x,PPP,PPP_1/x,pp1850_atp_ppp_pf1,2008,-73.78897390577193,12141802219
R10REF_ECON,PP1850adjATP,1/x,PPP,PPP_1/x,pp1850_atp_ppp_pf1,2009,-76.4978193090675,11861496179
R10REF_ECON,PP1850adjATP,1/x,PPP,PPP_1/x,pp1850_atp_ppp_pf1,2010,-78.8514379326259,11580388455
R10REF_ECON,PP1850adjATP,1/x,PPP,PPP_1/x,pp1850_atp_ppp_pf1,2011,-81.30263767736508,11298417280
R10REF_ECON,PP1850adjATP,1/x,PPP,PPP_1/x,pp1850_atp_ppp_pf1,2012,-83.86924415105713,11015504465
R10REF_ECON,PP1850adjATP,1/x,PPP,PPP_1/x,pp1850_atp_ppp_pf1,2013,-86.48241726146198,10731410611
R10REF_ECON,PP1850adjATP,1/x,PPP,PPP_1/x,pp1850_atp_ppp_pf1,2014,-89.07938441342537,10446011853
R10REF_ECON,PP1850adjATP,1/x,PPP,PPP_1/x,pp1850_atp_ppp_pf1,2015,-91.5616715206926,10159297805
R10REF_ECON,PP1850adjATP,1/x,PPP,PPP_1/x,pp1850_atp_ppp_pf1,2016,-93.87933586465792,9871164834
R10REF_ECON,PP1850adjATP,1/x,PPP,PPP_1/x,pp1850_atp_ppp_pf1,2017,-96.17314333799573,9581531340
R10REF_ECON,PP1850adjATP,1/x,PPP,PPP_1/x,pp1850_atp_ppp_pf1,2018,-98.51472009212158,9290562060
R10REF_ECON,PP1850adjATP,1/x,PPP,PPP_1/x,pp1850_atp_ppp_pf1,2019,-100.93309070260311,8998459614
R10REF_ECON,PP1850adjATP,1/x,PPP,PPP_1/x,pp1850_atp_ppp_pf1,2020,-103.36703906299873,8705348299
R10REST_ASIA,PP2015,NA,NA,NA,pp2015,1991,34.92551044351847,31936555899
R10REST_ASIA,PP2015,NA,NA,NA,pp2015,1992,34.92551044351847,31560726454
R10REST_ASIA,PP2015,NA,NA,NA,pp2015,1993,34.92551044351847,31178353567
R10REST_ASIA,PP2015,NA,NA,NA,pp2015,1994,34.92551044351847,30789386259
R10REST_ASIA,PP2015,NA,NA,NA,pp2015,1995,34.92551044351847,30393765654
R10REST_ASIA,PP2015,NA,NA,NA,pp2015,1996,34.92551044351847,29991447469
R10REST_ASIA,PP2015,NA,NA,NA,pp2015,1997,34.92551044351847,29582290279
R10REST_ASIA,PP2015,NA,NA,NA,pp2015,1998,34.92551044351847,29166149372
R10REST_ASIA,PP2015,NA,NA,NA,pp2015,1999,34.92551044351847,28743085039
R10REST_ASIA,PP2015,NA,NA,NA,pp2015,2000,34.92551044351847,28313280027
R10REST_ASIA,PP2015,NA,NA,NA,pp2015,2001,34.92551044351847,27876914593
R10REST_ASIA,PP2015,NA,NA,NA,pp2015,2002,34.92551044351847,27434093967
R10REST_ASIA,PP2015,NA,NA,NA,pp2015,2003,34.92551044351847,26984901290
R10REST_ASIA,PP2015,NA,NA,NA,pp2015,2004,34.92551044351847,26529436488
R10REST_ASIA,PP2015,NA,NA,NA,pp2015,2005,34.92551044351847,26067855628
R10REST_ASIA,PP2015,NA,NA,NA,pp2015,2006,34.92551044351847,25600180850
R10REST_ASIA,PP2015,NA,NA,NA,pp2015,2007,34.92551044351847,25126246838
R10REST_ASIA,PP2015,NA,NA,NA,pp2015,2008,34.92551044351847,24645909998
R10REST_ASIA,PP2015,NA,NA,NA,pp2015,2009,34.92551044351847,24159130472
R10REST_ASIA,PP2015,NA,NA,NA,pp2015,2010,34.92551044351847,23665961297
R10REST_ASIA,PP2015,NA,NA,NA,pp2015,2011,34.92551044351847,23166478519
R10REST_ASIA,PP2015,NA,NA,NA,pp2015,2012,34.92551044351847,22660574781
R10REST_ASIA,PP2015,NA,NA,NA,pp2015,2013,34.92551044351847,22148119859
R10REST_ASIA,PP2015,NA,NA,NA,pp2015,2014,34.92551044351847,21629237457
R10REST_ASIA,PP2015,NA,NA,NA,pp2015,2015,34.92551044351847,21104121040
R10REST_ASIA,PP2015,NA,NA,NA,pp2015,2016,33.04829217162216,20572876518
R10REST_ASIA,PP2015,NA,NA,NA,pp2015,2017,31.169375788515413,20035635248
R10REST_ASIA,PP2015,NA,NA,NA,pp2015,2018,29.2358646591258,19492642107
R10REST_ASIA,PP2015,NA,NA,NA,pp2015,2019,27.208944970387126,18944139107
R10REST_ASIA,PP2015,NA,NA,NA,pp2015,2020,25.162458314222633,18390303044
R10REST_ASIA,PP1990,NA,NA,NA,pp1990,1991,83.55474364082677,31936555899
R10REST_ASIA,PP1990,NA,NA,NA,pp1990,1992,82.8447831049407,31560726454
R10REST_ASIA,PP1990,NA,NA,NA,pp1990,1993,82.06054781359371,31178353567
R10REST_ASIA,PP1990,NA,NA,NA,pp1990,1994,81.19785581062153,30789386259
R10REST_ASIA,PP1990,NA,NA,NA,pp1990,1995,80.27416094272772,30393765654
R10REST_ASIA,PP1990,NA,NA,NA,pp1990,1996,79.2933790229442,29991447469
R10REST_ASIA,PP1990,NA,NA,NA,pp1990,1997,78.21578971637211,29582290279
R10REST_ASIA,PP1990,NA,NA,NA,pp1990,1998,77.05251262200578,29166149372
R10REST_ASIA,PP1990,NA,NA,NA,pp1990,1999,76.03373497314874,28743085039
R10REST_ASIA,PP1990,NA,NA,NA,pp1990,2000,74.93207836574034,28313280027
R10REST_ASIA,PP1990,NA,NA,NA,pp1990,2001,73.78941936979606,27876914593
R10REST_ASIA,PP1990,NA,NA,NA,pp1990,2002,72.58315352501896,27434093967
R10REST_ASIA,PP1990,NA,NA,NA,pp1990,2003,71.35394483705814,26984901290
R10REST_ASIA,PP1990,NA,NA,NA,pp1990,2004,70.05304443268717,26529436488
R10REST_ASIA,PP1990,NA,NA,NA,pp1990,2005,68.70880771020684,26067855628
R10REST_ASIA,PP1990,NA,NA,NA,pp1990,2006,67.35033206635875,25600180850
R10REST_ASIA,PP1990,NA,NA,NA,pp1990,2007,65.99047180849148,25126246838
R10REST_ASIA,PP1990,NA,NA,NA,pp1990,2008,64.56237883600365,24645909998
R10REST_ASIA,PP1990,NA,NA,NA,pp1990,2009,63.105698545933656,24159130472
R10REST_ASIA,PP1990,NA,NA,NA,pp1990,2010,61.6106739170307,23665961297
R10REST_ASIA,PP1990,NA,NA,NA,pp1990,2011,59.98841434083495,23166478519
R10REST_ASIA,PP1990,NA,NA,NA,pp1990,2012,58.280226542604964,22660574781
R10REST_ASIA,PP1990,NA,NA,NA,pp1990,2013,56.50417586152741,22148119859
R10REST_ASIA,PP1990,NA,NA,NA,pp1990,2014,54.70802495606757,21629237457
R10REST_ASIA,PP1990,NA,NA,NA,pp1990,2015,52.90089264812608,21104121040
R10REST_ASIA,PP1990,NA,NA,NA,pp1990,2016,51.023674376229756,20572876518
R10REST_ASIA,PP1990,NA,NA,NA,pp1990,2017,49.144757993123015,20035635248
R10REST_ASIA,PP1990,NA,NA,NA,pp1990,2018,47.2112468637334,19492642107
R10REST_ASIA,PP1990,NA,NA,NA,pp1990,2019,45.184327174994735,18944139107
R10REST_ASIA,PP1990,NA,NA,NA,pp1990,2020,43.137840518830245,18390303044
R10REST_ASIA,PP1850,NA,NA,NA,pp1850,1991,115.69172247117326,31936555899
R10REST_ASIA,PP1850,NA,NA,NA,pp1850,1992,114.9817619352872,31560726454
R10REST_ASIA,PP1850,NA,NA,NA,pp1850,1993,114.1975266439402,31178353567
R10REST_ASIA,PP1850,NA,NA,NA,pp1850,1994,113.334834640968,30789386259
R10REST_ASIA,PP1850,NA,NA,NA,pp1850,1995,112.4111397730742,30393765654
R10REST_ASIA,PP1850,NA,NA,NA,pp1850,1996,111.43035785329072,29991447469
R10REST_ASIA,PP1850,NA,NA,NA,pp1850,1997,110.35276854671864,29582290279
R10REST_ASIA,PP1850,NA,NA,NA,pp1850,1998,109.18949145235224,29166149372
R10REST_ASIA,PP1850,NA,NA,NA,pp1850,1999,108.17071380349525,28743085039
R10REST_ASIA,PP1850,NA,NA,NA,pp1850,2000,107.06905719608682,28313280027
R10REST_ASIA,PP1850,NA,NA,NA,pp1850,2001,105.92639820014256,27876914593
R10REST_ASIA,PP1850,NA,NA,NA,pp1850,2002,104.72013235536544,27434093967
R10REST_ASIA,PP1850,NA,NA,NA,pp1850,2003,103.49092366740462,26984901290
R10REST_ASIA,PP1850,NA,NA,NA,pp1850,2004,102.1900232630337,26529436488
R10REST_ASIA,PP1850,NA,NA,NA,pp1850,2005,100.84578654055329,26067855628
R10REST_ASIA,PP1850,NA,NA,NA,pp1850,2006,99.48731089670524,25600180850
R10REST_ASIA,PP1850,NA,NA,NA,pp1850,2007,98.12745063883796,25126246838
R10REST_ASIA,PP1850,NA,NA,NA,pp1850,2008,96.69935766635014,24645909998
R10REST_ASIA,PP1850,NA,NA,NA,pp1850,2009,95.24267737628013,24159130472
R10REST_ASIA,PP1850,NA,NA,NA,pp1850,2010,93.74765274737719,23665961297
R10REST_ASIA,PP1850,NA,NA,NA,pp1850,2011,92.12539317118144,23166478519
R10REST_ASIA,PP1850,NA,NA,NA,pp1850,2012,90.41720537295147,22660574781
R10REST_ASIA,PP1850,NA,NA,NA,pp1850,2013,88.64115469187391,22148119859
R10REST_ASIA,PP1850,NA,NA,NA,pp1850,2014,86.84500378641405,21629237457
R10REST_ASIA,PP1850,NA,NA,NA,pp1850,2015,85.03787147847257,21104121040
R10REST_ASIA,PP1850,NA,NA,NA,pp1850,2016,83.16065320657626,20572876518
R10REST_ASIA,PP1850,NA,NA,NA,pp1850,2017,81.28173682346952,20035635248
R10REST_ASIA,PP1850,NA,NA,NA,pp1850,2018,79.34822569407989,19492642107
R10REST_ASIA,PP1850,NA,NA,NA,pp1850,2019,77.32130600534121,18944139107
R10REST_ASIA,PP1850,NA,NA,NA,pp1850,2020,75.27481934917674,18390303044
R10REST_ASIA,PP2015adjATP,1/asinh(x),MER,MER_1/asinh(x),pp2015_atp_mer_pf3,1991,33.756082773452704,31936555899
R10REST_ASIA,PP2015adjATP,1/asinh(x),MER,MER_1/asinh(x),pp2015_atp_mer_pf3,1992,33.547169198491204,31560726454
R10REST_ASIA,PP2015adjATP,1/asinh(x),MER,MER_1/asinh(x),pp2015_atp_mer_pf3,1993,33.35075450462311,31178353567
R10REST_ASIA,PP2015adjATP,1/asinh(x),MER,MER_1/asinh(x),pp2015_atp_mer_pf3,1994,33.086008247632165,30789386259
R10REST_ASIA,PP2015adjATP,1/asinh(x),MER,MER_1/asinh(x),pp2015_atp_mer_pf3,1995,32.899974252499845,30393765654
R10REST_ASIA,PP2015adjATP,1/asinh(x),MER,MER_1/asinh(x),pp2015_atp_mer_pf3,1996,32.79481428018676,29991447469
R10REST_ASIA,PP2015adjATP,1/asinh(x),MER,MER_1/asinh(x),pp2015_atp_mer_pf3,1997,32.71957915127436,29582290279
R10REST_ASIA,PP2015adjATP,1/asinh(x),MER,MER_1/asinh(x),pp2015_atp_mer_pf3,1998,32.740663620674624,29166149372
R10REST_ASIA,PP2015adjATP,1/asinh(x),MER,MER_1/asinh(x),pp2015_atp_mer_pf3,1999,32.99801323531132,28743085039
R10REST_ASIA,PP2015adjATP,1/asinh(x),MER,MER_1/asinh(x),pp2015_atp_mer_pf3,2000,33.13571722997704,28313280027
R10REST_ASIA,PP2015adjATP,1/asinh(x),MER,MER_1/asinh(x),pp2015_atp_mer_pf3,2001,33.25539653666408,27876914593
R10REST_ASIA,PP2015adjATP,1/asinh(x),MER,MER_1/asinh(x),pp2015_atp_mer_pf3,2002,33.36768372477516,27434093967
R10REST_ASIA,PP2015adjATP,1/asinh(x),MER,MER_1/asinh(x),pp2015_atp_mer_pf3,2003,33.43710911919904,26984901290
R10REST_ASIA,PP2015adjATP,1/asinh(x),MER,MER_1/asinh(x),pp2015_atp_mer_pf3,2004,33.497506995658924,26529436488
R10REST_ASIA,PP2015adjATP,1/asinh(x),MER,MER_1/asinh(x),pp2015_atp_mer_pf3,2005,33.579242195602994,26067855628
R10REST_ASIA,PP2015adjATP,1/asinh(x),MER,MER_1/asinh(x),pp2015_atp_mer_pf3,2006,33.67213950269602,25600180850
R10REST_ASIA,PP2015adjATP,1/asinh(x),MER,MER_1/asinh(x),pp2015_atp_mer_pf3,2007,33.737989539043014,25126246838
R10REST_ASIA,PP2015adjATP,1/asinh(x),MER,MER_1/asinh(x),pp2015_atp_mer_pf3,2008,33.81796656400596,24645909998
R10REST_ASIA,PP2015adjATP,1/asinh(x),MER,MER_1/asinh(x),pp2015_atp_mer_pf3,2009,33.892556918395776,24159130472
R10REST_ASIA,PP2015adjATP,1/asinh(x),MER,MER_1/asinh(x),pp2015_atp_mer_pf3,2010,33.96378817198568,23665961297
R10REST_ASIA,PP2015adjATP,1/asinh(x),MER,MER_1/asinh(x),pp2015_atp_mer_pf3,2011,33.97955578420801,23166478519
R10REST_ASIA,PP2015adjATP,1/asinh(x),MER,MER_1/asinh(x),pp2015_atp_mer_pf3,2012,33.99097474428832,22660574781
R10REST_ASIA,PP2015adjATP,1/asinh(x),MER,MER_1/asinh(x),pp2015_atp_mer_pf3,2013,34.00397835161151,22148119859
R10REST_ASIA,PP2015adjATP,1/asinh(x),MER,MER_1/asinh(x),pp2015_atp_mer_pf3,2014,34.02831436428092,21629237457
R10REST_ASIA,PP2015adjATP,1/asinh(x),MER,MER_1/asinh(x),pp2015_atp_mer_pf3,2015,34.07128263854205,21104121040
R10REST_ASIA,PP2015adjATP,1/asinh(x),MER,MER_1/asinh(x),pp2015_atp_mer_pf3,2016,32.23135747949674,20572876518
R10REST_ASIA,PP2015adjATP,1/asinh(x),MER,MER_1/asinh(x),pp2015_atp_mer_pf3,2017,30.377902711101335,20035635248
R10REST_ASIA,PP2015adjATP,1/asinh(x),MER,MER_1/asinh(x),pp2015_atp_mer_pf3,2018,28.470871507144132,19492642107
R10REST_ASIA,PP2015adjATP,1/asinh(x),MER,MER_1/asinh(x),pp2015_atp_mer_pf3,2019,26.46818795619864,18944139107
R10REST_ASIA,PP2015adjATP,1/asinh(x),MER,MER_1/asinh(x),pp2015_atp_mer_pf3,2020,24.432531292028635,18390303044
R10REST_ASIA,PP2015adjATP,1/sqrt(x),MER,MER_1/sqrt(x),pp2015_atp_mer_pf2,1991,28.976284162338285,31936555899
R10REST_ASIA,PP2015adjATP,1/sqrt(x),MER,MER_1/sqrt(x),pp2015_atp_mer_pf2,1992,28.33967852863462,31560726454
R10REST_ASIA,PP2015adjATP,1/sqrt(x),MER,MER_1/sqrt(x),pp2015_atp_mer_pf2,1993,27.716953383214236,31178353567
R10REST_ASIA,PP2015adjATP,1/sqrt(x),MER,MER_1/sqrt(x),pp2015_atp_mer_pf2,1994,26.87310559555613,30789386259
R10REST_ASIA,PP2015adjATP,1/sqrt(x),MER,MER_1/sqrt(x),pp2015_atp_mer_pf2,1995,26.284076229024848,30393765654
R10REST_ASIA,PP2015adjATP,1/sqrt(x),MER,MER_1/sqrt(x),pp2015_atp_mer_pf2,1996,25.934156548469794,29991447469
R10REST_ASIA,PP2015adjATP,1/sqrt(x),MER,MER_1/sqrt(x),pp2015_atp_mer_pf2,1997,25.671098352548256,29582290279
R10REST_ASIA,PP2015adjATP,1/sqrt(x),MER,MER_1/sqrt(x),pp2015_atp_mer_pf2,1998,25.703019639405333,29166149372
R10REST_ASIA,PP2015adjATP,1/sqrt(x),MER,MER_1/sqrt(x),pp2015_atp_mer_pf2,1999,26.511285344120708,28743085039
R10REST_ASIA,PP2015adjATP,1/sqrt(x),MER,MER_1/sqrt(x),pp2015_atp_mer_pf2,2000,26.946494151215273,28313280027
R10REST_ASIA,PP2015adjATP,1/sqrt(x),MER,MER_1/sqrt(x),pp2015_atp_mer_pf2,2001,27.33100410117379,27876914593
R10REST_ASIA,PP2015adjATP,1/sqrt(x),MER,MER_1/sqrt(x),pp2015_atp_mer_pf2,2002,27.68823804803601,27434093967
R10REST_ASIA,PP2015adjATP,1/sqrt(x),MER,MER_1/sqrt(x),pp2015_atp_mer_pf2,2003,27.903465730197176,26984901290
R10REST_ASIA,PP2015adjATP,1/sqrt(x),MER,MER_1/sqrt(x),pp2015_atp_mer_pf2,2004,28.08027784161325,26529436488
R10REST_ASIA,PP2015adjATP,1/sqrt(x),MER,MER_1/sqrt(x),pp2015_atp_mer_pf2,2005,28.32289766576497,26067855628
R10REST_ASIA,PP2015adjATP,1/sqrt(x),MER,MER_1/sqrt(x),pp2015_atp_mer_pf2,2006,28.602482792255994,25600180850
R10REST_ASIA,PP2015adjATP,1/sqrt(x),MER,MER_1/sqrt(x),pp2015_atp_mer_pf2,2007,28.781218648805655,25126246838
R10REST_ASIA,PP2015adjATP,1/sqrt(x),MER,MER_1/sqrt(x),pp2015_atp_mer_pf2,2008,29.005210429616035,24645909998
R10REST_ASIA,PP2015adjATP,1/sqrt(x),MER,MER_1/sqrt(x),pp2015_atp_mer_pf2,2009,29.199566796926643,24159130472
R10REST_ASIA,PP2015adjATP,1/sqrt(x),MER,MER_1/sqrt(x),pp2015_atp_mer_pf2,2010,29.408434535374735,23665961297
R10REST_ASIA,PP2015adjATP,1/sqrt(x),MER,MER_1/sqrt(x),pp2015_atp_mer_pf2,2011,29.40868406376886,23166478519
R10REST_ASIA,PP2015adjATP,1/sqrt(x),MER,MER_1/sqrt(x),pp2015_atp_mer_pf2,2012,29.38763622512391,22660574781
R10REST_ASIA,PP2015adjATP,1/sqrt(x),MER,MER_1/sqrt(x),pp2015_atp_mer_pf2,2013,29.382296110456636,22148119859
R10REST_ASIA,PP2015adjATP,1/sqrt(x),MER,MER_1/sqrt(x),pp2015_atp_mer_pf2,2014,29.427583099836387,21629237457
R10REST_ASIA,PP2015adjATP,1/sqrt(x),MER,MER_1/sqrt(x),pp2015_atp_mer_pf2,2015,29.5552841641513,21104121040
R10REST_ASIA,PP2015adjATP,1/sqrt(x),MER,MER_1/sqrt(x),pp2015_atp_mer_pf2,2016,27.802980943556726,20572876518
R10REST_ASIA,PP2015adjATP,1/sqrt(x),MER,MER_1/sqrt(x),pp2015_atp_mer_pf2,2017,26.012331591393828,20035635248
R10REST_ASIA,PP2015adjATP,1/sqrt(x),MER,MER_1/sqrt(x),pp2015_atp_mer_pf2,2018,24.17182670350096,19492642107
R10REST_ASIA,PP2015adjATP,1/sqrt(x),MER,MER_1/sqrt(x),pp2015_atp_mer_pf2,2019,22.231350919180244,18944139107
R10REST_ASIA,PP2015adjATP,1/sqrt(x),MER,MER_1/sqrt(x),pp2015_atp_mer_pf2,2020,20.220441825036225,18390303044
R10REST_ASIA,PP2015adjATP,1/x,MER,MER_1/x,pp2015_atp_mer_pf1,1991,20.195168220367567,31936555899
R10REST_ASIA,PP2015adjATP,1/x,MER,MER_1/x,pp2015_atp_mer_pf1,1992,19.453854901838497,31560726454
R10REST_ASIA,PP2015adjATP,1/x,MER,MER_1/x,pp2015_atp_mer_pf1,1993,18.631889029503526,31178353567
R10REST_ASIA,PP2015adjATP,1/x,MER,MER_1/x,pp2015_atp_mer_pf1,1994,17.53141089301913,30789386259
R10REST_ASIA,PP2015adjATP,1/x,MER,MER_1/x,pp2015_atp_mer_pf1,1995,16.80784816721375,30393765654
R10REST_ASIA,PP2015adjATP,1/x,MER,MER_1/x,pp2015_atp_mer_pf1,1996,16.38839471038099,29991447469
R10REST_ASIA,PP2015adjATP,1/x,MER,MER_1/x,pp2015_atp_mer_pf1,1997,16.065800796782593,29582290279
R10REST_ASIA,PP2015adjATP,1/x,MER,MER_1/x,pp2015_atp_mer_pf1,1998,16.088952653953832,29166149372
R10REST_ASIA,PP2015adjATP,1/x,MER,MER_1/x,pp2015_atp_mer_pf1,1999,17.159925703000493,28743085039
R10REST_ASIA,PP2015adjATP,1/x,MER,MER_1/x,pp2015_atp_mer_pf1,2000,17.741220182307472,28313280027
R10REST_ASIA,PP2015adjATP,1/x,MER,MER_1/x,pp2015_atp_mer_pf1,2001,18.28903820277208,27876914593
R10REST_ASIA,PP2015adjATP,1/x,MER,MER_1/x,pp2015_atp_mer_pf1,2002,18.756101381551375,27434093967
R10REST_ASIA,PP2015adjATP,1/x,MER,MER_1/x,pp2015_atp_mer_pf1,2003,19.01613095076627,26984901290
R10REST_ASIA,PP2015adjATP,1/x,MER,MER_1/x,pp2015_atp_mer_pf1,2004,19.215687060709115,26529436488
R10REST_ASIA,PP2015adjATP,1/x,MER,MER_1/x,pp2015_atp_mer_pf1,2005,19.506780204987646,26067855628
R10REST_ASIA,PP2015adjATP,1/x,MER,MER_1/x,pp2015_atp_mer_pf1,2006,19.849347521781848,25600180850
R10REST_ASIA,PP2015adjATP,1/x,MER,MER_1/x,pp2015_atp_mer_pf1,2007,20.026515758034684,25126246838
R10REST_ASIA,PP2015adjATP,1/x,MER,MER_1/x,pp2015_atp_mer_pf1,2008,20.265355794147982,24645909998
R10REST_ASIA,PP2015adjATP,1/x,MER,MER_1/x,pp2015_atp_mer_pf1,2009,20.457414513234365,24159130472
R10REST_ASIA,PP2015adjATP,1/x,MER,MER_1/x,pp2015_atp_mer_pf1,2010,20.713664195920614,23665961297
R10REST_ASIA,PP2015adjATP,1/x,MER,MER_1/x,pp2015_atp_mer_pf1,2011,20.625755947726063,23166478519
R10REST_ASIA,PP2015adjATP,1/x,MER,MER_1/x,pp2015_atp_mer_pf1,2012,20.498294534781643,22660574781
R10REST_ASIA,PP2015adjATP,1/x,MER,MER_1/x,pp2015_atp_mer_pf1,2013,20.419084525734075,22148119859
R10REST_ASIA,PP2015adjATP,1/x,MER,MER_1/x,pp2015_atp_mer_pf1,2014,20.425135160271495,21629237457
R10REST_ASIA,PP2015adjATP,1/x,MER,MER_1/x,pp2015_atp_mer_pf1,2015,20.571282407074726,21104121040
R10REST_ASIA,PP2015adjATP,1/x,MER,MER_1/x,pp2015_atp_mer_pf1,2016,18.86603104058529,20572876518
R10REST_ASIA,PP2015adjATP,1/x,MER,MER_1/x,pp2015_atp_mer_pf1,2017,17.11768376793191,20035635248
R10REST_ASIA,PP2015adjATP,1/x,MER,MER_1/x,pp2015_atp_mer_pf1,2018,15.31934796130419,19492642107
R10REST_ASIA,PP2015adjATP,1/x,MER,MER_1/x,pp2015_atp_mer_pf1,2019,13.42430001635445,18944139107
R10REST_ASIA,PP2015adjATP,1/x,MER,MER_1/x,pp2015_atp_mer_pf1,2020,11.437767689586499,18390303044
R10REST_ASIA,PP2015adjATP,1/asinh(x),PPP,PPP_1/asinh(x),pp2015_atp_ppp_pf3,1991,33.03794065090329,31936555899
R10REST_ASIA,PP2015adjATP,1/asinh(x),PPP,PPP_1/asinh(x),pp2015_atp_ppp_pf3,1992,32.99434815344882,31560726454
R10REST_ASIA,PP2015adjATP,1/asinh(x),PPP,PPP_1/asinh(x),pp2015_atp_ppp_pf3,1993,32.97807057243589,31178353567
R10REST_ASIA,PP2015adjATP,1/asinh(x),PPP,PPP_1/asinh(x),pp2015_atp_ppp_pf3,1994,32.96234175858222,30789386259
R10REST_ASIA,PP2015adjATP,1/asinh(x),PPP,PPP_1/asinh(x),pp2015_atp_ppp_pf3,1995,32.94088352862092,30393765654
R10REST_ASIA,PP2015adjATP,1/asinh(x),PPP,PPP_1/asinh(x),pp2015_atp_ppp_pf3,1996,32.92038526068351,29991447469
R10REST_ASIA,PP2015adjATP,1/asinh(x),PPP,PPP_1/asinh(x),pp2015_atp_ppp_pf3,1997,32.90362621047562,29582290279
R10REST_ASIA,PP2015adjATP,1/asinh(x),PPP,PPP_1/asinh(x),pp2015_atp_ppp_pf3,1998,32.899339453878994,29166149372
R10REST_ASIA,PP2015adjATP,1/asinh(x),PPP,PPP_1/asinh(x),pp2015_atp_ppp_pf3,1999,32.959453887466154,28743085039
R10REST_ASIA,PP2015adjATP,1/asinh(x),PPP,PPP_1/asinh(x),pp2015_atp_ppp_pf3,2000,33.01808689258251,28313280027
R10REST_ASIA,PP2015adjATP,1/asinh(x),PPP,PPP_1/asinh(x),pp2015_atp_ppp_pf3,2001,33.06729860269516,27876914593
R10REST_ASIA,PP2015adjATP,1/asinh(x),PPP,PPP_1/asinh(x),pp2015_atp_ppp_pf3,2002,33.11481210084312,27434093967
R10REST_ASIA,PP2015adjATP,1/asinh(x),PPP,PPP_1/asinh(x),pp2015_atp_ppp_pf3,2003,33.156254023026,26984901290
R10REST_ASIA,PP2015adjATP,1/asinh(x),PPP,PPP_1/asinh(x),pp2015_atp_ppp_pf3,2004,33.19608905972754,26529436488
R10REST_ASIA,PP2015adjATP,1/asinh(x),PPP,PPP_1/asinh(x),pp2015_atp_ppp_pf3,2005,33.23872623330828,26067855628
R10REST_ASIA,PP2015adjATP,1/asinh(x),PPP,PPP_1/asinh(x),pp2015_atp_ppp_pf3,2006,33.28446242046693,25600180850
R10REST_ASIA,PP2015adjATP,1/asinh(x),PPP,PPP_1/asinh(x),pp2015_atp_ppp_pf3,2007,33.33518421336493,25126246838
R10REST_ASIA,PP2015adjATP,1/asinh(x),PPP,PPP_1/asinh(x),pp2015_atp_ppp_pf3,2008,33.38657332274044,24645909998
R10REST_ASIA,PP2015adjATP,1/asinh(x),PPP,PPP_1/asinh(x),pp2015_atp_ppp_pf3,2009,33.43458337407273,24159130472
R10REST_ASIA,PP2015adjATP,1/asinh(x),PPP,PPP_1/asinh(x),pp2015_atp_ppp_pf3,2010,33.48235732165837,23665961297
R10REST_ASIA,PP2015adjATP,1/asinh(x),PPP,PPP_1/asinh(x),pp2015_atp_ppp_pf3,2011,33.52609449780285,23166478519
R10REST_ASIA,PP2015adjATP,1/asinh(x),PPP,PPP_1/asinh(x),pp2015_atp_ppp_pf3,2012,33.56861627631185,22660574781
R10REST_ASIA,PP2015adjATP,1/asinh(x),PPP,PPP_1/asinh(x),pp2015_atp_ppp_pf3,2013,33.603289745331864,22148119859
R10REST_ASIA,PP2015adjATP,1/asinh(x),PPP,PPP_1/asinh(x),pp2015_atp_ppp_pf3,2014,33.63659218641043,21629237457
R10REST_ASIA,PP2015adjATP,1/asinh(x),PPP,PPP_1/asinh(x),pp2015_atp_ppp_pf3,2015,33.6694867635958,21104121040
R10REST_ASIA,PP2015adjATP,1/asinh(x),PPP,PPP_1/asinh(x),pp2015_atp_ppp_pf3,2016,31.824057136027356,20572876518
R10REST_ASIA,PP2015adjATP,1/asinh(x),PPP,PPP_1/asinh(x),pp2015_atp_ppp_pf3,2017,29.97475225647079,20035635248
R10REST_ASIA,PP2015adjATP,1/asinh(x),PPP,PPP_1/asinh(x),pp2015_atp_ppp_pf3,2018,28.069197820354507,19492642107
R10REST_ASIA,PP2015adjATP,1/asinh(x),PPP,PPP_1/asinh(x),pp2015_atp_ppp_pf3,2019,26.068952875918054,18944139107
R10REST_ASIA,PP2015adjATP,1/asinh(x),PPP,PPP_1/asinh(x),pp2015_atp_ppp_pf3,2020,24.048631932025252,18390303044
R10REST_ASIA,PP2015adjATP,1/sqrt(x),PPP,PPP_1/sqrt(x),pp2015_atp_ppp_pf2,1991,25.973865818508383,31936555899
R10REST_ASIA,PP2015adjATP,1/sqrt(x),PPP,PPP_1/sqrt(x),pp2015_atp_ppp_pf2,1992,25.82019504593772,31560726454
R10REST_ASIA,PP2015adjATP,1/sqrt(x),PPP,PPP_1/sqrt(x),pp2015_atp_ppp_pf2,1993,25.761013436316222,31178353567
R10REST_ASIA,PP2015adjATP,1/sqrt(x),PPP,PPP_1/sqrt(x),pp2015_atp_ppp_pf2,1994,25.711190032691597,30789386259
R10REST_ASIA,PP2015adjATP,1/sqrt(x),PPP,PPP_1/sqrt(x),pp2015_atp_ppp_pf2,1995,25.638137614821698,30393765654
R10REST_ASIA,PP2015adjATP,1/sqrt(x),PPP,PPP_1/sqrt(x),pp2015_atp_ppp_pf2,1996,25.567764913865403,29991447469
R10REST_ASIA,PP2015adjATP,1/sqrt(x),PPP,PPP_1/sqrt(x),pp2015_atp_ppp_pf2,1997,25.506858765791254,29582290279
R10REST_ASIA,PP2015adjATP,1/sqrt(x),PPP,PPP_1/sqrt(x),pp2015_atp_ppp_pf2,1998,25.48335201811832,29166149372
R10REST_ASIA,PP2015adjATP,1/sqrt(x),PPP,PPP_1/sqrt(x),pp2015_atp_ppp_pf2,1999,25.68721121549469,28743085039
R10REST_ASIA,PP2015adjATP,1/sqrt(x),PPP,PPP_1/sqrt(x),pp2015_atp_ppp_pf2,2000,25.891188708550153,28313280027
R10REST_ASIA,PP2015adjATP,1/sqrt(x),PPP,PPP_1/sqrt(x),pp2015_atp_ppp_pf2,2001,26.058516863508267,27876914593
R10REST_ASIA,PP2015adjATP,1/sqrt(x),PPP,PPP_1/sqrt(x),pp2015_atp_ppp_pf2,2002,26.221812985479755,27434093967
R10REST_ASIA,PP2015adjATP,1/sqrt(x),PPP,PPP_1/sqrt(x),pp2015_atp_ppp_pf2,2003,26.364850709019503,26984901290
R10REST_ASIA,PP2015adjATP,1/sqrt(x),PPP,PPP_1/sqrt(x),pp2015_atp_ppp_pf2,2004,26.501414363774032,26529436488
R10REST_ASIA,PP2015adjATP,1/sqrt(x),PPP,PPP_1/sqrt(x),pp2015_atp_ppp_pf2,2005,26.646652243461325,26067855628
R10REST_ASIA,PP2015adjATP,1/sqrt(x),PPP,PPP_1/sqrt(x),pp2015_atp_ppp_pf2,2006,26.802975994387985,25600180850
R10REST_ASIA,PP2015adjATP,1/sqrt(x),PPP,PPP_1/sqrt(x),pp2015_atp_ppp_pf2,2007,26.97562464298565,25126246838
R10REST_ASIA,PP2015adjATP,1/sqrt(x),PPP,PPP_1/sqrt(x),pp2015_atp_ppp_pf2,2008,27.150617913174848,24645909998
R10REST_ASIA,PP2015adjATP,1/sqrt(x),PPP,PPP_1/sqrt(x),pp2015_atp_ppp_pf2,2009,27.3135086897405,24159130472
R10REST_ASIA,PP2015adjATP,1/sqrt(x),PPP,PPP_1/sqrt(x),pp2015_atp_ppp_pf2,2010,27.481242214210894,23665961297
R10REST_ASIA,PP2015adjATP,1/sqrt(x),PPP,PPP_1/sqrt(x),pp2015_atp_ppp_pf2,2011,27.63500097123043,23166478519
R10REST_ASIA,PP2015adjATP,1/sqrt(x),PPP,PPP_1/sqrt(x),pp2015_atp_ppp_pf2,2012,27.78411415038574,22660574781
R10REST_ASIA,PP2015adjATP,1/sqrt(x),PPP,PPP_1/sqrt(x),pp2015_atp_ppp_pf2,2013,27.902864336030156,22148119859
R10REST_ASIA,PP2015adjATP,1/sqrt(x),PPP,PPP_1/sqrt(x),pp2015_atp_ppp_pf2,2014,28.017399210456837,21629237457
R10REST_ASIA,PP2015adjATP,1/sqrt(x),PPP,PPP_1/sqrt(x),pp2015_atp_ppp_pf2,2015,28.135389192940746,21104121040
R10REST_ASIA,PP2015adjATP,1/sqrt(x),PPP,PPP_1/sqrt(x),pp2015_atp_ppp_pf2,2016,26.378448178728043,20572876518
R10REST_ASIA,PP2015adjATP,1/sqrt(x),PPP,PPP_1/sqrt(x),pp2015_atp_ppp_pf2,2017,24.613866893268217,20035635248
R10REST_ASIA,PP2015adjATP,1/sqrt(x),PPP,PPP_1/sqrt(x),pp2015_atp_ppp_pf2,2018,22.787997447929573,19492642107
R10REST_ASIA,PP2015adjATP,1/sqrt(x),PPP,PPP_1/sqrt(x),pp2015_atp_ppp_pf2,2019,20.8634361126642,18944139107
R10REST_ASIA,PP2015adjATP,1/sqrt(x),PPP,PPP_1/sqrt(x),pp2015_atp_ppp_pf2,2020,18.917806484782535,18390303044
R10REST_ASIA,PP2015adjATP,1/x,PPP,PPP_1/x,pp2015_atp_ppp_pf1,1991,16.423500310922734,31936555899
R10REST_ASIA,PP2015adjATP,1/x,PPP,PPP_1/x,pp2015_atp_ppp_pf1,1992,16.25063685282925,31560726454
R10REST_ASIA,PP2015adjATP,1/x,PPP,PPP_1/x,pp2015_atp_ppp_pf1,1993,16.182001993985228,31178353567
R10REST_ASIA,PP2015adjATP,1/x,PPP,PPP_1/x,pp2015_atp_ppp_pf1,1994,16.152702140223322,30789386259
R10REST_ASIA,PP2015adjATP,1/x,PPP,PPP_1/x,pp2015_atp_ppp_pf1,1995,16.087720120689912,30393765654
R10REST_ASIA,PP2015adjATP,1/x,PPP,PPP_1/x,pp2015_atp_ppp_pf1,1996,16.02952261471766,29991447469
R10REST_ASIA,PP2015adjATP,1/x,PPP,PPP_1/x,pp2015_atp_ppp_pf1,1997,15.983197270038335,29582290279
R10REST_ASIA,PP2015adjATP,1/x,PPP,PPP_1/x,pp2015_atp_ppp_pf1,1998,15.970247783140126,29166149372
R10REST_ASIA,PP2015adjATP,1/x,PPP,PPP_1/x,pp2015_atp_ppp_pf1,1999,16.23120030114339,28743085039
R10REST_ASIA,PP2015adjATP,1/x,PPP,PPP_1/x,pp2015_atp_ppp_pf1,2000,16.500002955788858,28313280027
R10REST_ASIA,PP2015adjATP,1/x,PPP,PPP_1/x,pp2015_atp_ppp_pf1,2001,16.71697001990734,27876914593
R10REST_ASIA,PP2015adjATP,1/x,PPP,PPP_1/x,pp2015_atp_ppp_pf1,2002,16.933420802122356,27434093967
R10REST_ASIA,PP2015adjATP,1/x,PPP,PPP_1/x,pp2015_atp_ppp_pf1,2003,17.12375809843163,26984901290
R10REST_ASIA,PP2015adjATP,1/x,PPP,PPP_1/x,pp2015_atp_ppp_pf1,2004,17.300449650572695,26529436488
R10REST_ASIA,PP2015adjATP,1/x,PPP,PPP_1/x,pp2015_atp_ppp_pf1,2005,17.48970026481315,26067855628
R10REST_ASIA,PP2015adjATP,1/x,PPP,PPP_1/x,pp2015_atp_ppp_pf1,2006,17.69456702107777,25600180850
R10REST_ASIA,PP2015adjATP,1/x,PPP,PPP_1/x,pp2015_atp_ppp_pf1,2007,17.917802953854807,25126246838
R10REST_ASIA,PP2015adjATP,1/x,PPP,PPP_1/x,pp2015_atp_ppp_pf1,2008,18.141866368973744,24645909998
R10REST_ASIA,PP2015adjATP,1/x,PPP,PPP_1/x,pp2015_atp_ppp_pf1,2009,18.350391722346902,24159130472
R10REST_ASIA,PP2015adjATP,1/x,PPP,PPP_1/x,pp2015_atp_ppp_pf1,2010,18.568206493272445,23665961297
R10REST_ASIA,PP2015adjATP,1/x,PPP,PPP_1/x,pp2015_atp_ppp_pf1,2011,18.76845694109954,23166478519
R10REST_ASIA,PP2015adjATP,1/x,PPP,PPP_1/x,pp2015_atp_ppp_pf1,2012,18.962947630055236,22660574781
R10REST_ASIA,PP2015adjATP,1/x,PPP,PPP_1/x,pp2015_atp_ppp_pf1,2013,19.111854103085047,22148119859
R10REST_ASIA,PP2015adjATP,1/x,PPP,PPP_1/x,pp2015_atp_ppp_pf1,2014,19.258330402511195,21629237457
R10REST_ASIA,PP2015adjATP,1/x,PPP,PPP_1/x,pp2015_atp_ppp_pf1,2015,19.42471284627945,21104121040
R10REST_ASIA,PP2015adjATP,1/x,PPP,PPP_1/x,pp2015_atp_ppp_pf1,2016,17.730148441860845,20572876518
R10REST_ASIA,PP2015adjATP,1/x,PPP,PPP_1/x,pp2015_atp_ppp_pf1,2017,16.031960241058513,20035635248
R10REST_ASIA,PP2015adjATP,1/x,PPP,PPP_1/x,pp2015_atp_ppp_pf1,2018,14.26944000020722,19492642107
R10REST_ASIA,PP2015adjATP,1/x,PPP,PPP_1/x,pp2015_atp_ppp_pf1,2019,12.403404675647554,18944139107
R10REST_ASIA,PP2015adjATP,1/x,PPP,PPP_1/x,pp2015_atp_ppp_pf1,2020,10.518298926682943,18390303044
R10REST_ASIA,PP1990adjATP,1/asinh(x),MER,MER_1/asinh(x),pp1990_atp_mer_pf3,1991,80.83530017545651,31936555899
R10REST_ASIA,PP1990adjATP,1/asinh(x),MER,MER_1/asinh(x),pp1990_atp_mer_pf3,1992,79.63061487076551,31560726454
R10REST_ASIA,PP1990adjATP,1/asinh(x),MER,MER_1/asinh(x),pp1990_atp_mer_pf3,1993,78.39658154293625,31178353567
R10REST_ASIA,PP1990adjATP,1/asinh(x),MER,MER_1/asinh(x),pp1990_atp_mer_pf3,1994,76.91148425683888,30789386259
R10REST_ASIA,PP1990adjATP,1/asinh(x),MER,MER_1/asinh(x),pp1990_atp_mer_pf3,1995,75.56657276188282,30393765654
R10REST_ASIA,PP1990adjATP,1/asinh(x),MER,MER_1/asinh(x),pp1990_atp_mer_pf3,1996,74.35602488409583,29991447469
R10REST_ASIA,PP1990adjATP,1/asinh(x),MER,MER_1/asinh(x),pp1990_atp_mer_pf3,1997,73.11618666817878,29582290279
R10REST_ASIA,PP1990adjATP,1/asinh(x),MER,MER_1/asinh(x),pp1990_atp_mer_pf3,1998,72.02112977322707,29166149372
R10REST_ASIA,PP1990adjATP,1/asinh(x),MER,MER_1/asinh(x),pp1990_atp_mer_pf3,1999,71.64021948596913,28743085039
R10REST_ASIA,PP1990adjATP,1/asinh(x),MER,MER_1/asinh(x),pp1990_atp_mer_pf3,2000,70.88312813533751,28313280027
R10REST_ASIA,PP1990adjATP,1/asinh(x),MER,MER_1/asinh(x),pp1990_atp_mer_pf3,2001,70.03412335210804,27876914593
R10REST_ASIA,PP1990adjATP,1/asinh(x),MER,MER_1/asinh(x),pp1990_atp_mer_pf3,2002,69.10796523416637,27434093967
R10REST_ASIA,PP1990adjATP,1/asinh(x),MER,MER_1/asinh(x),pp1990_atp_mer_pf3,2003,68.05169777534714,26984901290
R10REST_ASIA,PP1990adjATP,1/asinh(x),MER,MER_1/asinh(x),pp1990_atp_mer_pf3,2004,66.90070416670329,26529436488
R10REST_ASIA,PP1990adjATP,1/asinh(x),MER,MER_1/asinh(x),pp1990_atp_mer_pf3,2005,65.75707686591964,26067855628
R10REST_ASIA,PP1990adjATP,1/asinh(x),MER,MER_1/asinh(x),pp1990_atp_mer_pf3,2006,64.62478863302329,25600180850
R10REST_ASIA,PP1990adjATP,1/asinh(x),MER,MER_1/asinh(x),pp1990_atp_mer_pf3,2007,63.42474174766442,25126246838
R10REST_ASIA,PP1990adjATP,1/asinh(x),MER,MER_1/asinh(x),pp1990_atp_mer_pf3,2008,62.19299212848251,24645909998
R10REST_ASIA,PP1990adjATP,1/asinh(x),MER,MER_1/asinh(x),pp1990_atp_mer_pf3,2009,60.92265346292454,24159130472
R10REST_ASIA,PP1990adjATP,1/asinh(x),MER,MER_1/asinh(x),pp1990_atp_mer_pf3,2010,59.60428632749115,23665961297
R10REST_ASIA,PP1990adjATP,1/asinh(x),MER,MER_1/asinh(x),pp1990_atp_mer_pf3,2011,58.02372399766672,23166478519
R10REST_ASIA,PP1990adjATP,1/asinh(x),MER,MER_1/asinh(x),pp1990_atp_mer_pf3,2012,56.34874363701205,22660574781
R10REST_ASIA,PP1990adjATP,1/asinh(x),MER,MER_1/asinh(x),pp1990_atp_mer_pf3,2013,54.61010289932175,22148119859
R10REST_ASIA,PP1990adjATP,1/asinh(x),MER,MER_1/asinh(x),pp1990_atp_mer_pf3,2014,52.87824368304991,21629237457
R10REST_ASIA,PP1990adjATP,1/asinh(x),MER,MER_1/asinh(x),pp1990_atp_mer_pf3,2015,51.179211663627804,21104121040
R10REST_ASIA,PP1990adjATP,1/asinh(x),MER,MER_1/asinh(x),pp1990_atp_mer_pf3,2016,49.39645497906722,20572876518
R10REST_ASIA,PP1990adjATP,1/asinh(x),MER,MER_1/asinh(x),pp1990_atp_mer_pf3,2017,47.58247691640603,20035635248
R10REST_ASIA,PP1990adjATP,1/asinh(x),MER,MER_1/asinh(x),pp1990_atp_mer_pf3,2018,45.715659491807585,19492642107
R10REST_ASIA,PP1990adjATP,1/asinh(x),MER,MER_1/asinh(x),pp1990_atp_mer_pf3,2019,43.7509806789486,18944139107
R10REST_ASIA,PP1990adjATP,1/asinh(x),MER,MER_1/asinh(x),pp1990_atp_mer_pf3,2020,41.733565204727164,18390303044
R10REST_ASIA,PP1990adjATP,1/sqrt(x),MER,MER_1/sqrt(x),pp1990_atp_mer_pf2,1991,69.41325138528975,31936555899
R10REST_ASIA,PP1990adjATP,1/sqrt(x),MER,MER_1/sqrt(x),pp1990_atp_mer_pf2,1992,67.19016395940952,31560726454
R10REST_ASIA,PP1990adjATP,1/sqrt(x),MER,MER_1/sqrt(x),pp1990_atp_mer_pf2,1993,64.97222297847581,31178353567
R10REST_ASIA,PP1990adjATP,1/sqrt(x),MER,MER_1/sqrt(x),pp1990_atp_mer_pf2,1994,62.11376002203915,30789386259
R10REST_ASIA,PP1990adjATP,1/sqrt(x),MER,MER_1/sqrt(x),pp1990_atp_mer_pf2,1995,59.85087037061991,30393765654
R10REST_ASIA,PP1990adjATP,1/sqrt(x),MER,MER_1/sqrt(x),pp1990_atp_mer_pf2,1996,58.1009464844671,29991447469
R10REST_ASIA,PP1990adjATP,1/sqrt(x),MER,MER_1/sqrt(x),pp1990_atp_mer_pf2,1997,56.45078133714978,29582290279
R10REST_ASIA,PP1990adjATP,1/sqrt(x),MER,MER_1/sqrt(x),pp1990_atp_mer_pf2,1998,55.42513124858134,29166149372
R10REST_ASIA,PP1990adjATP,1/sqrt(x),MER,MER_1/sqrt(x),pp1990_atp_mer_pf2,1999,56.432345067894985,28743085039
R10REST_ASIA,PP1990adjATP,1/sqrt(x),MER,MER_1/sqrt(x),pp1990_atp_mer_pf2,2000,56.43756468270937,28313280027
R10REST_ASIA,PP1990adjATP,1/sqrt(x),MER,MER_1/sqrt(x),pp1990_atp_mer_pf2,2001,56.254079966350794,27876914593
R10REST_ASIA,PP1990adjATP,1/sqrt(x),MER,MER_1/sqrt(x),pp1990_atp_mer_pf2,2002,55.95478550990359,27434093967
R10REST_ASIA,PP1990adjATP,1/sqrt(x),MER,MER_1/sqrt(x),pp1990_atp_mer_pf2,2003,55.27415544210715,26984901290
R10REST_ASIA,PP1990adjATP,1/sqrt(x),MER,MER_1/sqrt(x),pp1990_atp_mer_pf2,2004,54.42471566700381,26529436488
R10REST_ASIA,PP1990adjATP,1/sqrt(x),MER,MER_1/sqrt(x),pp1990_atp_mer_pf2,2005,53.691621029963095,26067855628
R10REST_ASIA,PP1990adjATP,1/sqrt(x),MER,MER_1/sqrt(x),pp1990_atp_mer_pf2,2006,53.03232652416139,25600180850
R10REST_ASIA,PP1990adjATP,1/sqrt(x),MER,MER_1/sqrt(x),pp1990_atp_mer_pf2,2007,52.12330571587829,25126246838
R10REST_ASIA,PP1990adjATP,1/sqrt(x),MER,MER_1/sqrt(x),pp1990_atp_mer_pf2,2008,51.26728866455082,24645909998
R10REST_ASIA,PP1990adjATP,1/sqrt(x),MER,MER_1/sqrt(x),pp1990_atp_mer_pf2,2009,50.318968760697494,24159130472
R10REST_ASIA,PP1990adjATP,1/sqrt(x),MER,MER_1/sqrt(x),pp1990_atp_mer_pf2,2010,49.361576566370466,23665961297
R10REST_ASIA,PP1990adjATP,1/sqrt(x),MER,MER_1/sqrt(x),pp1990_atp_mer_pf2,2011,47.76612044399266,23166478519
R10REST_ASIA,PP1990adjATP,1/sqrt(x),MER,MER_1/sqrt(x),pp1990_atp_mer_pf2,2012,46.039964490718994,22660574781
R10REST_ASIA,PP1990adjATP,1/sqrt(x),MER,MER_1/sqrt(x),pp1990_atp_mer_pf2,2013,44.28445848792961,22148119859
R10REST_ASIA,PP1990adjATP,1/sqrt(x),MER,MER_1/sqrt(x),pp1990_atp_mer_pf2,2014,42.63045859044641,21629237457
R10REST_ASIA,PP1990adjATP,1/sqrt(x),MER,MER_1/sqrt(x),pp1990_atp_mer_pf2,2015,41.16347893265648,21104121040
R10REST_ASIA,PP1990adjATP,1/sqrt(x),MER,MER_1/sqrt(x),pp1990_atp_mer_pf2,2016,39.6189684447273,20572876518
R10REST_ASIA,PP1990adjATP,1/sqrt(x),MER,MER_1/sqrt(x),pp1990_atp_mer_pf2,2017,37.979351742439775,20035635248
R10REST_ASIA,PP1990adjATP,1/sqrt(x),MER,MER_1/sqrt(x),pp1990_atp_mer_pf2,2018,36.294592355313405,19492642107
R10REST_ASIA,PP1990adjATP,1/sqrt(x),MER,MER_1/sqrt(x),pp1990_atp_mer_pf2,2019,34.50276494330347,18944139107
R10REST_ASIA,PP1990adjATP,1/sqrt(x),MER,MER_1/sqrt(x),pp1990_atp_mer_pf2,2020,32.562708649385605,18390303044
R10REST_ASIA,PP1990adjATP,1/x,MER,MER_1/x,pp1990_atp_mer_pf1,1991,48.12177437344885,31936555899
R10REST_ASIA,PP1990adjATP,1/x,MER,MER_1/x,pp1990_atp_mer_pf1,1992,45.66520207109542,31560726454
R10REST_ASIA,PP1990adjATP,1/x,MER,MER_1/x,pp1990_atp_mer_pf1,1993,42.99719827992209,31178353567
R10REST_ASIA,PP1990adjATP,1/x,MER,MER_1/x,pp1990_atp_mer_pf1,1994,39.53745528514532,30789386259
R10REST_ASIA,PP1990adjATP,1/x,MER,MER_1/x,pp1990_atp_mer_pf1,1995,36.98988731541954,30393765654
R10REST_ASIA,PP1990adjATP,1/x,MER,MER_1/x,pp1990_atp_mer_pf1,1996,35.108252102216355,29991447469
R10REST_ASIA,PP1990adjATP,1/x,MER,MER_1/x,pp1990_atp_mer_pf1,1997,33.34166482621203,29582290279
R10REST_ASIA,PP1990adjATP,1/x,MER,MER_1/x,pp1990_atp_mer_pf1,1998,32.31983092108696,29166149372
R10REST_ASIA,PP1990adjATP,1/x,MER,MER_1/x,pp1990_atp_mer_pf1,1999,34.01082498709948,28743085039
R10REST_ASIA,PP1990adjATP,1/x,MER,MER_1/x,pp1990_atp_mer_pf1,2000,34.41272489452371,28313280027
R10REST_ASIA,PP1990adjATP,1/x,MER,MER_1/x,pp1990_atp_mer_pf1,2001,34.65204899872182,27876914593
R10REST_ASIA,PP1990adjATP,1/x,MER,MER_1/x,pp1990_atp_mer_pf1,2002,34.653878826953694,27434093967
R10REST_ASIA,PP1990adjATP,1/x,MER,MER_1/x,pp1990_atp_mer_pf1,2003,34.10439584793886,26984901290
R10REST_ASIA,PP1990adjATP,1/x,MER,MER_1/x,pp1990_atp_mer_pf1,2004,33.330744134576335,26529436488
R10REST_ASIA,PP1990adjATP,1/x,MER,MER_1/x,pp1990_atp_mer_pf1,2005,32.739336698682386,26067855628
R10REST_ASIA,PP1990adjATP,1/x,MER,MER_1/x,pp1990_atp_mer_pf1,2006,32.258352676399404,25600180850
R10REST_ASIA,PP1990adjATP,1/x,MER,MER_1/x,pp1990_atp_mer_pf1,2007,31.363564715766167,25126246838
R10REST_ASIA,PP1990adjATP,1/x,MER,MER_1/x,pp1990_atp_mer_pf1,2008,30.568627229341917,24645909998
R10REST_ASIA,PP1990adjATP,1/x,MER,MER_1/x,pp1990_atp_mer_pf1,2009,29.634296254554364,24159130472
R10REST_ASIA,PP1990adjATP,1/x,MER,MER_1/x,pp1990_atp_mer_pf1,2010,28.812699851288656,23665961297
R10REST_ASIA,PP1990adjATP,1/x,MER,MER_1/x,pp1990_atp_mer_pf1,2011,27.01369607173624,23166478519
R10REST_ASIA,PP1990adjATP,1/x,MER,MER_1/x,pp1990_atp_mer_pf1,2012,25.03805985506081,22660574781
R10REST_ASIA,PP1990adjATP,1/x,MER,MER_1/x,pp1990_atp_mer_pf1,2013,23.109325247715486,22148119859
R10REST_ASIA,PP1990adjATP,1/x,MER,MER_1/x,pp1990_atp_mer_pf1,2014,21.367602761611547,21629237457
R10REST_ASIA,PP1990adjATP,1/x,MER,MER_1/x,pp1990_atp_mer_pf1,2015,19.960037778895654,21104121040
R10REST_ASIA,PP1990adjATP,1/x,MER,MER_1/x,pp1990_atp_mer_pf1,2016,18.547227154448585,20572876518
R10REST_ASIA,PP1990adjATP,1/x,MER,MER_1/x,pp1990_atp_mer_pf1,2017,17.028111467792957,20035635248
R10REST_ASIA,PP1990adjATP,1/x,MER,MER_1/x,pp1990_atp_mer_pf1,2018,15.464245779565534,19492642107
R10REST_ASIA,PP1990adjATP,1/x,MER,MER_1/x,pp1990_atp_mer_pf1,2019,13.798673667833013,18944139107
R10REST_ASIA,PP1990adjATP,1/x,MER,MER_1/x,pp1990_atp_mer_pf1,2020,11.928457501811934,18390303044
R10REST_ASIA,PP1990adjATP,1/asinh(x),PPP,PPP_1/asinh(x),pp1990_atp_ppp_pf3,1991,79.09849496462347,31936555899
R10REST_ASIA,PP1990adjATP,1/asinh(x),PPP,PPP_1/asinh(x),pp1990_atp_ppp_pf3,1992,78.2850565966231,31560726454
R10REST_ASIA,PP1990adjATP,1/asinh(x),PPP,PPP_1/asinh(x),pp1990_atp_ppp_pf3,1993,77.46627709988458,31178353567
R10REST_ASIA,PP1990adjATP,1/asinh(x),PPP,PPP_1/asinh(x),pp1990_atp_ppp_pf3,1994,76.57179301915453,30789386259
R10REST_ASIA,PP1990adjATP,1/asinh(x),PPP,PPP_1/asinh(x),pp1990_atp_ppp_pf3,1995,75.60322971082624,30393765654
R10REST_ASIA,PP1990adjATP,1/asinh(x),PPP,PPP_1/asinh(x),pp1990_atp_ppp_pf3,1996,74.57809427956884,29991447469
R10REST_ASIA,PP1990adjATP,1/asinh(x),PPP,PPP_1/asinh(x),pp1990_atp_ppp_pf3,1997,73.46426447434304,29582290279
R10REST_ASIA,PP1990adjATP,1/asinh(x),PPP,PPP_1/asinh(x),pp1990_atp_ppp_pf3,1998,72.29531616463053,29166149372
R10REST_ASIA,PP1990adjATP,1/asinh(x),PPP,PPP_1/asinh(x),pp1990_atp_ppp_pf3,1999,71.42710332285209,28743085039
R10REST_ASIA,PP1990adjATP,1/asinh(x),PPP,PPP_1/asinh(x),pp1990_atp_ppp_pf3,2000,70.4716573328977,28313280027
R10REST_ASIA,PP1990adjATP,1/asinh(x),PPP,PPP_1/asinh(x),pp1990_atp_ppp_pf3,2001,69.45277398148697,27876914593
R10REST_ASIA,PP1990adjATP,1/asinh(x),PPP,PPP_1/asinh(x),pp1990_atp_ppp_pf3,2002,68.36578188586712,27434093967
R10REST_ASIA,PP1990adjATP,1/asinh(x),PPP,PPP_1/asinh(x),pp1990_atp_ppp_pf3,2003,67.24094762164053,26984901290
R10REST_ASIA,PP1990adjATP,1/asinh(x),PPP,PPP_1/asinh(x),pp1990_atp_ppp_pf3,2004,66.04113039848113,26529436488
R10REST_ASIA,PP1990adjATP,1/asinh(x),PPP,PPP_1/asinh(x),pp1990_atp_ppp_pf3,2005,64.80433334339847,26067855628
R10REST_ASIA,PP1990adjATP,1/asinh(x),PPP,PPP_1/asinh(x),pp1990_atp_ppp_pf3,2006,63.560925796858164,25600180850
R10REST_ASIA,PP1990adjATP,1/asinh(x),PPP,PPP_1/asinh(x),pp1990_atp_ppp_pf3,2007,62.32883085358961,25126246838
R10REST_ASIA,PP1990adjATP,1/asinh(x),PPP,PPP_1/asinh(x),pp1990_atp_ppp_pf3,2008,61.030746986268866,24645909998
R10REST_ASIA,PP1990adjATP,1/asinh(x),PPP,PPP_1/asinh(x),pp1990_atp_ppp_pf3,2009,59.69590265031245,24159130472
R10REST_ASIA,PP1990adjATP,1/asinh(x),PPP,PPP_1/asinh(x),pp1990_atp_ppp_pf3,2010,58.3213748597985,23665961297
R10REST_ASIA,PP1990adjATP,1/asinh(x),PPP,PPP_1/asinh(x),pp1990_atp_ppp_pf3,2011,56.80966353206065,23166478519
R10REST_ASIA,PP1990adjATP,1/asinh(x),PPP,PPP_1/asinh(x),pp1990_atp_ppp_pf3,2012,55.20908379900644,22660574781
R10REST_ASIA,PP1990adjATP,1/asinh(x),PPP,PPP_1/asinh(x),pp1990_atp_ppp_pf3,2013,53.52191797868756,22148119859
R10REST_ASIA,PP1990adjATP,1/asinh(x),PPP,PPP_1/asinh(x),pp1990_atp_ppp_pf3,2014,51.81092957568189,21629237457
R10REST_ASIA,PP1990adjATP,1/asinh(x),PPP,PPP_1/asinh(x),pp1990_atp_ppp_pf3,2015,50.08715241425663,21104121040
R10REST_ASIA,PP1990adjATP,1/asinh(x),PPP,PPP_1/asinh(x),pp1990_atp_ppp_pf3,2016,48.28994821986017,20572876518
R10REST_ASIA,PP1990adjATP,1/asinh(x),PPP,PPP_1/asinh(x),pp1990_atp_ppp_pf3,2017,46.48559727905536,20035635248
R10REST_ASIA,PP1990adjATP,1/asinh(x),PPP,PPP_1/asinh(x),pp1990_atp_ppp_pf3,2018,44.622588132139136,19492642107
R10REST_ASIA,PP1990adjATP,1/asinh(x),PPP,PPP_1/asinh(x),pp1990_atp_ppp_pf3,2019,42.66304578026371,18944139107
R10REST_ASIA,PP1990adjATP,1/asinh(x),PPP,PPP_1/asinh(x),pp1990_atp_ppp_pf3,2020,40.68263585263511,18390303044
R10REST_ASIA,PP1990adjATP,1/sqrt(x),PPP,PPP_1/sqrt(x),pp1990_atp_ppp_pf2,1991,62.20492536747459,31936555899
R10REST_ASIA,PP1990adjATP,1/sqrt(x),PPP,PPP_1/sqrt(x),pp1990_atp_ppp_pf2,1992,61.13462671401416,31560726454
R10REST_ASIA,PP1990adjATP,1/sqrt(x),PPP,PPP_1/sqrt(x),pp1990_atp_ppp_pf2,1993,60.23395075724996,31178353567
R10REST_ASIA,PP1990adjATP,1/sqrt(x),PPP,PPP_1/sqrt(x),pp1990_atp_ppp_pf2,1994,59.280981396151255,30789386259
R10REST_ASIA,PP1990adjATP,1/sqrt(x),PPP,PPP_1/sqrt(x),pp1990_atp_ppp_pf2,1995,58.21305287620456,30393765654
R10REST_ASIA,PP1990adjATP,1/sqrt(x),PPP,PPP_1/sqrt(x),pp1990_atp_ppp_pf2,1996,57.08692172067487,29991447469
R10REST_ASIA,PP1990adjATP,1/sqrt(x),PPP,PPP_1/sqrt(x),pp1990_atp_ppp_pf2,1997,55.88297883988112,29582290279
R10REST_ASIA,PP1990adjATP,1/sqrt(x),PPP,PPP_1/sqrt(x),pp1990_atp_ppp_pf2,1998,54.68546426576142,29166149372
R10REST_ASIA,PP1990adjATP,1/sqrt(x),PPP,PPP_1/sqrt(x),pp1990_atp_ppp_pf2,1999,54.188383094760304,28743085039
R10REST_ASIA,PP1990adjATP,1/sqrt(x),PPP,PPP_1/sqrt(x),pp1990_atp_ppp_pf2,2000,53.60644287122576,28313280027
R10REST_ASIA,PP1990adjATP,1/sqrt(x),PPP,PPP_1/sqrt(x),pp1990_atp_ppp_pf2,2001,52.89572752755724,27876914593
R10REST_ASIA,PP1990adjATP,1/sqrt(x),PPP,PPP_1/sqrt(x),pp1990_atp_ppp_pf2,2002,52.110006280067864,27434093967
R10REST_ASIA,PP1990adjATP,1/sqrt(x),PPP,PPP_1/sqrt(x),pp1990_atp_ppp_pf2,2003,51.251084585693384,26984901290
R10REST_ASIA,PP1990adjATP,1/sqrt(x),PPP,PPP_1/sqrt(x),pp1990_atp_ppp_pf2,2004,50.30695361174451,26529436488
R10REST_ASIA,PP1990adjATP,1/sqrt(x),PPP,PPP_1/sqrt(x),pp1990_atp_ppp_pf2,2005,49.33982164865524,26067855628
R10REST_ASIA,PP1990adjATP,1/sqrt(x),PPP,PPP_1/sqrt(x),pp1990_atp_ppp_pf2,2006,48.38644096324451,25600180850
R10REST_ASIA,PP1990adjATP,1/sqrt(x),PPP,PPP_1/sqrt(x),pp1990_atp_ppp_pf2,2007,47.474293866741824,25126246838
R10REST_ASIA,PP1990adjATP,1/sqrt(x),PPP,PPP_1/sqrt(x),pp1990_atp_ppp_pf2,2008,46.502653077490805,24645909998
R10REST_ASIA,PP1990adjATP,1/sqrt(x),PPP,PPP_1/sqrt(x),pp1990_atp_ppp_pf2,2009,45.47232204643544,24159130472
R10REST_ASIA,PP1990adjATP,1/sqrt(x),PPP,PPP_1/sqrt(x),pp1990_atp_ppp_pf2,2010,44.41291852266123,23665961297
R10REST_ASIA,PP1990adjATP,1/sqrt(x),PPP,PPP_1/sqrt(x),pp1990_atp_ppp_pf2,2011,43.19174836988887,23166478519
R10REST_ASIA,PP1990adjATP,1/sqrt(x),PPP,PPP_1/sqrt(x),pp1990_atp_ppp_pf2,2012,41.873078227310884,22660574781
R10REST_ASIA,PP1990adjATP,1/sqrt(x),PPP,PPP_1/sqrt(x),pp1990_atp_ppp_pf2,2013,40.413993244956885,22148119859
R10REST_ASIA,PP1990adjATP,1/sqrt(x),PPP,PPP_1/sqrt(x),pp1990_atp_ppp_pf2,2014,38.922541009087766,21629237457
R10REST_ASIA,PP1990adjATP,1/sqrt(x),PPP,PPP_1/sqrt(x),pp1990_atp_ppp_pf2,2015,37.4247835117971,21104121040
R10REST_ASIA,PP1990adjATP,1/sqrt(x),PPP,PPP_1/sqrt(x),pp1990_atp_ppp_pf2,2016,35.85947298778104,20572876518
R10REST_ASIA,PP1990adjATP,1/sqrt(x),PPP,PPP_1/sqrt(x),pp1990_atp_ppp_pf2,2017,34.2771441501408,20035635248
R10REST_ASIA,PP1990adjATP,1/sqrt(x),PPP,PPP_1/sqrt(x),pp1990_atp_ppp_pf2,2018,32.62360706770986,19492642107
R10REST_ASIA,PP1990adjATP,1/sqrt(x),PPP,PPP_1/sqrt(x),pp1990_atp_ppp_pf2,2019,30.86420573280606,18944139107
R10REST_ASIA,PP1990adjATP,1/sqrt(x),PPP,PPP_1/sqrt(x),pp1990_atp_ppp_pf2,2020,29.0810251082527,18390303044
R10REST_ASIA,PP1990adjATP,1/x,PPP,PPP_1/x,pp1990_atp_ppp_pf1,1991,39.144812500249635,31936555899
R10REST_ASIA,PP1990adjATP,1/x,PPP,PPP_1/x,pp1990_atp_ppp_pf1,1992,38.04308430017833,31560726454
R10REST_ASIA,PP1990adjATP,1/x,PPP,PPP_1/x,pp1990_atp_ppp_pf1,1993,37.150120637385825,31178353567
R10REST_ASIA,PP1990adjATP,1/x,PPP,PPP_1/x,pp1990_atp_ppp_pf1,1994,36.272589474543395,30789386259
R10REST_ASIA,PP1990adjATP,1/x,PPP,PPP_1/x,pp1990_atp_ppp_pf1,1995,35.24963681134451,30393765654
R10REST_ASIA,PP1990adjATP,1/x,PPP,PPP_1/x,pp1990_atp_ppp_pf1,1996,34.172994752054834,29991447469
R10REST_ASIA,PP1990adjATP,1/x,PPP,PPP_1/x,pp1990_atp_ppp_pf1,1997,33.02072716379754,29582290279
R10REST_ASIA,PP1990adjATP,1/x,PPP,PPP_1/x,pp1990_atp_ppp_pf1,1998,31.8650194330245,29166149372
R10REST_ASIA,PP1990adjATP,1/x,PPP,PPP_1/x,pp1990_atp_ppp_pf1,1999,31.530735529448652,28743085039
R10REST_ASIA,PP1990adjATP,1/x,PPP,PPP_1/x,pp1990_atp_ppp_pf1,2000,31.131140000717032,28313280027
R10REST_ASIA,PP1990adjATP,1/x,PPP,PPP_1/x,pp1990_atp_ppp_pf1,2001,30.56577410060405,27876914593
R10REST_ASIA,PP1990adjATP,1/x,PPP,PPP_1/x,pp1990_atp_ppp_pf1,2002,29.932836642243355,27434093967
R10REST_ASIA,PP1990adjATP,1/x,PPP,PPP_1/x,pp1990_atp_ppp_pf1,2003,29.211374658667054,26984901290
R10REST_ASIA,PP1990adjATP,1/x,PPP,PPP_1/x,pp1990_atp_ppp_pf1,2004,28.38785334201136,26529436488
R10REST_ASIA,PP1990adjATP,1/x,PPP,PPP_1/x,pp1990_atp_ppp_pf1,2005,27.55100130330844,26067855628
R10REST_ASIA,PP1990adjATP,1/x,PPP,PPP_1/x,pp1990_atp_ppp_pf1,2006,26.73953404963424,25600180850
R10REST_ASIA,PP1990adjATP,1/x,PPP,PPP_1/x,pp1990_atp_ppp_pf1,2007,25.97540868647143,25126246838
R10REST_ASIA,PP1990adjATP,1/x,PPP,PPP_1/x,pp1990_atp_ppp_pf1,2008,25.14918522591709,24645909998
R10REST_ASIA,PP1990adjATP,1/x,PPP,PPP_1/x,pp1990_atp_ppp_pf1,2009,24.253072606210353,24159130472
R10REST_ASIA,PP1990adjATP,1/x,PPP,PPP_1/x,pp1990_atp_ppp_pf1,2010,23.33911614164894,23665961297
R10REST_ASIA,PP1990adjATP,1/x,PPP,PPP_1/x,pp1990_atp_ppp_pf1,2011,22.253813996880368,23166478519
R10REST_ASIA,PP1990adjATP,1/x,PPP,PPP_1/x,pp1990_atp_ppp_pf1,2012,21.06661730993966,22660574781
R10REST_ASIA,PP1990adjATP,1/x,PPP,PPP_1/x,pp1990_atp_ppp_pf1,2013,19.702028906107568,22148119859
R10REST_ASIA,PP1990adjATP,1/x,PPP,PPP_1/x,pp1990_atp_ppp_pf1,2014,18.30738911597435,21629237457
R10REST_ASIA,PP1990adjATP,1/x,PPP,PPP_1/x,pp1990_atp_ppp_pf1,2015,16.944596442416255,21104121040
R10REST_ASIA,PP1990adjATP,1/x,PPP,PPP_1/x,pp1990_atp_ppp_pf1,2016,15.547632699010062,20572876518
R10REST_ASIA,PP1990adjATP,1/x,PPP,PPP_1/x,pp1990_atp_ppp_pf1,2017,14.143163910518618,20035635248
R10REST_ASIA,PP1990adjATP,1/x,PPP,PPP_1/x,pp1990_atp_ppp_pf1,2018,12.659342465645354,19492642107
R10REST_ASIA,PP1990adjATP,1/x,PPP,PPP_1/x,pp1990_atp_ppp_pf1,2019,11.05862787947792,18944139107
R10REST_ASIA,PP1990adjATP,1/x,PPP,PPP_1/x,pp1990_atp_ppp_pf1,2020,9.43791205198113,18390303044
R10REST_ASIA,PP1850adjATP,1/asinh(x),MER,MER_1/asinh(x),pp1850_atp_mer_pf3,1991,112.77615720292411,31936555899
R10REST_ASIA,PP1850adjATP,1/asinh(x),MER,MER_1/asinh(x),pp1850_atp_mer_pf3,1992,111.57147189823311,31560726454
R10REST_ASIA,PP1850adjATP,1/asinh(x),MER,MER_1/asinh(x),pp1850_atp_mer_pf3,1993,110.33743857040386,31178353567
R10REST_ASIA,PP1850adjATP,1/asinh(x),MER,MER_1/asinh(x),pp1850_atp_mer_pf3,1994,108.8523412843065,30789386259
R10REST_ASIA,PP1850adjATP,1/asinh(x),MER,MER_1/asinh(x),pp1850_atp_mer_pf3,1995,107.50742978935044,30393765654
R10REST_ASIA,PP1850adjATP,1/asinh(x),MER,MER_1/asinh(x),pp1850_atp_mer_pf3,1996,106.29688191156345,29991447469
R10REST_ASIA,PP1850adjATP,1/asinh(x),MER,MER_1/asinh(x),pp1850_atp_mer_pf3,1997,105.0570436956464,29582290279
R10REST_ASIA,PP1850adjATP,1/asinh(x),MER,MER_1/asinh(x),pp1850_atp_mer_pf3,1998,103.96198680069467,29166149372
R10REST_ASIA,PP1850adjATP,1/asinh(x),MER,MER_1/asinh(x),pp1850_atp_mer_pf3,1999,103.58107651343676,28743085039
R10REST_ASIA,PP1850adjATP,1/asinh(x),MER,MER_1/asinh(x),pp1850_atp_mer_pf3,2000,102.82398516280512,28313280027
R10REST_ASIA,PP1850adjATP,1/asinh(x),MER,MER_1/asinh(x),pp1850_atp_mer_pf3,2001,101.97498037957565,27876914593
R10REST_ASIA,PP1850adjATP,1/asinh(x),MER,MER_1/asinh(x),pp1850_atp_mer_pf3,2002,101.04882226163402,27434093967
R10REST_ASIA,PP1850adjATP,1/asinh(x),MER,MER_1/asinh(x),pp1850_atp_mer_pf3,2003,99.99255480281475,26984901290
R10REST_ASIA,PP1850adjATP,1/asinh(x),MER,MER_1/asinh(x),pp1850_atp_mer_pf3,2004,98.84156119417091,26529436488
R10REST_ASIA,PP1850adjATP,1/asinh(x),MER,MER_1/asinh(x),pp1850_atp_mer_pf3,2005,97.69793389338724,26067855628
R10REST_ASIA,PP1850adjATP,1/asinh(x),MER,MER_1/asinh(x),pp1850_atp_mer_pf3,2006,96.56564566049089,25600180850
R10REST_ASIA,PP1850adjATP,1/asinh(x),MER,MER_1/asinh(x),pp1850_atp_mer_pf3,2007,95.36559877513204,25126246838
R10REST_ASIA,PP1850adjATP,1/asinh(x),MER,MER_1/asinh(x),pp1850_atp_mer_pf3,2008,94.13384915595012,24645909998
R10REST_ASIA,PP1850adjATP,1/asinh(x),MER,MER_1/asinh(x),pp1850_atp_mer_pf3,2009,92.86351049039216,24159130472
R10REST_ASIA,PP1850adjATP,1/asinh(x),MER,MER_1/asinh(x),pp1850_atp_mer_pf3,2010,91.54514335495877,23665961297
R10REST_ASIA,PP1850adjATP,1/asinh(x),MER,MER_1/asinh(x),pp1850_atp_mer_pf3,2011,89.96458102513431,23166478519
R10REST_ASIA,PP1850adjATP,1/asinh(x),MER,MER_1/asinh(x),pp1850_atp_mer_pf3,2012,88.28960066447965,22660574781
R10REST_ASIA,PP1850adjATP,1/asinh(x),MER,MER_1/asinh(x),pp1850_atp_mer_pf3,2013,86.55095992678937,22148119859
R10REST_ASIA,PP1850adjATP,1/asinh(x),MER,MER_1/asinh(x),pp1850_atp_mer_pf3,2014,84.81910071051752,21629237457
R10REST_ASIA,PP1850adjATP,1/asinh(x),MER,MER_1/asinh(x),pp1850_atp_mer_pf3,2015,83.12006869109544,21104121040
R10REST_ASIA,PP1850adjATP,1/asinh(x),MER,MER_1/asinh(x),pp1850_atp_mer_pf3,2016,81.33731200653482,20572876518
R10REST_ASIA,PP1850adjATP,1/asinh(x),MER,MER_1/asinh(x),pp1850_atp_mer_pf3,2017,79.52333394387361,20035635248
R10REST_ASIA,PP1850adjATP,1/asinh(x),MER,MER_1/asinh(x),pp1850_atp_mer_pf3,2018,77.6565165192752,19492642107
R10REST_ASIA,PP1850adjATP,1/asinh(x),MER,MER_1/asinh(x),pp1850_atp_mer_pf3,2019,75.69183770641622,18944139107
R10REST_ASIA,PP1850adjATP,1/asinh(x),MER,MER_1/asinh(x),pp1850_atp_mer_pf3,2020,73.6744222321948,18390303044
R10REST_ASIA,PP1850adjATP,1/sqrt(x),MER,MER_1/sqrt(x),pp1850_atp_mer_pf2,1991,101.35410841275738,31936555899
R10REST_ASIA,PP1850adjATP,1/sqrt(x),MER,MER_1/sqrt(x),pp1850_atp_mer_pf2,1992,99.13102098687713,31560726454
R10REST_ASIA,PP1850adjATP,1/sqrt(x),MER,MER_1/sqrt(x),pp1850_atp_mer_pf2,1993,96.91308000594341,31178353567
R10REST_ASIA,PP1850adjATP,1/sqrt(x),MER,MER_1/sqrt(x),pp1850_atp_mer_pf2,1994,94.05461704950679,30789386259
R10REST_ASIA,PP1850adjATP,1/sqrt(x),MER,MER_1/sqrt(x),pp1850_atp_mer_pf2,1995,91.79172739808753,30393765654
R10REST_ASIA,PP1850adjATP,1/sqrt(x),MER,MER_1/sqrt(x),pp1850_atp_mer_pf2,1996,90.04180351193472,29991447469
R10REST_ASIA,PP1850adjATP,1/sqrt(x),MER,MER_1/sqrt(x),pp1850_atp_mer_pf2,1997,88.39163836461739,29582290279
R10REST_ASIA,PP1850adjATP,1/sqrt(x),MER,MER_1/sqrt(x),pp1850_atp_mer_pf2,1998,87.36598827604895,29166149372
R10REST_ASIA,PP1850adjATP,1/sqrt(x),MER,MER_1/sqrt(x),pp1850_atp_mer_pf2,1999,88.37320209536259,28743085039
R10REST_ASIA,PP1850adjATP,1/sqrt(x),MER,MER_1/sqrt(x),pp1850_atp_mer_pf2,2000,88.37842171017698,28313280027
R10REST_ASIA,PP1850adjATP,1/sqrt(x),MER,MER_1/sqrt(x),pp1850_atp_mer_pf2,2001,88.19493699381842,27876914593
R10REST_ASIA,PP1850adjATP,1/sqrt(x),MER,MER_1/sqrt(x),pp1850_atp_mer_pf2,2002,87.89564253737122,27434093967
R10REST_ASIA,PP1850adjATP,1/sqrt(x),MER,MER_1/sqrt(x),pp1850_atp_mer_pf2,2003,87.21501246957477,26984901290
R10REST_ASIA,PP1850adjATP,1/sqrt(x),MER,MER_1/sqrt(x),pp1850_atp_mer_pf2,2004,86.36557269447141,26529436488
R10REST_ASIA,PP1850adjATP,1/sqrt(x),MER,MER_1/sqrt(x),pp1850_atp_mer_pf2,2005,85.63247805743073,26067855628
R10REST_ASIA,PP1850adjATP,1/sqrt(x),MER,MER_1/sqrt(x),pp1850_atp_mer_pf2,2006,84.97318355162902,25600180850
R10REST_ASIA,PP1850adjATP,1/sqrt(x),MER,MER_1/sqrt(x),pp1850_atp_mer_pf2,2007,84.0641627433459,25126246838
R10REST_ASIA,PP1850adjATP,1/sqrt(x),MER,MER_1/sqrt(x),pp1850_atp_mer_pf2,2008,83.20814569201843,24645909998
R10REST_ASIA,PP1850adjATP,1/sqrt(x),MER,MER_1/sqrt(x),pp1850_atp_mer_pf2,2009,82.25982578816512,24159130472
R10REST_ASIA,PP1850adjATP,1/sqrt(x),MER,MER_1/sqrt(x),pp1850_atp_mer_pf2,2010,81.30243359383806,23665961297
R10REST_ASIA,PP1850adjATP,1/sqrt(x),MER,MER_1/sqrt(x),pp1850_atp_mer_pf2,2011,79.70697747146029,23166478519
R10REST_ASIA,PP1850adjATP,1/sqrt(x),MER,MER_1/sqrt(x),pp1850_atp_mer_pf2,2012,77.98082151818659,22660574781
R10REST_ASIA,PP1850adjATP,1/sqrt(x),MER,MER_1/sqrt(x),pp1850_atp_mer_pf2,2013,76.22531551539724,22148119859
R10REST_ASIA,PP1850adjATP,1/sqrt(x),MER,MER_1/sqrt(x),pp1850_atp_mer_pf2,2014,74.57131561791402,21629237457
R10REST_ASIA,PP1850adjATP,1/sqrt(x),MER,MER_1/sqrt(x),pp1850_atp_mer_pf2,2015,73.1043359601241,21104121040
R10REST_ASIA,PP1850adjATP,1/sqrt(x),MER,MER_1/sqrt(x),pp1850_atp_mer_pf2,2016,71.5598254721949,20572876518
R10REST_ASIA,PP1850adjATP,1/sqrt(x),MER,MER_1/sqrt(x),pp1850_atp_mer_pf2,2017,69.92020876990738,20035635248
R10REST_ASIA,PP1850adjATP,1/sqrt(x),MER,MER_1/sqrt(x),pp1850_atp_mer_pf2,2018,68.23544938278103,19492642107
R10REST_ASIA,PP1850adjATP,1/sqrt(x),MER,MER_1/sqrt(x),pp1850_atp_mer_pf2,2019,66.44362197077108,18944139107
R10REST_ASIA,PP1850adjATP,1/sqrt(x),MER,MER_1/sqrt(x),pp1850_atp_mer_pf2,2020,64.50356567685323,18390303044
R10REST_ASIA,PP1850adjATP,1/x,MER,MER_1/x,pp1850_atp_mer_pf1,1991,80.06263140091647,31936555899
R10REST_ASIA,PP1850adjATP,1/x,MER,MER_1/x,pp1850_atp_mer_pf1,1992,77.60605909856304,31560726454
R10REST_ASIA,PP1850adjATP,1/x,MER,MER_1/x,pp1850_atp_mer_pf1,1993,74.93805530738966,31178353567
R10REST_ASIA,PP1850adjATP,1/x,MER,MER_1/x,pp1850_atp_mer_pf1,1994,71.47831231261296,30789386259
R10REST_ASIA,PP1850adjATP,1/x,MER,MER_1/x,pp1850_atp_mer_pf1,1995,68.93074434288715,30393765654
R10REST_ASIA,PP1850adjATP,1/x,MER,MER_1/x,pp1850_atp_mer_pf1,1996,67.04910912968398,29991447469
R10REST_ASIA,PP1850adjATP,1/x,MER,MER_1/x,pp1850_atp_mer_pf1,1997,65.28252185367964,29582290279
R10REST_ASIA,PP1850adjATP,1/x,MER,MER_1/x,pp1850_atp_mer_pf1,1998,64.26068794855456,29166149372
R10REST_ASIA,PP1850adjATP,1/x,MER,MER_1/x,pp1850_atp_mer_pf1,1999,65.95168201456711,28743085039
R10REST_ASIA,PP1850adjATP,1/x,MER,MER_1/x,pp1850_atp_mer_pf1,2000,66.35358192199132,28313280027
R10REST_ASIA,PP1850adjATP,1/x,MER,MER_1/x,pp1850_atp_mer_pf1,2001,66.59290602618944,27876914593
R10REST_ASIA,PP1850adjATP,1/x,MER,MER_1/x,pp1850_atp_mer_pf1,2002,66.59473585442132,27434093967
R10REST_ASIA,PP1850adjATP,1/x,MER,MER_1/x,pp1850_atp_mer_pf1,2003,66.04525287540649,26984901290
R10REST_ASIA,PP1850adjATP,1/x,MER,MER_1/x,pp1850_atp_mer_pf1,2004,65.27160116204395,26529436488
R10REST_ASIA,PP1850adjATP,1/x,MER,MER_1/x,pp1850_atp_mer_pf1,2005,64.68019372615002,26067855628
R10REST_ASIA,PP1850adjATP,1/x,MER,MER_1/x,pp1850_atp_mer_pf1,2006,64.19920970386703,25600180850
R10REST_ASIA,PP1850adjATP,1/x,MER,MER_1/x,pp1850_atp_mer_pf1,2007,63.30442174323379,25126246838
R10REST_ASIA,PP1850adjATP,1/x,MER,MER_1/x,pp1850_atp_mer_pf1,2008,62.50948425680954,24645909998
R10REST_ASIA,PP1850adjATP,1/x,MER,MER_1/x,pp1850_atp_mer_pf1,2009,61.575153282021994,24159130472
R10REST_ASIA,PP1850adjATP,1/x,MER,MER_1/x,pp1850_atp_mer_pf1,2010,60.75355687875626,23665961297
R10REST_ASIA,PP1850adjATP,1/x,MER,MER_1/x,pp1850_atp_mer_pf1,2011,58.95455309920388,23166478519
R10REST_ASIA,PP1850adjATP,1/x,MER,MER_1/x,pp1850_atp_mer_pf1,2012,56.97891688252842,22660574781
R10REST_ASIA,PP1850adjATP,1/x,MER,MER_1/x,pp1850_atp_mer_pf1,2013,55.050182275183104,22148119859
R10REST_ASIA,PP1850adjATP,1/x,MER,MER_1/x,pp1850_atp_mer_pf1,2014,53.30845978907918,21629237457
R10REST_ASIA,PP1850adjATP,1/x,MER,MER_1/x,pp1850_atp_mer_pf1,2015,51.90089480636327,21104121040
R10REST_ASIA,PP1850adjATP,1/x,MER,MER_1/x,pp1850_atp_mer_pf1,2016,50.4880841819162,20572876518
R10REST_ASIA,PP1850adjATP,1/x,MER,MER_1/x,pp1850_atp_mer_pf1,2017,48.968968495260576,20035635248
R10REST_ASIA,PP1850adjATP,1/x,MER,MER_1/x,pp1850_atp_mer_pf1,2018,47.405102807033145,19492642107
R10REST_ASIA,PP1850adjATP,1/x,MER,MER_1/x,pp1850_atp_mer_pf1,2019,45.73953069530064,18944139107
R10REST_ASIA,PP1850adjATP,1/x,MER,MER_1/x,pp1850_atp_mer_pf1,2020,43.869314529279556,18390303044
R10REST_ASIA,PP1850adjATP,1/asinh(x),PPP,PPP_1/asinh(x),pp1850_atp_ppp_pf3,1991,111.03935199209107,31936555899
R10REST_ASIA,PP1850adjATP,1/asinh(x),PPP,PPP_1/asinh(x),pp1850_atp_ppp_pf3,1992,110.22591362409074,31560726454
R10REST_ASIA,PP1850adjATP,1/asinh(x),PPP,PPP_1/asinh(x),pp1850_atp_ppp_pf3,1993,109.40713412735221,31178353567
R10REST_ASIA,PP1850adjATP,1/asinh(x),PPP,PPP_1/asinh(x),pp1850_atp_ppp_pf3,1994,108.51265004662216,30789386259
R10REST_ASIA,PP1850adjATP,1/asinh(x),PPP,PPP_1/asinh(x),pp1850_atp_ppp_pf3,1995,107.5440867382939,30393765654
R10REST_ASIA,PP1850adjATP,1/asinh(x),PPP,PPP_1/asinh(x),pp1850_atp_ppp_pf3,1996,106.51895130703646,29991447469
R10REST_ASIA,PP1850adjATP,1/asinh(x),PPP,PPP_1/asinh(x),pp1850_atp_ppp_pf3,1997,105.40512150181067,29582290279
R10REST_ASIA,PP1850adjATP,1/asinh(x),PPP,PPP_1/asinh(x),pp1850_atp_ppp_pf3,1998,104.23617319209815,29166149372
R10REST_ASIA,PP1850adjATP,1/asinh(x),PPP,PPP_1/asinh(x),pp1850_atp_ppp_pf3,1999,103.3679603503197,28743085039
R10REST_ASIA,PP1850adjATP,1/asinh(x),PPP,PPP_1/asinh(x),pp1850_atp_ppp_pf3,2000,102.41251436036534,28313280027
R10REST_ASIA,PP1850adjATP,1/asinh(x),PPP,PPP_1/asinh(x),pp1850_atp_ppp_pf3,2001,101.3936310089546,27876914593
R10REST_ASIA,PP1850adjATP,1/asinh(x),PPP,PPP_1/asinh(x),pp1850_atp_ppp_pf3,2002,100.30663891333477,27434093967
R10REST_ASIA,PP1850adjATP,1/asinh(x),PPP,PPP_1/asinh(x),pp1850_atp_ppp_pf3,2003,99.18180464910813,26984901290
R10REST_ASIA,PP1850adjATP,1/asinh(x),PPP,PPP_1/asinh(x),pp1850_atp_ppp_pf3,2004,97.98198742594874,26529436488
R10REST_ASIA,PP1850adjATP,1/asinh(x),PPP,PPP_1/asinh(x),pp1850_atp_ppp_pf3,2005,96.74519037086607,26067855628
R10REST_ASIA,PP1850adjATP,1/asinh(x),PPP,PPP_1/asinh(x),pp1850_atp_ppp_pf3,2006,95.50178282432579,25600180850
R10REST_ASIA,PP1850adjATP,1/asinh(x),PPP,PPP_1/asinh(x),pp1850_atp_ppp_pf3,2007,94.26968788105724,25126246838
R10REST_ASIA,PP1850adjATP,1/asinh(x),PPP,PPP_1/asinh(x),pp1850_atp_ppp_pf3,2008,92.97160401373647,24645909998
R10REST_ASIA,PP1850adjATP,1/asinh(x),PPP,PPP_1/asinh(x),pp1850_atp_ppp_pf3,2009,91.63675967778005,24159130472
R10REST_ASIA,PP1850adjATP,1/asinh(x),PPP,PPP_1/asinh(x),pp1850_atp_ppp_pf3,2010,90.26223188726613,23665961297
R10REST_ASIA,PP1850adjATP,1/asinh(x),PPP,PPP_1/asinh(x),pp1850_atp_ppp_pf3,2011,88.75052055952825,23166478519
R10REST_ASIA,PP1850adjATP,1/asinh(x),PPP,PPP_1/asinh(x),pp1850_atp_ppp_pf3,2012,87.14994082647407,22660574781
R10REST_ASIA,PP1850adjATP,1/asinh(x),PPP,PPP_1/asinh(x),pp1850_atp_ppp_pf3,2013,85.46277500615518,22148119859
R10REST_ASIA,PP1850adjATP,1/asinh(x),PPP,PPP_1/asinh(x),pp1850_atp_ppp_pf3,2014,83.7517866031495,21629237457
R10REST_ASIA,PP1850adjATP,1/asinh(x),PPP,PPP_1/asinh(x),pp1850_atp_ppp_pf3,2015,82.02800944172425,21104121040
R10REST_ASIA,PP1850adjATP,1/asinh(x),PPP,PPP_1/asinh(x),pp1850_atp_ppp_pf3,2016,80.2308052473278,20572876518
R10REST_ASIA,PP1850adjATP,1/asinh(x),PPP,PPP_1/asinh(x),pp1850_atp_ppp_pf3,2017,78.426454306523,20035635248
R10REST_ASIA,PP1850adjATP,1/asinh(x),PPP,PPP_1/asinh(x),pp1850_atp_ppp_pf3,2018,76.56344515960673,19492642107
R10REST_ASIA,PP1850adjATP,1/asinh(x),PPP,PPP_1/asinh(x),pp1850_atp_ppp_pf3,2019,74.6039028077313,18944139107
R10REST_ASIA,PP1850adjATP,1/asinh(x),PPP,PPP_1/asinh(x),pp1850_atp_ppp_pf3,2020,72.62349288010273,18390303044
R10REST_ASIA,PP1850adjATP,1/sqrt(x),PPP,PPP_1/sqrt(x),pp1850_atp_ppp_pf2,1991,94.1457823949422,31936555899
R10REST_ASIA,PP1850adjATP,1/sqrt(x),PPP,PPP_1/sqrt(x),pp1850_atp_ppp_pf2,1992,93.07548374148179,31560726454
R10REST_ASIA,PP1850adjATP,1/sqrt(x),PPP,PPP_1/sqrt(x),pp1850_atp_ppp_pf2,1993,92.17480778471757,31178353567
R10REST_ASIA,PP1850adjATP,1/sqrt(x),PPP,PPP_1/sqrt(x),pp1850_atp_ppp_pf2,1994,91.22183842361885,30789386259
R10REST_ASIA,PP1850adjATP,1/sqrt(x),PPP,PPP_1/sqrt(x),pp1850_atp_ppp_pf2,1995,90.15390990367217,30393765654
R10REST_ASIA,PP1850adjATP,1/sqrt(x),PPP,PPP_1/sqrt(x),pp1850_atp_ppp_pf2,1996,89.02777874814251,29991447469
R10REST_ASIA,PP1850adjATP,1/sqrt(x),PPP,PPP_1/sqrt(x),pp1850_atp_ppp_pf2,1997,87.82383586734873,29582290279
R10REST_ASIA,PP1850adjATP,1/sqrt(x),PPP,PPP_1/sqrt(x),pp1850_atp_ppp_pf2,1998,86.62632129322903,29166149372
R10REST_ASIA,PP1850adjATP,1/sqrt(x),PPP,PPP_1/sqrt(x),pp1850_atp_ppp_pf2,1999,86.12924012222791,28743085039
R10REST_ASIA,PP1850adjATP,1/sqrt(x),PPP,PPP_1/sqrt(x),pp1850_atp_ppp_pf2,2000,85.54729989869341,28313280027
R10REST_ASIA,PP1850adjATP,1/sqrt(x),PPP,PPP_1/sqrt(x),pp1850_atp_ppp_pf2,2001,84.83658455502486,27876914593
R10REST_ASIA,PP1850adjATP,1/sqrt(x),PPP,PPP_1/sqrt(x),pp1850_atp_ppp_pf2,2002,84.05086330753548,27434093967
R10REST_ASIA,PP1850adjATP,1/sqrt(x),PPP,PPP_1/sqrt(x),pp1850_atp_ppp_pf2,2003,83.19194161316102,26984901290
R10REST_ASIA,PP1850adjATP,1/sqrt(x),PPP,PPP_1/sqrt(x),pp1850_atp_ppp_pf2,2004,82.24781063921212,26529436488
R10REST_ASIA,PP1850adjATP,1/sqrt(x),PPP,PPP_1/sqrt(x),pp1850_atp_ppp_pf2,2005,81.28067867612285,26067855628
R10REST_ASIA,PP1850adjATP,1/sqrt(x),PPP,PPP_1/sqrt(x),pp1850_atp_ppp_pf2,2006,80.3272979907121,25600180850
R10REST_ASIA,PP1850adjATP,1/sqrt(x),PPP,PPP_1/sqrt(x),pp1850_atp_ppp_pf2,2007,79.41515089420943,25126246838
R10REST_ASIA,PP1850adjATP,1/sqrt(x),PPP,PPP_1/sqrt(x),pp1850_atp_ppp_pf2,2008,78.44351010495843,24645909998
R10REST_ASIA,PP1850adjATP,1/sqrt(x),PPP,PPP_1/sqrt(x),pp1850_atp_ppp_pf2,2009,77.41317907390307,24159130472
R10REST_ASIA,PP1850adjATP,1/sqrt(x),PPP,PPP_1/sqrt(x),pp1850_atp_ppp_pf2,2010,76.35377555012883,23665961297
R10REST_ASIA,PP1850adjATP,1/sqrt(x),PPP,PPP_1/sqrt(x),pp1850_atp_ppp_pf2,2011,75.13260539735647,23166478519
R10REST_ASIA,PP1850adjATP,1/sqrt(x),PPP,PPP_1/sqrt(x),pp1850_atp_ppp_pf2,2012,73.81393525477851,22660574781
R10REST_ASIA,PP1850adjATP,1/sqrt(x),PPP,PPP_1/sqrt(x),pp1850_atp_ppp_pf2,2013,72.3548502724245,22148119859
R10REST_ASIA,PP1850adjATP,1/sqrt(x),PPP,PPP_1/sqrt(x),pp1850_atp_ppp_pf2,2014,70.86339803655537,21629237457
R10REST_ASIA,PP1850adjATP,1/sqrt(x),PPP,PPP_1/sqrt(x),pp1850_atp_ppp_pf2,2015,69.3656405392647,21104121040
R10REST_ASIA,PP1850adjATP,1/sqrt(x),PPP,PPP_1/sqrt(x),pp1850_atp_ppp_pf2,2016,67.80033001524865,20572876518
R10REST_ASIA,PP1850adjATP,1/sqrt(x),PPP,PPP_1/sqrt(x),pp1850_atp_ppp_pf2,2017,66.21800117760841,20035635248
R10REST_ASIA,PP1850adjATP,1/sqrt(x),PPP,PPP_1/sqrt(x),pp1850_atp_ppp_pf2,2018,64.56446409517747,19492642107
R10REST_ASIA,PP1850adjATP,1/sqrt(x),PPP,PPP_1/sqrt(x),pp1850_atp_ppp_pf2,2019,62.80506276027368,18944139107
R10REST_ASIA,PP1850adjATP,1/sqrt(x),PPP,PPP_1/sqrt(x),pp1850_atp_ppp_pf2,2020,61.02188213572031,18390303044
R10REST_ASIA,PP1850adjATP,1/x,PPP,PPP_1/x,pp1850_atp_ppp_pf1,1991,71.08566952771724,31936555899
R10REST_ASIA,PP1850adjATP,1/x,PPP,PPP_1/x,pp1850_atp_ppp_pf1,1992,69.98394132764594,31560726454
R10REST_ASIA,PP1850adjATP,1/x,PPP,PPP_1/x,pp1850_atp_ppp_pf1,1993,69.09097766485345,31178353567
R10REST_ASIA,PP1850adjATP,1/x,PPP,PPP_1/x,pp1850_atp_ppp_pf1,1994,68.213446502011,30789386259
R10REST_ASIA,PP1850adjATP,1/x,PPP,PPP_1/x,pp1850_atp_ppp_pf1,1995,67.19049383881212,30393765654
R10REST_ASIA,PP1850adjATP,1/x,PPP,PPP_1/x,pp1850_atp_ppp_pf1,1996,66.11385177952246,29991447469
R10REST_ASIA,PP1850adjATP,1/x,PPP,PPP_1/x,pp1850_atp_ppp_pf1,1997,64.96158419126515,29582290279
R10REST_ASIA,PP1850adjATP,1/x,PPP,PPP_1/x,pp1850_atp_ppp_pf1,1998,63.805876460492115,29166149372
R10REST_ASIA,PP1850adjATP,1/x,PPP,PPP_1/x,pp1850_atp_ppp_pf1,1999,63.471592556916264,28743085039
R10REST_ASIA,PP1850adjATP,1/x,PPP,PPP_1/x,pp1850_atp_ppp_pf1,2000,63.071997028184654,28313280027
R10REST_ASIA,PP1850adjATP,1/x,PPP,PPP_1/x,pp1850_atp_ppp_pf1,2001,62.50663112807167,27876914593
R10REST_ASIA,PP1850adjATP,1/x,PPP,PPP_1/x,pp1850_atp_ppp_pf1,2002,61.873693669710974,27434093967
R10REST_ASIA,PP1850adjATP,1/x,PPP,PPP_1/x,pp1850_atp_ppp_pf1,2003,61.15223168613467,26984901290
R10REST_ASIA,PP1850adjATP,1/x,PPP,PPP_1/x,pp1850_atp_ppp_pf1,2004,60.328710369478976,26529436488
R10REST_ASIA,PP1850adjATP,1/x,PPP,PPP_1/x,pp1850_atp_ppp_pf1,2005,59.491858330776054,26067855628
R10REST_ASIA,PP1850adjATP,1/x,PPP,PPP_1/x,pp1850_atp_ppp_pf1,2006,58.68039107710185,25600180850
R10REST_ASIA,PP1850adjATP,1/x,PPP,PPP_1/x,pp1850_atp_ppp_pf1,2007,57.91626571393903,25126246838
R10REST_ASIA,PP1850adjATP,1/x,PPP,PPP_1/x,pp1850_atp_ppp_pf1,2008,57.090042253384716,24645909998
R10REST_ASIA,PP1850adjATP,1/x,PPP,PPP_1/x,pp1850_atp_ppp_pf1,2009,56.19392963367795,24159130472
R10REST_ASIA,PP1850adjATP,1/x,PPP,PPP_1/x,pp1850_atp_ppp_pf1,2010,55.279973169116545,23665961297
R10REST_ASIA,PP1850adjATP,1/x,PPP,PPP_1/x,pp1850_atp_ppp_pf1,2011,54.194671024347976,23166478519
R10REST_ASIA,PP1850adjATP,1/x,PPP,PPP_1/x,pp1850_atp_ppp_pf1,2012,53.007474337407274,22660574781
R10REST_ASIA,PP1850adjATP,1/x,PPP,PPP_1/x,pp1850_atp_ppp_pf1,2013,51.64288593357519,22148119859
R10REST_ASIA,PP1850adjATP,1/x,PPP,PPP_1/x,pp1850_atp_ppp_pf1,2014,50.24824614344197,21629237457
R10REST_ASIA,PP1850adjATP,1/x,PPP,PPP_1/x,pp1850_atp_ppp_pf1,2015,48.88545346988386,21104121040
R10REST_ASIA,PP1850adjATP,1/x,PPP,PPP_1/x,pp1850_atp_ppp_pf1,2016,47.48848972647768,20572876518
R10REST_ASIA,PP1850adjATP,1/x,PPP,PPP_1/x,pp1850_atp_ppp_pf1,2017,46.08402093798623,20035635248
R10REST_ASIA,PP1850adjATP,1/x,PPP,PPP_1/x,pp1850_atp_ppp_pf1,2018,44.60019949311297,19492642107
R10REST_ASIA,PP1850adjATP,1/x,PPP,PPP_1/x,pp1850_atp_ppp_pf1,2019,42.999484906945526,18944139107
R10REST_ASIA,PP1850adjATP,1/x,PPP,PPP_1/x,pp1850_atp_ppp_pf1,2020,41.37876907944875,18390303044
NA,PP2015,NA,NA,NA,pp2015,1991,16.080983945584833,14544678380.698086
NA,PP2015,NA,NA,NA,pp2015,1992,16.080983945584833,14385403885.698086
NA,PP2015,NA,NA,NA,pp2015,1993,16.080983945584833,14222767753.698086
NA,PP2015,NA,NA,NA,pp2015,1994,16.080983945584833,14055533324.698086
NA,PP2015,NA,NA,NA,pp2015,1995,16.080983945584833,13884069396.698086
NA,PP2015,NA,NA,NA,pp2015,1996,16.080983945584833,13708941274.698086
NA,PP2015,NA,NA,NA,pp2015,1997,16.080983945584833,13530486953.698086
NA,PP2015,NA,NA,NA,pp2015,1998,16.080983945584833,13348668780.698084
NA,PP2015,NA,NA,NA,pp2015,1999,16.080983945584833,13163531792.698084
NA,PP2015,NA,NA,NA,pp2015,2000,16.080983945584833,12975191346.698084
NA,PP2015,NA,NA,NA,pp2015,2001,16.080983945584833,12783964926.698084
NA,PP2015,NA,NA,NA,pp2015,2002,16.080983945584833,12589902964.698084
NA,PP2015,NA,NA,NA,pp2015,2003,16.080983945584833,12391862972.698084
NA,PP2015,NA,NA,NA,pp2015,2004,16.080983945584833,12189535166.698084
NA,PP2015,NA,NA,NA,pp2015,2005,16.080983945584833,11983587452.698084
NA,PP2015,NA,NA,NA,pp2015,2006,16.080983945584833,11773968392.698084
NA,PP2015,NA,NA,NA,pp2015,2007,16.080983945584833,11560110247.698084
NA,PP2015,NA,NA,NA,pp2015,2008,16.080983945584833,11342113432.698086
NA,PP2015,NA,NA,NA,pp2015,2009,16.080983945584833,11120403595.698086
NA,PP2015,NA,NA,NA,pp2015,2010,16.080983945584833,10895052924.698086
NA,PP2015,NA,NA,NA,pp2015,2011,16.080983945584833,10665996783.698086
NA,PP2015,NA,NA,NA,pp2015,2012,16.080983945584833,10433083224.698086
NA,PP2015,NA,NA,NA,pp2015,2013,16.080983945584833,10196681623.698084
NA,PP2015,NA,NA,NA,pp2015,2014,16.080983945584833,9957849458.698084
NA,PP2015,NA,NA,NA,pp2015,2015,16.080983945584833,9717110138.698082
NA,PP2015,NA,NA,NA,pp2015,2016,14.17727447103718,9474212564.698082
NA,PP2015,NA,NA,NA,pp2015,2017,12.271848681376476,9228867000.698082
NA,PP2015,NA,NA,NA,pp2015,2018,10.300027082612765,8981354018.698086
NA,PP2015,NA,NA,NA,pp2015,2019,8.333741309234853,8731721798.698084
NA,PP2015,NA,NA,NA,pp2015,2020,6.393200985101316,8479296128.698083
NA,PP1990,NA,NA,NA,pp1990,1991,37.11031869763205,14544678380.698086
NA,PP1990,NA,NA,NA,pp1990,1992,35.44735865606262,14385403885.698086
NA,PP1990,NA,NA,NA,pp1990,1993,34.274696520182744,14222767753.698086
NA,PP1990,NA,NA,NA,pp1990,1994,33.07770968528498,14055533324.698086
NA,PP1990,NA,NA,NA,pp1990,1995,31.865676145161192,13884069396.698086
NA,PP1990,NA,NA,NA,pp1990,1996,30.61072069215217,13708941274.698086
NA,PP1990,NA,NA,NA,pp1990,1997,29.30949010468664,13530486953.698086
NA,PP1990,NA,NA,NA,pp1990,1998,27.949312035515646,13348668780.698084
NA,PP1990,NA,NA,NA,pp1990,1999,26.498034690935597,13163531792.698084
NA,PP1990,NA,NA,NA,pp1990,2000,25.03277503656764,12975191346.698084
NA,PP1990,NA,NA,NA,pp1990,2001,23.51752669216907,12783964926.698084
NA,PP1990,NA,NA,NA,pp1990,2002,22.01883677772166,12589902964.698084
NA,PP1990,NA,NA,NA,pp1990,2003,20.47358984085865,12391862972.698084
NA,PP1990,NA,NA,NA,pp1990,2004,18.867047280540568,12189535166.698084
NA,PP1990,NA,NA,NA,pp1990,2005,17.19102840171232,11983587452.698084
NA,PP1990,NA,NA,NA,pp1990,2006,15.458481918864258,11773968392.698084
NA,PP1990,NA,NA,NA,pp1990,2007,13.650518979657157,11560110247.698084
NA,PP1990,NA,NA,NA,pp1990,2008,11.77846545215062,11342113432.698086
NA,PP1990,NA,NA,NA,pp1990,2009,9.894475083567198,11120403595.698086
NA,PP1990,NA,NA,NA,pp1990,2010,8.097573410373943,10895052924.698086
NA,PP1990,NA,NA,NA,pp1990,2011,6.177663126287499,10665996783.698086
NA,PP1990,NA,NA,NA,pp1990,2012,4.262848318441755,10433083224.698086
NA,PP1990,NA,NA,NA,pp1990,2013,2.3757388073817935,10196681623.698084
NA,PP1990,NA,NA,NA,pp1990,2014,0.4704789792884583,9957849458.698084
NA,PP1990,NA,NA,NA,pp1990,2015,-1.4235519430471228,9717110138.698082
NA,PP1990,NA,NA,NA,pp1990,2016,-3.3272614175947766,9474212564.698082
NA,PP1990,NA,NA,NA,pp1990,2017,-5.232687207255481,9228867000.698082
NA,PP1990,NA,NA,NA,pp1990,2018,-7.2045088060191915,8981354018.698086
NA,PP1990,NA,NA,NA,pp1990,2019,-9.170794579397104,8731721798.698084
NA,PP1990,NA,NA,NA,pp1990,2020,-11.11133490353064,8479296128.698083
NA,PP1850,NA,NA,NA,pp1850,1991,26.658488799030184,14544678380.698086
NA,PP1850,NA,NA,NA,pp1850,1992,24.995528757460743,14385403885.698086
NA,PP1850,NA,NA,NA,pp1850,1993,23.822866621580868,14222767753.698086
NA,PP1850,NA,NA,NA,pp1850,1994,22.625879786683107,14055533324.698086
NA,PP1850,NA,NA,NA,pp1850,1995,21.41384624655932,13884069396.698086
NA,PP1850,NA,NA,NA,pp1850,1996,20.1588907935503,13708941274.698086
NA,PP1850,NA,NA,NA,pp1850,1997,18.857660206084766,13530486953.698086
NA,PP1850,NA,NA,NA,pp1850,1998,17.497482136913774,13348668780.698084
NA,PP1850,NA,NA,NA,pp1850,1999,16.046204792333725,13163531792.698084
NA,PP1850,NA,NA,NA,pp1850,2000,14.580945137965767,12975191346.698084
NA,PP1850,NA,NA,NA,pp1850,2001,13.065696793567199,12783964926.698084
NA,PP1850,NA,NA,NA,pp1850,2002,11.567006879119788,12589902964.698084
NA,PP1850,NA,NA,NA,pp1850,2003,10.021759942256779,12391862972.698084
NA,PP1850,NA,NA,NA,pp1850,2004,8.415217381938696,12189535166.698084
NA,PP1850,NA,NA,NA,pp1850,2005,6.7391985031104475,11983587452.698084
NA,PP1850,NA,NA,NA,pp1850,2006,5.006652020262386,11773968392.698084
NA,PP1850,NA,NA,NA,pp1850,2007,3.198689081055285,11560110247.698084
NA,PP1850,NA,NA,NA,pp1850,2008,1.3266355535487477,11342113432.698086
NA,PP1850,NA,NA,NA,pp1850,2009,-0.5573548150346745,11120403595.698086
NA,PP1850,NA,NA,NA,pp1850,2010,-2.3542564882279287,10895052924.698086
NA,PP1850,NA,NA,NA,pp1850,2011,-4.2741667723143735,10665996783.698086
NA,PP1850,NA,NA,NA,pp1850,2012,-6.188981580160117,10433083224.698086
NA,PP1850,NA,NA,NA,pp1850,2013,-8.076091091220079,10196681623.698084
NA,PP1850,NA,NA,NA,pp1850,2014,-9.981350919313414,9957849458.698084
NA,PP1850,NA,NA,NA,pp1850,2015,-11.875381841648995,9717110138.698082
NA,PP1850,NA,NA,NA,pp1850,2016,-13.779091316196649,9474212564.698082
NA,PP1850,NA,NA,NA,pp1850,2017,-15.684517105857353,9228867000.698082
NA,PP1850,NA,NA,NA,pp1850,2018,-17.656338704621064,8981354018.698086
NA,PP1850,NA,NA,NA,pp1850,2019,-19.622624477998976,8731721798.698084
NA,PP1850,NA,NA,NA,pp1850,2020,-21.563164802132512,8479296128.698083
NA,PP2015adjATP,1/asinh(x),MER,MER_1/asinh(x),pp2015_atp_mer_pf3,1991,13.89018850744833,14544678380.698086
NA,PP2015adjATP,1/asinh(x),MER,MER_1/asinh(x),pp2015_atp_mer_pf3,1992,13.749055863205937,14385403885.698086
NA,PP2015adjATP,1/asinh(x),MER,MER_1/asinh(x),pp2015_atp_mer_pf3,1993,13.587915917273476,14222767753.698086
NA,PP2015adjATP,1/asinh(x),MER,MER_1/asinh(x),pp2015_atp_mer_pf3,1994,13.47059089390384,14055533324.698086
NA,PP2015adjATP,1/asinh(x),MER,MER_1/asinh(x),pp2015_atp_mer_pf3,1995,13.40014207699813,13884069396.698086
NA,PP2015adjATP,1/asinh(x),MER,MER_1/asinh(x),pp2015_atp_mer_pf3,1996,13.365706633314742,13708941274.698086
NA,PP2015adjATP,1/asinh(x),MER,MER_1/asinh(x),pp2015_atp_mer_pf3,1997,13.361623329504694,13530486953.698086
NA,PP2015adjATP,1/asinh(x),MER,MER_1/asinh(x),pp2015_atp_mer_pf3,1998,13.359008756071587,13348668780.698084
NA,PP2015adjATP,1/asinh(x),MER,MER_1/asinh(x),pp2015_atp_mer_pf3,1999,13.358627082458456,13163531792.698084
NA,PP2015adjATP,1/asinh(x),MER,MER_1/asinh(x),pp2015_atp_mer_pf3,2000,13.358118983812403,12975191346.698084
NA,PP2015adjATP,1/asinh(x),MER,MER_1/asinh(x),pp2015_atp_mer_pf3,2001,13.363614994561392,12783964926.698084
NA,PP2015adjATP,1/asinh(x),MER,MER_1/asinh(x),pp2015_atp_mer_pf3,2002,13.369158819337638,12589902964.698084
NA,PP2015adjATP,1/asinh(x),MER,MER_1/asinh(x),pp2015_atp_mer_pf3,2003,13.38528252527929,12391862972.698084
NA,PP2015adjATP,1/asinh(x),MER,MER_1/asinh(x),pp2015_atp_mer_pf3,2004,13.415181704140904,12189535166.698084
NA,PP2015adjATP,1/asinh(x),MER,MER_1/asinh(x),pp2015_atp_mer_pf3,2005,13.450985288093937,11983587452.698084
NA,PP2015adjATP,1/asinh(x),MER,MER_1/asinh(x),pp2015_atp_mer_pf3,2006,13.49344326501996,11773968392.698084
NA,PP2015adjATP,1/asinh(x),MER,MER_1/asinh(x),pp2015_atp_mer_pf3,2007,13.546013864425987,11560110247.698084
NA,PP2015adjATP,1/asinh(x),MER,MER_1/asinh(x),pp2015_atp_mer_pf3,2008,13.613177609613384,11342113432.698086
NA,PP2015adjATP,1/asinh(x),MER,MER_1/asinh(x),pp2015_atp_mer_pf3,2009,13.680011130577507,11120403595.698086
NA,PP2015adjATP,1/asinh(x),MER,MER_1/asinh(x),pp2015_atp_mer_pf3,2010,13.74403839272487,10895052924.698086
NA,PP2015adjATP,1/asinh(x),MER,MER_1/asinh(x),pp2015_atp_mer_pf3,2011,13.815214920340297,10665996783.698086
NA,PP2015adjATP,1/asinh(x),MER,MER_1/asinh(x),pp2015_atp_mer_pf3,2012,13.909467182111438,10433083224.698086
NA,PP2015adjATP,1/asinh(x),MER,MER_1/asinh(x),pp2015_atp_mer_pf3,2013,13.993791882814783,10196681623.698084
NA,PP2015adjATP,1/asinh(x),MER,MER_1/asinh(x),pp2015_atp_mer_pf3,2014,14.0710244052864,9957849458.698084
NA,PP2015adjATP,1/asinh(x),MER,MER_1/asinh(x),pp2015_atp_mer_pf3,2015,14.136915529728462,9717110138.698082
NA,PP2015adjATP,1/asinh(x),MER,MER_1/asinh(x),pp2015_atp_mer_pf3,2016,12.298478717029205,9474212564.698082
NA,PP2015adjATP,1/asinh(x),MER,MER_1/asinh(x),pp2015_atp_mer_pf3,2017,10.4533360487495,9228867000.698082
NA,PP2015adjATP,1/asinh(x),MER,MER_1/asinh(x),pp2015_atp_mer_pf3,2018,8.539454724622251,8981354018.698086
NA,PP2015adjATP,1/asinh(x),MER,MER_1/asinh(x),pp2015_atp_mer_pf3,2019,6.625769740914484,8731721798.698084
NA,PP2015adjATP,1/asinh(x),MER,MER_1/asinh(x),pp2015_atp_mer_pf3,2020,4.733960334538638,8479296128.698083
NA,PP2015adjATP,1/sqrt(x),MER,MER_1/sqrt(x),pp2015_atp_mer_pf2,1991,8.301172854715231,14544678380.698086
NA,PP2015adjATP,1/sqrt(x),MER,MER_1/sqrt(x),pp2015_atp_mer_pf2,1992,7.957469775521078,14385403885.698086
NA,PP2015adjATP,1/sqrt(x),MER,MER_1/sqrt(x),pp2015_atp_mer_pf2,1993,7.560626530921881,14222767753.698086
NA,PP2015adjATP,1/sqrt(x),MER,MER_1/sqrt(x),pp2015_atp_mer_pf2,1994,7.279979026883265,14055533324.698086
NA,PP2015adjATP,1/sqrt(x),MER,MER_1/sqrt(x),pp2015_atp_mer_pf2,1995,7.102198854038894,13884069396.698086
NA,PP2015adjATP,1/sqrt(x),MER,MER_1/sqrt(x),pp2015_atp_mer_pf2,1996,6.993483580189463,13708941274.698086
NA,PP2015adjATP,1/sqrt(x),MER,MER_1/sqrt(x),pp2015_atp_mer_pf2,1997,6.953892555756321,13530486953.698086
NA,PP2015adjATP,1/sqrt(x),MER,MER_1/sqrt(x),pp2015_atp_mer_pf2,1998,6.922284289643089,13348668780.698084
NA,PP2015adjATP,1/sqrt(x),MER,MER_1/sqrt(x),pp2015_atp_mer_pf2,1999,6.9057180130015015,13163531792.698084
NA,PP2015adjATP,1/sqrt(x),MER,MER_1/sqrt(x),pp2015_atp_mer_pf2,2000,6.890320327118629,12975191346.698084
NA,PP2015adjATP,1/sqrt(x),MER,MER_1/sqrt(x),pp2015_atp_mer_pf2,2001,6.887280851453339,12783964926.698084
NA,PP2015adjATP,1/sqrt(x),MER,MER_1/sqrt(x),pp2015_atp_mer_pf2,2002,6.886408999246648,12589902964.698084
NA,PP2015adjATP,1/sqrt(x),MER,MER_1/sqrt(x),pp2015_atp_mer_pf2,2003,6.908842494220177,12391862972.698084
NA,PP2015adjATP,1/sqrt(x),MER,MER_1/sqrt(x),pp2015_atp_mer_pf2,2004,6.957830734646594,12189535166.698084
NA,PP2015adjATP,1/sqrt(x),MER,MER_1/sqrt(x),pp2015_atp_mer_pf2,2005,7.01326038850468,11983587452.698084
NA,PP2015adjATP,1/sqrt(x),MER,MER_1/sqrt(x),pp2015_atp_mer_pf2,2006,7.078937420225451,11773968392.698084
NA,PP2015adjATP,1/sqrt(x),MER,MER_1/sqrt(x),pp2015_atp_mer_pf2,2007,7.163883194720565,11560110247.698084
NA,PP2015adjATP,1/sqrt(x),MER,MER_1/sqrt(x),pp2015_atp_mer_pf2,2008,7.2777156618499905,11342113432.698086
NA,PP2015adjATP,1/sqrt(x),MER,MER_1/sqrt(x),pp2015_atp_mer_pf2,2009,7.3895935449452885,11120403595.698086
NA,PP2015adjATP,1/sqrt(x),MER,MER_1/sqrt(x),pp2015_atp_mer_pf2,2010,7.509787586768598,10895052924.698086
NA,PP2015adjATP,1/sqrt(x),MER,MER_1/sqrt(x),pp2015_atp_mer_pf2,2011,7.644936823258899,10665996783.698086
NA,PP2015adjATP,1/sqrt(x),MER,MER_1/sqrt(x),pp2015_atp_mer_pf2,2012,7.840603543051489,10433083224.698086
NA,PP2015adjATP,1/sqrt(x),MER,MER_1/sqrt(x),pp2015_atp_mer_pf2,2013,8.020499421512918,10196681623.698084
NA,PP2015adjATP,1/sqrt(x),MER,MER_1/sqrt(x),pp2015_atp_mer_pf2,2014,8.18969304734838,9957849458.698084
NA,PP2015adjATP,1/sqrt(x),MER,MER_1/sqrt(x),pp2015_atp_mer_pf2,2015,8.336227351716268,9717110138.698082
NA,PP2015adjATP,1/sqrt(x),MER,MER_1/sqrt(x),pp2015_atp_mer_pf2,2016,6.589945896257291,9474212564.698082
NA,PP2015adjATP,1/sqrt(x),MER,MER_1/sqrt(x),pp2015_atp_mer_pf2,2017,4.834874327853189,9228867000.698082
NA,PP2015adjATP,1/sqrt(x),MER,MER_1/sqrt(x),pp2015_atp_mer_pf2,2018,3.0087730730159805,8981354018.698086
NA,PP2015adjATP,1/sqrt(x),MER,MER_1/sqrt(x),pp2015_atp_mer_pf2,2019,1.1753840578700352,8731721798.698084
NA,PP2015adjATP,1/sqrt(x),MER,MER_1/sqrt(x),pp2015_atp_mer_pf2,2020,-0.6392516573764286,8479296128.698083
NA,PP2015adjATP,1/x,MER,MER_1/x,pp2015_atp_mer_pf1,1991,3.322602014980918,14544678380.698086
NA,PP2015adjATP,1/x,MER,MER_1/x,pp2015_atp_mer_pf1,1992,3.0704291944547437,14385403885.698086
NA,PP2015adjATP,1/x,MER,MER_1/x,pp2015_atp_mer_pf1,1993,2.7711784126180268,14222767753.698086
NA,PP2015adjATP,1/x,MER,MER_1/x,pp2015_atp_mer_pf1,1994,2.5751083116181155,14055533324.698086
NA,PP2015adjATP,1/x,MER,MER_1/x,pp2015_atp_mer_pf1,1995,2.4568206376569925,13884069396.698086
NA,PP2015adjATP,1/x,MER,MER_1/x,pp2015_atp_mer_pf1,1996,2.3849294177246625,13708941274.698086
NA,PP2015adjATP,1/x,MER,MER_1/x,pp2015_atp_mer_pf1,1997,2.35942089687048,13530486953.698086
NA,PP2015adjATP,1/x,MER,MER_1/x,pp2015_atp_mer_pf1,1998,2.336899160074713,13348668780.698084
NA,PP2015adjATP,1/x,MER,MER_1/x,pp2015_atp_mer_pf1,1999,2.3253569018282816,13163531792.698084
NA,PP2015adjATP,1/x,MER,MER_1/x,pp2015_atp_mer_pf1,2000,2.313649188810995,12975191346.698084
NA,PP2015adjATP,1/x,MER,MER_1/x,pp2015_atp_mer_pf1,2001,2.3148636472809847,12783964926.698084
NA,PP2015adjATP,1/x,MER,MER_1/x,pp2015_atp_mer_pf1,2002,2.3114744574231345,12589902964.698084
NA,PP2015adjATP,1/x,MER,MER_1/x,pp2015_atp_mer_pf1,2003,2.3229726461284943,12391862972.698084
NA,PP2015adjATP,1/x,MER,MER_1/x,pp2015_atp_mer_pf1,2004,2.3524043932882446,12189535166.698084
NA,PP2015adjATP,1/x,MER,MER_1/x,pp2015_atp_mer_pf1,2005,2.3855097116704815,11983587452.698084
NA,PP2015adjATP,1/x,MER,MER_1/x,pp2015_atp_mer_pf1,2006,2.4251338605336867,11773968392.698084
NA,PP2015adjATP,1/x,MER,MER_1/x,pp2015_atp_mer_pf1,2007,2.4769973315109532,11560110247.698084
NA,PP2015adjATP,1/x,MER,MER_1/x,pp2015_atp_mer_pf1,2008,2.5492659577932355,11342113432.698086
NA,PP2015adjATP,1/x,MER,MER_1/x,pp2015_atp_mer_pf1,2009,2.621842543728475,11120403595.698086
NA,PP2015adjATP,1/x,MER,MER_1/x,pp2015_atp_mer_pf1,2010,2.708119601214041,10895052924.698086
NA,PP2015adjATP,1/x,MER,MER_1/x,pp2015_atp_mer_pf1,2011,2.801848843552413,10665996783.698086
NA,PP2015adjATP,1/x,MER,MER_1/x,pp2015_atp_mer_pf1,2012,2.9403952801336737,10433083224.698086
NA,PP2015adjATP,1/x,MER,MER_1/x,pp2015_atp_mer_pf1,2013,3.0719363542306652,10196681623.698084
NA,PP2015adjATP,1/x,MER,MER_1/x,pp2015_atp_mer_pf1,2014,3.198147774059179,9957849458.698084
NA,PP2015adjATP,1/x,MER,MER_1/x,pp2015_atp_mer_pf1,2015,3.311624346073751,9717110138.698082
NA,PP2015adjATP,1/x,MER,MER_1/x,pp2015_atp_mer_pf1,2016,1.5367943975890426,9474212564.698082
NA,PP2015adjATP,1/x,MER,MER_1/x,pp2015_atp_mer_pf1,2017,-0.24126933396580608,9228867000.698082
NA,PP2015adjATP,1/x,MER,MER_1/x,pp2015_atp_mer_pf1,2018,-2.088265919714163,8981354018.698086
NA,PP2015adjATP,1/x,MER,MER_1/x,pp2015_atp_mer_pf1,2019,-3.9387817886027783,8731721798.698084
NA,PP2015adjATP,1/x,MER,MER_1/x,pp2015_atp_mer_pf1,2020,-5.767113730286047,8479296128.698083
NA,PP2015adjATP,1/asinh(x),PPP,PPP_1/asinh(x),pp2015_atp_ppp_pf3,1991,14.71579536411135,14544678380.698086
NA,PP2015adjATP,1/asinh(x),PPP,PPP_1/asinh(x),pp2015_atp_ppp_pf3,1992,14.704336158451992,14385403885.698086
NA,PP2015adjATP,1/asinh(x),PPP,PPP_1/asinh(x),pp2015_atp_ppp_pf3,1993,14.701147094149318,14222767753.698086
NA,PP2015adjATP,1/asinh(x),PPP,PPP_1/asinh(x),pp2015_atp_ppp_pf3,1994,14.711062427838902,14055533324.698086
NA,PP2015adjATP,1/asinh(x),PPP,PPP_1/asinh(x),pp2015_atp_ppp_pf3,1995,14.725616323239546,13884069396.698086
NA,PP2015adjATP,1/asinh(x),PPP,PPP_1/asinh(x),pp2015_atp_ppp_pf3,1996,14.740243779540583,13708941274.698086
NA,PP2015adjATP,1/asinh(x),PPP,PPP_1/asinh(x),pp2015_atp_ppp_pf3,1997,14.759553277775051,13530486953.698086
NA,PP2015adjATP,1/asinh(x),PPP,PPP_1/asinh(x),pp2015_atp_ppp_pf3,1998,14.775900763297905,13348668780.698084
NA,PP2015adjATP,1/asinh(x),PPP,PPP_1/asinh(x),pp2015_atp_ppp_pf3,1999,14.794280136321738,13163531792.698084
NA,PP2015adjATP,1/asinh(x),PPP,PPP_1/asinh(x),pp2015_atp_ppp_pf3,2000,14.815705566993364,12975191346.698084
NA,PP2015adjATP,1/asinh(x),PPP,PPP_1/asinh(x),pp2015_atp_ppp_pf3,2001,14.833374599619143,12783964926.698084
NA,PP2015adjATP,1/asinh(x),PPP,PPP_1/asinh(x),pp2015_atp_ppp_pf3,2002,14.853549653027164,12589902964.698084
NA,PP2015adjATP,1/asinh(x),PPP,PPP_1/asinh(x),pp2015_atp_ppp_pf3,2003,14.877277822037357,12391862972.698084
NA,PP2015adjATP,1/asinh(x),PPP,PPP_1/asinh(x),pp2015_atp_ppp_pf3,2004,14.905436103146874,12189535166.698084
NA,PP2015adjATP,1/asinh(x),PPP,PPP_1/asinh(x),pp2015_atp_ppp_pf3,2005,14.92973372695289,11983587452.698084
NA,PP2015adjATP,1/asinh(x),PPP,PPP_1/asinh(x),pp2015_atp_ppp_pf3,2006,14.954471759152971,11773968392.698084
NA,PP2015adjATP,1/asinh(x),PPP,PPP_1/asinh(x),pp2015_atp_ppp_pf3,2007,14.980387341195605,11560110247.698084
NA,PP2015adjATP,1/asinh(x),PPP,PPP_1/asinh(x),pp2015_atp_ppp_pf3,2008,15.006137557840782,11342113432.698086
NA,PP2015adjATP,1/asinh(x),PPP,PPP_1/asinh(x),pp2015_atp_ppp_pf3,2009,15.033058373085586,11120403595.698086
NA,PP2015adjATP,1/asinh(x),PPP,PPP_1/asinh(x),pp2015_atp_ppp_pf3,2010,15.064237641672003,10895052924.698086
NA,PP2015adjATP,1/asinh(x),PPP,PPP_1/asinh(x),pp2015_atp_ppp_pf3,2011,15.094931864670933,10665996783.698086
NA,PP2015adjATP,1/asinh(x),PPP,PPP_1/asinh(x),pp2015_atp_ppp_pf3,2012,15.126027232748665,10433083224.698086
NA,PP2015adjATP,1/asinh(x),PPP,PPP_1/asinh(x),pp2015_atp_ppp_pf3,2013,15.158820880861548,10196681623.698084
NA,PP2015adjATP,1/asinh(x),PPP,PPP_1/asinh(x),pp2015_atp_ppp_pf3,2014,15.188939720621837,9957849458.698084
NA,PP2015adjATP,1/asinh(x),PPP,PPP_1/asinh(x),pp2015_atp_ppp_pf3,2015,15.217252698309485,9717110138.698082
NA,PP2015adjATP,1/asinh(x),PPP,PPP_1/asinh(x),pp2015_atp_ppp_pf3,2016,13.339919858974115,9474212564.698082
NA,PP2015adjATP,1/asinh(x),PPP,PPP_1/asinh(x),pp2015_atp_ppp_pf3,2017,11.461276103544389,9228867000.698082
NA,PP2015adjATP,1/asinh(x),PPP,PPP_1/asinh(x),pp2015_atp_ppp_pf3,2018,9.515175517192159,8981354018.698086
NA,PP2015adjATP,1/asinh(x),PPP,PPP_1/asinh(x),pp2015_atp_ppp_pf3,2019,7.5760322448778705,8731721798.698084
NA,PP2015adjATP,1/asinh(x),PPP,PPP_1/asinh(x),pp2015_atp_ppp_pf3,2020,5.662326476803228,8479296128.698083
NA,PP2015adjATP,1/sqrt(x),PPP,PPP_1/sqrt(x),pp2015_atp_ppp_pf2,1991,10.192519950612118,14544678380.698086
NA,PP2015adjATP,1/sqrt(x),PPP,PPP_1/sqrt(x),pp2015_atp_ppp_pf2,1992,10.144947025912018,14385403885.698086
NA,PP2015adjATP,1/sqrt(x),PPP,PPP_1/sqrt(x),pp2015_atp_ppp_pf2,1993,10.12414174560351,14222767753.698086
NA,PP2015adjATP,1/sqrt(x),PPP,PPP_1/sqrt(x),pp2015_atp_ppp_pf2,1994,10.147960473895484,14055533324.698086
NA,PP2015adjATP,1/sqrt(x),PPP,PPP_1/sqrt(x),pp2015_atp_ppp_pf2,1995,10.185333267950263,13884069396.698086
NA,PP2015adjATP,1/sqrt(x),PPP,PPP_1/sqrt(x),pp2015_atp_ppp_pf2,1996,10.222380663653892,13708941274.698086
NA,PP2015adjATP,1/sqrt(x),PPP,PPP_1/sqrt(x),pp2015_atp_ppp_pf2,1997,10.274044337038623,13530486953.698086
NA,PP2015adjATP,1/sqrt(x),PPP,PPP_1/sqrt(x),pp2015_atp_ppp_pf2,1998,10.315090946485283,13348668780.698084
NA,PP2015adjATP,1/sqrt(x),PPP,PPP_1/sqrt(x),pp2015_atp_ppp_pf2,1999,10.365090699706442,13163531792.698084
NA,PP2015adjATP,1/sqrt(x),PPP,PPP_1/sqrt(x),pp2015_atp_ppp_pf2,2000,10.425676605511326,12975191346.698084
NA,PP2015adjATP,1/sqrt(x),PPP,PPP_1/sqrt(x),pp2015_atp_ppp_pf2,2001,10.471552244116891,12783964926.698084
NA,PP2015adjATP,1/sqrt(x),PPP,PPP_1/sqrt(x),pp2015_atp_ppp_pf2,2002,10.526809834933017,12589902964.698084
NA,PP2015adjATP,1/sqrt(x),PPP,PPP_1/sqrt(x),pp2015_atp_ppp_pf2,2003,10.594333080957146,12391862972.698084
NA,PP2015adjATP,1/sqrt(x),PPP,PPP_1/sqrt(x),pp2015_atp_ppp_pf2,2004,10.677025239807046,12189535166.698084
NA,PP2015adjATP,1/sqrt(x),PPP,PPP_1/sqrt(x),pp2015_atp_ppp_pf2,2005,10.745858827812393,11983587452.698084
NA,PP2015adjATP,1/sqrt(x),PPP,PPP_1/sqrt(x),pp2015_atp_ppp_pf2,2006,10.816167427818957,11773968392.698084
NA,PP2015adjATP,1/sqrt(x),PPP,PPP_1/sqrt(x),pp2015_atp_ppp_pf2,2007,10.88942262746288,11560110247.698084
NA,PP2015adjATP,1/sqrt(x),PPP,PPP_1/sqrt(x),pp2015_atp_ppp_pf2,2008,10.96196652683735,11342113432.698086
NA,PP2015adjATP,1/sqrt(x),PPP,PPP_1/sqrt(x),pp2015_atp_ppp_pf2,2009,11.039675374154179,11120403595.698086
NA,PP2015adjATP,1/sqrt(x),PPP,PPP_1/sqrt(x),pp2015_atp_ppp_pf2,2010,11.136452707904262,10895052924.698086
NA,PP2015adjATP,1/sqrt(x),PPP,PPP_1/sqrt(x),pp2015_atp_ppp_pf2,2011,11.232479158773675,10665996783.698086
NA,PP2015adjATP,1/sqrt(x),PPP,PPP_1/sqrt(x),pp2015_atp_ppp_pf2,2012,11.330850253056278,10433083224.698086
NA,PP2015adjATP,1/sqrt(x),PPP,PPP_1/sqrt(x),pp2015_atp_ppp_pf2,2013,11.436630764760892,10196681623.698084
NA,PP2015adjATP,1/sqrt(x),PPP,PPP_1/sqrt(x),pp2015_atp_ppp_pf2,2014,11.534623823735126,9957849458.698084
NA,PP2015adjATP,1/sqrt(x),PPP,PPP_1/sqrt(x),pp2015_atp_ppp_pf2,2015,11.629487430656834,9717110138.698082
NA,PP2015adjATP,1/sqrt(x),PPP,PPP_1/sqrt(x),pp2015_atp_ppp_pf2,2016,9.81689584083289,9474212564.698082
NA,PP2015adjATP,1/sqrt(x),PPP,PPP_1/sqrt(x),pp2015_atp_ppp_pf2,2017,8.006288038661408,9228867000.698082
NA,PP2015adjATP,1/sqrt(x),PPP,PPP_1/sqrt(x),pp2015_atp_ppp_pf2,2018,6.12599189722545,8981354018.698086
NA,PP2015adjATP,1/sqrt(x),PPP,PPP_1/sqrt(x),pp2015_atp_ppp_pf2,2019,4.257209400297969,8731721798.698084
NA,PP2015adjATP,1/sqrt(x),PPP,PPP_1/sqrt(x),pp2015_atp_ppp_pf2,2020,2.414417335154207,8479296128.698083
NA,PP2015adjATP,1/x,PPP,PPP_1/x,pp2015_atp_ppp_pf1,1991,5.322733032589914,14544678380.698086
NA,PP2015adjATP,1/x,PPP,PPP_1/x,pp2015_atp_ppp_pf1,1992,5.270279121045556,14385403885.698086
NA,PP2015adjATP,1/x,PPP,PPP_1/x,pp2015_atp_ppp_pf1,1993,5.242811454140127,14222767753.698086
NA,PP2015adjATP,1/x,PPP,PPP_1/x,pp2015_atp_ppp_pf1,1994,5.270910869967316,14055533324.698086
NA,PP2015adjATP,1/x,PPP,PPP_1/x,pp2015_atp_ppp_pf1,1995,5.3104794381892475,13884069396.698086
NA,PP2015adjATP,1/x,PPP,PPP_1/x,pp2015_atp_ppp_pf1,1996,5.349873290185599,13708941274.698086
NA,PP2015adjATP,1/x,PPP,PPP_1/x,pp2015_atp_ppp_pf1,1997,5.4058404684406405,13530486953.698086
NA,PP2015adjATP,1/x,PPP,PPP_1/x,pp2015_atp_ppp_pf1,1998,5.447956287720539,13348668780.698084
NA,PP2015adjATP,1/x,PPP,PPP_1/x,pp2015_atp_ppp_pf1,1999,5.499448400300069,13163531792.698084
NA,PP2015adjATP,1/x,PPP,PPP_1/x,pp2015_atp_ppp_pf1,2000,5.562690425175145,12975191346.698084
NA,PP2015adjATP,1/x,PPP,PPP_1/x,pp2015_atp_ppp_pf1,2001,5.606879721689269,12783964926.698084
NA,PP2015adjATP,1/x,PPP,PPP_1/x,pp2015_atp_ppp_pf1,2002,5.662808366488312,12589902964.698084
NA,PP2015adjATP,1/x,PPP,PPP_1/x,pp2015_atp_ppp_pf1,2003,5.73114612366008,12391862972.698084
NA,PP2015adjATP,1/x,PPP,PPP_1/x,pp2015_atp_ppp_pf1,2004,5.814767193798234,12189535166.698084
NA,PP2015adjATP,1/x,PPP,PPP_1/x,pp2015_atp_ppp_pf1,2005,5.884077978342842,11983587452.698084
NA,PP2015adjATP,1/x,PPP,PPP_1/x,pp2015_atp_ppp_pf1,2006,5.9560059225028095,11773968392.698084
NA,PP2015adjATP,1/x,PPP,PPP_1/x,pp2015_atp_ppp_pf1,2007,6.030409532839541,11560110247.698084
NA,PP2015adjATP,1/x,PPP,PPP_1/x,pp2015_atp_ppp_pf1,2008,6.103604817954703,11342113432.698086
NA,PP2015adjATP,1/x,PPP,PPP_1/x,pp2015_atp_ppp_pf1,2009,6.183266989733647,11120403595.698086
NA,PP2015adjATP,1/x,PPP,PPP_1/x,pp2015_atp_ppp_pf1,2010,6.286730197597745,10895052924.698086
NA,PP2015adjATP,1/x,PPP,PPP_1/x,pp2015_atp_ppp_pf1,2011,6.390258317389401,10665996783.698086
NA,PP2015adjATP,1/x,PPP,PPP_1/x,pp2015_atp_ppp_pf1,2012,6.497309956151888,10433083224.698086
NA,PP2015adjATP,1/x,PPP,PPP_1/x,pp2015_atp_ppp_pf1,2013,6.6122424139704865,10196681623.698084
NA,PP2015adjATP,1/x,PPP,PPP_1/x,pp2015_atp_ppp_pf1,2014,6.720752201787029,9957849458.698084
NA,PP2015adjATP,1/x,PPP,PPP_1/x,pp2015_atp_ppp_pf1,2015,6.832944800531228,9717110138.698082
NA,PP2015adjATP,1/x,PPP,PPP_1/x,pp2015_atp_ppp_pf1,2016,5.042330697664059,9474212564.698082
NA,PP2015adjATP,1/x,PPP,PPP_1/x,pp2015_atp_ppp_pf1,2017,3.258035833189817,9228867000.698082
NA,PP2015adjATP,1/x,PPP,PPP_1/x,pp2015_atp_ppp_pf1,2018,1.4040316009688842,8981354018.698086
NA,PP2015adjATP,1/x,PPP,PPP_1/x,pp2015_atp_ppp_pf1,2019,-0.4376160514600098,8731721798.698084
NA,PP2015adjATP,1/x,PPP,PPP_1/x,pp2015_atp_ppp_pf1,2020,-2.250792100862289,8479296128.698083
NA,PP1990adjATP,1/asinh(x),MER,MER_1/asinh(x),pp1990_atp_mer_pf3,1991,31.970859209016826,14544678380.698086
NA,PP1990adjATP,1/asinh(x),MER,MER_1/asinh(x),pp1990_atp_mer_pf3,1992,29.97774473989924,14385403885.698086
NA,PP1990adjATP,1/asinh(x),MER,MER_1/asinh(x),pp1990_atp_mer_pf3,1993,28.429449925705082,14222767753.698086
NA,PP1990adjATP,1/asinh(x),MER,MER_1/asinh(x),pp1990_atp_mer_pf3,1994,26.961045359598693,14055533324.698086
NA,PP1990adjATP,1/asinh(x),MER,MER_1/asinh(x),pp1990_atp_mer_pf3,1995,25.592962635912325,13884069396.698086
NA,PP1990adjATP,1/asinh(x),MER,MER_1/asinh(x),pp1990_atp_mer_pf3,1996,24.26658851294229,13708941274.698086
NA,PP1990adjATP,1/asinh(x),MER,MER_1/asinh(x),pp1990_atp_mer_pf3,1997,22.964077695992618,13530486953.698086
NA,PP1990adjATP,1/asinh(x),MER,MER_1/asinh(x),pp1990_atp_mer_pf3,1998,21.604194835636886,13348668780.698084
NA,PP1990adjATP,1/asinh(x),MER,MER_1/asinh(x),pp1990_atp_mer_pf3,1999,20.156621577268833,13163531792.698084
NA,PP1990adjATP,1/asinh(x),MER,MER_1/asinh(x),pp1990_atp_mer_pf3,2000,18.69409616354656,12975191346.698084
NA,PP1990adjATP,1/asinh(x),MER,MER_1/asinh(x),pp1990_atp_mer_pf3,2001,17.193859531155322,12783964926.698084
NA,PP1990adjATP,1/asinh(x),MER,MER_1/asinh(x),pp1990_atp_mer_pf3,2002,15.71217201684324,12589902964.698084
NA,PP1990adjATP,1/asinh(x),MER,MER_1/asinh(x),pp1990_atp_mer_pf3,2003,14.208416702406637,12391862972.698084
NA,PP1990adjATP,1/asinh(x),MER,MER_1/asinh(x),pp1990_atp_mer_pf3,2004,12.676411391735897,12189535166.698084
NA,PP1990adjATP,1/asinh(x),MER,MER_1/asinh(x),pp1990_atp_mer_pf3,2005,11.088682044371158,11983587452.698084
NA,PP1990adjATP,1/asinh(x),MER,MER_1/asinh(x),pp1990_atp_mer_pf3,2006,9.459623027833935,11773968392.698084
NA,PP1990adjATP,1/asinh(x),MER,MER_1/asinh(x),pp1990_atp_mer_pf3,2007,7.778840295276737,11560110247.698084
NA,PP1990adjATP,1/asinh(x),MER,MER_1/asinh(x),pp1990_atp_mer_pf3,2008,6.069486681973665,11342113432.698086
NA,PP1990adjATP,1/asinh(x),MER,MER_1/asinh(x),pp1990_atp_mer_pf3,2009,4.347925163501298,11120403595.698086
NA,PP1990adjATP,1/asinh(x),MER,MER_1/asinh(x),pp1990_atp_mer_pf3,2010,2.70645164800246,10895052924.698086
NA,PP1990adjATP,1/asinh(x),MER,MER_1/asinh(x),pp1990_atp_mer_pf3,2011,0.9592929318343408,10665996783.698086
NA,PP1990adjATP,1/asinh(x),MER,MER_1/asinh(x),pp1990_atp_mer_pf3,2012,-0.7268435146553998,10433083224.698086
NA,PP1990adjATP,1/asinh(x),MER,MER_1/asinh(x),pp1990_atp_mer_pf3,2013,-2.4095060744523025,10196681623.698084
NA,PP1990adjATP,1/asinh(x),MER,MER_1/asinh(x),pp1990_atp_mer_pf3,2014,-4.127743532000643,9957849458.698084
NA,PP1990adjATP,1/asinh(x),MER,MER_1/asinh(x),pp1990_atp_mer_pf3,2015,-5.862688838621061,9717110138.698082
NA,PP1990adjATP,1/asinh(x),MER,MER_1/asinh(x),pp1990_atp_mer_pf3,2016,-7.6087229144868544,9474212564.698082
NA,PP1990adjATP,1/asinh(x),MER,MER_1/asinh(x),pp1990_atp_mer_pf3,2017,-9.368562068034457,9228867000.698082
NA,PP1990adjATP,1/asinh(x),MER,MER_1/asinh(x),pp1990_atp_mer_pf3,2018,-11.200395230306277,8981354018.698086
NA,PP1990adjATP,1/asinh(x),MER,MER_1/asinh(x),pp1990_atp_mer_pf3,2019,-13.03909299089647,8731721798.698084
NA,PP1990adjATP,1/asinh(x),MER,MER_1/asinh(x),pp1990_atp_mer_pf3,2020,-14.861725672478272,8479296128.698083
NA,PP1990adjATP,1/sqrt(x),MER,MER_1/sqrt(x),pp1990_atp_mer_pf2,1991,18.69924852041931,14544678380.698086
NA,PP1990adjATP,1/sqrt(x),MER,MER_1/sqrt(x),pp1990_atp_mer_pf2,1992,16.225637703080704,14385403885.698086
NA,PP1990adjATP,1/sqrt(x),MER,MER_1/sqrt(x),pp1990_atp_mer_pf2,1993,14.11969726391688,14222767753.698086
NA,PP1990adjATP,1/sqrt(x),MER,MER_1/sqrt(x),pp1990_atp_mer_pf2,1994,12.266629034588433,14055533324.698086
NA,PP1990adjATP,1/sqrt(x),MER,MER_1/sqrt(x),pp1990_atp_mer_pf2,1995,10.653286235662364,13884069396.698086
NA,PP1990adjATP,1/sqrt(x),MER,MER_1/sqrt(x),pp1990_atp_mer_pf2,1996,9.16047570463547,13708941274.698086
NA,PP1990adjATP,1/sqrt(x),MER,MER_1/sqrt(x),pp1990_atp_mer_pf2,1997,7.783358702302817,13530486953.698086
NA,PP1990adjATP,1/sqrt(x),MER,MER_1/sqrt(x),pp1990_atp_mer_pf2,1998,6.362489879742434,13348668780.698084
NA,PP1990adjATP,1/sqrt(x),MER,MER_1/sqrt(x),pp1990_atp_mer_pf2,1999,4.882117273791888,13163531792.698084
NA,PP1990adjATP,1/sqrt(x),MER,MER_1/sqrt(x),pp1990_atp_mer_pf2,2000,3.3895747713541553,12975191346.698084
NA,PP1990adjATP,1/sqrt(x),MER,MER_1/sqrt(x),pp1990_atp_mer_pf2,2001,1.872469790207198,12783964926.698084
NA,PP1990adjATP,1/sqrt(x),MER,MER_1/sqrt(x),pp1990_atp_mer_pf2,2002,0.3809468521401129,12589902964.698084
NA,PP1990adjATP,1/sqrt(x),MER,MER_1/sqrt(x),pp1990_atp_mer_pf2,2003,-1.102473246506129,12391862972.698084
NA,PP1990adjATP,1/sqrt(x),MER,MER_1/sqrt(x),pp1990_atp_mer_pf2,2004,-2.5824078461523357,12189535166.698084
NA,PP1990adjATP,1/sqrt(x),MER,MER_1/sqrt(x),pp1990_atp_mer_pf2,2005,-4.116440631186723,11983587452.698084
NA,PP1990adjATP,1/sqrt(x),MER,MER_1/sqrt(x),pp1990_atp_mer_pf2,2006,-5.683027398951122,11773968392.698084
NA,PP1990adjATP,1/sqrt(x),MER,MER_1/sqrt(x),pp1990_atp_mer_pf2,2007,-7.278676403862011,11560110247.698084
NA,PP1990adjATP,1/sqrt(x),MER,MER_1/sqrt(x),pp1990_atp_mer_pf2,2008,-8.866067807465182,11342113432.698086
NA,PP1990adjATP,1/sqrt(x),MER,MER_1/sqrt(x),pp1990_atp_mer_pf2,2009,-10.468686720941921,11120403595.698086
NA,PP1990adjATP,1/sqrt(x),MER,MER_1/sqrt(x),pp1990_atp_mer_pf2,2010,-11.964725591348788,10895052924.698086
NA,PP1990adjATP,1/sqrt(x),MER,MER_1/sqrt(x),pp1990_atp_mer_pf2,2011,-13.545544514743355,10665996783.698086
NA,PP1990adjATP,1/sqrt(x),MER,MER_1/sqrt(x),pp1990_atp_mer_pf2,2012,-14.971961839880954,10433083224.698086
NA,PP1990adjATP,1/sqrt(x),MER,MER_1/sqrt(x),pp1990_atp_mer_pf2,2013,-16.41026294744807,10196681623.698084
NA,PP1990adjATP,1/sqrt(x),MER,MER_1/sqrt(x),pp1990_atp_mer_pf2,2014,-17.89399906818715,9957849458.698084
NA,PP1990adjATP,1/sqrt(x),MER,MER_1/sqrt(x),pp1990_atp_mer_pf2,2015,-19.423541303215202,9717110138.698082
NA,PP1990adjATP,1/sqrt(x),MER,MER_1/sqrt(x),pp1990_atp_mer_pf2,2016,-20.936457095429116,9474212564.698082
NA,PP1990adjATP,1/sqrt(x),MER,MER_1/sqrt(x),pp1990_atp_mer_pf2,2017,-22.468540462492268,9228867000.698082
NA,PP1990adjATP,1/sqrt(x),MER,MER_1/sqrt(x),pp1990_atp_mer_pf2,2018,-24.077970290635356,8981354018.698086
NA,PP1990adjATP,1/sqrt(x),MER,MER_1/sqrt(x),pp1990_atp_mer_pf2,2019,-25.71236727839182,8731721798.698084
NA,PP1990adjATP,1/sqrt(x),MER,MER_1/sqrt(x),pp1990_atp_mer_pf2,2020,-27.33923194782341,8479296128.698083
NA,PP1990adjATP,1/x,MER,MER_1/x,pp1990_atp_mer_pf1,1991,6.754647031607071,14544678380.698086
NA,PP1990adjATP,1/x,MER,MER_1/x,pp1990_atp_mer_pf1,1992,4.498286115862459,14385403885.698086
NA,PP1990adjATP,1/x,MER,MER_1/x,pp1990_atp_mer_pf1,1993,2.6222504048295594,14222767753.698086
NA,PP1990adjATP,1/x,MER,MER_1/x,pp1990_atp_mer_pf1,1994,0.9676919774307233,14055533324.698086
NA,PP1990adjATP,1/x,MER,MER_1/x,pp1990_atp_mer_pf1,1995,-0.5086395827337986,13884069396.698086
NA,PP1990adjATP,1/x,MER,MER_1/x,pp1990_atp_mer_pf1,1996,-1.91859309972663,13708941274.698086
NA,PP1990adjATP,1/x,MER,MER_1/x,pp1990_atp_mer_pf1,1997,-3.266194866815688,13530486953.698086
NA,PP1990adjATP,1/x,MER,MER_1/x,pp1990_atp_mer_pf1,1998,-4.669018506697557,13348668780.698084
NA,PP1990adjATP,1/x,MER,MER_1/x,pp1990_atp_mer_pf1,1999,-6.140430099612682,13163531792.698084
NA,PP1990adjATP,1/x,MER,MER_1/x,pp1990_atp_mer_pf1,2000,-7.626051037665623,12975191346.698084
NA,PP1990adjATP,1/x,MER,MER_1/x,pp1990_atp_mer_pf1,2001,-9.134204298949525,12783964926.698084
NA,PP1990adjATP,1/x,MER,MER_1/x,pp1990_atp_mer_pf1,2002,-10.633915250962445,12589902964.698084
NA,PP1990adjATP,1/x,MER,MER_1/x,pp1990_atp_mer_pf1,2003,-12.14518646016976,12391862972.698084
NA,PP1990adjATP,1/x,MER,MER_1/x,pp1990_atp_mer_pf1,2004,-13.673260537793626,12189535166.698084
NA,PP1990adjATP,1/x,MER,MER_1/x,pp1990_atp_mer_pf1,2005,-15.261851336324298,11983587452.698084
NA,PP1990adjATP,1/x,MER,MER_1/x,pp1990_atp_mer_pf1,2006,-16.89149351536052,11773968392.698084
NA,PP1990adjATP,1/x,MER,MER_1/x,pp1990_atp_mer_pf1,2007,-18.566609434458467,11560110247.698084
NA,PP1990adjATP,1/x,MER,MER_1/x,pp1990_atp_mer_pf1,2008,-20.253733289836067,11342113432.698086
NA,PP1990adjATP,1/x,MER,MER_1/x,pp1990_atp_mer_pf1,2009,-21.951395625028177,11120403595.698086
NA,PP1990adjATP,1/x,MER,MER_1/x,pp1990_atp_mer_pf1,2010,-23.52837526813342,10895052924.698086
NA,PP1990adjATP,1/x,MER,MER_1/x,pp1990_atp_mer_pf1,2011,-25.207381224548193,10665996783.698086
NA,PP1990adjATP,1/x,MER,MER_1/x,pp1990_atp_mer_pf1,2012,-26.768619673997662,10433083224.698086
NA,PP1990adjATP,1/x,MER,MER_1/x,pp1990_atp_mer_pf1,2013,-28.32087766358454,10196681623.698084
NA,PP1990adjATP,1/x,MER,MER_1/x,pp1990_atp_mer_pf1,2014,-29.90562438755638,9957849458.698084
NA,PP1990adjATP,1/x,MER,MER_1/x,pp1990_atp_mer_pf1,2015,-31.511911123556114,9717110138.698082
NA,PP1990adjATP,1/x,MER,MER_1/x,pp1990_atp_mer_pf1,2016,-33.08959086037466,9474212564.698082
NA,PP1990adjATP,1/x,MER,MER_1/x,pp1990_atp_mer_pf1,2017,-34.6720867219407,9228867000.698082
NA,PP1990adjATP,1/x,MER,MER_1/x,pp1990_atp_mer_pf1,2018,-36.32655390636862,8981354018.698086
NA,PP1990adjATP,1/x,MER,MER_1/x,pp1990_atp_mer_pf1,2019,-37.997869840236746,8731721798.698084
NA,PP1990adjATP,1/x,MER,MER_1/x,pp1990_atp_mer_pf1,2020,-39.65306617634505,8479296128.698083
NA,PP1990adjATP,1/asinh(x),PPP,PPP_1/asinh(x),pp1990_atp_ppp_pf3,1991,33.93041193880515,14544678380.698086
NA,PP1990adjATP,1/asinh(x),PPP,PPP_1/asinh(x),pp1990_atp_ppp_pf3,1992,32.24346298704255,14385403885.698086
NA,PP1990adjATP,1/asinh(x),PPP,PPP_1/asinh(x),pp1990_atp_ppp_pf3,1993,31.06731255647483,14222767753.698086
NA,PP1990adjATP,1/asinh(x),PPP,PPP_1/asinh(x),pp1990_atp_ppp_pf3,1994,29.898355680294856,14055533324.698086
NA,PP1990adjATP,1/asinh(x),PPP,PPP_1/asinh(x),pp1990_atp_ppp_pf3,1995,28.725711675554162,13884069396.698086
NA,PP1990adjATP,1/asinh(x),PPP,PPP_1/asinh(x),pp1990_atp_ppp_pf3,1996,27.509637320455134,13708941274.698086
NA,PP1990adjATP,1/asinh(x),PPP,PPP_1/asinh(x),pp1990_atp_ppp_pf3,1997,26.257754956358767,13530486953.698086
NA,PP1990adjATP,1/asinh(x),PPP,PPP_1/asinh(x),pp1990_atp_ppp_pf3,1998,24.93960618272758,13348668780.698084
NA,PP1990adjATP,1/asinh(x),PPP,PPP_1/asinh(x),pp1990_atp_ppp_pf3,1999,23.534801733289065,13163531792.698084
NA,PP1990adjATP,1/asinh(x),PPP,PPP_1/asinh(x),pp1990_atp_ppp_pf3,2000,22.12317204670399,12975191346.698084
NA,PP1990adjATP,1/asinh(x),PPP,PPP_1/asinh(x),pp1990_atp_ppp_pf3,2001,20.652833877134782,12783964926.698084
NA,PP1990adjATP,1/asinh(x),PPP,PPP_1/asinh(x),pp1990_atp_ppp_pf3,2002,19.204979741484358,12589902964.698084
NA,PP1990adjATP,1/asinh(x),PPP,PPP_1/asinh(x),pp1990_atp_ppp_pf3,2003,17.719084482100136,12391862972.698084
NA,PP1990adjATP,1/asinh(x),PPP,PPP_1/asinh(x),pp1990_atp_ppp_pf3,2004,16.18264365218655,12189535166.698084
NA,PP1990adjATP,1/asinh(x),PPP,PPP_1/asinh(x),pp1990_atp_ppp_pf3,2005,14.567212163887543,11983587452.698084
NA,PP1990adjATP,1/asinh(x),PPP,PPP_1/asinh(x),pp1990_atp_ppp_pf3,2006,12.896282884776696,11773968392.698084
NA,PP1990adjATP,1/asinh(x),PPP,PPP_1/asinh(x),pp1990_atp_ppp_pf3,2007,11.152986269556507,11560110247.698084
NA,PP1990adjATP,1/asinh(x),PPP,PPP_1/asinh(x),pp1990_atp_ppp_pf3,2008,9.345422820892956,11342113432.698086
NA,PP1990adjATP,1/asinh(x),PPP,PPP_1/asinh(x),pp1990_atp_ppp_pf3,2009,7.528674506142611,11120403595.698086
NA,PP1990adjATP,1/asinh(x),PPP,PPP_1/asinh(x),pp1990_atp_ppp_pf3,2010,5.808861565214233,10895052924.698086
NA,PP1990adjATP,1/asinh(x),PPP,PPP_1/asinh(x),pp1990_atp_ppp_pf3,2011,3.9647394861636727,10665996783.698086
NA,PP1990adjATP,1/asinh(x),PPP,PPP_1/asinh(x),pp1990_atp_ppp_pf3,2012,2.1266244953239237,10433083224.698086
NA,PP1990adjATP,1/asinh(x),PPP,PPP_1/asinh(x),pp1990_atp_ppp_pf3,2013,0.320331554968341,10196681623.698084
NA,PP1990adjATP,1/asinh(x),PPP,PPP_1/asinh(x),pp1990_atp_ppp_pf3,2014,-1.5107748352886645,9957849458.698084
NA,PP1990adjATP,1/asinh(x),PPP,PPP_1/asinh(x),pp1990_atp_ppp_pf3,2015,-3.3355323703041506,9717110138.698082
NA,PP1990adjATP,1/asinh(x),PPP,PPP_1/asinh(x),pp1990_atp_ppp_pf3,2016,-5.174878747741666,9474212564.698082
NA,PP1990adjATP,1/asinh(x),PPP,PPP_1/asinh(x),pp1990_atp_ppp_pf3,2017,-7.015158412940728,9228867000.698082
NA,PP1990adjATP,1/asinh(x),PPP,PPP_1/asinh(x),pp1990_atp_ppp_pf3,2018,-8.924420563375286,8981354018.698086
NA,PP1990adjATP,1/asinh(x),PPP,PPP_1/asinh(x),pp1990_atp_ppp_pf3,2019,-10.824767662209446,8731721798.698084
NA,PP1990adjATP,1/asinh(x),PPP,PPP_1/asinh(x),pp1990_atp_ppp_pf3,2020,-12.700205380817252,8479296128.698083
NA,PP1990adjATP,1/sqrt(x),PPP,PPP_1/sqrt(x),pp1990_atp_ppp_pf2,1991,23.265336928439428,14544678380.698086
NA,PP1990adjATP,1/sqrt(x),PPP,PPP_1/sqrt(x),pp1990_atp_ppp_pf2,1992,21.50095740838035,14385403885.698086
NA,PP1990adjATP,1/sqrt(x),PPP,PPP_1/sqrt(x),pp1990_atp_ppp_pf2,1993,20.2954764796034,14222767753.698086
NA,PP1990adjATP,1/sqrt(x),PPP,PPP_1/sqrt(x),pp1990_atp_ppp_pf2,1994,19.173181340707327,14055533324.698086
NA,PP1990adjATP,1/sqrt(x),PPP,PPP_1/sqrt(x),pp1990_atp_ppp_pf2,1995,18.06939216329061,13884069396.698086
NA,PP1990adjATP,1/sqrt(x),PPP,PPP_1/sqrt(x),pp1990_atp_ppp_pf2,1996,16.91952704977826,13708941274.698086
NA,PP1990adjATP,1/sqrt(x),PPP,PPP_1/sqrt(x),pp1990_atp_ppp_pf2,1997,15.756257380558342,13530486953.698086
NA,PP1990adjATP,1/sqrt(x),PPP,PPP_1/sqrt(x),pp1990_atp_ppp_pf2,1998,14.507687319315178,13348668780.698084
NA,PP1990adjATP,1/sqrt(x),PPP,PPP_1/sqrt(x),pp1990_atp_ppp_pf2,1999,13.188271877161771,13163531792.698084
NA,PP1990adjATP,1/sqrt(x),PPP,PPP_1/sqrt(x),pp1990_atp_ppp_pf2,2000,11.880028037468431,12975191346.698084
NA,PP1990adjATP,1/sqrt(x),PPP,PPP_1/sqrt(x),pp1990_atp_ppp_pf2,2001,10.487248856479603,12783964926.698084
NA,PP1990adjATP,1/sqrt(x),PPP,PPP_1/sqrt(x),pp1990_atp_ppp_pf2,2002,9.13342070437303,12589902964.698084
NA,PP1990adjATP,1/sqrt(x),PPP,PPP_1/sqrt(x),pp1990_atp_ppp_pf2,2003,7.762740557201031,12391862972.698084
NA,PP1990adjATP,1/sqrt(x),PPP,PPP_1/sqrt(x),pp1990_atp_ppp_pf2,2004,6.368187084824928,12189535166.698084
NA,PP1990adjATP,1/sqrt(x),PPP,PPP_1/sqrt(x),pp1990_atp_ppp_pf2,2005,4.870146506995976,11983587452.698084
NA,PP1990adjATP,1/sqrt(x),PPP,PPP_1/sqrt(x),pp1990_atp_ppp_pf2,2006,3.3194263671583,11773968392.698084
NA,PP1990adjATP,1/sqrt(x),PPP,PPP_1/sqrt(x),pp1990_atp_ppp_pf2,2007,1.7015046855065314,11560110247.698084
NA,PP1990adjATP,1/sqrt(x),PPP,PPP_1/sqrt(x),pp1990_atp_ppp_pf2,2008,0.018860054187296527,11342113432.698086
NA,PP1990adjATP,1/sqrt(x),PPP,PPP_1/sqrt(x),pp1990_atp_ppp_pf2,2009,-1.6634661122497398,11120403595.698086
NA,PP1990adjATP,1/sqrt(x),PPP,PPP_1/sqrt(x),pp1990_atp_ppp_pf2,2010,-3.2134055892186524,10895052924.698086
NA,PP1990adjATP,1/sqrt(x),PPP,PPP_1/sqrt(x),pp1990_atp_ppp_pf2,2011,-4.888464825319627,10665996783.698086
NA,PP1990adjATP,1/sqrt(x),PPP,PPP_1/sqrt(x),pp1990_atp_ppp_pf2,2012,-6.552797535123727,10433083224.698086
NA,PP1990adjATP,1/sqrt(x),PPP,PPP_1/sqrt(x),pp1990_atp_ppp_pf2,2013,-8.170833936320651,10196681623.698084
NA,PP1990adjATP,1/sqrt(x),PPP,PPP_1/sqrt(x),pp1990_atp_ppp_pf2,2014,-9.826961517450968,9957849458.698084
NA,PP1990adjATP,1/sqrt(x),PPP,PPP_1/sqrt(x),pp1990_atp_ppp_pf2,2015,-11.481728907389812,9717110138.698082
NA,PP1990adjATP,1/sqrt(x),PPP,PPP_1/sqrt(x),pp1990_atp_ppp_pf2,2016,-13.156615371351759,9474212564.698082
NA,PP1990adjATP,1/sqrt(x),PPP,PPP_1/sqrt(x),pp1990_atp_ppp_pf2,2017,-14.824968387338824,9228867000.698082
NA,PP1990adjATP,1/sqrt(x),PPP,PPP_1/sqrt(x),pp1990_atp_ppp_pf2,2018,-16.567836881147578,8981354018.698086
NA,PP1990adjATP,1/sqrt(x),PPP,PPP_1/sqrt(x),pp1990_atp_ppp_pf2,2019,-18.29037254329405,8731721798.698084
NA,PP1990adjATP,1/sqrt(x),PPP,PPP_1/sqrt(x),pp1990_atp_ppp_pf2,2020,-19.986957984517552,8479296128.698083
NA,PP1990adjATP,1/x,PPP,PPP_1/x,pp1990_atp_ppp_pf1,1991,11.636990391616344,14544678380.698086
NA,PP1990adjATP,1/x,PPP,PPP_1/x,pp1990_atp_ppp_pf1,1992,9.864631720325795,14385403885.698086
NA,PP1990adjATP,1/x,PPP,PPP_1/x,pp1990_atp_ppp_pf1,1993,8.651163081613623,14222767753.698086
NA,PP1990adjATP,1/x,PPP,PPP_1/x,pp1990_atp_ppp_pf1,1994,7.5462993825851825,14055533324.698086
NA,PP1990adjATP,1/x,PPP,PPP_1/x,pp1990_atp_ppp_pf1,1995,6.4553246885911815,13884069396.698086
NA,PP1990adjATP,1/x,PPP,PPP_1/x,pp1990_atp_ppp_pf1,1996,5.317772403147194,13708941274.698086
NA,PP1990adjATP,1/x,PPP,PPP_1/x,pp1990_atp_ppp_pf1,1997,4.171223229101374,13530486953.698086
NA,PP1990adjATP,1/x,PPP,PPP_1/x,pp1990_atp_ppp_pf1,1998,2.9311084560875926,13348668780.698084
NA,PP1990adjATP,1/x,PPP,PPP_1/x,pp1990_atp_ppp_pf1,1999,1.6215597519679328,13163531792.698084
NA,PP1990adjATP,1/x,PPP,PPP_1/x,pp1990_atp_ppp_pf1,2000,0.326387337080261,12975191346.698084
NA,PP1990adjATP,1/x,PPP,PPP_1/x,pp1990_atp_ppp_pf1,2001,-1.0641518608300817,12783964926.698084
NA,PP1990adjATP,1/x,PPP,PPP_1/x,pp1990_atp_ppp_pf1,2002,-2.4099140191278856,12589902964.698084
NA,PP1990adjATP,1/x,PPP,PPP_1/x,pp1990_atp_ppp_pf1,2003,-3.7717571891292128,12391862972.698084
NA,PP1990adjATP,1/x,PPP,PPP_1/x,pp1990_atp_ppp_pf1,2004,-5.156244822483977,12189535166.698084
NA,PP1990adjATP,1/x,PPP,PPP_1/x,pp1990_atp_ppp_pf1,2005,-6.645787228240174,11983587452.698084
NA,PP1990adjATP,1/x,PPP,PPP_1/x,pp1990_atp_ppp_pf1,2006,-8.185021060455314,11773968392.698084
NA,PP1990adjATP,1/x,PPP,PPP_1/x,pp1990_atp_ppp_pf1,2007,-9.792408658087382,11560110247.698084
NA,PP1990adjATP,1/x,PPP,PPP_1/x,pp1990_atp_ppp_pf1,2008,-11.46560560031758,11342113432.698086
NA,PP1990adjATP,1/x,PPP,PPP_1/x,pp1990_atp_ppp_pf1,2009,-13.1355622629844,11120403595.698086
NA,PP1990adjATP,1/x,PPP,PPP_1/x,pp1990_atp_ppp_pf1,2010,-14.66012314858378,10895052924.698086
NA,PP1990adjATP,1/x,PPP,PPP_1/x,pp1990_atp_ppp_pf1,2011,-16.30782714250521,10665996783.698086
NA,PP1990adjATP,1/x,PPP,PPP_1/x,pp1990_atp_ppp_pf1,2012,-17.941927780084313,10433083224.698086
NA,PP1990adjATP,1/x,PPP,PPP_1/x,pp1990_atp_ppp_pf1,2013,-19.527401476205053,10196681623.698084
NA,PP1990adjATP,1/x,PPP,PPP_1/x,pp1990_atp_ppp_pf1,2014,-21.14844444794054,9957849458.698084
NA,PP1990adjATP,1/x,PPP,PPP_1/x,pp1990_atp_ppp_pf1,2015,-22.75228290538003,9717110138.698082
NA,PP1990adjATP,1/x,PPP,PPP_1/x,pp1990_atp_ppp_pf1,2016,-24.36542507781432,9474212564.698082
NA,PP1990adjATP,1/x,PPP,PPP_1/x,pp1990_atp_ppp_pf1,2017,-25.96119449411416,9228867000.698082
NA,PP1990adjATP,1/x,PPP,PPP_1/x,pp1990_atp_ppp_pf1,2018,-27.63171701992147,8981354018.698086
NA,PP1990adjATP,1/x,PPP,PPP_1/x,pp1990_atp_ppp_pf1,2019,-29.278880288837588,8731721798.698084
NA,PP1990adjATP,1/x,PPP,PPP_1/x,pp1990_atp_ppp_pf1,2020,-30.89417041356071,8479296128.698083
NA,PP1850adjATP,1/asinh(x),MER,MER_1/asinh(x),pp1850_atp_mer_pf3,1991,19.706874591255602,14544678380.698086
NA,PP1850adjATP,1/asinh(x),MER,MER_1/asinh(x),pp1850_atp_mer_pf3,1992,17.71376012213801,14385403885.698086
NA,PP1850adjATP,1/asinh(x),MER,MER_1/asinh(x),pp1850_atp_mer_pf3,1993,16.16546530794385,14222767753.698086
NA,PP1850adjATP,1/asinh(x),MER,MER_1/asinh(x),pp1850_atp_mer_pf3,1994,14.697060741837475,14055533324.698086
NA,PP1850adjATP,1/asinh(x),MER,MER_1/asinh(x),pp1850_atp_mer_pf3,1995,13.328978018151094,13884069396.698086
NA,PP1850adjATP,1/asinh(x),MER,MER_1/asinh(x),pp1850_atp_mer_pf3,1996,12.00260389518106,13708941274.698086
NA,PP1850adjATP,1/asinh(x),MER,MER_1/asinh(x),pp1850_atp_mer_pf3,1997,10.700093078231397,13530486953.698086
NA,PP1850adjATP,1/asinh(x),MER,MER_1/asinh(x),pp1850_atp_mer_pf3,1998,9.340210217875665,13348668780.698084
NA,PP1850adjATP,1/asinh(x),MER,MER_1/asinh(x),pp1850_atp_mer_pf3,1999,7.892636959507605,13163531792.698084
NA,PP1850adjATP,1/asinh(x),MER,MER_1/asinh(x),pp1850_atp_mer_pf3,2000,6.430111545785341,12975191346.698084
NA,PP1850adjATP,1/asinh(x),MER,MER_1/asinh(x),pp1850_atp_mer_pf3,2001,4.9298749133940944,12783964926.698084
NA,PP1850adjATP,1/asinh(x),MER,MER_1/asinh(x),pp1850_atp_mer_pf3,2002,3.448187399082016,12589902964.698084
NA,PP1850adjATP,1/asinh(x),MER,MER_1/asinh(x),pp1850_atp_mer_pf3,2003,1.9444320846454133,12391862972.698084
NA,PP1850adjATP,1/asinh(x),MER,MER_1/asinh(x),pp1850_atp_mer_pf3,2004,0.41242677397466565,12189535166.698084
NA,PP1850adjATP,1/asinh(x),MER,MER_1/asinh(x),pp1850_atp_mer_pf3,2005,-1.1753025733900664,11983587452.698084
NA,PP1850adjATP,1/asinh(x),MER,MER_1/asinh(x),pp1850_atp_mer_pf3,2006,-2.8043615899272893,11773968392.698084
NA,PP1850adjATP,1/asinh(x),MER,MER_1/asinh(x),pp1850_atp_mer_pf3,2007,-4.485144322484487,11560110247.698084
NA,PP1850adjATP,1/asinh(x),MER,MER_1/asinh(x),pp1850_atp_mer_pf3,2008,-6.194497935787567,11342113432.698086
NA,PP1850adjATP,1/asinh(x),MER,MER_1/asinh(x),pp1850_atp_mer_pf3,2009,-7.916059454259926,11120403595.698086
NA,PP1850adjATP,1/asinh(x),MER,MER_1/asinh(x),pp1850_atp_mer_pf3,2010,-9.557532969758757,10895052924.698086
NA,PP1850adjATP,1/asinh(x),MER,MER_1/asinh(x),pp1850_atp_mer_pf3,2011,-11.304691685926883,10665996783.698086
NA,PP1850adjATP,1/asinh(x),MER,MER_1/asinh(x),pp1850_atp_mer_pf3,2012,-12.990828132416624,10433083224.698086
NA,PP1850adjATP,1/asinh(x),MER,MER_1/asinh(x),pp1850_atp_mer_pf3,2013,-14.673490692213527,10196681623.698084
NA,PP1850adjATP,1/asinh(x),MER,MER_1/asinh(x),pp1850_atp_mer_pf3,2014,-16.39172814976186,9957849458.698084
NA,PP1850adjATP,1/asinh(x),MER,MER_1/asinh(x),pp1850_atp_mer_pf3,2015,-18.126673456382285,9717110138.698082
NA,PP1850adjATP,1/asinh(x),MER,MER_1/asinh(x),pp1850_atp_mer_pf3,2016,-19.87270753224808,9474212564.698082
NA,PP1850adjATP,1/asinh(x),MER,MER_1/asinh(x),pp1850_atp_mer_pf3,2017,-21.63254668579568,9228867000.698082
NA,PP1850adjATP,1/asinh(x),MER,MER_1/asinh(x),pp1850_atp_mer_pf3,2018,-23.464379848067495,8981354018.698086
NA,PP1850adjATP,1/asinh(x),MER,MER_1/asinh(x),pp1850_atp_mer_pf3,2019,-25.303077608657688,8731721798.698084
NA,PP1850adjATP,1/asinh(x),MER,MER_1/asinh(x),pp1850_atp_mer_pf3,2020,-27.125710290239496,8479296128.698083
NA,PP1850adjATP,1/sqrt(x),MER,MER_1/sqrt(x),pp1850_atp_mer_pf2,1991,6.4352639026580825,14544678380.698086
NA,PP1850adjATP,1/sqrt(x),MER,MER_1/sqrt(x),pp1850_atp_mer_pf2,1992,3.9616530853194796,14385403885.698086
NA,PP1850adjATP,1/sqrt(x),MER,MER_1/sqrt(x),pp1850_atp_mer_pf2,1993,1.8557126461556557,14222767753.698086
NA,PP1850adjATP,1/sqrt(x),MER,MER_1/sqrt(x),pp1850_atp_mer_pf2,1994,0.0026444168272021784,14055533324.698086
NA,PP1850adjATP,1/sqrt(x),MER,MER_1/sqrt(x),pp1850_atp_mer_pf2,1995,-1.6106983820988638,13884069396.698086
NA,PP1850adjATP,1/sqrt(x),MER,MER_1/sqrt(x),pp1850_atp_mer_pf2,1996,-3.103508913125758,13708941274.698086
NA,PP1850adjATP,1/sqrt(x),MER,MER_1/sqrt(x),pp1850_atp_mer_pf2,1997,-4.480625915458411,13530486953.698086
NA,PP1850adjATP,1/sqrt(x),MER,MER_1/sqrt(x),pp1850_atp_mer_pf2,1998,-5.9014947380187905,13348668780.698084
NA,PP1850adjATP,1/sqrt(x),MER,MER_1/sqrt(x),pp1850_atp_mer_pf2,1999,-7.38186734396934,13163531792.698084
NA,PP1850adjATP,1/sqrt(x),MER,MER_1/sqrt(x),pp1850_atp_mer_pf2,2000,-8.874409846407072,12975191346.698084
NA,PP1850adjATP,1/sqrt(x),MER,MER_1/sqrt(x),pp1850_atp_mer_pf2,2001,-10.391514827554026,12783964926.698084
NA,PP1850adjATP,1/sqrt(x),MER,MER_1/sqrt(x),pp1850_atp_mer_pf2,2002,-11.883037765621111,12589902964.698084
NA,PP1850adjATP,1/sqrt(x),MER,MER_1/sqrt(x),pp1850_atp_mer_pf2,2003,-13.366457864267353,12391862972.698084
NA,PP1850adjATP,1/sqrt(x),MER,MER_1/sqrt(x),pp1850_atp_mer_pf2,2004,-14.84639246391356,12189535166.698084
NA,PP1850adjATP,1/sqrt(x),MER,MER_1/sqrt(x),pp1850_atp_mer_pf2,2005,-16.380425248947947,11983587452.698084
NA,PP1850adjATP,1/sqrt(x),MER,MER_1/sqrt(x),pp1850_atp_mer_pf2,2006,-17.94701201671235,11773968392.698084
NA,PP1850adjATP,1/sqrt(x),MER,MER_1/sqrt(x),pp1850_atp_mer_pf2,2007,-19.54266102162324,11560110247.698084
NA,PP1850adjATP,1/sqrt(x),MER,MER_1/sqrt(x),pp1850_atp_mer_pf2,2008,-21.13005242522641,11342113432.698086
NA,PP1850adjATP,1/sqrt(x),MER,MER_1/sqrt(x),pp1850_atp_mer_pf2,2009,-22.732671338703145,11120403595.698086
NA,PP1850adjATP,1/sqrt(x),MER,MER_1/sqrt(x),pp1850_atp_mer_pf2,2010,-24.228710209110016,10895052924.698086
NA,PP1850adjATP,1/sqrt(x),MER,MER_1/sqrt(x),pp1850_atp_mer_pf2,2011,-25.80952913250458,10665996783.698086
NA,PP1850adjATP,1/sqrt(x),MER,MER_1/sqrt(x),pp1850_atp_mer_pf2,2012,-27.23594645764218,10433083224.698086
NA,PP1850adjATP,1/sqrt(x),MER,MER_1/sqrt(x),pp1850_atp_mer_pf2,2013,-28.6742475652093,10196681623.698084
NA,PP1850adjATP,1/sqrt(x),MER,MER_1/sqrt(x),pp1850_atp_mer_pf2,2014,-30.157983685948373,9957849458.698084
NA,PP1850adjATP,1/sqrt(x),MER,MER_1/sqrt(x),pp1850_atp_mer_pf2,2015,-31.687525920976427,9717110138.698082
NA,PP1850adjATP,1/sqrt(x),MER,MER_1/sqrt(x),pp1850_atp_mer_pf2,2016,-33.20044171319034,9474212564.698082
NA,PP1850adjATP,1/sqrt(x),MER,MER_1/sqrt(x),pp1850_atp_mer_pf2,2017,-34.732525080253495,9228867000.698082
NA,PP1850adjATP,1/sqrt(x),MER,MER_1/sqrt(x),pp1850_atp_mer_pf2,2018,-36.34195490839659,8981354018.698086
NA,PP1850adjATP,1/sqrt(x),MER,MER_1/sqrt(x),pp1850_atp_mer_pf2,2019,-37.976351896153055,8731721798.698084
NA,PP1850adjATP,1/sqrt(x),MER,MER_1/sqrt(x),pp1850_atp_mer_pf2,2020,-39.60321656558464,8479296128.698083
NA,PP1850adjATP,1/x,MER,MER_1/x,pp1850_atp_mer_pf1,1991,-5.509337586154153,14544678380.698086
NA,PP1850adjATP,1/x,MER,MER_1/x,pp1850_atp_mer_pf1,1992,-7.765698501898765,14385403885.698086
NA,PP1850adjATP,1/x,MER,MER_1/x,pp1850_atp_mer_pf1,1993,-9.641734212931667,14222767753.698086
NA,PP1850adjATP,1/x,MER,MER_1/x,pp1850_atp_mer_pf1,1994,-11.296292640330503,14055533324.698086
NA,PP1850adjATP,1/x,MER,MER_1/x,pp1850_atp_mer_pf1,1995,-12.772624200495024,13884069396.698086
NA,PP1850adjATP,1/x,MER,MER_1/x,pp1850_atp_mer_pf1,1996,-14.182577717487856,13708941274.698086
NA,PP1850adjATP,1/x,MER,MER_1/x,pp1850_atp_mer_pf1,1997,-15.530179484576916,13530486953.698086
NA,PP1850adjATP,1/x,MER,MER_1/x,pp1850_atp_mer_pf1,1998,-16.933003124458786,13348668780.698084
NA,PP1850adjATP,1/x,MER,MER_1/x,pp1850_atp_mer_pf1,1999,-18.40441471737391,13163531792.698084
NA,PP1850adjATP,1/x,MER,MER_1/x,pp1850_atp_mer_pf1,2000,-19.89003565542685,12975191346.698084
NA,PP1850adjATP,1/x,MER,MER_1/x,pp1850_atp_mer_pf1,2001,-21.39818891671075,12783964926.698084
NA,PP1850adjATP,1/x,MER,MER_1/x,pp1850_atp_mer_pf1,2002,-22.897899868723673,12589902964.698084
NA,PP1850adjATP,1/x,MER,MER_1/x,pp1850_atp_mer_pf1,2003,-24.40917107793099,12391862972.698084
NA,PP1850adjATP,1/x,MER,MER_1/x,pp1850_atp_mer_pf1,2004,-25.93724515555485,12189535166.698084
NA,PP1850adjATP,1/x,MER,MER_1/x,pp1850_atp_mer_pf1,2005,-27.525835954085526,11983587452.698084
NA,PP1850adjATP,1/x,MER,MER_1/x,pp1850_atp_mer_pf1,2006,-29.155478133121747,11773968392.698084
NA,PP1850adjATP,1/x,MER,MER_1/x,pp1850_atp_mer_pf1,2007,-30.830594052219695,11560110247.698084
NA,PP1850adjATP,1/x,MER,MER_1/x,pp1850_atp_mer_pf1,2008,-32.517717907597294,11342113432.698086
NA,PP1850adjATP,1/x,MER,MER_1/x,pp1850_atp_mer_pf1,2009,-34.2153802427894,11120403595.698086
NA,PP1850adjATP,1/x,MER,MER_1/x,pp1850_atp_mer_pf1,2010,-35.79235988589465,10895052924.698086
NA,PP1850adjATP,1/x,MER,MER_1/x,pp1850_atp_mer_pf1,2011,-37.471365842309424,10665996783.698086
NA,PP1850adjATP,1/x,MER,MER_1/x,pp1850_atp_mer_pf1,2012,-39.03260429175889,10433083224.698086
NA,PP1850adjATP,1/x,MER,MER_1/x,pp1850_atp_mer_pf1,2013,-40.584862281345764,10196681623.698084
NA,PP1850adjATP,1/x,MER,MER_1/x,pp1850_atp_mer_pf1,2014,-42.169609005317604,9957849458.698084
NA,PP1850adjATP,1/x,MER,MER_1/x,pp1850_atp_mer_pf1,2015,-43.77589574131734,9717110138.698082
NA,PP1850adjATP,1/x,MER,MER_1/x,pp1850_atp_mer_pf1,2016,-45.353575478135895,9474212564.698082
NA,PP1850adjATP,1/x,MER,MER_1/x,pp1850_atp_mer_pf1,2017,-46.93607133970193,9228867000.698082
NA,PP1850adjATP,1/x,MER,MER_1/x,pp1850_atp_mer_pf1,2018,-48.59053852412984,8981354018.698086
NA,PP1850adjATP,1/x,MER,MER_1/x,pp1850_atp_mer_pf1,2019,-50.26185445799798,8731721798.698084
NA,PP1850adjATP,1/x,MER,MER_1/x,pp1850_atp_mer_pf1,2020,-51.917050794106274,8479296128.698083
NA,PP1850adjATP,1/asinh(x),PPP,PPP_1/asinh(x),pp1850_atp_ppp_pf3,1991,21.666427321043923,14544678380.698086
NA,PP1850adjATP,1/asinh(x),PPP,PPP_1/asinh(x),pp1850_atp_ppp_pf3,1992,19.97947836928132,14385403885.698086
NA,PP1850adjATP,1/asinh(x),PPP,PPP_1/asinh(x),pp1850_atp_ppp_pf3,1993,18.803327938713597,14222767753.698086
NA,PP1850adjATP,1/asinh(x),PPP,PPP_1/asinh(x),pp1850_atp_ppp_pf3,1994,17.634371062533624,14055533324.698086
NA,PP1850adjATP,1/asinh(x),PPP,PPP_1/asinh(x),pp1850_atp_ppp_pf3,1995,16.461727057792938,13884069396.698086
NA,PP1850adjATP,1/asinh(x),PPP,PPP_1/asinh(x),pp1850_atp_ppp_pf3,1996,15.24565270269391,13708941274.698086
NA,PP1850adjATP,1/asinh(x),PPP,PPP_1/asinh(x),pp1850_atp_ppp_pf3,1997,13.993770338597542,13530486953.698086
NA,PP1850adjATP,1/asinh(x),PPP,PPP_1/asinh(x),pp1850_atp_ppp_pf3,1998,12.675621564966349,13348668780.698084
NA,PP1850adjATP,1/asinh(x),PPP,PPP_1/asinh(x),pp1850_atp_ppp_pf3,1999,11.27081711552784,13163531792.698084
NA,PP1850adjATP,1/asinh(x),PPP,PPP_1/asinh(x),pp1850_atp_ppp_pf3,2000,9.859187428942764,12975191346.698084
NA,PP1850adjATP,1/asinh(x),PPP,PPP_1/asinh(x),pp1850_atp_ppp_pf3,2001,8.388849259373558,12783964926.698084
NA,PP1850adjATP,1/asinh(x),PPP,PPP_1/asinh(x),pp1850_atp_ppp_pf3,2002,6.940995123723127,12589902964.698084
NA,PP1850adjATP,1/asinh(x),PPP,PPP_1/asinh(x),pp1850_atp_ppp_pf3,2003,5.455099864338912,12391862972.698084
NA,PP1850adjATP,1/asinh(x),PPP,PPP_1/asinh(x),pp1850_atp_ppp_pf3,2004,3.9186590344253247,12189535166.698084
NA,PP1850adjATP,1/asinh(x),PPP,PPP_1/asinh(x),pp1850_atp_ppp_pf3,2005,2.303227546126326,11983587452.698084
NA,PP1850adjATP,1/asinh(x),PPP,PPP_1/asinh(x),pp1850_atp_ppp_pf3,2006,0.6322982670154786,11773968392.698084
NA,PP1850adjATP,1/asinh(x),PPP,PPP_1/asinh(x),pp1850_atp_ppp_pf3,2007,-1.110998348204717,11560110247.698084
NA,PP1850adjATP,1/asinh(x),PPP,PPP_1/asinh(x),pp1850_atp_ppp_pf3,2008,-2.9185617968682678,11342113432.698086
NA,PP1850adjATP,1/asinh(x),PPP,PPP_1/asinh(x),pp1850_atp_ppp_pf3,2009,-4.73531011161862,11120403595.698086
NA,PP1850adjATP,1/asinh(x),PPP,PPP_1/asinh(x),pp1850_atp_ppp_pf3,2010,-6.455123052546998,10895052924.698086
NA,PP1850adjATP,1/asinh(x),PPP,PPP_1/asinh(x),pp1850_atp_ppp_pf3,2011,-8.299245131597552,10665996783.698086
NA,PP1850adjATP,1/asinh(x),PPP,PPP_1/asinh(x),pp1850_atp_ppp_pf3,2012,-10.1373601224373,10433083224.698086
NA,PP1850adjATP,1/asinh(x),PPP,PPP_1/asinh(x),pp1850_atp_ppp_pf3,2013,-11.943653062792883,10196681623.698084
NA,PP1850adjATP,1/asinh(x),PPP,PPP_1/asinh(x),pp1850_atp_ppp_pf3,2014,-13.774759453049889,9957849458.698084
NA,PP1850adjATP,1/asinh(x),PPP,PPP_1/asinh(x),pp1850_atp_ppp_pf3,2015,-15.599516988065368,9717110138.698082
NA,PP1850adjATP,1/asinh(x),PPP,PPP_1/asinh(x),pp1850_atp_ppp_pf3,2016,-17.438863365502883,9474212564.698082
NA,PP1850adjATP,1/asinh(x),PPP,PPP_1/asinh(x),pp1850_atp_ppp_pf3,2017,-19.279143030701952,9228867000.698082
NA,PP1850adjATP,1/asinh(x),PPP,PPP_1/asinh(x),pp1850_atp_ppp_pf3,2018,-21.188405181136517,8981354018.698086
NA,PP1850adjATP,1/asinh(x),PPP,PPP_1/asinh(x),pp1850_atp_ppp_pf3,2019,-23.088752279970677,8731721798.698084
NA,PP1850adjATP,1/asinh(x),PPP,PPP_1/asinh(x),pp1850_atp_ppp_pf3,2020,-24.964189998578476,8479296128.698083
NA,PP1850adjATP,1/sqrt(x),PPP,PPP_1/sqrt(x),pp1850_atp_ppp_pf2,1991,11.001352310678204,14544678380.698086
NA,PP1850adjATP,1/sqrt(x),PPP,PPP_1/sqrt(x),pp1850_atp_ppp_pf2,1992,9.236972790619124,14385403885.698086
NA,PP1850adjATP,1/sqrt(x),PPP,PPP_1/sqrt(x),pp1850_atp_ppp_pf2,1993,8.031491861842174,14222767753.698086
NA,PP1850adjATP,1/sqrt(x),PPP,PPP_1/sqrt(x),pp1850_atp_ppp_pf2,1994,6.909196722946099,14055533324.698086
NA,PP1850adjATP,1/sqrt(x),PPP,PPP_1/sqrt(x),pp1850_atp_ppp_pf2,1995,5.8054075455293805,13884069396.698086
NA,PP1850adjATP,1/sqrt(x),PPP,PPP_1/sqrt(x),pp1850_atp_ppp_pf2,1996,4.655542432017036,13708941274.698086
NA,PP1850adjATP,1/sqrt(x),PPP,PPP_1/sqrt(x),pp1850_atp_ppp_pf2,1997,3.492272762797114,13530486953.698086
NA,PP1850adjATP,1/sqrt(x),PPP,PPP_1/sqrt(x),pp1850_atp_ppp_pf2,1998,2.24370270155395,13348668780.698084
NA,PP1850adjATP,1/sqrt(x),PPP,PPP_1/sqrt(x),pp1850_atp_ppp_pf2,1999,0.9242872594005505,13163531792.698084
NA,PP1850adjATP,1/sqrt(x),PPP,PPP_1/sqrt(x),pp1850_atp_ppp_pf2,2000,-0.3839565802927929,12975191346.698084
NA,PP1850adjATP,1/sqrt(x),PPP,PPP_1/sqrt(x),pp1850_atp_ppp_pf2,2001,-1.7767357612816284,12783964926.698084
NA,PP1850adjATP,1/sqrt(x),PPP,PPP_1/sqrt(x),pp1850_atp_ppp_pf2,2002,-3.130563913388201,12589902964.698084
NA,PP1850adjATP,1/sqrt(x),PPP,PPP_1/sqrt(x),pp1850_atp_ppp_pf2,2003,-4.501244060560197,12391862972.698084
NA,PP1850adjATP,1/sqrt(x),PPP,PPP_1/sqrt(x),pp1850_atp_ppp_pf2,2004,-5.8957975329362995,12189535166.698084
NA,PP1850adjATP,1/sqrt(x),PPP,PPP_1/sqrt(x),pp1850_atp_ppp_pf2,2005,-7.393838110765248,11983587452.698084
NA,PP1850adjATP,1/sqrt(x),PPP,PPP_1/sqrt(x),pp1850_atp_ppp_pf2,2006,-8.944558250602924,11773968392.698084
NA,PP1850adjATP,1/sqrt(x),PPP,PPP_1/sqrt(x),pp1850_atp_ppp_pf2,2007,-10.56247993225469,11560110247.698084
NA,PP1850adjATP,1/sqrt(x),PPP,PPP_1/sqrt(x),pp1850_atp_ppp_pf2,2008,-12.245124563573924,11342113432.698086
NA,PP1850adjATP,1/sqrt(x),PPP,PPP_1/sqrt(x),pp1850_atp_ppp_pf2,2009,-13.927450730010971,11120403595.698086
NA,PP1850adjATP,1/sqrt(x),PPP,PPP_1/sqrt(x),pp1850_atp_ppp_pf2,2010,-15.477390206979873,10895052924.698086
NA,PP1850adjATP,1/sqrt(x),PPP,PPP_1/sqrt(x),pp1850_atp_ppp_pf2,2011,-17.152449443080855,10665996783.698086
NA,PP1850adjATP,1/sqrt(x),PPP,PPP_1/sqrt(x),pp1850_atp_ppp_pf2,2012,-18.816782152884947,10433083224.698086
NA,PP1850adjATP,1/sqrt(x),PPP,PPP_1/sqrt(x),pp1850_atp_ppp_pf2,2013,-20.434818554081872,10196681623.698084
NA,PP1850adjATP,1/sqrt(x),PPP,PPP_1/sqrt(x),pp1850_atp_ppp_pf2,2014,-22.090946135212192,9957849458.698084
NA,PP1850adjATP,1/sqrt(x),PPP,PPP_1/sqrt(x),pp1850_atp_ppp_pf2,2015,-23.745713525151032,9717110138.698082
NA,PP1850adjATP,1/sqrt(x),PPP,PPP_1/sqrt(x),pp1850_atp_ppp_pf2,2016,-25.420599989112986,9474212564.698082
NA,PP1850adjATP,1/sqrt(x),PPP,PPP_1/sqrt(x),pp1850_atp_ppp_pf2,2017,-27.088953005100052,9228867000.698082
NA,PP1850adjATP,1/sqrt(x),PPP,PPP_1/sqrt(x),pp1850_atp_ppp_pf2,2018,-28.83182149890881,8981354018.698086
NA,PP1850adjATP,1/sqrt(x),PPP,PPP_1/sqrt(x),pp1850_atp_ppp_pf2,2019,-30.554357161055272,8731721798.698084
NA,PP1850adjATP,1/sqrt(x),PPP,PPP_1/sqrt(x),pp1850_atp_ppp_pf2,2020,-32.250942602278776,8479296128.698083
NA,PP1850adjATP,1/x,PPP,PPP_1/x,pp1850_atp_ppp_pf1,1991,-0.6269942261448769,14544678380.698086
NA,PP1850adjATP,1/x,PPP,PPP_1/x,pp1850_atp_ppp_pf1,1992,-2.3993528974354312,14385403885.698086
NA,PP1850adjATP,1/x,PPP,PPP_1/x,pp1850_atp_ppp_pf1,1993,-3.612821536147603,14222767753.698086
NA,PP1850adjATP,1/x,PPP,PPP_1/x,pp1850_atp_ppp_pf1,1994,-4.717685235176042,14055533324.698086
NA,PP1850adjATP,1/x,PPP,PPP_1/x,pp1850_atp_ppp_pf1,1995,-5.8086599291700445,13884069396.698086
NA,PP1850adjATP,1/x,PPP,PPP_1/x,pp1850_atp_ppp_pf1,1996,-6.946212214614029,13708941274.698086
NA,PP1850adjATP,1/x,PPP,PPP_1/x,pp1850_atp_ppp_pf1,1997,-8.092761388659852,13530486953.698086
NA,PP1850adjATP,1/x,PPP,PPP_1/x,pp1850_atp_ppp_pf1,1998,-9.332876161673639,13348668780.698084
NA,PP1850adjATP,1/x,PPP,PPP_1/x,pp1850_atp_ppp_pf1,1999,-10.642424865793295,13163531792.698084
NA,PP1850adjATP,1/x,PPP,PPP_1/x,pp1850_atp_ppp_pf1,2000,-11.937597280680965,12975191346.698084
NA,PP1850adjATP,1/x,PPP,PPP_1/x,pp1850_atp_ppp_pf1,2001,-13.328136478591311,12783964926.698084
NA,PP1850adjATP,1/x,PPP,PPP_1/x,pp1850_atp_ppp_pf1,2002,-14.673898636889113,12589902964.698084
NA,PP1850adjATP,1/x,PPP,PPP_1/x,pp1850_atp_ppp_pf1,2003,-16.035741806890435,12391862972.698084
NA,PP1850adjATP,1/x,PPP,PPP_1/x,pp1850_atp_ppp_pf1,2004,-17.4202294402452,12189535166.698084
NA,PP1850adjATP,1/x,PPP,PPP_1/x,pp1850_atp_ppp_pf1,2005,-18.9097718460014,11983587452.698084
NA,PP1850adjATP,1/x,PPP,PPP_1/x,pp1850_atp_ppp_pf1,2006,-20.449005678216544,11773968392.698084
NA,PP1850adjATP,1/x,PPP,PPP_1/x,pp1850_atp_ppp_pf1,2007,-22.056393275848606,11560110247.698084
NA,PP1850adjATP,1/x,PPP,PPP_1/x,pp1850_atp_ppp_pf1,2008,-23.729590218078812,11342113432.698086
NA,PP1850adjATP,1/x,PPP,PPP_1/x,pp1850_atp_ppp_pf1,2009,-25.39954688074563,11120403595.698086
NA,PP1850adjATP,1/x,PPP,PPP_1/x,pp1850_atp_ppp_pf1,2010,-26.924107766345,10895052924.698086
NA,PP1850adjATP,1/x,PPP,PPP_1/x,pp1850_atp_ppp_pf1,2011,-28.571811760266435,10665996783.698086
NA,PP1850adjATP,1/x,PPP,PPP_1/x,pp1850_atp_ppp_pf1,2012,-30.205912397845537,10433083224.698086
NA,PP1850adjATP,1/x,PPP,PPP_1/x,pp1850_atp_ppp_pf1,2013,-31.79138609396628,10196681623.698084
NA,PP1850adjATP,1/x,PPP,PPP_1/x,pp1850_atp_ppp_pf1,2014,-33.412429065701765,9957849458.698084
NA,PP1850adjATP,1/x,PPP,PPP_1/x,pp1850_atp_ppp_pf1,2015,-35.01626752314126,9717110138.698082
NA,PP1850adjATP,1/x,PPP,PPP_1/x,pp1850_atp_ppp_pf1,2016,-36.629409695575546,9474212564.698082
NA,PP1850adjATP,1/x,PPP,PPP_1/x,pp1850_atp_ppp_pf1,2017,-38.225179111875384,9228867000.698082
NA,PP1850adjATP,1/x,PPP,PPP_1/x,pp1850_atp_ppp_pf1,2018,-39.8957016376827,8981354018.698086
NA,PP1850adjATP,1/x,PPP,PPP_1/x,pp1850_atp_ppp_pf1,2019,-41.542864906598815,8731721798.698084
NA,PP1850adjATP,1/x,PPP,PPP_1/x,pp1850_atp_ppp_pf1,2020,-43.15815503132193,8479296128.698083
