birth_year,r10,case,aggregate,add_impren_0.5,add_impren_0.33,add_impren_0.66,emf_impren_0.5,emf_impren_0.33,emf_impren_0.66,lifetime_exposure_impren_0.5,lifetime_exposure_impren_0.33,lifetime_exposure_impren_0.66,cohort_size
1960,R10AFRMEA,A,Max,0.07353168467383098,-0.04254508903581186,0.21142617048765022,1.0138798849596813,0.9931735179344134,1.0392431415911558,5.443357089723326,4.609675063648258,6.215673041389735,11482500
1960,R10AFRMEA,A,Median,0.09305196790140435,-0.04654892565477564,0.20570846555127736,1.0150105063342125,0.9928260396864712,1.0364523230735514,5.461237568837675,4.668970283261665,6.263106534411028,11482500
1960,R10AFRMEA,A,Min,0.06499401176737951,-0.04378265874469737,0.2148919839907415,1.0125471957797711,0.9921056607697529,1.0406800406647019,5.3525959533434335,4.589326023311119,6.283649930913407,11482500
1960,R10AFRMEA,E,Max,0.12801746533718195,-0.026738517382248885,0.279734889215136,1.0225657365074174,0.9951739142074484,1.0544360102372732,5.319618362283562,4.590844758529561,6.203401606117251,11482500
1960,R10AFRMEA,E,Median,0.13370814076300297,-0.006563724514807811,0.27946549948645194,1.021333409169914,0.9989434164270226,1.0533313951149488,5.319618362283562,4.58872605684793,6.215673041389735,11482500
1960,R10AFRMEA,E,Min,0.11925496749783004,-0.008504416665493064,0.2734457426042054,1.022251238750019,0.9975464896364747,1.0523843222938516,5.359521428489235,4.5907059461764534,6.240982876639235,11482500
1960,R10EASPAS,A,Max,-0.01532091624092169,-0.05511721003348254,0.07543356481599216,0.990659100887006,0.9545178906430002,1.0541911980145673,1.704947552926319,1.4180213969045115,1.876720385738462,27633440
1960,R10EASPAS,A,Median,0.026770142640570427,-0.055273284537302445,0.10603824909216295,1.0121635104464624,0.9576324895159073,1.072493383652282,1.6877722110292817,1.395833878838415,1.8788532679538812,27633440
1960,R10EASPAS,A,Min,0.01175581316568075,-0.056085268108085236,0.08984755208817857,1.005789072119494,0.9685281155458321,1.0604017167909128,1.5986927451058308,1.3592524339632437,1.8730742978260506,27633440
1960,R10EASPAS,E,Max,0.01269881431153419,-0.05364449201581206,0.08178757888224107,1.0085551436494264,0.9710532233974919,1.0509986296886817,1.5986927451058308,1.3564019910274272,1.8780451371666835,27633440
1960,R10EASPAS,E,Median,-0.002105082068462827,-0.059783412312350286,0.08716149997509287,0.9982955501849076,0.9682991689924301,1.0538889362107255,1.5706693505625475,1.3521509667523592,1.876720385738462,27633440
1960,R10EASPAS,E,Min,0.004586016218792066,-0.06449447353507587,0.07795901071081657,1.003843709721739,0.9690546926186568,1.0550038800405817,1.57230386436616,1.3563644851993242,1.8779829732599762,27633440
1960,R10EUR,A,Max,0.38455454226013464,-0.19676412967445372,0.5668576579577289,1.1120001729675413,0.9517647153469154,1.1823889674815158,3.7255528755619634,3.1195019827636505,4.136817503729188,8446780
1960,R10EUR,A,Median,0.30170769345558,-0.1328655951502726,0.5032965346291465,1.0831180616618674,0.9740003214348882,1.1696260435213222,3.7236952443076605,3.1153085948626,4.126281837842144,8446780
1960,R10EUR,A,Min,0.3481286674852839,0.034740674501404625,0.5795899500381276,1.1000480414836118,1.008795943193746,1.1745652242405296,3.4199546034409787,2.889406756746226,4.0256289104819905,8446780
1960,R10EUR,E,Max,0.4059610563806604,-0.006466698613912883,0.6376687122225524,1.1220758267738031,0.9973659714044834,1.1670755838142783,3.769725092837528,3.2347668585592313,4.160989391542276,8446780
1960,R10EUR,E,Median,0.330334444481434,-0.0011390842977476857,0.6174878269580029,1.0857729796506892,0.9998283554669738,1.1856111336476405,3.769725092837528,3.188882723596546,4.1831028092463685,8446780
1960,R10EUR,E,Min,0.27599074648084,-0.04868189599742134,0.5450380786577127,1.0663501927900865,0.9917017103656248,1.1567824637186122,3.8120396788587905,3.234759260685829,4.208389722715004,8446780
1960,R10FSU,A,Max,0.1732124222126269,-0.14163065196342367,0.46580508498474915,1.0788962105124176,0.9189345513837783,1.2388727399612058,2.7736064281061985,1.7379951384854038,3.508019577273884,4840140
1960,R10FSU,A,Median,0.1736464056727658,-0.1435326243623628,0.4184729125083374,1.0732079607048899,0.9469168805497882,1.2613061125199172,2.8538447854734623,1.7472856388301672,3.3534240964404876,4840140
1960,R10FSU,A,Min,0.20527753426417372,-0.22062176658122648,0.48483966985251536,1.0681055926297787,0.935485156413255,1.2027322809175733,2.921961825322383,1.9072818025038354,3.472518953472292,4840140
1960,R10FSU,E,Max,0.16374007012190162,-0.13614267794790377,0.4515622425797825,1.0449964754377907,0.9613025540069832,1.1745819112317495,2.924272501946211,2.078159924775146,3.5878690129277118,4840140
1960,R10FSU,E,Median,0.13157221680227127,-0.1664245715037848,0.43750702589260404,1.0323364644583566,0.9416282445091921,1.1862606508134215,2.924272501946211,2.065448112901187,3.600124313008183,4840140
1960,R10FSU,E,Min,0.17326413163752807,-0.1272727192237193,0.3710315083045379,1.0430550761966335,0.9459114611656977,1.1536720774259763,2.9103472743000687,2.07796618944453,3.5871030566726825,4840140
1960,R10LAM,A,Max,0.27550121132580907,-0.07399618318927532,0.4449749265892272,1.038033467085488,0.9878104849568516,1.0708942872252376,6.808945675687545,5.894639569882855,7.33838352954513,7164240
1960,R10LAM,A,Median,0.2883162744172827,0.0051337615423580904,0.4020266618775278,1.043457860142461,1.000694940158203,1.0620097603240735,6.707795788671684,5.893417685084032,7.337949141911578,7164240
1960,R10LAM,A,Min,0.1956627171539802,0.011580543670135637,0.3914621121149968,1.0240586860948442,1.0017590316024407,1.0659141065647821,6.716479534785865,5.874477873116517,7.29153847864659,7164240
1960,R10LAM,E,Max,0.2788049207205763,-0.028216504419096896,0.3988962081471498,1.0395064726180658,0.9942353925165515,1.0644371823945198,6.8450727752208635,5.93065530221248,7.336066795499512,7164240
1960,R10LAM,E,Median,0.29674075378073894,0.018104514572800094,0.43225483465462833,1.043819181674964,1.0027646407549262,1.068040188318244,6.786579633996252,5.915004316529922,7.310673867049154,7164240
1960,R10LAM,E,Min,0.24364675301785876,-0.03842670255456415,0.43836604363351483,1.0383895180534441,0.9954280254594098,1.069673815660854,6.836933103765187,5.928445049316986,7.335921999621661,7164240
1960,R10NAM,A,Max,0.4625261736055506,0.2316028143814259,0.8296129432598645,1.1247382210063257,1.036674838975868,1.1778102951613538,4.99831393952557,3.832060599691962,5.784040269655657,4593560
1960,R10NAM,A,Median,0.41696313705362975,0.1370550823109743,0.759573792833577,1.0822401720214896,1.0333505571900836,1.156278274952092,5.011890192188298,4.112872154676163,6.260020762454042,4593560
1960,R10NAM,A,Min,0.4310754523931962,0.11123100693081284,0.6507923404294096,1.0778325421179966,1.0308149015573704,1.1365618927010783,5.152829954898756,4.23166675055708,6.37258913087022,4593560
1960,R10NAM,E,Max,0.41619177366245075,0.03584061448124411,0.7367574621513537,1.0973797538750154,1.0076792390230034,1.1880254124800562,5.013018426232451,3.962273912632199,6.4034952927912645,4593560
1960,R10NAM,E,Median,0.42237956703627755,0.11346837075352033,0.6997136660870935,1.0883099763775221,1.0306908874849778,1.1626663660886338,5.013018426232451,4.0616063466042664,6.432270445900076,4593560
1960,R10NAM,E,Min,0.508491963573575,0.13840195060651528,0.7249877069821511,1.079529966287807,1.0304014104357246,1.1840680837384974,5.011890192188298,3.960768875753834,6.401696845721964,4593560
1960,R10PAO,A,Max,0.3921888160752003,-0.03770928263386492,0.565234988016171,1.16879237947043,0.9769106817452248,1.3035080576676634,2.0794036058407173,1.6201319017976847,3.441665671747364,1873400
1960,R10PAO,A,Median,0.24766279195701912,-0.12361745394539272,0.541342314305138,1.1029626932194507,0.9450260141703817,1.2418934806059507,2.1052604175543332,1.655039730063584,3.41428242592397,1873400
1960,R10PAO,A,Min,0.10441503337309821,-0.13544092708252164,0.5043616210949163,1.0512968673449303,0.9543007868020077,1.258007464696581,2.188114211293914,1.7213329421827175,3.189670021943908,1873400
1960,R10PAO,E,Max,0.20122878072942108,-0.06861996024180861,0.5325332053766101,1.1080588918394354,0.979942553000878,1.2754557239830462,2.4162906118630954,1.6994456583690691,3.4173004047821762,1873400
1960,R10PAO,E,Median,0.1428920981342428,-0.17339209767757352,0.43754430733989713,1.0735655156673514,0.9330604944419953,1.3089145305345078,2.519917556538494,1.7184530364177637,3.441665671747364,1873400
1960,R10PAO,E,Min,0.14818322849426835,-0.20670431262321154,0.5925836119019876,1.0897584969223457,0.9276098315953288,1.3636947444369234,2.5066734417693644,1.6991576677925737,3.4388058930024434,1873400
1960,R10SAS,A,Max,0.00461433725216609,-0.11579359778456713,0.16309088890311133,1.0023691460668167,0.9519975475279729,1.0523962781035237,2.9455933621638373,2.4129173070600727,3.4536713029655797,18358140
1960,R10SAS,A,Median,-0.05635194958922263,-0.129664916869182,0.14962814207810277,0.9844900041191088,0.9493341047548735,1.0466008863745127,2.954675588388555,2.410054865702308,3.353101459643358,18358140
1960,R10SAS,A,Min,-0.02250309512918336,-0.12185603954817886,0.15759331218904293,0.9922789973491076,0.9642398945103723,1.048925468584698,2.867219277702115,2.3449413590995234,3.375268678378216,18358140
1960,R10SAS,E,Max,0.002831632010367402,-0.11386995045488105,0.19394846283525913,1.0007966010955591,0.9639042796585235,1.0629095717695691,2.9455933621638373,2.4637946031595983,3.4158707527428547,18358140
1960,R10SAS,E,Median,0.04886308225757374,-0.12299857643652476,0.18302461691886332,1.0174960601961458,0.9652357645682748,1.0573313735250707,2.9455933621638373,2.441614461534771,3.4380011353134052,18358140
1960,R10SAS,E,Min,0.011475934546543609,-0.1229662954733115,0.17809116750120557,1.0050111269247064,0.9638416149920427,1.0594889938072127,2.954675588388555,2.463738082901441,3.424063046361669,18358140
1961,R10AFRMEA,A,Max,0.0873796380304599,-0.02527575773908771,0.1783165181831135,1.0154806049836604,0.9954621253707922,1.0364046472405035,5.712769989927883,4.863713174353096,6.591682929131037,11813672
1961,R10AFRMEA,A,Median,0.08982537679794866,-0.04132675195992277,0.1818464882085134,1.0123624978700896,0.9929875814198634,1.0337958493981172,5.744388916733034,4.9011132244304525,6.6162888102857575,11813672
1961,R10AFRMEA,A,Min,0.07692430096937852,-0.02248137807853163,0.2241528094091379,1.013902488882867,0.9962663770682154,1.0364619464155211,5.63351287788688,4.8268013228117574,6.628755655599052,11813672
1961,R10AFRMEA,E,Max,0.124037303908767,-0.011598776884476187,0.2935290660822281,1.0220347543136792,0.9982425561727156,1.0573527099519826,5.63351287788688,4.845474940780567,6.586262299923569,11813672
1961,R10AFRMEA,E,Median,0.14052542990432837,-0.008427671844595058,0.2803805077915359,1.0233186025048528,0.9987542575102886,1.0534126514218873,5.63351287788688,4.837168623490508,6.591682929131037,11813672
1961,R10AFRMEA,E,Min,0.11888056143122139,-0.009380332312126427,0.26858037769777177,1.0230629288679276,0.9983943135112805,1.0536288865895072,5.681151063122733,4.845316761490788,6.602862976871439,11813672
1961,R10EASPAS,A,Max,0.016222253525546404,-0.08687164001225828,0.0938034631178631,1.0086641703592027,0.946214262880479,1.0596047152979635,1.8456828491253674,1.4829030275288675,2.038747707817524,28594928
1961,R10EASPAS,A,Median,0.049682752673333996,-0.05494632794900288,0.1110600097168867,1.0248954549098177,0.9591231745540517,1.0797844083327726,1.8188949938229086,1.4869849559226973,2.057099037309793,28594928
1961,R10EASPAS,A,Min,0.044675947131177396,-0.06767674072148372,0.1095737370642357,1.0206444411934728,0.9479525855494305,1.0703852463555412,1.744694999699226,1.477766523872221,2.032120043509625,28594928
1961,R10EASPAS,E,Max,0.020859574094277855,-0.0672858381557091,0.0789689124302368,1.0115217601880175,0.9604417120244815,1.0680031874190072,1.7400895768078062,1.4644409916651504,2.0501735567971315,28594928
1961,R10EASPAS,E,Median,0.02803713606541902,-0.06859669228988427,0.1078345813418449,1.0164371585959229,0.9494014814788063,1.0685445177244377,1.699465449594068,1.4563575022344828,2.038747707817524,28594928
1961,R10EASPAS,E,Min,0.04067889537846647,-0.08578177279714083,0.08877445433703857,1.018587609743221,0.9420738967490709,1.0539019032120467,1.6997984028400999,1.4642656557150573,2.049640827526927,28594928
1961,R10EUR,A,Max,0.3875846958020799,-0.03624599684424119,0.6845855888249139,1.1198886349408812,0.991908764643114,1.1857347966998129,3.8955028738885438,3.2578249646264843,4.2549110736673,8505228
1961,R10EUR,A,Median,0.418607286754606,-0.08921006056351335,0.5644838649276475,1.1175502718002777,0.9688913778074635,1.1802678252577516,3.8768066146771534,3.2575269208601347,4.2547404751942945,8505228
1961,R10EUR,A,Min,0.4752235656098318,0.11593173164683485,0.6817754237912653,1.1148457799962064,1.037878931576217,1.2149089955453172,3.5350137253318605,2.958599144918801,4.214254432715441,8505228
1961,R10EUR,E,Max,0.5152804249452001,0.020771106597647554,0.7250831843412903,1.129905242873673,1.0052920711914555,1.207846996058947,3.915251738608171,3.2639047436277124,4.281878574470267,8505228
1961,R10EUR,E,Median,0.3630974146867425,0.020372840686086816,0.6757730045414059,1.0945128365485477,1.0056054111665746,1.1961914375391196,3.915251738608171,3.2613264152595054,4.338725387691471,8505228
1961,R10EUR,E,Min,0.3025880367172791,0.027938576405786897,0.6916505351646429,1.0814489266697713,1.0097918803090224,1.1738470022552818,3.916304344116408,3.263882863844536,4.455971939960201,8505228
1961,R10FSU,A,Max,0.26857956255039694,-0.14064055682808804,0.48042864356529325,1.0899750443636336,0.9514435179621065,1.273516198301714,2.8485232819154622,1.7754238894859888,3.5349659917509877,4803040
1961,R10FSU,A,Median,0.24002823203226953,-0.18696819788921404,0.46027777645593054,1.123025529065117,0.9512116149355024,1.2627528294258552,2.8666980669088424,1.8294360931217857,3.4871297283051153,4803040
1961,R10FSU,A,Min,0.3017026890268173,-0.1792590829292156,0.5380121407253232,1.0887526954381839,0.9365203833275633,1.227610235162372,2.975237199430789,1.9346053090008977,3.5433839077600737,4803040
1961,R10FSU,E,Max,0.19875604534768787,-0.1408776806995623,0.5018815080397918,1.0647619053245083,0.9565479260781902,1.198341519102413,2.9846625043171198,2.126663377077896,3.598040000659859,4803040
1961,R10FSU,E,Median,0.19405810679889446,-0.1805498158984662,0.45927293389713086,1.047562225141333,0.9383075970842417,1.1876646974563534,2.9846625043171198,2.119324195421038,3.617967150228197,4803040
1961,R10FSU,E,Min,0.19900937695460463,-0.2185259601287206,0.4173915226265157,1.0712582282584624,0.9427280179524382,1.1714568223852473,2.964097859445661,2.126602827510749,3.596794553811838,4803040
1961,R10LAM,A,Max,0.21747427076674697,-0.03673533134661483,0.5323068644578667,1.0337269071136261,0.9947414850178897,1.076541376188744,6.986746928149284,6.113534593755894,7.617608261632874,7357788
1961,R10LAM,A,Median,0.21195170002606556,0.026990937620771753,0.45936513816328656,1.03120839834542,1.00354784498506,1.0746422370368929,6.907581413099564,6.15065664529452,7.61750791532241,7357788
1961,R10LAM,A,Min,0.20522323403416554,0.002737604443028204,0.459807864663885,1.0250145359283487,1.0004901858879274,1.0778484510751767,6.937747329905262,6.104545680617241,7.617942749334423,7357788
1961,R10LAM,E,Max,0.2573968920379124,-0.01999252604326582,0.4989461265451749,1.035849803316891,0.997541979411782,1.0766577988086588,6.982227513309695,6.358761972459421,7.619485561751022,7357788
1961,R10LAM,E,Median,0.24651036014884298,-0.012272582234106804,0.49666711439755395,1.0334840394007876,0.9971721765505437,1.083259250584487,6.982227513309695,6.318302336313974,7.617608261632874,7357788
1961,R10LAM,E,Min,0.2342339044055013,-0.07387709881363147,0.5225103222158896,1.0358734273731174,0.988154882233748,1.0801783325252463,6.996541779908428,6.358384222811186,7.618712071047988,7357788
1961,R10NAM,A,Max,0.49895555451891527,0.2620171916102321,0.9623164681833112,1.1200901773521785,1.045483301385707,1.2061122367963493,5.194721955469191,3.892044935501289,5.972179151631623,4555768
1961,R10NAM,A,Median,0.498599095530067,0.2459938023250002,0.847602654250365,1.0984782667782027,1.0415948109716526,1.1708972361095167,5.215582164521568,4.263649325986546,6.352989807599165,4555768
1961,R10NAM,A,Min,0.4547044092075512,0.06061733730710982,0.6730021802377117,1.0884181346312642,1.012328423426188,1.1400865566733427,5.362213966915941,4.273948195693249,6.579853789562827,4555768
1961,R10NAM,E,Max,0.47150283026046225,0.032347272891168254,0.8730567007251836,1.0972233649712406,1.0123445907619808,1.1874970242645413,5.20400142326898,4.263179478883457,6.6036642494560756,4555768
1961,R10NAM,E,Median,0.47584274292570683,0.12604381557955183,0.7697042300459362,1.0897360628747093,1.0181722791010288,1.1668875373539807,5.20400142326898,4.265564856483757,6.62346207581944,4555768
1961,R10NAM,E,Min,0.47472775876182194,0.15491140922407265,0.7883656430407617,1.0995698109080183,1.027122215245691,1.1955261419781298,5.192420682016391,4.263143336798604,6.602426885308366,4555768
1961,R10PAO,A,Max,0.5024470454633265,0.05277299101096076,0.6735883179854709,1.1615341718329757,1.0379960596754532,1.3628551279893057,2.1765756277466872,1.6213989726269833,3.633351034553269,1884264
1961,R10PAO,A,Median,0.2377914274137738,-0.10833513858153768,0.5681493368611222,1.108051484373745,0.9563937077790858,1.3160430674717183,2.200723375453727,1.7132553642551647,3.624061934470383,1884264
1961,R10PAO,A,Min,0.23851044267392726,-0.08204535381534342,0.5454139364713096,1.1478676372453287,0.9707930110120248,1.281753332437606,2.300581207480571,1.7776042439952644,3.346239400267781,1884264
1961,R10PAO,E,Max,0.25889709461392246,-0.04219683103231489,0.6113107624241333,1.1467558274454097,0.983917380834558,1.344442616358721,2.4701424562764744,1.7816214914453954,3.759043593484276,1884264
1961,R10PAO,E,Median,0.1695176601605739,-0.10436781586588001,0.47873722788429485,1.1100672458063623,0.9563954071294156,1.3075334215866294,2.580523747293375,1.8013629718573299,3.787492674512012,1884264
1961,R10PAO,E,Min,0.1498007037306246,-0.1804955698227544,0.6248461063129549,1.083309019699447,0.935793259862304,1.407946230256963,2.5531021574311623,1.7813223781058207,3.7748747522533685,1884264
1961,R10SAS,A,Max,0.04801751610230398,-0.14920342863631134,0.1268497852657185,1.0165570901435292,0.9462989547900058,1.045017879573238,3.105626091393528,2.5349214286274457,3.642417777152711,18766336
1961,R10SAS,A,Median,0.030997928450411827,-0.15318433247242746,0.10707484064415825,1.0133700353690587,0.9510181698435731,1.033496478182618,3.0621666892566535,2.5348198505429056,3.537079071960579,18766336
1961,R10SAS,A,Min,0.03455370851414297,-0.13708413754511886,0.12506774579176572,1.0131665786896211,0.9640637002595375,1.0376920730731412,3.0327742845179584,2.515495363387575,3.550589739301255,18766336
1961,R10SAS,E,Max,0.05514443295741911,-0.1326394030724477,0.1819985277927109,1.0212105742737732,0.9663260297389035,1.0505627764816337,3.0658033700330787,2.5346478870761517,3.5753487927364893,18766336
1961,R10SAS,E,Median,0.06068123827463556,-0.13268221389242563,0.17817996920429158,1.0193524504711111,0.9652024762177898,1.051926862301007,3.0658033700330787,2.534527334144402,3.5890378337488027,18766336
1961,R10SAS,E,Min,0.05784533904472333,-0.13574612015822396,0.1811659634183016,1.0206171663279726,0.9659073511321232,1.0527940562219185,3.0694400508095034,2.5346167368887085,3.6172714808366964,18766336
1962,R10AFRMEA,A,Max,0.1031804319781382,-0.0406619566490489,0.20779801878410906,1.0179341483874413,0.9940177904673824,1.0337978288866094,6.034335516465808,5.1071465954852044,6.956109517850972,12144844
1962,R10AFRMEA,A,Median,0.09339527757041566,-0.06032148929015156,0.22275363931947814,1.0108746318197392,0.9896923951771631,1.035001651594571,6.098684190742049,5.1314229923116486,6.983280735459857,12144844
1962,R10AFRMEA,A,Min,0.0996408127267554,-0.041409380491243736,0.21114545247044264,1.0175178747707174,0.9916154321920032,1.0373200575851513,5.941392122388914,5.08861353557092,6.990248344653418,12144844
1962,R10AFRMEA,E,Max,0.17213284303500354,-0.0029140690031838755,0.327073463323943,1.023442624469331,0.9994740812157042,1.054262992309824,5.941392122388914,5.096770608875876,6.946573693134677,12144844
1962,R10AFRMEA,E,Median,0.13837800013879487,0.012065749460761294,0.28628078032212056,1.0256635386147643,1.0027139583577211,1.0477301254244915,5.941392122388914,5.091254456496173,6.956109517850972,12144844
1962,R10AFRMEA,E,Min,0.10424434311015052,0.018875897016935816,0.3091149154127666,1.024167955375161,1.0028343823956216,1.0479448014939392,5.969986842189567,5.096667150429517,6.975777156328331,12144844
1962,R10EASPAS,A,Max,0.022459487619001295,-0.056666856237701305,0.10690562396436457,1.012135973803527,0.9735778940823865,1.0776447769173843,1.9930547137479602,1.665588931531777,2.195408031000117,29556416.000000004
1962,R10EASPAS,A,Median,0.019807634129752172,-0.06892421691978282,0.09282116985756164,1.0139826319178487,0.9687443194897912,1.0688831818360425,1.9879124731401372,1.664835428043768,2.1988602918533973,29556416.000000004
1962,R10EASPAS,A,Min,0.025058480802184424,-0.08369586638884294,0.10056312965587838,1.0136744775804494,0.9538185093745826,1.0572218132184377,1.8899144291060685,1.5967222146078783,2.18926298188301,29556416.000000004
1962,R10EASPAS,E,Max,0.01096628915088771,-0.06929093772001386,0.10268504885527978,1.0071368227675648,0.966226150870316,1.0690793116706216,1.857833434337631,1.565575108065062,2.194493103780935,29556416.000000004
1962,R10EASPAS,E,Median,0.025058480802184424,-0.06651790182946891,0.09669576922326406,1.0163555146983043,0.9642708335985064,1.0600341710999577,1.8006713927983014,1.5623714092025174,2.1870138779931283,29556416.000000004
1962,R10EASPAS,E,Min,0.030951547033887916,-0.07682788410514929,0.09954367694452348,1.0149256476656696,0.958290449503554,1.0640186266048444,1.842499168639844,1.5655036122116566,2.1944359208297364,29556416.000000004
1962,R10EUR,A,Max,0.4172470282030789,0.09130335771053706,0.6855600927256973,1.1188619193958762,1.025666285852414,1.214372982280041,4.002385340850518,3.406449625362576,4.429497664653294,8563676
1962,R10EUR,A,Median,0.386145816251549,0.04674823370998031,0.6482160074292715,1.1184909283500033,1.0172271062993883,1.2009870017926791,3.9686758969882394,3.4048264056926345,4.419374858468382,8563676
1962,R10EUR,A,Min,0.5252020423254216,0.16467098732892413,0.7526024670370579,1.12760232091882,1.041253387256722,1.2315125585130164,3.65523073024599,3.1129404644440566,4.385590295656817,8563676
1962,R10EUR,E,Max,0.5341987123287306,0.08119360664294885,0.8796960685414368,1.1472325934383834,1.0172139067147745,1.2257825726521052,4.004959286253321,3.382933854380736,4.461662420594509,8563676
1962,R10EUR,E,Median,0.4158101224713566,0.03945841295129059,0.7369955461289321,1.1104422797722944,1.0078840203114257,1.2184088291066941,4.004959286253321,3.3767660491284657,4.4989482785235175,8563676
1962,R10EUR,E,Min,0.31574259525062853,-0.022082124574472672,0.7602270879889477,1.0879070555542607,0.9944707562483103,1.1952394585909696,4.011073610971504,3.382763445895209,4.575850360502096,8563676
1962,R10FSU,A,Max,0.26914629000182855,-0.04570668913619397,0.5196601182381169,1.1237267954993801,0.9685386025208531,1.2845933524062403,2.884475944741817,1.8114704824742773,3.6592019815891157,4765940
1962,R10FSU,A,Median,0.3377520213816765,-0.11674926466267248,0.556753338364604,1.122667641376658,0.9648928817875861,1.283313129651539,2.928872777558661,1.8946809033047975,3.5119879380229637,4765940
1962,R10FSU,A,Min,0.3496825192208086,-0.12034244597427249,0.5108776918278579,1.0775886894439815,0.9407029174443375,1.2500968882562746,3.0879612539931003,2.024788136052827,3.649816044316232,4765940
1962,R10FSU,E,Max,0.26554013920496783,-0.07258158753100892,0.5406831297834279,1.089747503649185,0.9743028340008206,1.1871094191193021,3.114252800652726,2.0987781404737866,3.7920171176634736,4765940
1962,R10FSU,E,Median,0.24669651360865918,-0.10579780742489656,0.5056742083816639,1.055274210069209,0.9576494312044184,1.167409602442844,3.114252800652726,2.09727590409962,3.803450483127072,4765940
1962,R10FSU,E,Min,0.20221092081305958,-0.1335134695407243,0.5056836313349795,1.0872722872905598,0.9645981868490701,1.1679595599337542,3.102145540001212,2.098077545468743,3.791302532321999,4765940
1962,R10LAM,A,Max,0.28986496494412606,-0.05734348985611109,0.5337193996074366,1.0418389709006162,0.9903881084382876,1.08306806499015,7.175341729297818,6.268284565284848,7.855205795415719,7551336
1962,R10LAM,A,Median,0.26505107022927366,-0.03007428353352351,0.5761750025601317,1.045299561205713,0.9956684831265833,1.0853331424319914,7.162285629888423,6.4543945099985,7.84830546618017,7551336
1962,R10LAM,A,Min,0.19726749765547869,-0.06334369733823653,0.49925709617314173,1.0311526453807205,0.992957966369441,1.084903876783938,7.175341729297818,6.3811610819991404,7.859778887309462,7551336
1962,R10LAM,E,Max,0.20189237564222706,-0.1170024096272995,0.5290807311698997,1.036541187606058,0.9863608457353655,1.0841141266580114,7.162409345783919,6.643160174987627,7.897665999512451,7551336
1962,R10LAM,E,Median,0.211182347142711,-0.08243346579856649,0.5103868152684845,1.0306391542477342,0.9906617095705403,1.0889368383909124,7.162409345783919,6.622220845003971,7.843602977101369,7551336
1962,R10LAM,E,Min,0.22835461073975427,-0.11539949761846291,0.536157666854665,1.0330907990570206,0.9816680835887986,1.0955790210935799,7.162533061679415,6.643018435110363,7.896983480788077,7551336
1962,R10NAM,A,Max,0.5793140849915899,0.37921082091900676,1.0568976816062443,1.144357457170077,1.060265577360708,1.204341011330608,5.37422205550107,3.9271481700028392,6.181637542631371,4517976.000000001
1962,R10NAM,A,Median,0.574324354605801,0.24875851454953574,0.9600155380459652,1.101906598770787,1.0360614483031978,1.1864707277383844,5.413047043122527,4.28960171374342,6.42803839008433,4517976.000000001
1962,R10NAM,A,Min,0.47991426497297596,0.026068806343713887,0.7670747244537126,1.0817141955672565,1.0056799925726247,1.1655833812376069,5.586792195836466,4.444346390592675,6.737538876445242,4517976.000000001
1962,R10NAM,E,Max,0.5113618548995362,0.06433524330458834,1.0035007262786093,1.0867565469825786,1.008193872126011,1.2278735524922997,5.436609097886667,4.270695674781734,6.76752686757705,4517976.000000001
1962,R10NAM,E,Median,0.5386935574673057,0.09892810441500635,0.8833836785343749,1.098717719883223,1.0150381902332082,1.1831444683836008,5.436609097886667,4.366680180279523,6.799777368528171,4517976.000000001
1962,R10NAM,E,Min,0.6204140963646809,0.03017428097277941,0.8545596337095294,1.0943210545071091,1.0045657281781954,1.1895869783450375,5.413047043122527,4.269241364092374,6.765511211267605,4517976.000000001
1962,R10PAO,A,Max,0.5059333752503201,0.16662974178051304,0.8839821829463426,1.2439341282812721,1.046007404421071,1.3666202624062942,2.210854999713969,1.6225016559891974,3.7627315974227415,1895128
1962,R10PAO,A,Median,0.23387532469620398,-0.10429965112461825,0.7376757960215117,1.1145469023997567,0.9692168081372133,1.3550050982917297,2.222160267377988,1.7691126378599646,3.7541867848845643,1895128
1962,R10PAO,A,Min,0.2953230490971691,-0.02636098483787563,0.7604091422262635,1.1726462629077812,0.9935997324982127,1.2970972013343616,2.32486753502784,1.82735838220378,3.461622359008079,1895128
1962,R10PAO,E,Max,0.336973981046505,-0.05571411416233353,0.7026129039808309,1.1893705567367054,0.9805949973996922,1.3541722051055598,2.6311737532577544,1.8310710777527819,3.861807167250448,1895128
1962,R10PAO,E,Median,0.2469844613007376,-0.09401958907045864,0.6134797758120284,1.1680804401786493,0.9729672841156194,1.3257060114553272,2.6992179709699142,1.833913150645494,3.9275079648226843,1895128
1962,R10PAO,E,Min,0.18388447834004007,-0.22658602072877643,0.6793954528026339,1.1088987048823706,0.941239915287637,1.3902307868605357,2.6890587520947946,1.8310280160422863,3.924586943617165,1895128
1962,R10SAS,A,Max,0.05847271523856401,-0.07588789083793501,0.16232918347767472,1.0182020497114315,0.9806835722707059,1.0484315335641938,3.2337720651159807,2.684707749759166,3.8637244690286177,19174532.000000004
1962,R10SAS,A,Median,0.03935335215137803,-0.09654916265693649,0.14421144981269768,1.0112998304576768,0.9742387999136948,1.041512075442343,3.23613464443508,2.6840461670782894,3.8421972193820357,19174532.000000004
1962,R10SAS,A,Min,0.04690299091834049,-0.10250029882147507,0.15066610527474505,1.011412365858218,0.9775071394010912,1.045238447098848,3.2337720651159807,2.5918463691092124,3.849850443325643,19174532.000000004
1962,R10SAS,E,Max,0.05809191471938213,-0.07771958950062922,0.21894636912754162,1.0252246239065097,0.9800315504420019,1.0628859406989728,3.244941914440423,2.6811793087944915,3.8345439954384277,19174532.000000004
1962,R10SAS,E,Median,0.06553347712902458,-0.09830067215694188,0.22992817248885056,1.0240827390572451,0.9783530531396584,1.060315921781608,3.244941914440423,2.6612181748558,3.843963347984406,19174532.000000004
1962,R10SAS,E,Min,0.07075639692578495,-0.08813803104341256,0.1734840043911552,1.0207261987871674,0.9774515960966419,1.05334715159949,3.253749184445766,2.6809587812341995,3.8633907626104866,19174532.000000004
1963,R10AFRMEA,A,Max,0.11073624015799988,0.023322382324033795,0.21017731058341232,1.0170845069340844,1.0028561822499362,1.0413695210463751,6.328700433299361,5.360278355859743,7.245467707669377,12476016
1963,R10AFRMEA,A,Median,0.06662514592413693,-0.013890645968277758,0.22166775818411344,1.010079764282917,0.9976706192823599,1.0391570742238618,6.348538276748375,5.428626368955315,7.273323165904641,12476016
1963,R10AFRMEA,A,Min,0.08973874265354098,-0.0045210209848319145,0.24906255341580236,1.0175267312077234,0.9992543450229541,1.0380960283854073,6.300843270415079,5.329706636215889,7.293487503027951,12476016
1963,R10AFRMEA,E,Max,0.17063774502778317,0.02787186100662567,0.36114002963921266,1.0312350601768432,1.004666181014436,1.0573616395322945,6.300843270415079,5.351962000120953,7.2424907291208624,12476016
1963,R10AFRMEA,E,Median,0.1909894811321169,0.027149919909694106,0.30882265303204437,1.030553170405821,1.0040244773544023,1.0424038197202457,6.300843270415079,5.346594126444842,7.245467707669377,12476016
1963,R10AFRMEA,E,Min,0.15315768174895794,0.04683820936120853,0.2867979603792721,1.0236841609460885,1.0060946682649141,1.0505066204679805,6.308862589850348,5.3517202303891676,7.251607725925689,12476016
1963,R10EASPAS,A,Max,0.06053938811793169,-0.011167112224733903,0.12884692962646743,1.0248298502537556,0.9949291475230231,1.0737726494388378,2.134394313912709,1.7913604414032702,2.3082813915821174,30517904
1963,R10EASPAS,A,Median,0.05974967541388665,-0.033466668696533045,0.14682811070781027,1.0253679860247913,0.9804088935728319,1.0880774555493573,2.133829909386178,1.784280307905882,2.3201091496722372,30517904
1963,R10EASPAS,A,Min,0.0877596887045099,-0.05588530971982021,0.1644318161654611,1.0452591923602301,0.9677441049613379,1.0837561181114452,1.993707476952278,1.7015376846213042,2.291073558499072,30517904
1963,R10EASPAS,E,Max,0.06580137837255418,-0.047401260989883745,0.17383979826446888,1.027705982189885,0.9790269793577883,1.093267354635465,2.015047774357223,1.6934958953007175,2.308254526388428,30517904
1963,R10EASPAS,E,Median,0.08556320928049177,-0.05421019956060057,0.161980312343539,1.0421061283484474,0.9721400021757309,1.0883775719893973,1.9704973400256292,1.6865552040599607,2.283604302492659,30517904
1963,R10EASPAS,E,Min,0.05542531202694723,-0.04737324218284211,0.17201541360514305,1.032361948906436,0.9726329111590347,1.0760386738555827,2.0072512201509016,1.6933900822833414,2.308252847313822,30517904
1963,R10EUR,A,Max,0.4822331762993952,0.018310695577696018,0.7879482758581535,1.126912482003636,1.0052071220515955,1.2196343592599566,4.078739380961868,3.5843585798852207,4.584062389264879,8622124
1963,R10EUR,A,Median,0.45154258798434554,-0.034349854149899856,0.7940442719176235,1.1056479778703108,0.9924248788812108,1.2056044147452714,4.017824347791446,3.5447368564840707,4.575759471541063,8622124
1963,R10EUR,A,Min,0.632875811929255,0.10912792358780754,0.8221311108733838,1.1463886603826239,1.0340619370487043,1.2434573808380391,3.762104115558336,3.289331244814044,4.541812972095665,8622124
1963,R10EUR,E,Max,0.5193799378223907,0.11669846702646323,0.9282278654400948,1.1429467594087162,1.0201886433244645,1.256883768598229,4.144686338437751,3.4673465680313185,4.604012812057771,8622124
1963,R10EUR,E,Median,0.4752282587691803,0.049878904927526675,0.8213024084433822,1.1087108840053792,1.0122807399970744,1.2142509319444288,4.144686338437751,3.460296884742897,4.620717614700565,8622124
1963,R10EUR,E,Min,0.40437867452430076,-0.1592703369302555,0.7491444860183529,1.087989808386995,0.9553230434399765,1.2103523288978502,4.146585927771051,3.466619720675961,4.6551712701513255,8622124
1963,R10FSU,A,Max,0.35527545471657596,-0.05779811507885509,0.5251949927954305,1.1464872644670507,0.9627127737280528,1.2902540687010255,2.9002119446407892,1.8472515458109489,3.712021043140326,4728840
1963,R10FSU,A,Median,0.33409449146073467,-0.10949179163932139,0.603512176087605,1.1543431148854706,0.95994533436138485,1.3255555163134507,2.9709213543049553,1.954185863681515,3.6047966916221137,4728840
1963,R10FSU,A,Min,0.33059947249386656,-0.10810266767618434,0.562046599813355,1.092299722505187,0.9339725563918997,1.2643451379404147,3.1975343031912784,2.118809970028107,3.7492523619377494,4728840
1963,R10FSU,E,Max,0.2871413390394888,-0.10568263968050468,0.5462574867639395,1.0952784083725957,0.9612948172357395,1.21406145132584,3.1971007505174036,2.149462957520676,3.8859905640396692,4728840
1963,R10FSU,E,Median,0.2949015823264314,-0.07589194538616201,0.5394074603793413,1.0709573643413126,0.9723710798338251,1.1865955523274812,3.1971007505174036,2.1456670228590653,3.907842330971227,4728840
1963,R10FSU,E,Min,0.23277387967101437,-0.10985276479387984,0.5388043259182632,1.080075696521191,0.9624358278973941,1.1737751083726582,3.1526516928711583,2.1490778056264297,3.884624828606447,4728840
1963,R10LAM,A,Max,0.33553448953368425,0.07966092800614329,0.6704571336080163,1.0410038734537947,1.010722027967858,1.094193345733289,7.2898045734232735,6.463531500352298,8.20401443059066,7744884.000000001
1963,R10LAM,A,Median,0.2926097424635632,0.02612574670899529,0.6164485247174311,1.0480604522325427,1.0031598167277587,1.0911424779797105,7.283404207625603,6.635674804053751,8.199134690400559,7744884.000000001
1963,R10LAM,A,Min,0.21655435423865832,-0.06520462578088433,0.5645058228481951,1.035455455282789,0.9922518495008337,1.0830826188830693,7.2898045734232735,6.572354418825307,8.140096030270332,7744884.000000001
1963,R10LAM,E,Max,0.2916187202085023,-0.05638141463262692,0.5009234241260042,1.0374090642275058,0.9922253089397908,1.085517634932957,7.2997039286699845,6.7769102011494216,8.177966612082379,7744884.000000001
1963,R10LAM,E,Median,0.20211722980838287,-0.12673341137022737,0.53711780355858,1.0272406841403607,0.9861200285843044,1.0847201845148033,7.2997039286699845,6.773796973306136,8.124327969729858,7744884.000000001
1963,R10LAM,E,Min,0.21523816503172188,-0.10428228197032752,0.5891641044206475,1.0295724530172599,0.9865952654000671,1.0914539521905071,7.303202918119027,6.776459704567395,8.176362569513419,7744884.000000001
1963,R10NAM,A,Max,0.727382312950565,0.41775213812689516,1.0964549336960583,1.1646406824483897,1.0664864263436538,1.234434862446136,5.485639021926879,3.9758713194439723,6.377897756189546,4480184
1963,R10NAM,A,Median,0.6852998465926028,0.2419757322096084,1.0681037678736565,1.137205379604611,1.0350586413394187,1.1989451223023426,5.497659643898955,4.313852238414128,6.532387016062025,4480184
1963,R10NAM,A,Min,0.5189318839455628,0.11643284397545478,0.9982894869025017,1.0834580192766674,1.0179442225376205,1.1874092480627445,5.752139915963055,4.608533549368681,6.863849397569331,4480184
1963,R10NAM,E,Max,0.5562805035103908,0.12526531009863412,1.2277704399842935,1.1036896191838403,1.0117132197353806,1.2627987948396295,5.577570542705752,4.275769706677817,6.869842440847201,4480184
1963,R10NAM,E,Median,0.5478716232820584,0.10264663108316649,0.9616113855857447,1.0938720007255118,1.0157880157350958,1.1959610438184334,5.577570542705752,4.469111790877547,6.946447151166311,4480184
1963,R10NAM,E,Min,0.6866662064970859,0.03297019878317364,1.0005802829146129,1.1126981387867478,1.0063242375567387,1.2183142476705275,5.497659643898955,4.27284028115964,6.865054646452258,4480184
1963,R10PAO,A,Max,0.5234038018708963,0.20877098990906512,0.9895773775056202,1.2866134143783237,1.100956115301269,1.3903010156525382,2.2474565943962235,1.6455727819493855,3.884211565457655,1905991.9999999998
1963,R10PAO,A,Median,0.4196770531325398,-0.013223325524278877,0.88156037618431915,1.1349547154159603,0.9930112266891312,1.4069328123681293,2.257481562735915,1.8196296423324894,3.8778178674547488,1905991.9999999998
1963,R10PAO,A,Min,0.34306264112025486,-0.018775873296777056,0.8358927667570437,1.2250278543195026,0.9955344815558759,1.359172221333796,2.37928284595772,1.8705345971535117,3.5720688987509552,1905991.9999999998
1963,R10PAO,E,Max,0.33736942047261376,-0.03118056441771563,0.7848078569366643,1.2308304494987439,0.9845503642872282,1.4294489659536331,2.695253479599298,1.881972575275928,3.955156954916586,1905991.9999999998
1963,R10PAO,E,Median,0.32810674336817763,-0.16855751663767,0.7327100125428165,1.1680565276017516,0.9604013392752402,1.3310350384611243,2.722242475223651,1.8902134467061846,4.0014746201813765,1905991.9999999998
1963,R10PAO,E,Min,0.2792549371384161,-0.23063014798480652,0.732361741570997,1.1433761383865164,0.9574926481725963,1.3892969764313332,2.720577636309755,1.8943338824213127,3.985277814837717,1905991.9999999998
1963,R10SAS,A,Max,0.09783663303993873,-0.07696229882983033,0.262112405246373,1.0247948214715348,0.9735174645725576,1.0833637579735265,3.5279023307404773,2.7542252183221385,4.109009596204834,19582728
1963,R10SAS,A,Median,0.06694600342714452,-0.07932626515412709,0.1777447765266432,1.0208621979272896,0.9723129666057705,1.0584795863876655,3.5024292792294145,2.769650933026384,4.04944918296106,19582728
1963,R10SAS,A,Min,0.04693019073729121,-0.08986828302877592,0.20098446044543705,1.017221830745106,0.9798528815423916,1.060118589439135,3.4554487658448405,2.7362751245165815,4.0234254581506095,19582728
1963,R10SAS,E,Max,0.11606330640437967,-0.06544893625376305,0.24361614462774536,1.031236716468848,0.9818985583925044,1.0786502029851261,3.456289978580521,2.7829132490907362,4.029237010318014,19582728
1963,R10SAS,E,Median,0.08516342780526953,-0.0638691680935224,0.2556552541543923,1.0286178469919975,0.9839626032659312,1.0744809890550329,3.456289978580521,2.7802087499930064,4.05411353049407,19582728
1963,R10SAS,E,Min,0.06925943276538504,-0.07370677509531376,0.2672556974716236,1.025685878290327,0.9852825366591385,1.0717378943566094,3.4656900900926826,2.782800402752174,4.105421353357184,19582728
1964,R10AFRMEA,A,Max,0.18231838635123943,0.06712856065467818,0.2568332720823932,1.0208909233730137,1.0093636662594525,1.0394607498447204,6.669781822611984,5.652304530233044,7.607102026094749,12807188
1964,R10AFRMEA,A,Median,0.13236649655202548,0.052140075306272994,0.24231822369072542,1.0208438077383686,1.0070689921947629,1.0422077205327156,6.688505474722017,5.7432684091858786,7.716095719947147,12807188
1964,R10AFRMEA,A,Min,0.12900356129221535,0.05065964589426594,0.26374788598433485,1.021080738794966,1.0060645237078734,1.0419024346515207,6.6564737956003865,5.595247230973573,7.7263932177533015,12807188
1964,R10AFRMEA,E,Max,0.22992263779570754,0.0862427214012477,0.3298909865193629,1.0331707241500858,1.0123706830939045,1.0583980340357246,6.6564737956003865,5.6411471510439375,7.671467417883529,12807188
1964,R10AFRMEA,E,Median,0.2108389940372004,0.05726537654316334,0.32341311039486786,1.0323660210100203,1.0085669109392077,1.0449729885596077,6.6564737956003865,5.626344002160216,7.682418826550176,12807188
1964,R10AFRMEA,E,Min,0.1839331706566405,0.050433863965531955,0.3328522174838717,1.0302075082254059,1.0071737240404304,1.0517392620426944,6.661889420698823,5.640449814844619,7.7050061069251345,12807188
1964,R10EASPAS,A,Max,0.090972691747774,0.0010155858536311437,0.19512208413488585,1.0396314426552928,1.000448471081329,1.1004453555019493,2.281831358989993,1.8342296773886717,2.4236969095720147,31479392
1964,R10EASPAS,A,Median,0.08585388574490826,-0.004105938684419569,0.20797594306853845,1.0436939887004226,0.9973292412055825,1.1119382379281122,2.2664447115456268,1.8273581926617546,2.4655157487301524,31479392
1964,R10EASPAS,A,Min,0.1065696602368238,-0.05967753062016795,0.21278526138059245,1.0494822598516074,0.9679460133551229,1.1040288549417516,2.1540868117481926,1.7854849290599792,2.4142758627893026,31479392
1964,R10EASPAS,E,Max,0.06570719155841487,-0.03316866580552333,0.20928178586074514,1.0417916509068816,0.9806981292841119,1.1077199405642335,2.1277563773657633,1.7909707779169768,2.417093324981142,31479392
1964,R10EASPAS,E,Median,0.0956869918220371,-0.053240157673735466,0.23323794340846385,1.047712433309264,0.972618606494481,1.1049413659709568,2.118438630654725,1.7817314023078301,2.413224183048209,31479392
1964,R10EASPAS,E,Min,0.07958532535426976,-0.056693119787014634,0.20082522516746582,1.0466092496269253,0.9774546718750992,1.0850385824641844,2.1193131031366756,1.7909583430585299,2.416694726193817,31479392
1964,R10EUR,A,Max,0.6203185799263515,-0.06625006699308962,0.8490669002977105,1.1477662278344674,0.9827364982775549,1.228220409491129,4.156924994948499,3.720193194274269,4.81633642613983,8680572
1964,R10EUR,A,Median,0.5226448250397846,0.015012734398578514,0.8525253710674193,1.1402304505652336,1.0041862675134003,1.2168171372304668,4.1215469293393925,3.6136529074366943,4.75152518862031,8680572
1964,R10EUR,A,Min,0.6698272164167304,0.11461477187808912,0.9535192801032567,1.1614061334363732,1.0203163367934862,1.2592609738616813,3.931467120742239,3.4354145400295537,4.662498522231907,8680572
1964,R10EUR,E,Max,0.5195178271780214,0.12427481060739197,0.9835801621511903,1.1382808789265346,1.0319994024118262,1.2674721682338599,4.209944889845785,3.5652183472030394,4.831312156679669,8680572
1964,R10EUR,E,Median,0.5225540183669042,0.04422619275563087,0.9197213976827032,1.1146905605540667,1.0048652676552823,1.2534153403463617,4.209944889845785,3.558175444068138,4.847557168612479,8680572
1964,R10EUR,E,Min,0.44519399380250935,-0.09204912688807898,0.8665145393041103,1.093187324834224,0.974363299142467,1.2131790260175368,4.220084996102404,3.564890083166044,4.8810625057238965,8680572
1964,R10FSU,A,Max,0.435842985364162,-0.039746214219531444,0.6197107533176311,1.1442156661597447,0.9942903862697672,1.3374900928102278,2.9816421206348664,1.9203557578466282,3.787827575622039,4691740
1964,R10FSU,A,Median,0.41467298969214217,-0.03620729137947549,0.6466876132656239,1.17225672140605,0.9733616001459245,1.3463275778668984,3.019652693660841,2.0005891983318485,3.715493222278035,4691740
1964,R10FSU,A,Min,0.29277777952055517,-0.10092680971721069,0.6318301686063785,1.0976889134877923,0.9442838900515995,1.2899031614635434,3.237452607162517,2.258972209429365,3.857842684573103,4691740
1964,R10FSU,E,Max,0.35362387308607846,-0.06458505616777406,0.5977103504271559,1.0996789362752082,0.9852356414828193,1.2308522192239046,3.298646156540776,2.210513046661923,4.000256815562897,4691740
1964,R10FSU,E,Median,0.3433008898536649,-0.09537481005278295,0.5625505106630742,1.0824547040678767,0.959592590624602,1.2027561322084734,3.298646156540776,2.2037617907598284,4.000277051566494,4691740
1964,R10FSU,E,Min,0.2257327115326515,-0.13679532946603468,0.5584548648097225,1.075143867254392,0.96222523011507,1.2223479948302296,3.2678437643959515,2.209576904425936,4.000255550812672,4691740
1964,R10LAM,A,Max,0.5016983194467564,0.10869167398762782,0.9436683674268548,1.0614750993804678,1.013412514721018,1.1195594941531375,7.518180310969978,6.714539859307262,8.57070165825698,7938432
1964,R10LAM,A,Median,0.35971458155382763,0.05266219837090523,0.8298619592033025,1.0451447076056923,1.009715747333704,1.113884082534418,7.465600620406223,6.779501525682152,8.548769732773831,7938432
1964,R10LAM,A,Min,0.3566598541402124,0.0313641619140596,0.5920364894925292,1.044855890564998,1.0033728669538826,1.0892091758650586,7.518180310969978,6.756002590159653,8.404791019627648,7938432
1964,R10LAM,E,Max,0.3985654260749403,-0.02511872429748756,0.6358640900767466,1.0570834183802078,0.9969205001182252,1.105743280416177,7.512126318181254,6.888228063347462,8.440230039108124,7938432
1964,R10LAM,E,Median,0.30010651074097794,-0.06009467355891629,0.6002652825568169,1.045357255165194,0.9935381585488601,1.0910370515523682,7.512126318181254,6.867185414225322,8.390272643712315,7938432
1964,R10LAM,E,Min,0.2747159596122204,-0.05658186848677893,0.7379744351318989,1.034997153809863,0.9931534832038084,1.1084519425564827,7.53670424540712,6.887363753658597,8.438183284232913,7938432
1964,R10NAM,A,Max,0.9249902243022974,0.5100026699657187,1.2852301983260606,1.1572264819990146,1.0845222845792282,1.2316660484783268,5.59745249270666,4.106123790275976,6.55597889437853,4442392
1964,R10NAM,A,Median,0.8092539106252548,0.2743014288698823,1.1171143331196955,1.1320901515824375,1.0627059082480352,1.2265197735797375,5.65489561469255,4.337963408034042,6.76606167146643,4442392
1964,R10NAM,A,Min,0.559698007387063,0.20999228785115562,1.1924104822580395,1.1112316615597648,1.0258738902734381,1.201457132154839,5.925777506530141,4.734011947569499,6.974289020493098,4442392
1964,R10NAM,E,Max,0.6659767476743532,0.12541246892577693,1.2427990430137306,1.1230047647116022,1.0222373547159584,1.2843509753685949,5.753076598870365,4.279331960394246,7.009714326176774,4442392
1964,R10NAM,E,Median,0.549405053466447,0.15765309865760566,1.0083607027179375,1.1041064196258157,1.0198306321685082,1.2180370356628765,5.753076598870365,4.478342837619644,7.127021641108868,4442392
1964,R10NAM,E,Min,0.6803313400651945,0.04790673789336353,1.1200251450402838,1.1128224731433731,1.0051845082502666,1.2407692431878377,5.737368101939613,4.343331096341866,7.00238261899352,4442392
1964,R10PAO,A,Max,0.6505861106466224,0.22082518284572863,1.0629030662650338,1.3379883282858147,1.109277257363203,1.4578095315557815,2.2659000701606065,1.6828942788266752,4.013769594394639,1916856
1964,R10PAO,A,Median,0.506772595300859,0.15566002866518194,0.9791567377219373,1.2376383202235637,1.0520360055452387,1.473927322218179,2.289023915433337,1.810446837383973,4.007933416776941,1916856
1964,R10PAO,A,Min,0.3943926898313437,0.1432387913374296,0.914160420392393,1.2352170607595487,1.0389151427463235,1.403473963592351,2.425494046723858,1.8957778868774673,3.707609854742582,1916856
1964,R10PAO,E,Max,0.3884068868254238,-0.022230693051569442,0.9576160616709236,1.2301354151124717,0.9922904928437697,1.5245309180969344,2.744358462544101,1.9023930219919991,4.078587179592576,1916856
1964,R10PAO,E,Median,0.3917310207160676,-0.14917930666397117,0.8764642619562559,1.1965993065896994,0.9608250511760208,1.4101818445333947,2.774923500924528,1.9113326376680861,4.111614059376064,1916856
1964,R10PAO,E,Min,0.27133508385726657,-0.20800313087864786,0.8789164344091311,1.2149884025983788,0.9492372874737542,1.389031104612647,2.7656201996657495,1.9158024455061295,4.108949118352382,1916856
1964,R10SAS,A,Max,0.05063260942652903,-0.13590876537406005,0.2872551101777276,1.0143268908704508,0.9619387327146867,1.1043290238165868,3.891382563625913,2.8810811176645776,4.381406111569041,19990924
1964,R10SAS,A,Median,0.07458255122148749,-0.11079371517553402,0.2419023023259754,1.0177045582283275,0.9719010737850398,1.0834764832008732,3.6691489455555497,2.9178292053976524,4.2340198503942785,19990924
1964,R10SAS,A,Min,0.02256813310575323,-0.14432569440957835,0.2294366109044882,1.0050372167203108,0.9591927991284374,1.0702839540169276,3.6385003753033662,2.867113306267295,4.197918186020143,19990924
1964,R10SAS,E,Max,0.0777712186454842,-0.08628327826320649,0.3248011523370057,1.0225905234187005,0.975502266532511,1.0941502999209956,3.758208324773936,2.91476580798185,4.22809448716242,19990924
1964,R10SAS,E,Median,0.10471849741335437,-0.1412087110028139,0.25211427606439873,1.0382686798598675,0.9635528461341518,1.0883136833277236,3.758208324773936,2.9098313019575555,4.242789004856721,19990924
1964,R10SAS,E,Min,0.08573900396339651,-0.12557650181486357,0.26685150543420333,1.0327684335291436,0.962118179024178,1.0902683402527613,3.839516619873038,2.9145591944493665,4.273096447601216,19990924
1965,R10AFRMEA,A,Max,0.255761526519791,0.07315898697152401,0.32843733124415897,1.0304083201506957,1.0081403488274212,1.0526303948375864,7.043728139636659,5.973684371495961,7.986526430998801,13138360
1965,R10AFRMEA,A,Median,0.20212342662425353,0.0913341252123562,0.3549184727636171,1.0281364239933102,1.0119041858165774,1.0509929110269036,7.059067634876159,6.050539901480377,8.170931503688603,13138360
1965,R10AFRMEA,A,Min,0.2109031150104741,0.05367450149651877,0.29031312114266195,1.0309289425552581,1.006487986765027,1.0446101000692511,7.042885614415524,5.934710974668126,8.173348484643892,13138360
1965,R10AFRMEA,E,Max,0.27614359954580614,0.13528321520570102,0.360167852037809,1.0382183490455137,1.0155304473298004,1.0581531986975614,7.058225109655024,6.019706306076471,8.114121356390823,13138360
1965,R10AFRMEA,E,Median,0.27125887971826534,0.09011933287477678,0.36162334153430886,1.0359077865824107,1.0148122602952538,1.050216192197182,7.058225109655024,6.001043079890288,8.131821681200798,13138360
1965,R10AFRMEA,E,Min,0.2502637655938038,0.08209004828993116,0.4017565149806792,1.0335557932231092,1.0118780999226062,1.0534583363850203,7.059067634876159,6.019656676072713,8.16832860112137,13138360
1965,R10EASPAS,A,Max,0.1397117851783769,0.05749419060106248,0.2545779430827767,1.075678256144313,1.0248095439998868,1.1233435957024405,2.338252547824516,1.905263824130531,2.6807622093179932,32440880
1965,R10EASPAS,A,Median,0.10328648349397596,0.028483605181427122,0.2553653461338554,1.0516579265376398,1.0133071884820142,1.1368148158893598,2.334393277980113,1.9052095302424592,2.6883667618090588,32440880
1965,R10EASPAS,A,Min,0.10191670545461573,-0.05033832551009832,0.2386674554359913,1.040919304788979,0.9820211115908466,1.119033504008352,2.2275677869859,1.8377682840467924,2.6470689463449144,32440880
1965,R10EASPAS,E,Max,0.09998882199959591,-0.015266456165225517,0.2779162228195674,1.0418733897391828,0.9934816802321975,1.1386945066297292,2.1942112916781515,1.8649911841842797,2.6090166981648064,32440880
1965,R10EASPAS,E,Median,0.08377687049040183,-0.03324324118583372,0.2551979936215354,1.040883220120359,0.9832936534173686,1.122400336967579,2.1627287075064094,1.8585911540043507,2.6086443476580246,32440880
1965,R10EASPAS,E,Min,0.10544003355986264,-0.028695167099089147,0.2075622150002734,1.04341056155547,0.9847843891387364,1.122836776905793,2.1685348312498554,1.864781241889106,2.608648917017874,32440880
1965,R10EUR,A,Max,0.6990634644506062,-0.10138923600936546,1.0426761534672122,1.1583312760827065,0.9800632089490042,1.2600674082928567,4.267293449295769,3.7691246560753804,5.0108146371158835,8739020
1965,R10EUR,A,Median,0.5904356330672771,-0.10099614099173747,0.8558323961528675,1.1377001263141815,0.9727355138157244,1.2469703511173602,4.250550364342448,3.7652865601334473,4.917151287103734,8739020
1965,R10EUR,A,Min,0.71211539560247,0.048088953974608224,1.0415107401579549,1.1719878554065617,1.011974612725788,1.2727690749363407,4.105248738070812,3.5012774780457883,4.7982083522009615,8739020
1965,R10EUR,E,Max,0.6115938894286215,-0.10852884662443506,1.1735967187670786,1.1343945758945466,0.9736620724956166,1.2803742885296094,4.300396279055035,3.7228150559949285,4.9964691270660495,8739020
1965,R10EUR,E,Median,0.5946917178040472,-0.0718332695467375,0.9924024078985614,1.133593781886499,0.9851340147283001,1.2725699535472426,4.300396279055035,3.705912994221072,5.026130205790186,8739020
1965,R10EUR,E,Min,0.4063799665666643,-0.19419122830137336,0.9460976001261008,1.0935909391536764,0.9537914011047675,1.2400127839211093,4.312956018874676,3.7225669712500515,5.087306180658716,8739020
1965,R10FSU,A,Max,0.5131529233774577,0.003992895459107068,0.7373122744018326,1.17909760967638,0.9854853400500296,1.3619345836708046,3.0602457731926886,1.9939473494660525,3.910017612000842,4654640
1965,R10FSU,A,Median,0.43699816430316885,-0.06294639499819707,0.731172575257027,1.2057056266860662,0.967739414285367,1.350002293354427,3.11821107339402,2.0344535987747534,3.87209996053336,4654640
1965,R10FSU,A,Min,0.35430970991343247,-0.08151758685864711,0.7076406807577877,1.0829868106448672,0.9566157025306549,1.287355322406851,3.409375233605199,2.406384351307511,4.007471488813092,4654640
1965,R10FSU,E,Max,0.3680551500298992,0.01684440457092501,0.6589500519365257,1.0980116915411022,1.0029982830836077,1.2426673042066154,3.412341396120789,2.287969615062999,4.087578990428142,4654640
1965,R10FSU,E,Median,0.31380766544121963,-0.09778234326871896,0.6024827392737894,1.094349002637943,0.975240064502593,1.2169425968996586,3.412341396120789,2.2777780574833715,4.089520914193187,4654640
1965,R10FSU,E,Min,0.22706439901150643,-0.08078640371300327,0.6302279991475066,1.0788367382273227,0.9658391230360892,1.2205567353611042,3.408268650478081,2.286187046231411,4.0874576201928265,4654640
1965,R10LAM,A,Max,0.6459900233869296,0.11321982174351121,1.05510737770398,1.0846449260355575,1.0185899112887278,1.1390646491632235,7.698458316763911,6.945402765781024,8.749984336280802,8131980
1965,R10LAM,A,Median,0.4592581901241184,0.09353486153656614,0.9425154160983417,1.059626400121607,1.018947707420279,1.1354831691515574,7.668141723338994,6.92562734643836,8.757342112594364,8131980
1965,R10LAM,A,Min,0.4000580473701465,0.12470391980410474,0.7526696616523133,1.0517795355983455,1.0136631181265094,1.0963150530149819,7.698458316763911,6.900876010487273,8.748252089690007,8131980
1965,R10LAM,E,Max,0.46466364254830816,0.006632285323630105,0.809443690402962,1.0637725478681672,1.0009186444030642,1.1120642690284288,7.713592027548529,7.073433702274561,8.749202820240177,8131980
1965,R10LAM,E,Median,0.4456302252700861,-0.05614500656835229,0.7426457647992625,1.0616768918990132,0.9905716544772019,1.1037706611582023,7.713592027548529,7.0666656129507235,8.747859965430168,8131980
1965,R10LAM,E,Min,0.34721872425840594,0.03039742225248787,0.7677239870113173,1.0400199049965866,1.0028842225406152,1.0984542475960515,7.728774910188827,7.072814722329448,8.749153975487637,8131980
1965,R10NAM,A,Max,0.9024470000485734,0.5339899296712729,1.376481676978515,1.170060058854221,1.1020238190963318,1.2631116885480695,5.708659154709339,4.236091190098784,6.725758340522264,4404600.000000001
1965,R10NAM,A,Median,0.8783246893605678,0.39759188470570367,1.2611848645754768,1.1567490940720684,1.0772878585777108,1.2528865400062745,5.815930339406317,4.353808918307863,6.995388399885954,4404600.000000001
1965,R10NAM,A,Min,0.6018215479450713,0.22030722220259313,1.3188311348274482,1.1162056569204752,1.0455641132059683,1.2125554601471766,6.035318303723901,4.824270775365024,7.088747473904094,4404600.000000001
1965,R10NAM,E,Max,0.7577393786647018,0.16530818693975033,1.4029257656198129,1.1257363204329247,1.0216784310617024,1.3028377668674227,5.910686489341508,4.3806843265105915,7.142273530317714,4404600.000000001
1965,R10NAM,E,Median,0.5717533906634713,0.17721985935689402,1.0686047677779844,1.1334402965454071,1.0271844946011797,1.2412792210815367,5.910686489341508,4.511296465443207,7.294428383876316,4404600.000000001
1965,R10NAM,E,Min,0.66865590469423,5.036556957902505e-4,1.2556929039377063,1.1051770592185515,1.0000780346581506,1.2476426112664687,5.886576712490356,4.514978588391751,7.132763851970303,4404600.000000001
1965,R10PAO,A,Max,0.7425656334622169,0.19051237111350655,1.1544467827510094,1.3503835908853374,1.1125950685932735,1.537417813553121,2.3094968597795127,1.7483434834760319,4.145465131454883,1927720
1965,R10PAO,A,Median,0.5793214933234587,0.22201194489535042,1.025758985884574,1.2973814384010716,1.0780569541675216,1.5231758180655026,2.3406430258307407,1.829585527155757,4.137489427820009,1927720
1965,R10PAO,A,Min,0.5829373195285191,0.2048031381271912,0.9696450901032825,1.2624386908571346,1.0653683387085524,1.4903477450265767,2.4810153903968963,1.9224721705436147,3.9211065540041545,1927720
1965,R10PAO,E,Max,0.42397506676145635,0.044267787186442725,1.0013341108782843,1.2410551245971848,1.011982241571611,1.5823890614094978,2.8087184661584415,1.9285272643811315,4.153664088430249,1927720
1965,R10PAO,E,Median,0.39165761343341765,-0.16504281954401684,1.0406663949230026,1.2198156355839203,0.9431087721262701,1.4777066913167527,2.85283338592878,1.9409487891723591,4.237183931992882,1927720
1965,R10PAO,E,Min,0.31697274196053565,-0.17347861331333214,0.920385210090382,1.207822181430636,0.9408482740124778,1.4184505551218773,2.8444615919490297,1.9471595515679732,4.233197871438494,1927720
1965,R10SAS,A,Max,0.14151751882032704,-0.18762500054606965,0.29905977679261986,1.0326870443618794,0.9519033806724508,1.079255633619118,4.1704554233742135,3.10752083428575,4.892807806325482,20399120
1965,R10SAS,A,Median,0.05898577149543094,-0.14981843822195456,0.22815909194894993,1.0095193010925587,0.9639108317185179,1.056092835359184,3.8965165169315776,3.106694249677883,4.689176577461378,20399120
1965,R10SAS,A,Min,-0.024898066995880264,-0.17107034863055173,0.23980993068569845,0.994428066488134,0.9662843237583546,1.0764713970519648,3.8854109765312836,3.01319523636148,4.383943991806268,20399120
1965,R10SAS,E,Max,0.11170232885103593,-0.13782754880571577,0.28264923703489253,1.0344101814260394,0.9628992062838102,1.0835750856971855,4.064008681203898,3.0857840265336742,4.523983755597476,20399120
1965,R10SAS,E,Median,0.05782673998405552,-0.13604139107670454,0.2772099696358703,1.025050077543741,0.9701953310131819,1.077115256313028,4.064008681203898,3.0771550748475045,4.531841335282821,20399120
1965,R10SAS,E,Min,0.04359270121973258,-0.1553704393354738,0.23522183182833256,1.0128048584601255,0.9615176544867953,1.070722344769124,4.119382589219957,3.0856117757426893,4.548047593383845,20399120
1966,R10AFRMEA,A,Max,0.2649981254155036,0.10640345963852257,0.37918255678780455,1.0371359991025315,1.0173030011532593,1.0621614304374725,7.400525722283264,6.317613908100237,8.306871446024763,13504512
1966,R10AFRMEA,A,Median,0.2617913519973385,0.1204175013419376,0.44495885944453123,1.035380032286623,1.015308263177221,1.058833189102814,7.545761541301325,6.369693597089616,8.519271103568633,13504512
1966,R10AFRMEA,A,Min,0.2638351022113383,0.10341819070361319,0.39384363939297695,1.0365410690750483,1.0126959493713257,1.0498164392079152,7.400525722283264,6.270894576806615,8.534357235893314,13504512
1966,R10AFRMEA,E,Max,0.2923997046906299,0.13283259496610492,0.47288873865849357,1.0433386127671107,1.0167423065329217,1.0615321187946065,7.4122328206386285,6.3413405017115965,8.504184971243951,13504512
1966,R10AFRMEA,E,Median,0.29010021771871286,0.13380742789155142,0.39570725303246373,1.0401460920821781,1.0164247260762131,1.055319453818381,7.4122328206386285,6.331223534337338,8.522752518720484,13504512
1966,R10AFRMEA,E,Min,0.28476926619444853,0.12468814407686502,0.43049841528160826,1.042597246062095,1.0158538974871365,1.0601160546241584,7.427053947215823,6.340205887653825,8.561048085390826,13504512
1966,R10EASPAS,A,Max,0.18586475213736664,0.10682746987221857,0.3354333429579452,1.100144209888279,1.0378027690012295,1.1399117323880634,2.403553917058848,1.9473346131985365,2.7595754083090327,33404132
1966,R10EASPAS,A,Median,0.20339028785320368,0.07192582049136262,0.34163993695816114,1.089413924127776,1.0415673169057875,1.1509499217004662,2.390526795136603,1.9462923124872062,2.785724875892498,33404132
1966,R10EASPAS,A,Min,0.16468944745834646,0.05841382054212934,0.26444783860428833,1.0814479383510247,1.0223760424218473,1.1184466211381112,2.2989920793338845,1.903596532498501,2.7157607528118355,33404132
1966,R10EASPAS,E,Max,0.17332513453443488,0.06840460734251234,0.3595569823144442,1.0731375019517024,1.029725831603996,1.1605978199472873,2.2548217425643333,1.9230916018098811,2.6996394962518346,33404132
1966,R10EASPAS,E,Median,0.17753218313339136,0.039000870814068125,0.31433192726898695,1.0838380972683337,1.0216954522970731,1.1463060688298845,2.2337557625340834,1.935316028937293,2.6847432301794245,33404132
1966,R10EASPAS,E,Min,0.11765570330257069,0.011068615244807845,0.3145873196048532,1.0554418808603772,1.0049991396398663,1.1491223347611124,2.2518264875611225,1.941428242500999,2.698646235633409,33404132
1966,R10EUR,A,Max,0.7088768330587603,0.04315245566985357,1.2279512947116746,1.1564067378313987,1.0116044075257407,1.2865904793587923,4.34689541701667,3.8931887753682415,5.154958281474142,8734300
1966,R10EUR,A,Median,0.637098432193862,-0.18106174215875076,1.151179042719058,1.1389865841045717,0.9530247009334266,1.2601535872786078,4.3532917178081165,3.8903685970155686,5.07230783771951,8734300
1966,R10EUR,A,Min,0.8449193652578819,0.08142673610202628,1.1072699067409073,1.201681376772176,1.020875876847158,1.2962546868142657,4.273022158377344,3.6005335711792243,4.95092148447096,8734300
1966,R10EUR,E,Max,0.5967128938567399,-0.1462007004583786,1.2348363002802012,1.1408745835418141,0.9777569007932865,1.3044641356404236,4.500235495339748,3.8566276121607967,5.219617305796379,8734300
1966,R10EUR,E,Median,0.6582054605809248,-0.0974530978113686,1.1400233716948744,1.1445638704636862,0.9741190597924461,1.2758878358149985,4.500235495339748,3.827643243949418,5.224231284484563,8734300
1966,R10EUR,E,Min,0.4089000854696616,-0.30935867103720316,1.0495564080806128,1.085424717283119,0.9532814150017287,1.2657470180751003,4.5129508079571075,3.8564197318320868,5.233747615528941,8734300
1966,R10FSU,A,Max,0.5881360696671414,0.1013073964685017,0.8176414777535663,1.2007519530449575,1.046343667505274,1.369381519992716,3.128695536314268,2.0722748315549286,4.022514511442835,4533532
1966,R10FSU,A,Median,0.5796591584985689,-0.01322782425189941,0.8954956649396979,1.1962806112227438,0.9911235199227427,1.3773693275123604,3.153157143675759,2.1037419103148234,3.9769170557993023,4533532
1966,R10FSU,A,Min,0.3261711248062521,-0.0495861134996372,0.7698926726199974,1.1033330854286683,0.9694878353913122,1.3307281257131678,3.489144810375,2.4754031371802423,4.131106912167512,4533532
1966,R10FSU,E,Max,0.3308498100142492,-0.06707038733912568,0.7873059658425307,1.1042617415029312,0.9877451653559549,1.254605442348171,3.489144810375,2.3754237499455177,4.1466015159801435,4533532
1966,R10FSU,E,Median,0.3794383944015255,-0.07330579084566652,0.654356198003383,1.0999129972160742,0.9666043653502137,1.235925646360172,3.489144810375,2.3671408787709094,4.158493171990506,4533532
1966,R10FSU,E,Min,0.2681779929837267,-0.03293940371277371,0.7434985742843285,1.0838966274816169,0.9843106651060822,1.269504942724166,3.4732487478458833,2.373908147246726,4.145858287479496,4533532
1966,R10LAM,A,Max,0.8046047776615599,0.31524734019338907,1.1558959010321364,1.098198226215023,1.0408533386885042,1.1466440297656084,7.937212887716411,7.186666438640266,9.047963494797514,8269856
1966,R10LAM,A,Median,0.6986181340809505,0.24252110735967902,1.1226573650110203,1.0742938327886367,1.0320109696909938,1.1563925894264369,7.8770224160976925,7.115178438025319,9.045181916652037,8269856
1966,R10LAM,A,Min,0.6502104971909288,0.1551840915568335,0.925529521998721,1.0716825294396723,1.015612543111661,1.128211129415783,7.937212887716411,7.08493890394146,9.001109793894287,8269856
1966,R10LAM,E,Max,0.5809532494396681,0.2109145578319684,1.0391637895439978,1.0713768771693943,1.0232048825981537,1.1426300818417563,7.952082121123737,7.2362879519289285,9.0787764776739035,8269856
1966,R10LAM,E,Median,0.5456448402997971,-0.08405729970767598,1.002569318952804,1.0695108637071866,0.9892961827944585,1.1257542797074458,7.952082121123737,7.207165243576799,9.047963494797514,8269856
1966,R10LAM,E,Min,0.4535567579029802,0.06301641855686224,0.9122731084189706,1.0516607051663345,1.0088131244020837,1.1281239962277916,7.997403359335131,7.23517712243416,9.07856085439775,8269856
1966,R10NAM,A,Max,0.9848165783850398,0.5569968794266124,1.4470415966040155,1.1947670763402676,1.1089546753925317,1.2691837020023937,5.820697759395852,4.306346602801713,6.896381300516486,4303920.000000001
1966,R10NAM,A,Median,0.8793668378552746,0.4786347608570668,1.4259844306986649,1.1639028358891155,1.082200209446594,1.2532758193922555,5.9857395339559165,4.4574262518074095,7.2659269041539645,4303920.000000001
1966,R10NAM,A,Min,0.7861478477407304,0.36744592076104154,1.4204244650550018,1.1562240757671538,1.0488468986312292,1.218925880973188,6.110061886587328,4.916137462958102,7.275358951294411,4303920.000000001
1966,R10NAM,E,Max,0.7947125761671354,0.1265286685921236,1.54516309716533,1.146533881510301,1.0329132480480352,1.283588733688151,6.060411885363602,4.584694591270712,7.2876133999565536,4303920.000000001
1966,R10NAM,E,Median,0.6365378711138006,0.12407897807979401,1.170499756329975,1.15138659083879,1.0176716758947295,1.2744226035695825,6.060411885363602,4.675263598125013,7.438374311882953,4303920.000000001
1966,R10NAM,E,Min,0.6566388485523924,0.008278792145985037,1.3188917108471245,1.1157152583830685,1.0016902537789212,1.2633474134111637,6.048603031182474,4.583322333591102,7.2781908429611555,4303920.000000001
1966,R10PAO,A,Max,0.8077211067147383,0.24018533327143365,1.2278311343369692,1.3481272443875816,1.1314931604753502,1.5580486715951647,2.3471570101954775,1.7698586649457426,4.385673425481283,1964455.9999999998
1966,R10PAO,A,Median,0.7076119379715309,0.20074005556250996,1.1477358279969725,1.3151803912055224,1.0768408584900937,1.5557693803371953,2.3865114067329025,1.838728335564893,4.385462177905323,1964455.9999999998
1966,R10PAO,A,Min,0.7762467086407101,0.22023742009507902,1.1372164538769156,1.3291338541965683,1.0940023514138635,1.5540997390255287,2.5415428241865934,1.9546131138417837,4.069590747971433,1964455.9999999998
1966,R10PAO,E,Max,0.5150271956809667,0.07918363999926095,1.0057149057977592,1.2499059163172457,1.0453128486950731,1.5977164342506298,2.8217602421458814,1.9699727475128708,4.250857691971669,1964455.9999999998
1966,R10PAO,E,Median,0.4127080839030258,-0.17733089785337108,1.0877757731280573,1.226643694861068,0.9173366479124461,1.4753702814908036,2.982834131697743,1.970022238965049,4.339420875162196,1964455.9999999998
1966,R10PAO,E,Min,0.3472935628215609,-0.1520015028502808,0.9039605204552044,1.2222278764005698,0.9534027369636336,1.460676902968689,2.853547409744926,1.9700469846911381,4.316210476002386,1964455.9999999998
1966,R10SAS,A,Max,0.14764796793853097,-0.11024157198049324,0.34604105407090857,1.0278751603340706,0.977421071083902,1.0870573518615707,4.466623517774868,3.22948376130888,5.011394461374804,20800552
1966,R10SAS,A,Median,0.12320880970199255,-0.12669893575149527,0.32045363071651234,1.0235455059853844,0.9669981857271672,1.0768393390496411,4.3941061638772485,3.2430418458194175,4.902707562868622,20800552
1966,R10SAS,A,Min,0.0034993936092566624,-0.1205872766358276,0.31991793577566885,1.0008703687335734,0.9624379807564598,1.076407868730075,4.260140675111479,3.215947517516594,4.786823507388869,20800552
1966,R10SAS,E,Max,0.11740164521874763,-0.09966289799768001,0.3772776902987245,1.0299344621563216,0.9782725238626709,1.1003285978240367,4.381075446719883,3.25914980974724,4.811355270059827,20800552
1966,R10SAS,E,Median,0.11446449122353552,-0.1364124661134898,0.31102680573972086,1.03110095161473,0.968550280465303,1.078661678782415,4.381075446719883,3.252929949563682,4.821025552616872,20800552
1966,R10SAS,E,Min,0.08752464941341476,-0.1528153773415819,0.25552508989722345,1.0156296445250454,0.9555437240480626,1.0613784251545348,4.3941061638772485,3.2590866934044502,4.840970510390779,20800552
1967,R10AFRMEA,A,Max,0.3360417429052096,0.15591511532602395,0.47050320828933445,1.0451790145114934,1.0189899898795292,1.0699514199105242,7.818490011037723,6.671636430672239,8.689592245764509,13870664
1967,R10AFRMEA,A,Median,0.3665698318018009,0.14218580977196538,0.5000421563199023,1.0438995533179136,1.0173194914950445,1.066111527238843,7.935555627453413,6.726174398718865,8.850912744153508,13870664
1967,R10AFRMEA,A,Min,0.29061231749046623,0.15504527951489516,0.44435480429545055,1.0370079923451605,1.014171087459558,1.0590598526155957,7.818490011037723,6.615159324404917,8.904942555682862,13870664
1967,R10AFRMEA,E,Max,0.34819794561244155,0.1887881681694151,0.5519677959305405,1.044902540204532,1.0240089777460006,1.0677528992361567,7.776778675048248,6.693192945411348,8.796882932624152,13870664
1967,R10AFRMEA,E,Median,0.31484147637455795,0.14307447600579667,0.4609319332917124,1.039599815282671,1.0179503966917989,1.061450156511631,7.776778675048248,6.68371514496706,8.863381162198744,13870664
1967,R10AFRMEA,E,Min,0.31559040325878307,0.17606942074829668,0.46294778197631725,1.0412099594043787,1.0213552265392998,1.0650348019822178,7.7803306023714125,6.691687096401641,9.000533760696339,13870664
1967,R10EASPAS,A,Max,0.2821269716032698,0.16854018088068376,0.5791103950405653,1.1625825274259252,1.090704832621924,1.2306586752107012,2.4562728444287076,2.0352131284091617,2.8947003755024667,34367384
1967,R10EASPAS,A,Median,0.2795695430876046,0.1574866299946568,0.3894413068848228,1.123101078468495,1.066847539746893,1.1989528749982235,2.4481235432860604,2.0557103959144203,3.0068331544910585,34367384
1967,R10EASPAS,A,Min,0.21580968144215218,0.09202130526577582,0.3692178896989508,1.1060867066988882,1.0378200539630038,1.1507669699363992,2.3989361450006186,1.9568764721225722,2.8112621787028598,34367384
1967,R10EASPAS,E,Max,0.21614206665685132,0.06667429222711302,0.5137380273306533,1.0955208224152755,1.028979865169334,1.220157565368251,2.3678313511008255,2.0130906294080986,2.812187401554104,34367384
1967,R10EASPAS,E,Median,0.2390236596455907,0.06389656787883691,0.43955721557984717,1.1025134904937373,1.031973921261714,1.1867559455956713,2.3290102704330815,2.0122359477970804,2.7966441832223565,34367384
1967,R10EASPAS,E,Min,0.18636669060986333,0.07798858203894432,0.4144295243130576,1.0910809749098735,1.0324388249288075,1.1666613685452043,2.365319048483727,2.0130224759977047,2.811653748974868,34367384
1967,R10EUR,A,Max,0.6552748662991372,-0.006528153875754183,1.4508649720304756,1.1398042776732598,0.9990179980739351,1.334343721173973,4.532447512497831,3.9965707517003883,5.290909912487907,8729580
1967,R10EUR,A,Median,0.687656633219409,-0.19304972752469451,1.4066200017218027,1.1568988135229585,0.9517039410226037,1.301331251782424,4.524711289461654,3.9938972062893363,5.240844179637573,8729580
1967,R10EUR,A,Min,0.9312448808281737,0.15328442697411662,1.2667345085900976,1.2027260963824364,1.0369936936774458,1.29743898288928,4.39101603212799,3.6829850788894727,5.127381766438775,8729580
1967,R10EUR,E,Max,0.6287386673120894,-0.23209287835563125,1.3792570596441307,1.1530092623194497,0.9661930140985494,1.3233932424727324,4.6170865388126785,3.982311842841446,5.349100695888532,8729580
1967,R10EUR,E,Median,0.6803539246537456,-0.24040993362787508,1.2730704554954628,1.1635705657842226,0.9572354960778835,1.3090492572067218,4.6170865388126785,3.927011076764166,5.349954191892706,8729580
1967,R10EUR,E,Min,0.43332549123122366,-0.1832649354711764,1.203411119806551,1.1007637476208463,0.9553093100546073,1.291376865935998,4.647138346069686,3.9814206610377623,5.351714527401314,8729580
1967,R10FSU,A,Max,0.6440349104330279,0.067329601412943,0.8888199946586642,1.1985572578616013,1.0216007867834522,1.4088414468022812,3.1616752796093808,2.1650131505196346,4.095348793747991,4412424
1967,R10FSU,A,Median,0.6488426742677538,-0.05053447812876116,0.9941341266441279,1.2097774630594997,0.9857240713648759,1.4000730534238122,3.2346517942139963,2.2318509977758905,4.0813566861764565,4412424
1967,R10FSU,A,Min,0.39330003807621416,-0.02605432836304147,0.8131337973038313,1.0844491584274838,0.9891791248677735,1.360264494987284,3.520682362982627,2.528345821728424,4.205318091640327,4412424
1967,R10FSU,E,Max,0.3877754206763777,-0.05702074598532059,0.8565723796455967,1.0952221088680016,0.9924664698744726,1.2734992265647551,3.522093916007459,2.465748745799671,4.2980211316517005,4412424
1967,R10FSU,E,Median,0.39611232832030785,-0.1169820940750192,0.6792949732209639,1.0963536258263682,0.9619152106377,1.2507014822979636,3.522093916007459,2.4592390557718957,4.317206427971869,4412424
1967,R10FSU,E,Min,0.3081398279678571,-0.08513670781951488,0.7365713318273623,1.0762585265454496,0.9761412319810345,1.279554333115811,3.513402560526938,2.464750120151884,4.2968220506316905,4412424
1967,R10LAM,A,Max,0.8568125464664194,0.38568895892582894,1.178589805140938,1.1012706600956825,1.051940111125499,1.1672071659886127,8.295898680335307,7.3876369510584015,9.20472392784556,8407732
1967,R10LAM,A,Median,0.8465523190431243,0.3274868446199329,1.1320496763029138,1.0952008377306228,1.0423273401341524,1.1591413084340738,8.271715051982143,7.346686083161713,9.201622009156804,8407732
1967,R10LAM,A,Min,0.772087799267807,0.2616884732787829,1.123085254437449,1.0843208515635077,1.0275209305644473,1.143931150883034,8.295898680335307,7.298438193154174,9.174013767192253,8407732
1967,R10LAM,E,Max,0.7354990325418758,0.22404749710174113,1.1834405746792538,1.0760536019545022,1.028092385223624,1.1607074344002348,8.295898680335307,7.382890888272079,9.239807140999643,8407732
1967,R10LAM,E,Median,0.6380709140580731,-0.012895053130141304,1.1028595323786992,1.0800472123342346,0.999056673789196,1.1467886609933513,8.295898680335307,7.368815540578803,9.20472392784556,8407732
1967,R10LAM,E,Min,0.5342941330746118,0.07032705093137537,1.1477921165182003,1.0668071514434387,1.0053408813016975,1.1451262960576547,8.320082308688471,7.382594259347934,9.23884503342186,8407732
1967,R10NAM,A,Max,1.1045863450389333,0.6350854663174738,1.6520014732811847,1.194342826081348,1.1177087745875993,1.3131626995625931,5.9018248849899715,4.422659345706021,6.976139386229084,4203240
1967,R10NAM,A,Median,1.0252981061396569,0.5745986297298765,1.5156126203636524,1.1697647525783859,1.0803042163665657,1.282829544647507,6.12198436340325,4.605346942664595,7.441961030249473,4203240
1967,R10NAM,A,Min,0.7717099426001555,0.37241314664631936,1.4080926872037003,1.1632234903811232,1.0589133278149958,1.2233518652873334,6.248727906471803,5.0149067672929695,7.551048720579304,4203240
1967,R10NAM,E,Max,0.8577637886777032,0.14381529546632513,1.667687454242383,1.1640056851766987,1.0239835529692523,1.2775362185007526,6.183529015875965,4.763952340458623,7.583649400772444,4203240
1967,R10NAM,E,Median,0.691243611898972,0.12394623208514578,1.3212896489822925,1.1511182812451013,1.0140997204779558,1.2731140469891784,6.183529015875965,4.879767601673123,7.684077822924436,4203240
1967,R10NAM,E,Min,0.6917387101804824,0.06997766136179884,1.2459691818001022,1.1271135813315594,1.0062477487434223,1.291905582970799,6.155772759200892,4.762197563773555,7.577372624387946,4203240
1967,R10PAO,A,Max,0.9590073637949275,0.2385145030545632,1.2290688150750764,1.446002266873552,1.142390944912674,1.6154927840292388,2.55510163979174,1.8200985217549097,4.5516169487676,2001191.9999999998
1967,R10PAO,A,Median,0.751385526149132,0.2629737869196148,1.2358712136023005,1.3021102754478044,1.108452674331574,1.549649035368917,2.6772347051169785,1.84817106857545,4.549840275791302,2001191.9999999998
1967,R10PAO,A,Min,0.9312118936638333,0.2721427221274539,1.19364860649524,1.3360078519793297,1.1069795616087141,1.5612054056827276,2.7397905387518837,1.9567732701597322,4.164142440630665,2001191.9999999998
1967,R10PAO,E,Max,0.6373140469324273,0.1393740575486535,1.0993820062649835,1.2737739487205655,1.041889859652922,1.6380973284860605,2.8705052175430676,1.9735615686887882,4.358866082352778,2001191.9999999998
1967,R10PAO,E,Median,0.3797641833228477,-0.18970277164053795,1.0902313749921289,1.2470121726289507,0.909745344982634,1.495864293377271,3.0096446921116513,1.9864670013935422,4.41851769145726,2001191.9999999998
1967,R10PAO,E,Min,0.37775137384970514,-0.12831468759475584,0.9314719760809496,1.2271907361805494,0.9549300485203771,1.4065527855520137,2.8879493841991395,1.9929197177459193,4.355137856783749,2001191.9999999998
1967,R10SAS,A,Max,0.1341643808269961,-0.021638718073785493,0.2767286839095626,1.030571697052461,0.9956977957776847,1.0882142466846667,4.708621169434063,3.3532150635229807,5.3319786734153025,21201984
1967,R10SAS,A,Median,0.09668855307725233,-0.08532451538535826,0.33003721705663314,1.0206519292696248,0.9811432996032692,1.0813099294224553,4.605494191055321,3.4187678896741467,5.253940447200635,21201984
1967,R10SAS,A,Min,0.13157886863577994,-0.11803573450494202,0.3637190359981298,1.032318136026071,0.9676436788039128,1.0784186355607623,4.417417428766123,3.4014960872990234,5.068050282105447,21201984
1967,R10SAS,E,Max,0.13052970497030936,-0.0885358338575866,0.4477031328967616,1.0348029163824541,0.981009477603563,1.0982746773231,4.446593387208969,3.4299195503133055,5.015749879112157,21201984
1967,R10SAS,E,Median,0.14619240300878666,-0.12466656181861377,0.3779815549406279,1.0319883737819033,0.9717369639844269,1.0933838258497683,4.446593387208969,3.4253835749260557,5.047934742492644,21201984
1967,R10SAS,E,Min,0.08879222644797391,-0.1840193755065056,0.34088211751073727,1.0229685467629848,0.9622299040207933,1.0957358595609428,4.446712794531879,3.429502775177244,5.114316023214896,21201984
1968,R10AFRMEA,A,Max,0.34220940369181907,0.16768007572043017,0.5201809197387619,1.0507531797991447,1.0188010444832567,1.076907455470059,8.191123764864319,7.036252472176255,8.993349396508266,14236816
1968,R10AFRMEA,A,Median,0.37258285930411894,0.1689215824930365,0.6309393908478662,1.0441920833338503,1.0242482166110811,1.0763814455890313,8.301848361511501,7.137703135161004,9.141386138489453,14236816
1968,R10AFRMEA,A,Min,0.32087478153592786,0.19504563082734208,0.5682335116421315,1.0411198398601536,1.01898218939255,1.0687607863026218,8.195789803344187,6.958478807564844,9.21998869876051,14236816
1968,R10AFRMEA,E,Max,0.37742783381195166,0.20077703560787089,0.5521604420978691,1.0488114596673288,1.0280311022620539,1.0740318280093721,8.134077630693632,7.110096132031555,9.062783578218395,14236816
1968,R10AFRMEA,E,Median,0.33476254102014114,0.15727998768415402,0.5554065497362815,1.041249570416074,1.021724809294617,1.0674651504280244,8.134077630693632,7.079062807423227,9.159525190859698,14236816
1968,R10AFRMEA,E,Min,0.32614519134080844,0.15949986663680882,0.5574458659457253,1.0464708638426987,1.020860786098575,1.0676534708876968,8.14036584461213,7.109868758599041,9.359054766932383,14236816
1968,R10EASPAS,A,Max,0.35419590972236814,0.22201658358152968,0.5347931098014628,1.172462962772693,1.0947465841187831,1.2331536135623615,2.5610525060208484,2.1589196743877004,3.0340338841635077,35330636
1968,R10EASPAS,A,Median,0.37408129629470155,0.2411541486073411,0.5152243215901197,1.1444833660555604,1.108950894676174,1.2336981148992,2.5281463520694833,2.1772403272115533,3.122670537141089,35330636
1968,R10EASPAS,A,Min,0.2671142294875777,0.11800872079129737,0.43622026371412403,1.1145322059226896,1.047440674262941,1.2097857218273678,2.4479763006510327,2.082008743089261,2.981286408837833,35330636
1968,R10EASPAS,E,Max,0.3110234977564377,0.10342824151861534,0.5418204681296975,1.1290159817066767,1.0343856692562554,1.245329961463164,2.440355617717719,2.0995040671965732,2.969517283311349,35330636
1968,R10EASPAS,E,Median,0.2798625847568883,0.06382720793398708,0.5062290964692613,1.1052985921370617,1.0274540570406607,1.2138700451436688,2.430538494694296,2.098040916235624,2.921812503328841,35330636
1968,R10EASPAS,E,Min,0.22622027964422076,0.04402001369197617,0.5192902425493204,1.0892524375560237,1.0167359967576666,1.1858847999667979,2.4403369878726013,2.0989207527258786,2.9690646246372534,35330636
1968,R10EUR,A,Max,0.6669691742578738,0.10569916385172023,1.6366172048697707,1.1675969607369554,1.026513450457295,1.3523142053751671,4.678833001519246,4.092903381752279,5.497583861810514,8724860
1968,R10EUR,A,Median,0.8108200889650656,-0.08905474637126497,1.6700317530443853,1.1846480909536545,0.97815366647047,1.3277701130418471,4.686041047896618,4.090264606958884,5.450417968638578,8724860
1968,R10EUR,A,Min,0.8913297797904802,0.2110241014166008,1.4026467341129167,1.2041746808001084,1.0488082718027816,1.3252260636343323,4.479216511304774,3.7797808234591734,5.357010380925894,8724860
1968,R10EUR,E,Max,0.7421328752236955,-0.28217070064919086,1.4459457776836504,1.1719986460336906,0.9545835186018313,1.3442603500359631,4.7492459481343605,4.0785451852364645,5.520742646990212,8724860
1968,R10EUR,E,Median,0.7040500873663904,-0.2683996430985084,1.4285908407587238,1.1788165464576243,0.9427652550316269,1.3278795832211083,4.7492459481343605,4.073918181447236,5.563943926222712,8724860
1968,R10EUR,E,Min,0.4770992258393312,-0.1539276437269681,1.32428170584418,1.1317850840957344,0.970490892316003,1.3204144244692453,4.787161770445365,4.077950324589712,5.65304656463974,8724860
1968,R10FSU,A,Max,0.6700032259196511,0.043496310973304864,0.9692874220412371,1.1948182961192788,1.0129853940215496,1.4318701762694799,3.201541127858832,2.2472651050022208,4.14188501065324,4291316
1968,R10FSU,A,Median,0.6472445338643107,0.009559412131234466,1.0768905036815504,1.227212800714846,1.0015291175640635,1.4077013681627937,3.3252344029219936,2.326288493913119,4.165896554230657,4291316
1968,R10FSU,A,Min,0.4227886419611586,-0.03455202094459039,0.8582277644935346,1.1032295896679187,0.9886759906851541,1.3299155737340982,3.550736402755957,2.5789168998265097,4.33442635810147,4291316
1968,R10FSU,E,Max,0.3785497545162828,-0.055446872759484706,0.9006524826954165,1.0995449213711934,0.9811432677085128,1.2955918995332656,3.656408968675131,2.5501771808774385,4.402386254108564,4291316
1968,R10FSU,E,Median,0.40489529823882675,-0.23531384184597978,0.7134135185081042,1.1001854236032562,0.9374998257950928,1.2630525759734255,3.656408968675131,2.5461267574036137,4.427270369484062,4291316
1968,R10FSU,E,Min,0.3256639358510869,-0.06878117681015539,0.7661612286395323,1.0800690522438896,0.9766416605878973,1.2905923195844948,3.6224990563837234,2.549654393384338,4.4008309968975965,4291316
1968,R10LAM,A,Max,0.9466389911069202,0.4147484423428498,1.3238371997071194,1.1124194138725296,1.0650859068931833,1.1751388318669742,8.633537829270383,7.619963652171279,9.438127463520242,8545608
1968,R10LAM,A,Median,0.9143351469265095,0.3788247136322213,1.2885444087766653,1.1081997505459689,1.0444967032370132,1.1731535541429046,8.607489319203594,7.428094835008375,9.435975617388605,8545608
1968,R10LAM,A,Min,0.8844124146412815,0.29678794112997353,1.2794306216436802,1.1050467249359075,1.0358417284648247,1.1723823982325823,8.633537829270383,7.352022555150973,9.409427330942467,8545608
1968,R10LAM,E,Max,0.9180288848145786,0.2139537039780887,1.3137836288031628,1.1005745083319978,1.0229471504028744,1.1820773731226961,8.633537829270383,7.619418476007968,9.478089483243805,8545608
1968,R10LAM,E,Median,0.7602853369423577,0.08276990498709312,1.2995304944157586,1.0868334642752515,1.0105941908791851,1.1678198566770999,8.633537829270383,7.559236533094797,9.507235335336496,8545608
1968,R10LAM,E,Min,0.6945733032389381,0.026449495504687448,1.274916461592996,1.0803264760600064,1.0019556009418316,1.1618897327673254,8.65958633933717,7.6193844024977615,9.567348655277668,8545608
1968,R10NAM,A,Max,1.155440661889872,0.7262494436484681,1.7872605450905263,1.2188993573314022,1.1237775914794,1.3217147379555856,6.032956798074928,4.496314188647434,7.06132050755001,4102560.0000000005
1968,R10NAM,A,Median,1.1063671124299312,0.6586148558656777,1.7014074591740247,1.1889773638594074,1.118118986808597,1.2942114456170768,6.233893279444529,4.767468463849775,7.644748469396067,4102560.0000000005
1968,R10NAM,A,Min,0.8737484266001918,0.48732663949740485,1.6754539078072115,1.1539380485354804,1.0613636597748353,1.2436032717593322,6.432396842016963,5.280697496687734,7.8801019126009635,4102560.0000000005
1968,R10NAM,E,Max,0.9120278764628549,0.27791009850007264,1.7408081837393399,1.158244983006932,1.052298420752863,1.3085940150454431,6.37842945429877,4.913901745641672,7.940552095314784,4102560.0000000005
1968,R10NAM,E,Median,0.689816124667608,0.07152088082989694,1.4705534603486097,1.1705201397847034,1.0042037279105056,1.3008568322580432,6.37842945429877,4.982766592632027,7.980761291942397,4102560.0000000005
1968,R10NAM,E,Min,0.7475992882586162,0.019416994664556597,1.4247194127739968,1.1192887728426464,1.00113735618156,1.2925772393008135,6.3626248693468215,4.912858338869091,7.938039020525559,4102560.0000000005
1968,R10PAO,A,Max,1.1348014951863106,0.4430408999040054,1.4732707921079884,1.4546624963306487,1.1811926403036912,1.702890540284273,2.6186187603581077,1.8815489430169547,4.652515931432429,2037928
1968,R10PAO,A,Median,0.7770763409279668,0.3513916542704097,1.3314889211088508,1.2968311808421604,1.0999326332568327,1.5911286566404863,2.7545095546522607,1.88036232812466,4.646181909630886,2037928
1968,R10PAO,A,Min,1.033483212483101,0.39701202100765765,1.333787805145553,1.3766614706988407,1.1846917507685437,1.6021781737294292,2.9510450924059843,1.9016895100340814,4.272347374427803,2037928
1968,R10PAO,E,Max,0.7850556780991818,0.15163229929608782,1.2994840129462035,1.3195898818118028,1.0559716822606047,1.6289137909812572,3.202259722070324,1.9035690641775047,4.502319477479163,2037928
1968,R10PAO,E,Median,0.42129534198035556,-0.19603734099214737,1.1726421781501029,1.274922243957529,0.9004935500257292,1.5557263595137016,3.2151877572479153,1.9806771400449383,4.539643122783498,2037928
1968,R10PAO,E,Min,0.3575703793627585,-0.14178537981916262,1.0664950418410586,1.2345244741348884,0.9541960782783504,1.4866799391013632,3.2034201376686693,2.019231177978655,4.4999867496476424,2037928
1968,R10SAS,A,Max,0.15951462830551066,0.0068050187797074335,0.34030278581897394,1.0359395387380577,1.0016155827371063,1.0716469133041477,4.928140710995921,3.5062475915472007,5.692356852979355,21603416
1968,R10SAS,A,Median,0.1329629956938576,-0.09074969425674421,0.35421026225211727,1.0384182445868282,0.9782237212115905,1.0714322684234263,4.892484478139423,3.564721031471449,5.647854994159672,21603416
1968,R10SAS,A,Min,0.14724270774718518,-0.05241729787818382,0.3896012933704136,1.033958744669804,0.9904797179899356,1.0919348838997753,4.4761437931396095,3.5455984816161026,5.308276359190076,21603416
1968,R10SAS,E,Max,0.2204637534069236,-0.07509253378558971,0.3845807528880758,1.0445718265888941,0.9894014051354229,1.0946529740594277,4.587635131187969,3.640564162642266,5.272742536722242,21603416
1968,R10SAS,E,Median,0.15376830507821682,-0.038976445570406665,0.41202111989291235,1.0292005979200922,0.9907499125586507,1.1054681788442096,4.587635131187969,3.6253474841398177,5.294609504394756,21603416
1968,R10SAS,E,Min,0.15009162374861962,-0.13789141070198863,0.42260556662278503,1.0282133819554575,0.9778057475881917,1.1097859403810937,4.671808240815604,3.6403580851682995,5.339710125219313,21603416
1969,R10AFRMEA,A,Max,0.407186583623548,0.23694760531414988,0.7314795874371868,1.0540876917337783,1.0281600851373924,1.0871433006170457,8.513079376143134,7.380576911756408,9.24530268029661,14602968
1969,R10AFRMEA,A,Median,0.49920267911025995,0.19189088596766096,0.7790506376328854,1.0588112283307354,1.026061865363562,1.0868607429263673,8.667765902896239,7.432407439098316,9.49471937578895,14602968
1969,R10AFRMEA,A,Min,0.4203599102658009,0.11808317123796953,0.6669527799338768,1.053965930400842,1.01414609899419,1.085792931176906,8.593912355032732,7.280754000659407,9.533864813639223,14602968
1969,R10AFRMEA,E,Max,0.4514977586360165,0.15051436832202544,0.7063695967255275,1.0553783402749346,1.0222244329620878,1.0862230792780234,8.574606790499354,7.343513292686551,9.455573937938677,14602968
1969,R10AFRMEA,E,Median,0.3939318168755044,0.10793692771182524,0.6679517855552304,1.0427567916461742,1.0153160504146879,1.075521158176877,8.574606790499354,7.339461845832993,9.503752938369782,14602968
1969,R10AFRMEA,E,Min,0.4156417595222628,0.12020605216172164,0.6260174169649648,1.0492888247764776,1.0191853956981278,1.0818615273133023,8.575323252968419,7.3429165396189156,9.603122126758935,14602968
1969,R10EASPAS,A,Max,0.4122004957125561,0.17181899558055302,0.6424089938219443,1.1914612742080632,1.070996475731024,1.2776126627087534,2.625788094836973,2.206707497574237,3.189689195517013,36293888
1969,R10EASPAS,A,Median,0.42010546824381034,0.24679389455353534,0.5990263397007821,1.145396132185022,1.099838142965403,1.247795477128338,2.610574577682171,2.3387892324442965,3.2146402597529375,36293888
1969,R10EASPAS,A,Min,0.29594596864025813,0.11442263472458229,0.5957936883503984,1.1176329760201749,1.04159702726191,1.2402300186552042,2.531652047677717,2.1716687176380502,3.1249863117393786,36293888
1969,R10EASPAS,E,Max,0.3575388467804297,0.14870183183741179,0.6015778650026826,1.1387724083534598,1.049144786785309,1.2895113143367418,2.49588560940246,2.161050487051846,3.084567235636696,36293888
1969,R10EASPAS,E,Median,0.2953284507360415,0.02826731307389584,0.5753239870612259,1.142967698038997,1.0113304407704091,1.247618759588641,2.4796192821074783,2.1702715820346024,3.0345685311802724,36293888
1969,R10EASPAS,E,Min,0.23869041349260733,0.02188954898336526,0.6304425408037981,1.1112008204208417,1.0096975415819858,1.2412034234507618,2.4862164903930335,2.174882129525981,3.0830126557865936,36293888
1969,R10EUR,A,Max,0.8747043699164978,0.15964069572334041,1.8574873547120783,1.195461053843559,1.0330475131861614,1.3474734948313878,4.783407400894751,4.186293659161468,5.703516549166874,8720140
1969,R10EUR,A,Median,0.9095117284143655,-0.041142786298193436,1.9061721079398124,1.2014158173616434,0.993081946597877,1.3500660477148339,4.790650612748017,4.184515238481392,5.613385217592075,8720140
1969,R10EUR,A,Min,0.9711244210259502,0.19679874783954215,1.588247081139889,1.195775091786436,1.048587143015506,1.3603576623492322,4.570977418771193,3.9151602720621,5.466072332954349,8720140
1969,R10EUR,E,Max,0.830221779860719,-0.2914217674557937,1.443494278970407,1.1696472175558597,0.9535047585712288,1.3543007336460096,4.845137933249353,4.1768087488677335,5.925540386985402,8720140
1969,R10EUR,E,Median,0.9128066510367763,-0.2718866669020451,1.6371063749992247,1.2038461993693756,0.945233508664695,1.3637757780358502,4.845137933249353,4.137803458573726,5.937702165121159,8720140
1969,R10EUR,E,Min,0.5581851417628139,-0.1422912588260985,1.533618820641407,1.129027021568843,0.9746243604771343,1.3123056876232937,4.851907153753424,4.176215941974375,5.962785832526158,8720140
1969,R10FSU,A,Max,0.7433007478166269,0.041933285622254166,1.096365661726129,1.1881293288283032,1.0126422924656922,1.458258400878695,3.246565949215313,2.3292832946170483,4.235758422998976,4170208.0000000005
1969,R10FSU,A,Median,0.7016031206832756,0.08702919579379258,1.1262965885018354,1.204626266051699,1.0397412298498108,1.4311246110759186,3.41745317475169,2.4071620854845923,4.257300121183492,4170208.0000000005
1969,R10FSU,A,Min,0.4461578094741092,-0.04481122656429573,0.9015297577836143,1.112715573676263,0.98909911970132125,1.343383290860968,3.6130068805737006,2.632955176546,4.467407229865971,4170208.0000000005
1969,R10FSU,E,Max,0.47718870255537604,-0.1154180474288724,0.9331044261321354,1.1184476319157999,0.9830254474428116,1.3218672205090145,3.722961328934523,2.6389273312631403,4.508477589389704,4170208.0000000005
1969,R10FSU,E,Median,0.3935644564406351,-0.30145174681385767,0.8595703010989704,1.089677379594328,0.9391745110023417,1.272184315632861,3.722961328934523,2.638563596801138,4.531864492964388,4170208.0000000005
1969,R10FSU,E,Min,0.43791902108818737,-0.0672369095725256,0.792242937230385,1.1027902154557112,0.9655243236333328,1.3032072223590727,3.7019503931220927,2.6388449923087016,4.507015907916286,4170208.0000000005
1969,R10LAM,A,Max,1.114966834053651,0.49555422615394096,1.5440020144075306,1.1315017579691462,1.0657961408883205,1.1978082100863288,8.881488955956465,7.539343828259116,9.720152989652467,8683484
1969,R10LAM,A,Median,1.0781259230732907,0.4682765290932484,1.542994871769058,1.1130273774724917,1.0524510331751293,1.1813434514559589,8.825110281084395,7.439323390556066,9.719370894099878,8683484
1969,R10LAM,A,Min,1.0598879184549972,0.3405268548164572,1.3752746567253826,1.1242656943988294,1.0350847690622562,1.1750104256524316,8.881488955956465,7.390122376863744,9.682712875734083,8683484
1969,R10LAM,E,Max,1.0341529519085366,0.2610526055480185,1.4785858263098435,1.1152939156377544,1.0361927955962233,1.1881442237761233,8.881488955956465,7.531834531367566,9.751273068662673,8683484
1969,R10LAM,E,Median,0.9212697598889377,0.0937389157038224,1.4476121640359008,1.1144045985171869,1.0107696045447416,1.1786676182053033,8.881488955956465,7.502804468096041,9.754193677112351,8683484
1969,R10LAM,E,Min,0.8049366139801482,0.19903176324060468,1.3910179497533193,1.0922855796549633,1.0229410470996616,1.1648750987269896,8.937867630828535,7.5313652003118445,9.760217432039811,8683484
1969,R10NAM,A,Max,1.3605491899910243,0.820932797834718,2.233917872883721,1.2600489998026063,1.1269220001658065,1.3558554700243832,6.192946675971237,4.668638015881286,7.166240698295063,4001880.0000000005
1969,R10NAM,A,Median,1.3201424623572775,0.896579929705807,2.0411702141443797,1.2161603799937013,1.132172424833412,1.3152263894695506,6.307604414240423,4.854332467132826,7.839081673540397,4001880.0000000005
1969,R10NAM,A,Min,1.0729061976139942,0.5844648260114428,1.9076773548129144,1.158994291240579,1.0941832009879982,1.286815912656371,6.58898464473197,5.404314805355801,8.185530047385644,4001880.0000000005
1969,R10NAM,E,Max,1.0454086267194995,0.15327372425169586,1.8655221452336865,1.1654796902747013,1.034083967995145,1.3384333267832884,6.553069350877076,5.031728175510535,8.237552519956179,4001880.0000000005
1969,R10NAM,E,Median,0.7801371963508448,-0.15986078510115315,1.5849462218866883,1.1810875158750502,0.9814953147074553,1.3205300618131377,6.553069350877076,5.075325590061248,8.257752009081027,4001880.0000000005
1969,R10NAM,E,Min,0.7193061991857319,-0.05108052012383624,1.5393323580992067,1.133010616323404,0.9963528470271369,1.2936801490907734,6.544013978973524,5.031067608623403,8.236290051885875,4001880.0000000005
1969,R10PAO,A,Max,1.1514139223330573,0.5231072756426552,1.667273695847563,1.4423980365410234,1.2447195489499367,1.7586891008626129,2.689678822205152,1.9114619287184025,4.698319067578206,2074664.0000000002
1969,R10PAO,A,Median,0.8642121310299054,0.4397656862330298,1.5758520214217913,1.354455575531906,1.0914852841252276,1.7063534991881837,2.8581840442402666,1.8916321307197286,4.68900781015079,2074664.0000000002
1969,R10PAO,A,Min,1.084184742682574,0.44087450432789443,1.3882711321132777,1.3411957553124059,1.185196898348449,1.6936421823523822,3.003682138071054,1.9390106799233044,4.51794898082146,2074664.0000000002
1969,R10PAO,E,Max,0.8484296534638511,0.15409871754307017,1.3446489214128854,1.3667748399554407,1.0484906470039475,1.6292137627410403,3.2224805486769026,1.9505834289822412,4.627792244517321,2074664.0000000002
1969,R10PAO,E,Median,0.41891242815744356,-0.1663002534411688,1.1883121815769728,1.2208967937629782,0.9303152322188397,1.5559863324427274,3.301459034345401,2.017401461388059,4.633592417895997,2074664.0000000002
1969,R10PAO,E,Min,0.36056336901278496,-0.2708587396660702,1.1158492187794333,1.2537305702595374,0.9113464584112663,1.4699372632034577,3.237602781965025,2.0508104775909675,4.627429733681154,2074664.0000000002
1969,R10SAS,A,Max,0.2579719531184559,0.021197384593789108,0.47423501171574156,1.0537994887402564,1.0049204924038109,1.1091467156061638,5.086070510845023,3.643954474783183,6.035946694209665,22004848
1969,R10SAS,A,Median,0.20889214148625213,-0.11441001431457676,0.5066269431773832,1.0404020723241025,0.9787605545108883,1.111835069027145,4.948642913764032,3.6727715148302296,5.877093484865678,22004848
1969,R10SAS,A,Min,0.24743547286303458,-0.06638069703419963,0.44946463382630963,1.0435468564096002,0.9837281272357989,1.0954749136781845,4.607963180634451,3.659796479317552,5.514953657440902,22004848
1969,R10SAS,E,Max,0.2523327523905874,-0.09566557817810346,0.6140919036561362,1.0576636082468331,0.9818249945273555,1.1289838165228563,4.875484883029019,3.762912556627204,5.552800708025637,22004848
1969,R10SAS,E,Median,0.29395929753387096,-0.07959108338457786,0.46059275673539324,1.0530529470146037,0.9881877575709184,1.1090899447489553,4.875484883029019,3.746914519319822,5.6105360873754275,22004848
1969,R10SAS,E,Min,0.22022967316479525,-0.12119260984440405,0.4897887834222163,1.0484549056861516,0.9813169792012909,1.1093129811820797,4.915810186646306,3.7620561189060795,5.729615307284368,22004848
1970,R10AFRMEA,A,Max,0.5395274639985299,0.3005446986562544,0.8570064374581079,1.0571866805671895,1.0316871575455815,1.1029787350562763,8.780736921249403,7.716086699881154,9.740223331681925,14969120
1970,R10AFRMEA,A,Median,0.6267674008262798,0.21308128448435573,0.8721724649054352,1.060033580589933,1.0363948557237368,1.1031995740196425,8.97825385455734,7.707132500471381,9.76244390351189,14969120
1970,R10AFRMEA,A,Min,0.5095781231624943,0.08944902915549852,0.8129624477227263,1.0687125308876269,1.0108082931099747,1.0996887463207106,8.96073237167679,7.624723313928878,9.775605794592876,14969120
1970,R10AFRMEA,E,Max,0.5839052573239223,0.26635442299528683,0.8640680972519695,1.0548833781224347,1.0350746473708536,1.1036633747622921,8.978683622708928,7.665560654588746,9.80000569168961,14969120
1970,R10AFRMEA,E,Median,0.43420414511777405,0.1492002067022109,0.7589349628657891,1.0466659961918339,1.0201082431251327,1.0883282598154014,8.978683622708928,7.659702754743595,9.817821282329424,14969120
1970,R10AFRMEA,E,Min,0.4796127616569823,0.06028797333527702,0.7937014482856757,1.0593473101149207,1.009659206528974,1.0889982364876203,8.979113390860515,7.665346236559108,9.854565938024043,14969120
1970,R10EASPAS,A,Max,0.46558798099508025,0.1681825214088284,0.7580545719513152,1.194561241276387,1.0518054798870693,1.3264579591176702,2.738741669287606,2.3190695908039247,3.32519859389694,37257140
1970,R10EASPAS,A,Median,0.4211833819400421,0.2199373739482264,0.6600262564555812,1.1601457886323898,1.0838366205668786,1.2921308374160907,2.7365335233346983,2.3997913870896586,3.297626884508744,37257140
1970,R10EASPAS,A,Min,0.3714104363199967,0.16978609298187547,0.6725293646682944,1.1723531163721925,1.0535370370228132,1.2691023507448718,2.6365171343665965,2.248370134841698,3.240441046573135,37257140
1970,R10EASPAS,E,Max,0.4158745823409955,0.18321089919350958,0.7312608458719448,1.1625463178574384,1.0382735939540395,1.3198446310148746,2.5894046805869233,2.2436348411542415,3.1885160968660125,37257140
1970,R10EASPAS,E,Median,0.3527659626067995,-0.0023439399703407034,0.6305726611329915,1.191178985700717,0.995820017258152,1.294376165798349,2.5576708233195458,2.247747069882822,3.138332144251488,37257140
1970,R10EASPAS,E,Min,0.32899267028636237,-0.0752821338629488,0.6846740758317078,1.1373709228303468,0.9713489153739469,1.2671845391257324,2.560815803406246,2.2498031842471122,3.186518983415739,37257140
1970,R10EUR,A,Max,1.1057801354378956,0.13987723327849425,2.0562007800308457,1.2341131009435258,1.034776042090801,1.3572193346844421,4.907953032657327,4.282132419947907,5.849794922297553,8715420
1970,R10EUR,A,Median,1.0109324983944963,0.13151853162275623,2.1011895641724236,1.2046927269255205,1.027423182024938,1.3881047018278652,4.9092537712504996,4.2811344544223555,5.7456513763616,8715420
1970,R10EUR,A,Min,0.9459883082228877,0.16084036677312008,1.8184513129031004,1.2169443307245056,1.0349485968895111,1.3949835683296938,4.702708710237152,4.145301243008953,5.594519364231622,8715420
1970,R10EUR,E,Max,0.8506085460662103,-0.1692317485975521,1.531272311945903,1.1823451864011933,0.9573147402673796,1.3469174249307942,4.929445047286423,4.276809937144963,6.020878496991335,8715420
1970,R10EUR,E,Median,0.9017741204002525,-0.30176348222696703,1.8034855293020526,1.225667350330565,0.9395030990722006,1.383566981771591,4.929445047286423,4.245613378519095,6.04332234430219,8715420
1970,R10EUR,E,Min,0.5740861222228926,-0.1828357513376453,1.5629402166179367,1.1727179644090118,0.9681370349208231,1.309380641485072,4.936980282728657,4.276477281969778,6.089612779380827,8715420
1970,R10FSU,A,Max,0.7916175613278058,0.20575228992216027,1.2023867976608877,1.197623310788905,1.0603031539382677,1.4839656223078088,3.341119636991561,2.4152073776026537,4.315724919997018,4049100
1970,R10FSU,A,Median,0.8008213512937756,0.1760167703841778,1.1700695884291128,1.1896477900377538,1.0743331979111466,1.4774892819248326,3.5114370659397816,2.476336138067513,4.392895585104295,4049100
1970,R10FSU,A,Min,0.46030929874694404,0.11090307938133982,0.9272247971662471,1.1255177685221889,1.0325024768876547,1.376200009370867,3.676506137120538,2.6918439132662773,4.575916205488454,4049100
1970,R10FSU,E,Max,0.547233929035154,-0.08904969485782235,0.9912743345415612,1.1284332215830668,0.9779666344488087,1.3327128308934644,3.770785731559892,2.7301894743841832,4.614733358042923,4049100
1970,R10FSU,E,Median,0.4512935701971761,-0.23659800744118342,0.9705297596103335,1.1008950696668385,0.9486122325161506,1.2990938601796325,3.770785731559892,2.719838430820848,4.623012667037999,4049100
1970,R10FSU,E,Min,0.4430702407403013,-0.18938819878360746,0.8478136645514218,1.1343934862675662,0.9578420322854838,1.3205836581445938,3.7675107152607596,2.7300532073835706,4.614215901230731,4049100
1970,R10LAM,A,Max,1.2929017952240445,0.6199912726843908,1.813910370411978,1.1531950511549232,1.0642524914883138,1.224553582710402,9.244719300668486,7.5840260132623225,9.848138023593553,8821360
1970,R10LAM,A,Median,1.1508312705773127,0.6161639415514029,1.7111370248200237,1.1355457428986104,1.0674045427737404,1.2029887700816202,9.141942467783878,7.463265928347051,9.84607929920395,8821360
1970,R10LAM,A,Min,1.1189903444644806,0.46591768682522666,1.5139000960411284,1.1406470083217017,1.052086175896617,1.1755927174535312,9.243827023643007,7.43272536734646,9.855000438225558,8821360
1970,R10LAM,E,Max,1.1566841115731852,0.482768056001055,1.6139510349509505,1.1335129799038304,1.0522252140106905,1.2058525779436577,9.2321444081096,7.618382826556017,9.96886119553658,8821360
1970,R10LAM,E,Median,1.0416604458587702,0.14419251851453824,1.6533338032140708,1.1274170047531924,1.0132078777840021,1.187961954706795,9.2321444081096,7.601373012569917,9.972091479715147,8821360
1970,R10LAM,E,Min,0.8849364939447977,0.16694926017037748,1.480293863545576,1.1031040248165043,1.022599096855028,1.1759311310374907,9.25278718134996,7.617927769727614,9.978753940833437,8821360
1970,R10NAM,A,Max,1.4309977269928054,0.9225733773336579,2.6175178758919113,1.2861452512171248,1.1446970420726124,1.4198446551882762,6.428000487800822,4.93941543640509,7.277151219268967,3901200.0000000005
1970,R10NAM,A,Median,1.3683973492488954,0.9293865145160376,2.3616037732419177,1.220858072282597,1.1233297658850667,1.3359659856070576,6.5790848063207905,5.071660554855044,8.028512493783936,3901200.0000000005
1970,R10NAM,A,Min,1.1258966165103317,0.6584952484544344,2.0199227177702967,1.180855257963863,1.0948055198489677,1.3102339547456432,6.757563021068209,5.472537723087744,8.406213041967773,3901200.0000000005
1970,R10NAM,E,Max,1.2342520214479884,0.09118602883352707,2.1165565727323785,1.1684118250707796,1.0179317849417842,1.3831246682935938,6.687338964619043,5.165998135864238,8.4281748698325,3901200.0000000005
1970,R10NAM,E,Median,0.7967119376815918,-0.2495704520853929,1.7147824449886069,1.1508471815232801,0.9717827725142956,1.3303381092354516,6.687338964619043,5.173654605939857,8.504243934930177,3901200.0000000005
1970,R10NAM,E,Min,0.7493161252107576,-0.08476085945539324,1.5911257146422022,1.1289755550614748,0.9933569390949956,1.28869236407582,6.631823396703362,5.16588212874188,8.423420553263897,3901200.0000000005
1970,R10PAO,A,Max,1.18169388165367,0.7792378410497373,1.8294031596355564,1.518642160960372,1.269541467714186,1.7733945293730424,2.761654817269254,1.9248705223904918,4.807200742344428,2111400
1970,R10PAO,A,Median,1.0190249810953755,0.45292537635039654,1.7194564361542395,1.3633828945636592,1.1213141852867106,1.7520918225568582,2.9529322834067977,1.9146891395140155,4.804181212747094,2111400
1970,R10PAO,A,Min,1.0893264118355486,0.4677342222187264,1.6081007338054607,1.3595884592595695,1.1749189896108398,1.7428110967882682,3.0361571335908217,2.010411078934755,4.72000263633528,2111400
1970,R10PAO,E,Max,0.8317118154721946,0.15601509849544706,1.4155656026064507,1.3588926337047136,1.0568346437484426,1.6396123723184868,3.2174838486239565,2.0219527780176807,4.79109658449198,2111400
1970,R10PAO,E,Median,0.4043742847783198,-0.22019397183352687,1.2104094431954548,1.2139061945569563,0.9325948137768273,1.5214941037088294,3.3970982194442962,2.058082285779803,4.807200742344428,2111400
1970,R10PAO,E,Min,0.35109497263957046,-0.30472474477580924,1.180253351473171,1.2544896640155212,0.8966110399062059,1.58177288889915,3.2254656617755777,2.0761470396608646,4.790090074626202,2111400
1970,R10SAS,A,Max,0.32257433241907885,-0.03680562922152111,0.5957441663618734,1.0533885627549031,0.993976019102857,1.1412847933242443,5.165858342346414,3.675356337666293,6.3328208355147995,22406280
1970,R10SAS,A,Median,0.2984148760867109,0.01136741894421487,0.5841651424687573,1.071402304382374,1.0017864964969414,1.1368964867025957,4.969423104368594,3.69602013988529,6.316870664452045,22406280
1970,R10SAS,A,Min,0.38061307213488016,-0.050688307599949536,0.5746154907607864,1.0766837466916344,0.9881183654587329,1.121730324661263,4.725882751213857,3.7614902504530434,5.701408122265004,22406280
1970,R10SAS,E,Max,0.28484392417739124,0.059461104835882926,0.7156274362960242,1.0715098369967158,1.0112383059834724,1.15240548327664,4.928381842999,3.940171728963175,5.73384758614117,22406280
1970,R10SAS,E,Median,0.3585362567118313,-0.0754927207101314,0.5947456158226039,1.0751029722420054,0.9863348036882633,1.1249710448014358,4.928381842999,3.9235364754989352,5.7701579609467775,22406280
1970,R10SAS,E,Min,0.30924106329012657,-0.08132794481250372,0.6185942495850965,1.0825443318685664,0.9766402654637518,1.1263570801753942,4.956722965983986,3.9401201169778037,5.845048108983343,22406280
1971,R10AFRMEA,A,Max,0.5753487854294552,0.3184557220485853,1.1029995550081177,1.0823102446418797,1.0366597058934,1.1153173255677886,9.143152844203009,8.017302445874394,10.2627169919103,15417580
1971,R10AFRMEA,A,Median,0.6585287849628365,0.3328336279513366,1.0135629385324068,1.0764766914212824,1.0400190685710178,1.118716643388721,9.264037219007033,8.010999449247441,10.255499591163632,15417580
1971,R10AFRMEA,A,Min,0.5106214991123341,0.16571898674520924,0.9645827335490528,1.066826503809211,1.0240948950622917,1.1167141802691671,9.258172120032484,7.961972985395555,10.286774994399195,15417580
1971,R10AFRMEA,E,Max,0.7162252548201824,0.32371418596490975,0.9555744536782097,1.0706812427096293,1.0340890973515338,1.117628996824039,9.329742547639508,7.973267697823751,10.314113583270167,15417580
1971,R10AFRMEA,E,Median,0.46399084277298375,0.17400679756765358,0.8680601794479197,1.0572317817355628,1.023822366438802,1.100292110813541,9.329742547639508,7.957098770361621,10.323254747957021,15417580
1971,R10AFRMEA,E,Min,0.535527842766049,0.0703767781413438,0.9351581518142078,1.062158508512594,1.0104589105507253,1.1055100430568232,9.395447876271984,7.973183679973603,10.342108400123653,15417580
1971,R10EASPAS,A,Max,0.5355872808162044,0.18657730086090854,0.8892701958335855,1.1971107375729293,1.0697815850449195,1.3788531867646445,2.834600773985146,2.4369835392674775,3.4079621244246594,37047952
1971,R10EASPAS,A,Median,0.47983562209809305,0.20298584291083255,0.8373405537543848,1.1926899329146876,1.0671575013744654,1.3262811640977774,2.8259503284324063,2.4863932544196197,3.4077827067152224,37047952
1971,R10EASPAS,A,Min,0.45300566424263433,0.16934085152263606,0.7913238278483521,1.2062009608062825,1.0566113044752519,1.285981291295014,2.706086794554106,2.38550342739444,3.396556781341795,37047952
1971,R10EASPAS,E,Max,0.45369109649550643,0.15206425842781382,0.9296010033646341,1.173375747299869,1.0393546675362255,1.3593629501095135,2.6776596260563865,2.359997702541364,3.3848130982563993,37047952
1971,R10EASPAS,E,Median,0.4444741695410882,-0.038740192503728677,0.7415860310512239,1.1957156623046,0.9877586511814115,1.3041611888536542,2.656383143149566,2.364139357221153,3.266279900606722,37047952
1971,R10EASPAS,E,Min,0.39820371122754383,-0.12700699157390982,0.7114861494824944,1.1552690137594317,0.9676242308339136,1.2936083540234713,2.673414502885586,2.366210184561047,3.3843614181377304,37047952
1971,R10EUR,A,Max,1.2713225037623666,0.12240248605241,2.2871387994127512,1.2760399590796792,1.0275050983048923,1.384785568942374,5.071935107762141,4.389374093645618,6.035729796209596,8631668
1971,R10EUR,A,Median,1.142114016293541,0.17061734213995206,2.1530040336154794,1.2203446929989417,1.0405880337916416,1.3888348680805138,5.056230448209453,4.409592411543867,5.898900854854376,8631668
1971,R10EUR,A,Min,1.0457062777357518,0.23266724715372167,2.070621067472465,1.2333628524158868,1.0515721353134708,1.4276952916470353,4.883215524156802,4.323892248626487,5.715146526003995,8631668
1971,R10EUR,E,Max,0.8752593833205924,-0.35200991256991615,1.6477819581836504,1.1983361493269018,0.9531561638230666,1.3441142572916296,5.1006041261971165,4.457073386395521,6.113405712146794,8631668
1971,R10EUR,E,Median,0.8016377498632141,-0.3162009952809606,1.9796614405639512,1.2139126001557843,0.9440891643195157,1.3996248680713061,5.1006041261971165,4.438497553961645,6.122398839670039,8631668
1971,R10EUR,E,Min,0.5948864714312854,-0.17759406320576154,1.6744188936164814,1.1766037878292295,0.967009153662447,1.3112716277735947,5.113568485079403,4.4570138729601645,6.140947165186731,8631668
1971,R10FSU,A,Max,0.8653674187881584,0.21351604673288344,1.2871922695974298,1.217537261935639,1.0796615917731263,1.5473047199477277,3.4753357306989745,2.4823707753774205,4.32210363060065,4100624.0000000005
1971,R10FSU,A,Median,0.9111199804686063,0.3695386848594053,1.2832784640690402,1.2070768747749883,1.0975909251818026,1.4802143644090118,3.5481104514963677,2.539530975481043,4.539839295532952,4100624.0000000005
1971,R10FSU,A,Min,0.5857916147865103,0.16746952297108894,1.0463442836788064,1.152782677348537,1.0318384078313017,1.4132926036925482,3.6627520106608324,2.723515892806077,4.650455298946651,4100624.0000000005
1971,R10FSU,E,Max,0.4999539269641676,-0.04401272187981055,1.0062715133877267,1.1620808057036924,0.9935532183321217,1.3447580247724698,3.82522988369934,2.8182706802665725,4.69014160935891,4100624.0000000005
1971,R10FSU,E,Median,0.504088675444143,-0.2333274352776153,1.0969912737850631,1.1259762262050712,0.9520986474307531,1.3279572422406796,3.82522988369934,2.788314331838709,4.69248221517727,4100624.0000000005
1971,R10FSU,E,Min,0.502280268601472,-0.2512565753179201,0.9396851638266868,1.1543648033607194,0.9409289758388443,1.3317698447830038,3.811961855099706,2.8182042068013056,4.689995321495262,4100624.0000000005
1971,R10LAM,A,Max,1.4433171869433679,0.7693029240916505,2.050320062554536,1.1632324594620735,1.0769048799208538,1.2414424808414226,9.353090059700758,7.749769657439138,10.116410813830438,8956792
1971,R10LAM,A,Median,1.3087583884109488,0.6684424476626076,1.9932108099860075,1.146033142982891,1.0732881260215819,1.2182290381129754,9.293741154225316,7.635109112724271,10.112972367938793,8956792
1971,R10LAM,A,Min,1.1244669259667526,0.6297720681694117,1.6874939416269465,1.1342181174462391,1.0712678979531585,1.1940901289100805,9.39271506183458,7.589102373255331,10.127872300135916,8956792
1971,R10LAM,E,Max,1.2736369783249746,0.45639901841484376,1.8596474463713561,1.1466182660875273,1.063597315664015,1.2136923070921308,9.39271506183458,7.81916570629266,10.17930920879607,8956792
1971,R10LAM,E,Median,1.1709690857378194,0.21509426116073502,1.8904973882523484,1.136010283047296,1.0231192044109687,1.2020564971538203,9.39271506183458,7.791280604692052,10.182671321666128,8956792
1971,R10LAM,E,Min,0.9751546370867361,0.08989540171317145,1.6256910525224502,1.1177034361224023,1.0164174225506948,1.1750293965870309,9.412438965176198,7.819125781872555,10.189605679460618,8956792
1971,R10NAM,A,Max,1.6331082359561946,1.023047548512994,2.941052094102091,1.287206089742325,1.1615650794687429,1.4370690392617917,6.599459873263786,5.075598394005903,7.3817867952431735,3853400
1971,R10NAM,A,Median,1.6270920979919161,0.9034045103198793,2.6038510725613238,1.2361884830777683,1.1257905421043952,1.3886834871262796,6.692083090110564,5.2992145279345895,8.175096139449925,3853400
1971,R10NAM,A,Min,1.3825234352198215,0.5457207407958875,2.255795848566086,1.2051673410827162,1.0829711811957798,1.342139276046497,6.885869516095964,5.609589797045955,8.63457804297813,3853400
1971,R10NAM,E,Max,1.1480675798994926,0.15978923764730088,2.3728423734818,1.1835988078154847,1.0214983514820248,1.3800820166733458,6.835809510703933,5.311552751206595,8.7116108862135615,3853400
1971,R10NAM,E,Median,0.7958051825971899,-0.2445197236623659,1.9475800700714732,1.1775761417862205,0.9717605760599033,1.3335921380592315,6.835809510703933,5.488248118925171,8.812108726860865,3853400
1971,R10NAM,E,Min,0.9263107694958759,-0.13233911026484257,1.675815494792337,1.1531135877139242,0.985423769842673,1.2767234205322515,6.801933628594105,5.308875548665406,8.705329771173107,3853400
1971,R10PAO,A,Max,1.3552624997814229,0.8037602294582618,2.057348428576839,1.676143438401678,1.2816732128206985,1.8771145075705018,2.8311048079504904,1.9335949368522267,4.863743231476041,2159020.0000000005
1971,R10PAO,A,Median,1.0886374342198781,0.5684437525685396,1.8038505969405842,1.385052423199223,1.1630124548566916,1.808986373006082,3.0444766496531175,1.9416617047780573,4.859668825892632,2159020.0000000005
1971,R10PAO,A,Min,1.1702135103098217,0.6462239235445938,1.6959991610111662,1.4034792723927143,1.2255203634448668,1.7197327262333884,3.082205695173375,2.0544805242240987,4.747548805171601,2159020.0000000005
1971,R10PAO,E,Max,0.768139192279586,0.12160079569126767,1.5886211771969443,1.3512863817962697,1.0558410468307617,1.6355347912706193,3.2657178783424525,2.0685369422299402,4.8420130683645235,2159020.0000000005
1971,R10PAO,E,Median,0.4422630887589297,-0.2313277345589128,1.231450293723487,1.23564717694497,0.9260755777733842,1.534119362296872,3.461696505561865,2.0740496296255766,4.863743231476041,2159020.0000000005
1971,R10PAO,E,Min,0.3578777287357062,-0.30455676100349205,1.1839532573795202,1.2557015087779946,0.8998258722527682,1.6054210442071,3.5642047889794344,2.076805973323395,4.840654933170054,2159020.0000000005
1971,R10SAS,A,Max,0.36954924484043605,-0.029898591881289585,0.6974887139452074,1.0705712581067162,0.991117776296393,1.1445398429536313,5.26722651735116,3.87562197426766,6.567107882856746,22819864
1971,R10SAS,A,Median,0.39504095369991976,-0.009504744169303069,0.777663494040487,1.085142516136387,0.997441592937911,1.1799390965101215,5.223417290438246,3.863455822204354,6.440119181419531,22819864
1971,R10SAS,A,Min,0.4196788670337228,9.664678735575899e-4,0.7342904707158675,1.0904634471106052,0.9997488032477313,1.1647476845045146,4.825337729529208,3.917504284996837,6.042541935882215,22819864
1971,R10SAS,E,Max,0.5182366686929964,0.07805550878857247,0.8755238160994393,1.0966702126073105,1.0105034271771212,1.1997606618533907,5.0534587853401955,4.0627054497925075,6.015477653271467,22819864
1971,R10SAS,E,Median,0.4038754082462157,0.01959810117503412,0.7168636021926686,1.0953045517642832,1.0029061991007304,1.1502424193790384,5.0534587853401955,4.049861433428218,6.0321325964165435,22819864
1971,R10SAS,E,Min,0.34417402306010203,-0.003862931279839721,0.7787984067705214,1.0901726577608413,0.999464530797041,1.1337759064934767,5.056773954489338,4.0626079711320235,6.066483416653261,22819864
1972,R10AFRMEA,A,Max,0.5981413207603645,0.38996366344016536,1.3825069267846608,1.0870859275285638,1.0382632989688179,1.1346685289295406,9.488213450222549,8.359073540158564,10.727651362931379,15866040
1972,R10AFRMEA,A,Median,0.7020501867052946,0.37314032307720796,1.2425452099462992,1.091872588593075,1.0425554817604195,1.1367578531104625,9.556324833477426,8.352834993567667,10.723079473749008,15866040
1972,R10AFRMEA,A,Min,0.658223160408494,0.22452883133044774,1.0824232454629668,1.075099706732488,1.029275013623176,1.122089799738784,9.54599471273419,8.227181271836631,10.742890993539278,15866040
1972,R10AFRMEA,E,Max,0.8144890314075797,0.31669347914649076,1.1680939305539284,1.0855983289009152,1.0381653893889706,1.1311437737088637,9.638668794779194,8.230314677343392,10.778123700621277,15866040
1972,R10AFRMEA,E,Median,0.5254471608604314,0.1980290727703411,0.9588332445726382,1.0642057090778665,1.027551310647976,1.1110532550896814,9.638668794779194,8.226229141637381,10.781028607562538,15866040
1972,R10AFRMEA,E,Min,0.5242148872717145,0.09170100396001324,1.05063796262624,1.0627069538419884,1.01350512996509,1.1178724002068132,9.721012756080963,8.229371171294906,10.787019978128885,15866040
1972,R10EASPAS,A,Max,0.614473265098215,0.22559387500073505,1.0409192008829888,1.252737919436361,1.0799243101365874,1.4214195345150307,2.928845295696215,2.5737380636915868,3.4526257243261744,36838764
1972,R10EASPAS,A,Median,0.5986510552156334,0.24328444221004536,1.0579725342144923,1.2339904001808522,1.050944171792088,1.3920341193616992,2.860400948804884,2.5843625439005415,3.475383490126613,36838764
1972,R10EASPAS,A,Min,0.5117659889119759,0.11799071194899874,0.8123141258346763,1.2166359608219028,1.037248265076977,1.3214770025533222,2.78894984919952,2.5070077694605066,3.4497561061982793,36838764
1972,R10EASPAS,E,Max,0.4573554007491071,0.20275473650653317,0.9058825996197584,1.1738068543725992,1.0683426647666059,1.3587274595430745,2.776581774066611,2.410517306541374,3.430391204695888,36838764
1972,R10EASPAS,E,Median,0.53486940719573,-0.0545556303678256,0.8171075181643059,1.2097732319390122,0.9854833878616328,1.349863862002521,2.7518792689076745,2.423598255725836,3.394034788258435,36838764
1972,R10EASPAS,E,Min,0.406974995400458,-0.17883297324142067,0.8158143418331869,1.1646655802691939,0.9300166619541579,1.2899059778447761,2.7755125495682855,2.430138730318067,3.42964640079195,36838764
1972,R10EUR,A,Max,1.5123549392209372,0.16963082772850605,2.47078814456174,1.302876921682195,1.0380673316583244,1.4305842168635388,5.239507901246709,4.501709778997282,6.1591727968448025,8547916
1972,R10EUR,A,Median,1.300262868215956,0.1040248926088742,2.172810340410788,1.2470012613751547,1.02313137343411,1.4261192801260836,5.2148205470648685,4.517032519470627,5.986675359122534,8547916
1972,R10EUR,A,Min,1.2125332464285572,0.14715279704761186,2.213228874275681,1.2514413628624244,1.0304023223969834,1.4555256914616508,4.978473973134209,4.457442074359821,5.8475738312972805,8547916
1972,R10EUR,E,Max,0.9437952427562688,-0.23658946208204618,1.8972360708103324,1.1994027735976807,0.9584443733016835,1.3460302256297132,5.316714738568488,4.554867122356187,6.343373146673446,8547916
1972,R10EUR,E,Median,0.8093133091058888,-0.33064282284590757,2.102587190737178,1.2195572607083336,0.9457568817456459,1.4263214233673351,5.316714738568488,4.546577328618627,6.346119608936971,8547916
1972,R10EUR,E,Min,0.9304557020233393,-0.25974085201993713,1.8315881170358363,1.1804682357988912,0.9590520887101726,1.3176584584261977,5.336652287841735,4.554084421332375,6.3517841873554906,8547916
1972,R10FSU,A,Max,0.9168032488780806,0.35657210175115495,1.3710020274931498,1.2362796616660257,1.1069123737659003,1.5722809992413567,3.584504586253601,2.543166775529206,4.331009028233366,4152148
1972,R10FSU,A,Median,0.9422299465103665,0.4818649892956042,1.3282688694753593,1.2682199479807192,1.1057340793601562,1.5197975058046265,3.599284244769524,2.5783749218133742,4.634823292580589,4152148
1972,R10FSU,A,Min,0.6137499066511782,0.2810741457167625,1.1179915670144243,1.173580628223231,1.060712318529815,1.4583905536059327,3.7078358638361184,2.777703284713408,4.753262444737331,4152148
1972,R10FSU,E,Max,0.6003952840244507,0.005371075462308008,1.012634375351796,1.1905273285594622,1.001198268242428,1.3529419979860269,3.8670817447961614,2.829126503861878,4.761387820944386,4152148
1972,R10FSU,E,Median,0.542356850454808,-0.24052837695962417,1.1666066710524727,1.147928577102645,0.9563674087039372,1.3274703818036797,3.8670817447961614,2.8135545115322484,4.769399738233832,4152148
1972,R10FSU,E,Min,0.5271987741679545,-0.2834268440702452,1.0454379198418593,1.1497728445372082,0.9411479475681748,1.347543207715524,3.854485267460882,2.828641990389631,4.760887076113796,4152148
1972,R10LAM,A,Max,1.5243194942758995,0.9512341887751158,2.2284927754280566,1.1811089709546279,1.0984301329401407,1.2552775235452573,9.401232684908436,7.987943285804821,10.334536202568719,9092224
1972,R10LAM,A,Median,1.5063036147802071,0.6834873535818211,2.2872250916695913,1.1712345662618988,1.071974304060097,1.2390645055764655,9.331431767022702,7.710874969790712,10.333624258059478,9092224
1972,R10LAM,A,Min,1.2198515301595982,0.7708828751515268,1.8659958696865129,1.132396959520446,1.0817801099560143,1.2193067264195383,9.474333167877063,7.658058320333423,10.337576017599524,9092224
1972,R10LAM,E,Max,1.4267385796849958,0.4828379835545547,2.0588591653820987,1.154334024271183,1.0743785595224657,1.230031764371114,9.530960934231706,7.969772075692995,10.392408731837069,9092224
1972,R10LAM,E,Median,1.1956717246281334,0.3293088505972514,1.9889352852273796,1.1404547447217783,1.0294982549311595,1.2186031865337346,9.530960934231706,7.961057556539302,10.408598476702974,9092224
1972,R10LAM,E,Min,1.0648787729629383,0.10150872566202374,1.7490931332465571,1.1162288498410395,1.0078131188005488,1.1841214672337865,9.541262493211741,7.9692063651631235,10.441989825488902,9092224
1972,R10NAM,A,Max,1.8425172387739726,0.8782636026056919,3.063694898754475,1.288893850289893,1.170691636086526,1.4646804345694873,6.739904852606266,5.379633606537209,7.5148356087015475,3805600
1972,R10NAM,A,Median,1.7884130782277872,0.8198437376848999,2.726213639549,1.2671770549255033,1.1076538322270568,1.4143401728512075,6.7589706339470785,5.487350513680949,8.321016110478485,3805600
1972,R10NAM,A,Min,1.4816714767264747,0.7059012269590217,2.3470869670274377,1.2078502237424464,1.0977195427488722,1.354968568818823,6.9667779851465745,5.986140047861801,8.862497904064801,3805600
1972,R10NAM,E,Max,1.2197992759612788,0.19565714876739865,2.734391220760581,1.1854744824236454,1.0425726760111735,1.4161531854168592,6.896179209258361,5.60565070768202,8.992342808932511,3805600
1972,R10NAM,E,Median,0.875320455149528,-0.3838344769606602,1.9934272225951895,1.1898819816663104,0.9686038505971439,1.343451427189935,6.896179209258361,5.653949657849999,9.074680578675792,3805600
1972,R10NAM,E,Min,0.9543216104414594,-0.2250850977293153,1.67259440208195,1.1869086966125177,0.9760344513810288,1.2903352259292917,6.890075422829291,5.604918905406748,8.987196698323556,3805600
1972,R10PAO,A,Max,1.3777363079704226,0.8751891807326545,2.2636056212127698,1.7372103276701027,1.3372483049816752,1.9702388057787064,2.9013070477647105,1.9309436603894086,4.9836223375094075,2206640.0000000005
1972,R10PAO,A,Median,1.1730680266931806,0.567120436554477,1.909620465060316,1.400191105121323,1.230961876636293,1.826433523659376,3.1368723347171303,2.025509838484106,4.955694395019539,2206640.0000000005
1972,R10PAO,A,Min,1.2648232427453563,0.8013365011797234,1.8900043073997879,1.4391029141846916,1.2754511482430844,1.799207047369626,3.1547888147002157,2.0612881144661435,4.932107386001851,2206640.0000000005
1972,R10PAO,E,Max,0.7358233524078549,0.11535737306815083,1.6723583453591644,1.3434560632093038,1.053851075652535,1.7114735450436267,3.3721485142665113,2.0651079497520564,4.935221914364907,2206640.0000000005
1972,R10PAO,E,Median,0.42692617383632814,-0.25723350639619835,1.1947576009128116,1.202846594096462,0.9010554205090328,1.5668849324906753,3.5755378130173057,2.0700155899906534,4.960418813632147,2206640.0000000005
1972,R10PAO,E,Min,0.3946139816934999,-0.30850846936936693,1.1748506157897172,1.2549959023753485,0.9120707682843342,1.6444116536944084,3.666928840688156,2.0724694101099512,4.933647108160704,2206640.0000000005
1972,R10SAS,A,Max,0.38891363592745143,0.033286591540893695,0.8194970584305225,1.0971543207702623,1.0062661175062664,1.1661818835485842,5.526542215719624,4.068798330494545,6.735112271907315,23233447.999999996
1972,R10SAS,A,Median,0.45883692586266056,-0.03673296113103655,0.8571061687339282,1.094267531744268,0.9936632058637938,1.1879139845384736,5.2499920073936215,4.058561735068702,6.672949583076274,23233447.999999996
1972,R10SAS,A,Min,0.519507718860311,0.020776558165015443,0.8241988893419333,1.1186436153961625,1.0028011982646268,1.1794255693184283,4.926247749831781,4.050601966745412,6.281225131335759,23233447.999999996
1972,R10SAS,E,Max,0.6021905307135604,0.09941396882671284,0.9728483291024503,1.117587212993552,1.0147408130794302,1.2249132534492866,5.152651129754696,4.15764197553738,6.291291591941867,23233447.999999996
1972,R10SAS,E,Median,0.4979523439677429,0.10339861451277155,0.8746241938642512,1.0828542447880378,1.0150965375969911,1.1709810342544265,5.152651129754696,4.140375114718135,6.292330816782315,23233447.999999996
1972,R10SAS,E,Min,0.4154145046337412,0.06753096889063581,0.899763192739953,1.0938977590077732,1.011695929726312,1.1666363698017226,5.176587979744462,4.156990446386055,6.294474218015737,23233447.999999996
1973,R10AFRMEA,A,Max,0.6899473398496059,0.4519480168441241,1.6098295199924046,1.100353864035851,1.0442478005498148,1.1571221364447248,9.773787564311327,8.596210748709789,11.129198932357806,16314500
1973,R10AFRMEA,A,Median,0.7697849451105814,0.48015141654394106,1.3749314023365289,1.098765382278812,1.0410825322350905,1.1434430193559264,9.778201431214082,8.58669134160099,11.024114470115641,16314500
1973,R10AFRMEA,A,Min,0.7714240457468104,0.24464134057210135,1.2336743203237868,1.0894792086346747,1.0355371608178081,1.1386319016191875,9.777569738896528,8.458444254085936,11.036314289657156,16314500
1973,R10AFRMEA,E,Max,0.9057720274347916,0.33204231856511446,1.3050967399116054,1.0909376853513775,1.0373072219069341,1.142034539773435,9.82346848494242,8.466600358117214,11.062092723803698,16314500
1973,R10AFRMEA,E,Median,0.6187684896510173,0.2022407306301933,1.079484723072226,1.0660202794623634,1.0235318924934154,1.1137860125393881,9.82346848494242,8.455230432322853,11.129198932357806,16314500
1973,R10AFRMEA,E,Min,0.6901026962617625,0.17554719225993232,1.1615591422130125,1.0677906217395083,1.021247620637591,1.1235882251539777,9.868735538670757,8.465836044141025,11.267605487500651,16314500
1973,R10EASPAS,A,Max,0.7110985791551359,0.3084281387474651,1.1118852153163206,1.273883761695131,1.0830116162772039,1.4585516452548948,3.0243733549224197,2.6945618495510506,3.5112487428316133,36629576
1973,R10EASPAS,A,Median,0.7351212643518037,0.2773254669430091,1.1245382851217198,1.265287997556832,1.061648285060665,1.4270313525095282,2.9897053332127754,2.6944451447460525,3.5400323328765175,36629576
1973,R10EASPAS,A,Min,0.5873566117175943,0.13844528893483704,0.7756321811609351,1.2125558239315755,1.037272648271684,1.3598608961235636,2.8897051859320806,2.561657330134948,3.51662550013482,36629576
1973,R10EASPAS,E,Max,0.5121313822347316,0.2397876064624541,1.1115946014911795,1.1863626009034078,1.087721276712607,1.3577411609294257,2.852408121253231,2.4811878202831004,3.529780634142505,36629576
1973,R10EASPAS,E,Median,0.5758978534143128,-0.0562427267295533,0.8862684109736592,1.2366920408716968,0.9839430866143664,1.363555553564986,2.8289524946857867,2.492286225126982,3.5112487428316133,36629576
1973,R10EASPAS,E,Min,0.3984267523977749,-0.1706558758527157,0.8505894548913486,1.1364001435590194,0.9423364829837277,1.3295336059452916,2.8372000115269524,2.4978354275489227,3.528992041932196,36629576
1973,R10EUR,A,Max,1.590663840496135,0.36311945833150594,2.551910741791723,1.3186882266958018,1.0701970213297756,1.4936137377018994,5.411822839227813,4.5790225447575965,6.226916327350166,8464164
1973,R10EUR,A,Median,1.5635550268050364,0.14585083013611042,2.1433410448140973,1.2697815738727554,1.0295570917198928,1.4726150935449152,5.392141708513446,4.617015764086609,6.1032251129485635,8464164
1973,R10EUR,A,Min,1.2938463244599256,0.39471556603213487,2.3409293324350102,1.2438638539675853,1.0626536965681386,1.467634933067695,5.073221639330502,4.5676139706435634,5.998779348683536,8464164
1973,R10EUR,E,Max,1.0628283343653535,-0.004309765919469002,1.9772014384930718,1.2014278273303378,0.9993269663228379,1.3867397131016417,5.442163039859614,4.721240097407466,6.3383243084081755,8464164
1973,R10EUR,E,Median,0.8586935246161,-0.3413030548856962,2.110699218058622,1.2296224025256342,0.9466912779344038,1.4420155752581278,5.442163039859614,4.708410082545287,6.381275908850366,8464164
1973,R10EUR,E,Min,1.0726512397442205,-0.3751461673271752,1.8993469440979271,1.183765005958981,0.9459473151553117,1.3341400472102376,5.452822109777048,4.721206086023214,6.469863584762381,8464164
1973,R10FSU,A,Max,0.9694304766270233,0.5406692986459202,1.4515541007974537,1.2850764498257299,1.1152993195445706,1.601128657241198,3.6104617278574276,2.5817429674266434,4.393636568115685,4203672
1973,R10FSU,A,Median,0.9602212169109334,0.5932806712209946,1.3602719302989974,1.255274404328004,1.13047537454027,1.5198887638913978,3.620262087962221,2.6877499359451593,4.711609120266394,4203672
1973,R10FSU,A,Min,0.670049555035812,0.4542542235091358,1.2212650646230832,1.1677157884477585,1.0678379379377392,1.46960862487334,3.8776373941544495,2.8304616932123037,4.800427490615864,4203672
1973,R10FSU,E,Max,0.6475890815323386,0.06081545930679674,1.0550712380457916,1.1891397679663056,1.009164725453617,1.383352093811998,3.942743296850706,2.913123116548644,4.919912685743634,4203672
1973,R10FSU,E,Median,0.5985355022865524,-0.2589164237913201,1.2221428302748854,1.1472309186652856,0.9346293164233548,1.3429259436458287,3.942743296850706,2.8907737738952375,4.935457373256689,4203672
1973,R10FSU,E,Min,0.5440423975454678,-0.36561150213372784,1.1128641159831862,1.1204960958048658,0.9402241044349746,1.369637640265208,3.931853718232577,2.912406171785556,4.918941142774068,4203672
1973,R10LAM,A,Max,1.8804976312695345,1.2221242549935993,2.3448639760860193,1.1932192981968552,1.1229912537247877,1.2824211092345745,9.498402583782942,8.142108098362316,10.552320951962296,9227655.999999998
1973,R10LAM,A,Median,1.6239322063722117,1.0453441147493108,2.389803065817603,1.18829516503861,1.0994418304979237,1.2681271974882564,9.469857214471993,7.782281198430473,10.55086191563946,9227655.999999998
1973,R10LAM,A,Min,1.3701311239691885,0.8701605528713001,1.9969905662886556,1.1514516375108252,1.091686506007073,1.235298326666236,9.553344058762631,7.728951037949968,10.53856284303233,9227655.999999998
1973,R10LAM,E,Max,1.5718610464848846,0.5337970930161295,2.239047162984965,1.1735140088893852,1.0699286382162183,1.2554191417732874,9.766011695162394,8.10125916105597,10.627942621380747,9227655.999999998
1973,R10LAM,E,Median,1.2338271465528505,0.25328428120465896,2.1845123796909096,1.142754471727378,1.0312991423303655,1.2351374158572541,9.766011695162394,8.062986478264996,10.650805961528235,9227655.999999998
1973,R10LAM,E,Min,1.197642680280378,0.10392649635310036,1.9241752733352566,1.1241426650471522,1.0078911070370946,1.2054772701706755,9.77349583429549,8.099878105577949,10.697961600582426,9227655.999999998
1973,R10NAM,A,Max,2.1291256160429572,1.0406939765560328,3.1951823840609386,1.280995873803185,1.1717023878870843,1.4851596391010196,6.861154603223769,5.74417711819039,7.742811465133311,3757800
1973,R10NAM,A,Median,1.8212259904608419,0.9707227407060905,2.9875810757337105,1.2841254415595227,1.1015173065008441,1.4524777146629395,6.90245679158522,5.823245643781237,8.589507069742249,3757800
1973,R10NAM,A,Min,1.648837330622075,0.8402033417491265,2.6153553031321692,1.2303303831066223,1.0985506508146317,1.3736860638523423,7.030274899549791,6.325250498920099,9.079850848340367,3757800
1973,R10NAM,E,Max,1.203811542808438,0.18312978440232347,2.818764966849931,1.19059079552694,1.0358962617625795,1.4339021014663953,6.969552520969542,5.8109720029708765,9.26675333680274,3757800
1973,R10NAM,E,Median,0.9419907058787651,-0.4392003406260256,1.9925695156566152,1.1944813618419177,0.971863292484485,1.3443605186747436,6.969552520969542,5.845375731011521,9.315665891774577,3757800
1973,R10NAM,E,Min,1.0394315135632066,-0.13040983254733085,1.7305365476481702,1.1710664838341207,0.9871108421269904,1.3232046260995507,6.933407389639415,5.862577595031844,9.263696302117001,3757800
1973,R10PAO,A,Max,1.5328353118873657,1.1171292336208418,2.555937790240834,1.7382477465183435,1.3531376312717294,2.0099588559603987,2.9628902697394697,1.8918760063585822,5.137668309121597,2254260
1973,R10PAO,A,Median,1.2765851170187723,0.6497235350965291,2.116541341308588,1.4848991882167033,1.2744920517659073,1.9139391165782302,3.213623334194129,2.036430655639369,5.063489253584655,2254260
1973,R10PAO,A,Min,1.351356833383248,0.9196195014164273,1.9710534595923357,1.4379854010088546,1.2910318788807502,1.853856677047382,3.252493907740992,2.071520096014708,5.075401416426047,2254260
1973,R10PAO,E,Max,0.787654911073371,0.10725634949125029,1.8031506837881714,1.3322752677036296,1.0371071808259498,1.7296709764850566,3.486618950725722,2.0757768819254285,5.098303041471739,2254260
1973,R10PAO,E,Median,0.38395044575465154,-0.272692045753524,1.2202046567130855,1.1778816816644229,0.9050621977821549,1.5788907296940144,3.709101498452629,2.100457733292961,5.127523201769571,2254260
1973,R10PAO,E,Min,0.43333721935040326,-0.29181684293140897,1.1294952850244298,1.228712749793393,0.9357292757511502,1.6908403484587051,3.736329576741668,2.112798158976727,5.096476781453125,2254260
1973,R10SAS,A,Max,0.3356864570833762,0.053502425473969016,1.0205485438395563,1.0913111020476252,1.007400111158736,1.1755346317261035,5.694894638876923,4.16528673897003,6.880644956617619,23647032
1973,R10SAS,A,Median,0.5239219875109473,0.01578457646087386,1.0151775228050803,1.103586757810161,1.0021277770261023,1.1795938756595505,5.370023033060017,4.15792176168601,6.762008406285384,23647032
1973,R10SAS,A,Min,0.5539211341732051,-0.036550852353669505,0.97623432314417,1.1315810425343984,0.9908749339808809,1.1895350411927743,5.039726217418717,4.150437903230345,6.333747319111476,23647032
1973,R10SAS,E,Max,0.7135624535898804,0.17312950912485178,1.2244007465748499,1.1364674432536388,1.0269342718686203,1.2242410685083345,5.2106844832162436,4.225152754761797,6.343423426824083,23647032
1973,R10SAS,E,Median,0.5967392504126088,0.16757037076664988,0.8447191198223983,1.1023623731132184,1.0323462220286563,1.1905154262591946,5.2106844832162436,4.21160084540619,6.397605636507299,23647032
1973,R10SAS,E,Min,0.42411990934148935,-0.05789882862914997,1.0771526040959083,1.0924116303464602,0.9871560189886671,1.1921404871423,5.222425732588269,4.223962127122089,6.509356443978928,23647032
1974,R10AFRMEA,A,Max,0.8714590736444645,0.6521976167844629,1.7371306209488797,1.1152224032244034,1.0500855005796623,1.1724056945611738,9.993005464457397,8.81633963494941,11.568398254727745,16762960
1974,R10AFRMEA,A,Median,0.8399277387303563,0.5830749105000501,1.5903780042563096,1.1157822417146692,1.0481381053057812,1.1652310127710017,10.037697735020505,8.802340437668523,11.467414964338728,16762960
1974,R10AFRMEA,A,Min,0.8599200699175826,0.2982608384513168,1.473018054320114,1.0991726243328883,1.0312435176633092,1.1522666669448633,10.02380886301701,8.707539416439786,11.470946143788034,16762960
1974,R10AFRMEA,E,Max,1.0503261209057615,0.3821215545366701,1.4595223894037483,1.0933552284187757,1.0387443046434341,1.1539615751076757,10.094760910167325,8.71937920588623,11.481600961823528,16762960
1974,R10AFRMEA,E,Median,0.6940894079848845,0.22233679909672616,1.2500999101017722,1.069041304453702,1.0250308951661777,1.126460970183901,10.094760910167325,8.704329201060414,11.552118509057301,16762960
1974,R10AFRMEA,E,Min,0.8641738283959857,0.24558060335517862,1.2742194365359758,1.0758432601403152,1.0246686098516085,1.1277273277146007,10.151824085314146,8.719201108467328,11.697560950226952,16762960
1974,R10EASPAS,A,Max,0.6920496610457771,0.37284153847670354,1.3013356963068339,1.3120032826038264,1.11313429944801,1.4914716697479755,3.0851965015934057,2.781019705731901,3.6905844902753175,36420388
1974,R10EASPAS,A,Median,0.7799456906643054,0.33112788484384315,1.1468726798011806,1.2626010799929337,1.0841281242815972,1.4608816433161316,3.0552918432679603,2.7807809362930263,3.682307336693489,36420388
1974,R10EASPAS,A,Min,0.620944592413287,0.1478564102558765,0.9174782521345959,1.2248799004120627,1.0487805681261952,1.4036753391010182,2.9633648018460454,2.58070727932644,3.6519391845195406,36420388
1974,R10EASPAS,E,Max,0.5726954150021151,0.29400752374127714,1.164336705197055,1.202533483254773,1.1080982495410536,1.3904517515585513,2.945099622318805,2.551371145646324,3.657323866070728,36420388
1974,R10EASPAS,E,Median,0.6223690176235563,-0.0787588499184578,0.9399982659304412,1.2477402320392068,0.9817921216790857,1.3947329195473892,2.9237884891276105,2.5476654746065006,3.6504335862070763,36420388
1974,R10EASPAS,E,Min,0.45532913906889805,-0.18899132882465475,0.9116628356070637,1.1564737824145657,0.9344405361759074,1.3729062970533996,2.933547641711139,2.5512191448230648,3.6554020606382083,36420388
1974,R10EUR,A,Max,1.775010656593265,0.5428411410335868,2.7736704324851087,1.3183283970235375,1.0862802455114193,1.5571721383072807,5.541610171509058,4.806071846218485,6.314998194633217,8380412
1974,R10EUR,A,Median,1.7917137841562578,0.22903285600100604,2.4651090320670055,1.3145479408526037,1.04639102815322,1.535062340132884,5.5129762335882155,4.82464570295,6.272512171272471,8380412
1974,R10EUR,A,Min,1.392572166223772,0.526908254066047,2.5402733151867745,1.2727561425381342,1.082254342435176,1.4880886052581839,5.248832791219581,4.793483603519577,6.155883731453149,8380412
1974,R10EUR,E,Max,1.1034987786670745,0.25101553827782774,2.125036545048304,1.2063582950109453,1.0307333150305593,1.4190644716514538,5.579391302717163,4.900326118077516,6.479445488680138,8380412
1974,R10EUR,E,Median,1.035251008126356,-0.3607174542810588,2.1665841973222713,1.2236858741684116,0.9415081449167833,1.4394428475829344,5.579391302717163,4.892268578672764,6.517972651319894,8380412
1974,R10EUR,E,Min,1.1364759245111307,-0.4097006111462642,2.0475356004815177,1.1816561657637312,0.9434279719509314,1.3557779983958222,5.588538496004426,4.899940104732399,6.59743492426439,8380412
1974,R10FSU,A,Max,1.0956523826770224,0.6845463471564426,1.572532558294108,1.3550909144706766,1.1367755342784749,1.6215448370379066,3.6342474751900946,2.676836282603917,4.405868990376696,4255196
1974,R10FSU,A,Median,1.0355285248057593,0.6057750803170467,1.3834238706925504,1.2529631955108032,1.146665818115124,1.5356504826254738,3.6707895953921774,2.6915886651306633,4.7718517678109915,4255196
1974,R10FSU,A,Min,0.7753849211743336,0.5023513230090098,1.312634620748054,1.1987435946304026,1.0722900188218145,1.4350305927418898,3.9290133830102127,2.888494780945754,4.83948751615436,4255196
1974,R10FSU,E,Max,0.6699378759537846,0.08055031743346351,1.210941428902641,1.1598201103671406,1.0151608670944943,1.3852012286016566,3.982780334048539,2.9549218401363686,5.102225524104393,4255196
1974,R10FSU,E,Median,0.636380324449417,-0.20038302987872936,1.3002897757166338,1.161216978520776,0.9449492895719381,1.33956534489387,3.982780334048539,2.9396305641781133,5.125025071928685,4255196
1974,R10FSU,E,Min,0.560967474154622,-0.3634886658351819,1.1229485219663902,1.136909937566448,0.9277540268585299,1.3463319781509946,3.9776243449669675,2.9525820757454717,5.100800552365375,4255196
1974,R10LAM,A,Max,2.081938099283926,1.120004171970824,2.639260493598364,1.2101814209961448,1.1175768790999905,1.3276833353106736,9.6524034275734,8.330779661775866,10.757259726761456,9363088
1974,R10LAM,A,Median,1.7728852847502719,1.0646835711289189,2.5312735435852045,1.1943991786297934,1.120585698617934,1.30077669453895,9.60983255868959,7.902508957535089,10.755095444464013,9363088
1974,R10LAM,A,Min,1.5232426498828149,0.9233751991886683,2.248412545209585,1.168811885153019,1.0976316887942907,1.2686882351001605,9.68737171039096,7.836739378768435,10.764474001086262,9363088
1974,R10LAM,E,Max,1.68565369046348,0.5289299216446408,2.3830779543459935,1.168589237841302,1.0748269471841296,1.2682132328713733,9.904667639590569,8.247885039716127,10.929440681558313,9363088
1974,R10LAM,E,Median,1.2547262438540376,0.18213854796028947,2.404259110172249,1.137023676334627,1.0241257310779326,1.250950104019381,9.904667639590569,8.177008683300977,10.930477005615067,9363088
1974,R10LAM,E,Min,1.2785126349409008,0.07579299609913193,2.0477891455680117,1.1259082590848923,1.0056373187644716,1.2163735457702394,9.922484633508093,8.246039611769199,10.932614423982125,9363088
1974,R10NAM,A,Max,2.3390931008894773,1.122774305949372,3.3358645931503785,1.2968168966049967,1.1732590019374427,1.5100540146168626,6.947442658511416,5.8495257650067884,8.04356806290668,3710000.0000000005
1974,R10NAM,A,Median,1.9610427734620233,1.1420409004141627,3.2252403062319055,1.2846815385381936,1.1257240617352233,1.4685757046800567,6.992202882801854,6.209075871400911,8.989337395838112,3710000.0000000005
1974,R10NAM,A,Min,1.8331236550504042,0.8900813542046547,3.014931067604339,1.234477397212859,1.0993936415869798,1.4080934153474218,7.2038638858052835,6.559462356359013,9.312484622551342,3710000.0000000005
1974,R10NAM,E,Max,1.3561735427409696,0.18418172426693383,2.9158481092244504,1.2006202313393666,1.0159904656878573,1.4631955549702278,7.135027053687078,6.055580059679978,9.539270625361942,3710000.0000000005
1974,R10NAM,E,Median,0.9219486379209837,-0.46164986319676116,2.0234784413527844,1.1989282195616089,0.9565809027140764,1.3593234734630115,7.135027053687078,6.132885187797854,9.539310079730107,3710000.0000000005
1974,R10NAM,E,Min,0.9613295441143741,-0.2076683245406601,1.7479797729900852,1.1489749700838123,0.9887756294401524,1.367328862946687,7.133349345456318,6.1691450443787845,9.539268159463932,3710000.0000000005
1974,R10PAO,A,Max,1.8109587378700933,1.1583264032252871,2.878868522881479,1.7320667825060099,1.3753727209746693,2.0749087098071803,3.002971695789129,1.8968015120783601,5.383756575083015,2301880
1974,R10PAO,A,Median,1.576628051831932,0.7338730459967036,2.2230520874063346,1.556512381711281,1.279651855069125,1.9961906172659436,3.25179467221309,2.0486223547481717,5.172337602469912,2301880
1974,R10PAO,A,Min,1.3937368603099407,1.0045557504754303,2.132710841536667,1.4527590541705035,1.2797942958089945,1.900493232806311,3.2680999422729258,2.0678455686461894,5.238027299422557,2301880
1974,R10PAO,E,Max,0.7791079479342606,0.09979692797658554,1.7451224945959845,1.3215161450577164,1.0461830259036753,1.7747395468581544,3.5670347238007856,2.069155031606558,5.355983358527348,2301880
1974,R10PAO,E,Median,0.40950069392843297,-0.17607213562507912,1.325394187080159,1.2067158956718633,0.9385520098713046,1.5769758445314388,3.82338672615179,2.11759307271585,5.383756575083015,2301880
1974,R10PAO,E,Min,0.4026848937217924,-0.2158932620866132,1.159005910069268,1.2288529223456217,0.9375040162216848,1.654993907543752,3.8526973581284767,2.1418120932704956,5.35424753249262,2301880
1974,R10SAS,A,Max,0.4549483208053533,0.17009136346379009,1.1126918421305705,1.0932029252075612,1.0320696544846308,1.1926973568473493,5.71727254157902,4.353495373565998,6.973072722560044,24060615.999999996
1974,R10SAS,A,Median,0.5586407713428594,0.056529915783303034,1.0065370829828508,1.1066525237582283,1.0127149503110033,1.2180783137067337,5.4226730396393705,4.30763621717416,6.835595197898608,24060615.999999996
1974,R10SAS,A,Min,0.5705402830490267,-0.0349133476055165,1.08193186000472,1.1400344387779984,0.9937024153269132,1.2029108274651743,5.174542349223291,4.2981377448243725,6.414076512422549,24060615.999999996
1974,R10SAS,E,Max,0.8044876053804575,0.21067530288347752,1.4043473900681316,1.1522778940650307,1.0380369939375076,1.2319196471730105,5.306067322856073,4.457012927383242,6.431785453979869,24060615.999999996
1974,R10SAS,E,Median,0.6961780832777436,0.11333987063086973,0.9970673903158616,1.1002158551570722,1.0202492876312794,1.1932249362037466,5.306067322856073,4.415603753930352,6.516373304260244,24060615.999999996
1974,R10SAS,E,Min,0.471018742208436,-0.06856120882793437,1.0885278682004493,1.0980461326730078,0.9914833460592849,1.1876932006988168,5.351044035751132,4.456595284970824,6.690835745463514,24060615.999999996
1975,R10AFRMEA,A,Max,1.0401167782379437,0.6531484297442189,1.9038231892627286,1.120272121568116,1.0542476068675157,1.1890653531339082,10.140155539816877,9.027769190598637,11.972584358347632,17211420
1975,R10AFRMEA,A,Median,1.005745853212625,0.6387464801700293,1.6822335449700776,1.1217598814762553,1.0541675300801376,1.1884546845588084,10.293030035163685,9.042860857406213,11.947982665699566,17211420
1975,R10AFRMEA,A,Min,0.9277251752870272,0.36974457557728607,1.5972651903134683,1.1089369271224543,1.0359760126245918,1.1809116584581791,10.223684418070617,8.935639210257118,11.950276225536191,17211420
1975,R10AFRMEA,E,Max,1.165412547439125,0.49101017973281325,1.6105066472284462,1.1041282730860766,1.0495320583282037,1.17374136396492,10.411539858648508,8.941440639903611,11.955407609004185,17211420
1975,R10AFRMEA,E,Median,0.7699934287540771,0.24473494773696203,1.4146698568725424,1.077090634791095,1.0252488426531383,1.1348743299781805,10.411539858648508,8.93410050267256,11.972584358347632,17211420
1975,R10AFRMEA,E,Min,0.9687452333937339,0.28994128084582727,1.3333105169479165,1.0792281073936534,1.0287762273959413,1.1491624733896633,10.530049682133331,8.941087285559668,12.008011403868492,17211420
1975,R10EASPAS,A,Max,0.8399449744885297,0.5514248834724991,1.4216096632175068,1.3502278991280892,1.1300805917784482,1.5425361750512625,3.142887211035066,2.8639286813659184,3.8995690456960888,36211200
1975,R10EASPAS,A,Median,0.8702034804869987,0.41270705070227887,1.2401141289778201,1.289437485057475,1.1025417178059216,1.5049060567962709,3.122984614555344,2.8630907345945547,3.8627089844357925,36211200
1975,R10EASPAS,A,Min,0.6631134353317654,0.21009327733099575,1.0542759777309656,1.2451922896125158,1.0693004150407566,1.4421382845640829,3.0726113073434114,2.6677049720758097,3.8531960783996526,36211200
1975,R10EASPAS,E,Max,0.6088309964550396,0.30656981163922997,1.267635863996533,1.2150171756504997,1.1199277722367122,1.4169360767037413,3.0537309440990357,2.61526204298256,3.8541731717820387,36211200
1975,R10EASPAS,E,Median,0.6309029798678224,-0.13208358193649147,1.0019911555850058,1.2243231071571339,0.967415866660595,1.397924347417126,3.0279171266508853,2.6050808099024567,3.8530567338739923,36211200
1975,R10EASPAS,E,Min,0.5106367992731147,-0.18145720225076056,1.0211614195768024,1.1859256729254257,0.9389820132126648,1.3872897294374704,3.0493008033783853,2.6146719068746704,3.853516570808673,36211200
1975,R10EUR,A,Max,1.8838580579391389,0.7291369629422744,2.9763483600802747,1.3272130754879883,1.1319043164301636,1.6214898713025292,5.642301028151966,4.983184222977849,6.475829811296946,8296660
1975,R10EUR,A,Median,1.9460104495846053,0.3041693040585072,2.589828087165764,1.3146948569301757,1.0494271367698902,1.5628376787155374,5.59773218244477,5.097268862822772,6.399533164386419,8296660
1975,R10EUR,A,Min,1.3998100187314773,0.5405393009578726,2.6461572311485613,1.282056641887344,1.0935495418614831,1.4936690016166123,5.478843323201483,4.9424423958881505,6.302558975623789,8296660
1975,R10EUR,E,Max,1.2331818792056026,0.1847767441999397,2.2987311562556485,1.224303248696479,1.03206427578102,1.437770908655951,5.727530105185383,5.127865571760623,6.653056109322488,8296660
1975,R10EUR,E,Median,1.0926609654241155,-0.4407327537519457,2.244282935853115,1.1845727388615677,0.9412404739511835,1.4399899048050921,5.727530105185383,5.1160663001740865,6.6570227055025395,8296660
1975,R10EUR,E,Min,1.1793368273510216,-0.4304543321704575,2.1643442047849906,1.1879740894601447,0.9387569115640342,1.3768153050917327,5.768190336511603,5.127770364939998,6.665203810123893,8296660
1975,R10FSU,A,Max,1.176922737407962,0.7965125925750303,1.715057434808109,1.4323759485227545,1.1476812815566115,1.668886971149739,3.6388961166458658,2.7604248935878934,4.558649911665455,4306720
1975,R10FSU,A,Median,1.0885547083582514,0.6499577044407898,1.4430750882736558,1.2851884527734352,1.147921053057175,1.6027611311980015,3.700088163234992,2.7784278073858317,4.800414645345297,4306720
1975,R10FSU,A,Min,0.8557414340990874,0.5511611413956212,1.3881980961003313,1.243086587224484,1.0783241742273495,1.4564309434067038,3.9879190922790175,2.9278188667726543,4.87501194467533,4306720
1975,R10FSU,E,Max,0.67080611119663,0.10259356472598766,1.2597703379790826,1.1564536272139523,1.018237037348033,1.3800890316413381,4.010291481732888,2.994561124986815,5.354994957914773,4306720
1975,R10FSU,E,Median,0.6336930164078716,-0.21596999808692416,1.3146775844881278,1.1529491891521972,0.9352889544615071,1.3656411384222458,4.010291481732888,2.990862355202122,5.364949150401311,4306720
1975,R10FSU,E,Min,0.5820507871815894,-0.33579994542655456,1.1732094674012834,1.1377669595351352,0.9298119761381605,1.3438640212141053,3.9948827993802984,2.9912779585553535,5.354372820884365,4306720
1975,R10LAM,A,Max,2.286383212198928,1.3688345155431267,2.8200138678586697,1.2178693327063952,1.145307081265073,1.3457497830874152,9.856395434769205,8.516046738087073,10.971789860188352,9498520
1975,R10LAM,A,Median,2.0360954758162038,1.1897300108048683,2.809860371003352,1.2005787387630993,1.1471840446213133,1.3271882876525034,9.823182722010662,8.06507460634696,10.968791681434173,9498520
1975,R10LAM,A,Min,1.6525053375530847,1.0150479440079472,2.469956130038762,1.1781746965848197,1.105442797489419,1.2738085234370962,9.856395434769205,7.998722181470349,10.98178378936895,9498520
1975,R10LAM,E,Max,1.7861915255041985,0.6425619849574842,2.474996989380984,1.1731720947072075,1.07118141352024,1.2872303519669097,10.014947355001574,8.418044341882904,11.134252563067186,9498520
1975,R10LAM,E,Median,1.4857402215112714,0.2336659491028637,2.6494557528859843,1.145483971722772,1.0207102678435758,1.2705557639538383,10.014947355001574,8.30663298627766,11.135390846356614,9498520
1975,R10LAM,E,Min,1.335487503605771,0.08775790694269503,2.168139711896476,1.1419948501003412,1.006561765159261,1.2363716929586566,10.043101001793845,8.417205246398618,11.137738555641063,9498520
1975,R10NAM,A,Max,2.4642404626473002,1.0536097539128622,3.401379100674799,1.3190605322706506,1.1917400958796764,1.5131768736491702,7.124442718761431,5.950690653498257,8.413873372643529,3662200.0000000005
1975,R10NAM,A,Median,2.2384163364984317,1.0489914985405642,3.277325868530349,1.3064921545467238,1.1467795403654806,1.4686465331353182,7.130896013937466,6.521892899036852,9.469872376420819,3662200.0000000005
1975,R10NAM,A,Min,2.038919495592497,0.821856115232581,3.1022282762430464,1.228100192196857,1.101041960984085,1.4014037529008738,7.349296410973632,6.7552582002573285,9.604583680540262,3662200.0000000005
1975,R10NAM,E,Max,1.2586064510359685,0.19361321697403686,2.953530378624585,1.18476820947085,1.0194510305653155,1.4823089232086282,7.283679998410769,6.134289983026401,9.679007072554315,3662200.0000000005
1975,R10NAM,E,Median,0.9796382782243416,-0.5378194944753524,2.0470000047368164,1.1983349134290608,0.9549074724650441,1.3594048930730207,7.283679998410769,6.383751909661859,9.705057625607695,3662200.0000000005
1975,R10NAM,E,Min,1.0390082487362995,-0.12444990973649173,1.8091898138384659,1.14789180348302,0.9903608428159587,1.3237979792120267,7.236493815329908,6.21652308853902,9.677378912988479,3662200.0000000005
1975,R10PAO,A,Max,2.1195843098333844,1.2221573278990756,2.9631664204763037,1.7975546807228497,1.4111186917822218,2.2294358535916117,3.0682510093312922,1.9253041736648384,5.523609256992268,2349500
1975,R10PAO,A,Median,1.7187709362293075,0.7996892259664431,2.364240893407076,1.6071590529457795,1.296929274678849,2.045467727537946,3.340397031697683,2.027257384652129,5.246993600685441,2349500
1975,R10PAO,A,Min,1.3843724810648927,1.0624705437364712,2.2442044349749106,1.5057504295149258,1.2557517426039457,1.9428188166720366,3.321900435677414,2.0638858444563875,5.334957018851918,2349500
1975,R10PAO,E,Max,0.8432857332408533,0.09216626240793163,1.8037073946768083,1.3208997316017288,1.0427594515853886,1.7196651420662759,3.6478426535353656,2.113039031088254,5.492527231436031,2349500
1975,R10PAO,E,Median,0.4369718587102502,-0.22342354879607895,1.4693464002384502,1.2339189170768279,0.9237526439948969,1.5588762300789503,3.8534384310178478,2.1523289788152953,5.523609256992268,2349500
1975,R10PAO,E,Min,0.46214876334057065,-0.13422708839983954,1.179963354553451,1.209234388093836,0.9536735151237302,1.6148094526776438,3.855014959095882,2.1719739526788153,5.490584604838767,2349500
1975,R10SAS,A,Max,0.5352371439439088,0.17278612608214727,1.2371951029799688,1.0920627647115309,1.0385593058438898,1.2172792029364146,5.826823207704845,4.458454249754985,7.100953619020602,24474200
1975,R10SAS,A,Median,0.7243945904445166,-0.05116636401545253,1.2246880165435852,1.1125495199143252,0.9891585245231557,1.237975411985427,5.5318967548160805,4.397066649069999,6.959499837136488,24474200
1975,R10SAS,A,Min,0.7333363181085413,0.04639033629602338,1.2744908461382156,1.1391900973827505,1.0062497718716596,1.2643219452164014,5.234533341751949,4.407707193842403,6.520457531501311,24474200
1975,R10SAS,E,Max,0.859524541125843,0.17568209175222735,1.5310123940638622,1.1581404580367907,1.0400308990870648,1.2455237069629197,5.477685352655888,4.563673312303401,6.524114002740426,24474200
1975,R10SAS,E,Median,0.7698885983112107,0.045429958445399356,1.2547444227847155,1.1396520807344372,1.0109411426400738,1.2268658692768029,5.477685352655888,4.521456250541487,6.571446079944973,24474200
1975,R10SAS,E,Min,0.6087252265603391,-0.13833129529553645,1.0999833466430466,1.0941385555017342,0.9855122901208726,1.2073182266716496,5.5318967548160805,4.563621287651778,6.669068489179347,24474200
1976,R10AFRMEA,A,Max,1.2488024230317727,0.6474307006472909,2.0616104681406133,1.1237156601680165,1.0648788904763056,1.2036540052843065,10.293471653299559,9.267120594876488,12.413051268877657,17768588
1976,R10AFRMEA,A,Median,1.1965945611810351,0.7713904220979662,1.8984207565684283,1.1246357605975326,1.0592789652651748,1.2136612248152758,10.558146441565851,9.321797895809441,12.280533895585185,17768588
1976,R10AFRMEA,A,Min,1.0564718980356846,0.5344195322950431,1.708968484324001,1.1139115357118805,1.0464700954196289,1.188336861199352,10.510612841211042,9.18079293450883,12.321148557502175,17768588
1976,R10AFRMEA,E,Max,1.2491281256586149,0.5234845420617291,1.7330601720641154,1.1173077478639237,1.0581171531201348,1.1867382408436484,10.730295125087558,9.1831225145621591,12.394184443625857,17768588
1976,R10AFRMEA,E,Median,0.8337128362821327,0.2973617867526211,1.584820656016013,1.0905382839506859,1.0303767693601467,1.138104485049574,10.730295125087558,9.180132163599334,12.413051268877657,17768588
1976,R10AFRMEA,E,Min,0.9676475560947146,0.3039354638442564,1.4571063313569876,1.0832788624309733,1.0300509784196867,1.1569539121966865,10.902443808609267,9.182312707600676,12.451964095959497,17768588
1976,R10EASPAS,A,Max,1.024517691088632,0.5547272955493705,1.5440734303260197,1.3791158248650426,1.143515510088594,1.5833313746180826,3.3423246559050233,2.9870909859609176,4.146217133853346,35277328
1976,R10EASPAS,A,Median,0.9266831272106733,0.4854331757669806,1.2567960858660188,1.2634804246432516,1.0966237696234857,1.5135276840171317,3.3392112851488203,2.985449662318955,4.118788044692662,35277328
1976,R10EASPAS,A,Min,0.678457370658736,0.278959025840264,1.2426242352741603,1.2579949239549633,1.0764098980354802,1.4482154545136896,3.1535612498249304,2.8284734798381814,4.100206294701172,35277328
1976,R10EASPAS,E,Max,0.7042686985487181,0.34843918637580745,1.301590966252171,1.204613740961375,1.1155065311622359,1.4315374497905815,3.146913865475053,2.651473775808441,4.110164309158975,35277328
1976,R10EASPAS,E,Median,0.6638768597828211,-0.11660999094017167,1.119327583409733,1.1969013026147883,0.9694566779100245,1.4096213801046027,3.119403770531207,2.6495151370909578,4.096165142446397,35277328
1976,R10EASPAS,E,Min,0.48101888753798594,-0.11894458968754495,1.0920714878906232,1.1717057677997227,0.9546302332841661,1.3837892202823239,3.142831242474162,2.650213658851727,4.109500944887153,35277328
1976,R10EUR,A,Max,1.9812504743757982,0.8003543322920661,3.1667521098225695,1.3420903301909604,1.1506502505180813,1.6407017859172885,5.761592506791077,5.102513257817145,6.677183272972009,8223908
1976,R10EUR,A,Median,1.9853799218434318,0.5581890416171656,2.813550183889454,1.303177084772173,1.0742123239554702,1.5947106820427963,5.720899507034508,5.265136740269831,6.639487610074273,8223908
1976,R10EUR,A,Min,1.4760184900754014,0.5013638712340255,2.870034077163408,1.2964273719406507,1.0876362811391866,1.5321770647907997,5.675151125131235,5.098729869113708,6.4826037555739795,8223908
1976,R10EUR,E,Max,1.2785124760397015,0.004244178294022837,2.445416575317613,1.2322035161321345,1.0007717901819995,1.4487763753194496,5.827123132131552,5.37896432011448,6.866162784371241,8223908
1976,R10EUR,E,Median,1.0726878550172563,-0.441297588383498,2.3638942373662295,1.17800954720291,0.94260002517439,1.4856113027881799,5.827123132131552,5.342512748214772,6.88503292309792,8223908
1976,R10EUR,E,Min,1.2782554774718058,-0.5228924628551113,2.268676925725128,1.205682388471181,0.9237216517499229,1.3915722557924854,5.847914569396931,5.378595556229184,6.923952584221691,8223908
1976,R10FSU,A,Max,1.276598601262008,0.8067317534286734,1.809743806178448,1.4328449229487439,1.163853938941464,1.696092700734283,3.6485707598890897,2.883958505062138,4.736038540234701,4346640
1976,R10FSU,A,Median,1.230163944585628,0.7081961148723477,1.5852819315693203,1.3698417895469694,1.1560180771787436,1.5866640112327164,3.7471261788247148,2.923193429145599,4.83903562301421,4346640
1976,R10FSU,A,Min,0.9802973067767178,0.5231233051685197,1.4980465349444225,1.2687198224262506,1.0850607710971458,1.4702431111377923,4.032449537142442,2.9624592912050276,4.965104694828787,4346640
1976,R10FSU,E,Max,0.6436879953614744,0.10020642535898434,1.3517631992820531,1.1474721672451111,1.0108843725248342,1.375816803468312,4.102998722100071,3.1106548003689163,5.422187777974147,4346640
1976,R10FSU,E,Median,0.5968139881487544,-0.21507049637022183,1.3954650181846417,1.1646233169727598,0.9312350441404389,1.360416086021875,4.102998722100071,3.080183956510325,5.4306137036893585,4346640
1976,R10FSU,E,Min,0.5831636109255562,-0.24823344241832235,1.2384476254927699,1.143063260015963,0.9462762607005293,1.3653375521283668,4.06917849413326,3.1082763927501462,5.421661157616947,4346640
1976,R10LAM,A,Max,2.427990352909444,1.4079527905560467,3.166375348937316,1.2395525001488643,1.1438429569233226,1.3632600153442593,10.09484282937529,8.612343811511932,11.15763255172264,9649732
1976,R10LAM,A,Median,2.426045077582641,1.341082908966633,2.9553257569045273,1.2108309312617436,1.134852217322107,1.3443730536369307,10.057556052759955,8.244543885642567,11.145039788281016,9649732
1976,R10LAM,A,Min,1.8794282672779712,1.0327035487281215,2.653041148519194,1.1829603032118774,1.1030372728663678,1.2717485920145437,10.09484282937529,8.184757479872848,11.199608429861389,9649732
1976,R10LAM,E,Max,1.9810753670919876,0.7672031801654243,2.7193345794397663,1.1817080181692687,1.0809213928442565,1.3071446620506653,10.235691787928117,8.478337027602414,11.319407557754994,9649732
1976,R10LAM,E,Median,1.5569141587431323,0.324892325730625,2.8433273119593103,1.1556864613355204,1.032791116966988,1.2848892445734557,10.235691787928117,8.422517383334293,11.303468571033287,9649732
1976,R10LAM,E,Min,1.364014328557781,0.05000595802973784,2.398338252982094,1.149749148526145,1.0037700410801067,1.2465433674391155,10.254899243113485,8.47784911832039,11.31766948326514,9649732
1976,R10NAM,A,Max,2.746348461000431,1.12785372323472,3.540557656596291,1.3162002731276254,1.1650762801219356,1.5232226334723877,7.3144606021431136,6.234144748848282,8.754417697193803,3665848
1976,R10NAM,A,Median,2.5532125880580336,1.253064055272033,3.520135451934987,1.3036588129062348,1.165913969492599,1.4548848465339994,7.351329084646184,6.645190450892248,9.852442534690113,3665848
1976,R10NAM,A,Min,2.1872083748210622,0.7373887917271728,3.115010707115438,1.222214417777768,1.09534056192415,1.403230638015712,7.544058212769626,6.889512313116567,9.932678576303658,3665848
1976,R10NAM,E,Max,1.1958219348430594,-0.05821599980047,2.96287265743264,1.1873243960726465,0.9975537361186342,1.4843033716714629,7.489589609517113,6.61327260127845,9.935468251560382,3665848
1976,R10NAM,E,Median,1.0079289603258117,-0.6413810282038201,2.131470831754783,1.1784566856828116,0.944466439175701,1.3960224428600259,7.489589609517113,6.63525875079451,9.966169896664985,3665848
1976,R10NAM,E,Min,1.0805013251134907,-0.11262162880073845,1.8314924294645163,1.146057729991449,0.9904310623308832,1.3224660555710197,7.463941809175338,6.612694965551813,9.933549398741345,3665848
1976,R10PAO,A,Max,2.2923190382460943,1.2270266654565618,3.264872257797138,1.8316455369478422,1.4315570019076878,2.272539206033412,3.1377656041575817,1.9699045655596394,5.64572327981105,2279944
1976,R10PAO,A,Median,1.8491509671000057,0.8641088308348239,2.5905677725540803,1.5502275596432522,1.3177082769647295,2.152844579615374,3.432745831314366,2.0027291083303935,5.31500693447186,2279944
1976,R10PAO,A,Min,1.4623051182941411,1.0738981746493845,2.496211109139622,1.5397097615388082,1.2576369948623363,1.9550525332147304,3.3842137506522407,2.0718969030145318,5.427922430150241,2279944
1976,R10PAO,E,Max,0.8824634449122495,0.08259087831546769,1.845098623754626,1.3665070225011777,1.0328457165900025,1.6809176699183768,3.659899193292667,2.195688554911907,5.628756427685242,2279944
1976,R10PAO,E,Median,0.39943002195095245,-0.2913126316769889,1.4989836470280413,1.2289857634890378,0.9095916892299722,1.5874828079041574,3.881430199485216,2.2099058292621123,5.64572327981105,2279944
1976,R10PAO,E,Min,0.4537304196492905,-0.21739184514244214,1.2093669231028117,1.217506153796642,0.926751007766357,1.652170398094492,3.9082286113208324,2.217014466437215,5.627695999427379,2279944
1976,R10SAS,A,Max,0.7008466871534695,0.3353681709791255,1.4191126543359065,1.1293465634098894,1.068695969279375,1.2304631612820083,5.9453284424612916,4.613014942535732,7.226502855481659,24992912
1976,R10SAS,A,Median,0.8092058389695396,-0.05374636685324569,1.3149533738866994,1.1280048836922276,0.9892398099578602,1.2363632088649905,5.669606021559078,4.546636330552109,7.129452581464273,24992912
1976,R10SAS,A,Min,0.8392634734553002,0.05720362820866651,1.4113736665783205,1.1552740815986189,1.0121906805694425,1.2788521913531787,5.307362637631709,4.54614823532858,6.635060539369579,24992912
1976,R10SAS,E,Max,0.9642411484583793,0.17785952908793318,1.6338675824147812,1.171293810567445,1.0336399210767635,1.2570469371228867,5.6686736491663865,4.60943661065319,6.643056829917726,24992912
1976,R10SAS,E,Median,0.7975082842110353,-0.0028693090495280488,1.5978196748578961,1.1353300847751902,0.9996372696605318,1.2721825345479214,5.6686736491663865,4.605324367977468,6.6796868070626845,24992912
1976,R10SAS,E,Min,0.7221625958787747,-0.1644986008507887,1.2007965738736615,1.1128396757913446,0.9771008655447584,1.2150547291644491,5.669606021559078,4.608874598007913,6.755236134924157,24992912
1977,R10AFRMEA,A,Max,1.4316057708765655,0.7487784703778835,2.254602359661208,1.1373729671971033,1.074512047344052,1.2184440796902913,10.4519166995518,9.540252286703257,12.686256697174686,18325756
1977,R10AFRMEA,A,Median,1.5082605325507465,0.8765722404423392,2.097727804458316,1.1296667552566126,1.0663861162127146,1.2367617972986378,10.821908798556857,9.604100391429922,12.483958710850967,18325756
1977,R10AFRMEA,A,Min,1.2018781376338796,0.6504592925411602,1.8549677265901798,1.1164730291232585,1.0561225185081393,1.2021010851953906,10.822379657163154,9.456527923606828,12.5110099980634,18325756
1977,R10AFRMEA,E,Max,1.4406648431617501,0.542888501187463,1.882100131839522,1.1232383651689426,1.0579645426118192,1.1962491299743254,10.976993844614894,9.464554972550554,12.566363304772104,18325756
1977,R10AFRMEA,E,Median,0.890755976097366,0.39382167046835065,1.6989150311694523,1.0959159631700215,1.0386520088269433,1.1539246780583607,10.976993844614894,9.453429030771925,12.686256697174686,18325756
1977,R10AFRMEA,E,Min,0.9384455845205277,0.2961288506173396,1.7134484241211494,1.088631650908328,1.0306335593634774,1.1597473509099379,11.131137173460335,9.463655377127106,12.933536819005004,18325756
1977,R10EASPAS,A,Max,1.1832631285753359,0.5617278954276606,1.6559848218779933,1.3637370592826497,1.1482072456852563,1.586025451181376,3.4947164659206393,3.0710982798422934,4.293519323627491,34343456
1977,R10EASPAS,A,Median,1.0315341135873428,0.3731564665695746,1.3534263345148188,1.3218222820382748,1.114905760088666,1.510268723389746,3.393640733081025,3.0696589939941448,4.271763745202861,34343456
1977,R10EASPAS,A,Min,0.7425641844159114,0.3709894714965492,1.4129894719337037,1.3008989579469659,1.0948018407193252,1.4877260603637716,3.253779472644873,2.934596913066188,4.2654012925194325,34343456
1977,R10EASPAS,E,Max,0.8237858385624459,0.36507375635405354,1.3581606413943446,1.2249241761912657,1.115233219963629,1.4459378190043914,3.2428589778483086,2.8364650422570468,4.26974051103313,34343456
1977,R10EASPAS,E,Median,0.7203050008619291,-0.13277095757506888,1.1914625913414627,1.2200815153038795,0.9650836730826619,1.4016114381583624,3.2301772851398054,2.7870795670016872,4.263582342468987,34343456
1977,R10EASPAS,E,Min,0.573698408611198,-0.07853305457833626,1.220893244831037,1.1729104915274244,0.9708395769814154,1.3878807853712771,3.237315635716912,2.7870914316067283,4.269584877635459,34343456
1977,R10EUR,A,Max,2.1057837047736228,0.8444328271909334,3.383927786073629,1.3823627871098176,1.1326217939899508,1.629165246135742,6.134232552485146,5.228257819825684,6.885073163894678,8151156
1977,R10EUR,A,Median,1.9348420524210406,0.6755201696326928,2.8894080877325226,1.3403320081540049,1.07735921397293,1.6381624149341398,6.113416333684568,5.434745174693124,6.820418420015017,8151156
1977,R10EUR,A,Min,1.5231024091229242,0.620276839652945,2.9992213682858253,1.281277179424034,1.0940784751708537,1.548435621028101,5.8377829943520565,5.3633457371204045,6.682554055183923,8151156
1977,R10EUR,E,Max,1.430919762977854,-0.1439449561343877,2.608265690800291,1.2261886110073281,0.9753664083310608,1.4696952063349897,6.155743062694027,5.484269086783087,7.2265754511790234,8151156
1977,R10EUR,E,Median,1.153655792359856,-0.4733495824928599,2.503524146656561,1.20336466305572,0.9498834622149784,1.5052754757653173,6.155743062694027,5.476225167669795,7.242297120259497,8151156
1977,R10EUR,E,Min,1.4017128848726985,-0.614789935268897,2.3015382665461566,1.2094946146885308,0.9161745294733653,1.4015357036119438,6.156437354102331,5.48358468533169,7.274723062737974,8151156
1977,R10FSU,A,Max,1.3981679269258602,0.8376369533158732,1.9026969872660227,1.428220035289943,1.1703656945526864,1.7386060602301434,3.653913379557353,2.960596747294935,4.820967010926956,4386560
1977,R10FSU,A,Median,1.3083462882415335,0.7768800298397389,1.6934532296487,1.3470190616606177,1.1538481203206663,1.6308145570253259,3.793411686310852,2.965789839003518,4.916660459162668,4386560
1977,R10FSU,A,Min,1.0682683743303945,0.5345812067065706,1.5982897829117206,1.2853833214585315,1.099781149154373,1.4837005823022662,4.079138732799159,3.0923760232284745,5.090417469414542,4386560
1977,R10FSU,E,Max,0.6804234538447207,0.03042168158553054,1.4193687958723364,1.1624874357577524,1.0085561153383156,1.372315040153264,4.165761400731828,3.249242590510612,5.427132214414511,4386560
1977,R10FSU,E,Median,0.6300068982805367,-0.24003594980377962,1.4729185720866744,1.178384799497318,0.9344588786446228,1.3779968252165729,4.165761400731828,3.1982460230895056,5.454526968089574,4386560
1977,R10FSU,E,Min,0.596589030565096,-0.16254555051442487,1.216780869187959,1.1383609216735193,0.9658791694270872,1.3680517959245988,4.156387155991782,3.2488554200484163,5.42542004230982,4386560
1977,R10LAM,A,Max,2.7614547633635276,1.4766404793647596,3.3232797997620978,1.2523008002390021,1.1484585698941825,1.3897990631423895,10.29216477969354,8.701639016861204,11.318971977524583,9800944
1977,R10LAM,A,Median,2.6137439919895415,1.3412267515355454,3.1430292738777346,1.2337753314402091,1.1377325420769275,1.3599755687351696,10.221391571715547,8.513033815037996,11.343637812932384,9800944
1977,R10LAM,A,Min,2.1564817384688313,1.1370472801059401,2.925564333082569,1.193903201727485,1.1146746757164199,1.2975214241126714,10.29216477969354,8.499459681288183,11.402772599916414,9800944
1977,R10LAM,E,Max,1.992617587465964,0.8074881361807771,2.826517734362146,1.188316479982461,1.0813382309835593,1.3326965183189632,10.443180934329092,8.543751944655037,11.624457912392936,9800944
1977,R10LAM,E,Median,1.7049133445247748,0.19333759566647635,2.9260813859917016,1.153691228698729,1.0241410336330592,1.2932514358904954,10.443180934329092,8.542685419394212,11.571008982297041,9800944
1977,R10LAM,E,Min,1.4245029458150764,0.08997690915169798,2.5348289643482147,1.1506319312402962,1.0069323688035532,1.2528449028459359,10.44446023769488,8.543630729181297,11.621267002039968,9800944
1977,R10NAM,A,Max,2.872571875531851,1.1635565016942275,3.729906203564897,1.309679924298586,1.1558689492818128,1.5158097065816163,7.4077907648232095,6.507437709156073,9.123357154842326,3669496.0000000005
1977,R10NAM,A,Median,2.814934732837644,1.1489567295728693,3.689957258616415,1.3029754053501839,1.150354485158909,1.4776577015318466,7.466130906242481,6.659926228924353,10.045870400473943,3669496.0000000005
1977,R10NAM,A,Min,2.1566479056517585,0.7670837554246849,2.997732511791123,1.217048290925726,1.0801056172580092,1.4140279877153303,8.000702905605229,7.030259158525766,10.204710492236295,3669496.0000000005
1977,R10NAM,E,Max,1.3082162122539467,-0.13858509557323848,2.9694434408269075,1.1947211873448311,0.9941863318307174,1.4821145956238415,7.7308096862325595,6.622288658216932,10.29526783920404,3669496.0000000005
1977,R10NAM,E,Median,1.0200824294334836,-0.6994705381228274,2.3340431416119536,1.1775306729229404,0.9265516253493005,1.417174138177227,7.7308096862325595,6.672124699079816,10.319713696702479,3669496.0000000005
1977,R10NAM,E,Min,1.1920034266321826,-0.08313538407630183,1.9785216873965945,1.1462039622465148,0.9931780461325921,1.3397506502914338,7.661508187433986,6.62112152991086,10.29373997311039,3669496.0000000005
1977,R10PAO,A,Max,2.5379968850191688,1.1126220300273524,3.4693121349263034,1.7427195831876205,1.4485187877174093,2.476570422034069,3.2071845836812,2.03421167872966,5.731946297489754,2210388.0000000005
1977,R10PAO,A,Median,1.8721858096199777,1.0175915193881382,2.8368415899552346,1.576560254584943,1.3461238600223058,2.203378362328679,3.5250149599466023,2.073994766464219,5.368863137259144,2210388.0000000005
1977,R10PAO,A,Min,1.5508975056112535,1.0538951345271186,2.5175895187593307,1.5435299154331448,1.2589514064930514,2.0055327112291836,3.4425289779045167,2.1823889028560552,5.4938184814808295,2210388.0000000005
1977,R10PAO,E,Max,0.8814610240498646,0.14270187515665556,1.9326027080511377,1.3621431484090962,1.0363461255452888,1.714721385737367,3.689604266438181,2.243736077914739,5.715896437506607,2210388.0000000005
1977,R10PAO,E,Median,0.4118256116873913,-0.35926238535473787,1.6070352523495939,1.2326765243621267,0.9148803238196515,1.6569344204079473,3.888689981407941,2.2862744330545604,5.731946297489754,2210388.0000000005
1977,R10PAO,E,Min,0.4549336426206134,-0.20814999971098036,1.258428231873937,1.2251277979751296,0.9341696620851989,1.6325447518635503,3.9231863898861215,2.3075436106244704,5.7148933212576605,2210388.0000000005
1977,R10SAS,A,Max,0.9249858904844892,0.4900718983041074,1.5263993365944326,1.1633140339138692,1.0804227118864211,1.237597846705651,6.1104346955543996,4.7045476009445535,7.388579814748433,25511624
1977,R10SAS,A,Median,0.9364626154983204,0.11791087151078877,1.4087864449522982,1.1372944427925993,1.0186527459394727,1.2548046673650413,6.03119455546978,4.651495839099063,7.181772824410911,25511624
1977,R10SAS,A,Min,0.9756903422255383,0.050818046320943326,1.524607685196416,1.1489675472474958,1.0061894743542077,1.2813461882551815,5.407187457859038,4.652120278807146,6.850647607617036,25511624
1977,R10SAS,E,Max,1.0783058005403297,0.12912214904324948,1.8683349053982885,1.1788063047660189,1.0251624066452254,1.2935397160493565,5.796142193711194,4.697404929273064,6.894582168372938,25511624
1977,R10SAS,E,Median,0.811075306793601,-0.05046830180667993,1.6706866437009014,1.1320091807112926,0.9922013281884599,1.293400562863929,5.796142193711194,4.692996620393728,6.940864112325374,25511624
1977,R10SAS,E,Min,0.7651552494880294,-0.2977132558619138,1.2757033002785167,1.1149819549474118,0.9589827549913731,1.2247610099994666,5.80167869935355,4.697211080867188,7.036320621727273,25511624
1978,R10AFRMEA,A,Max,1.6629754736997482,0.9640068699907351,2.5093791656456013,1.1508122479845357,1.0825495751418244,1.2339724411635393,10.732377622762414,9.864793330780394,13.09537287874776,18882924
1978,R10AFRMEA,A,Median,1.6661156231995733,1.0090429114200712,2.3699878503247094,1.1507739129158285,1.0778162523089696,1.2359282041346753,11.146654095184019,9.931653671645133,12.844684579027872,18882924
1978,R10AFRMEA,A,Min,1.2867654401395061,0.7458616033813521,1.9527730153793401,1.1237319996818815,1.0619603629256922,1.2138048125561705,11.17060923945072,9.786532089182316,12.888021898062755,18882924
1978,R10AFRMEA,E,Max,1.5517139817764645,0.6641782925183787,2.104112032223569,1.1258645211312945,1.0719656639821356,1.1985318379328649,11.352401433176329,9.800030923174267,12.972382514143039,18882924
1978,R10AFRMEA,E,Median,0.9793136255582624,0.483857630227819,1.8480632101208174,1.0964283636360583,1.0430758543374594,1.1587895148983531,11.352401433176329,9.780947203373954,13.09537287874776,18882924
1978,R10AFRMEA,E,Min,1.1557920509989152,0.363029776362346,1.8935767090357558,1.0984755474409926,1.0391658738454421,1.1682034851723375,11.510238482635238,9.799377326541551,13.349040505744993,18882924
1978,R10EASPAS,A,Max,1.3829307879191843,0.7111934463554712,1.7071471207759803,1.4192941164515487,1.1758654050259416,1.6045146032298425,3.575010329080559,3.1606862815802304,4.405752156276481,33409584
1978,R10EASPAS,A,Median,1.129429418783186,0.5653983043628029,1.4847133516674942,1.3189106889117903,1.15863599035928,1.5437254983490187,3.5115513048196045,3.1605681220482893,4.401279563099668,33409584
1978,R10EASPAS,A,Min,0.9216161795227,0.435378204855994,1.454705859382159,1.2938893394082696,1.105964616170779,1.5193586918966395,3.3681273630191413,3.017694877904799,4.36411254720019,33409584
1978,R10EASPAS,E,Max,0.8258615933947331,0.34559956465514446,1.3487620091222272,1.2518157854278176,1.0738797771774518,1.456189938298005,3.3590646059689835,2.954956485372614,4.380573848342703,33409584
1978,R10EASPAS,E,Median,0.7117893637686019,-0.15132940899811914,1.2041999517607647,1.2237792599849946,0.9675083563003765,1.4196945646011352,3.3499344391129835,2.8558835888086755,4.357027801805545,33409584
1978,R10EASPAS,E,Min,0.5371730505859134,-0.02078948877968978,1.3038165578052645,1.1762090394792029,0.9910224387410285,1.4002856898153138,3.3552602775556988,2.8667121099313744,4.380407461607872,33409584
1978,R10EUR,A,Max,2.1276972528105214,1.0782989518480455,3.644103876051605,1.4009584978662597,1.1416151924299776,1.6042900818483623,6.354080610928536,5.3392374234176,7.160639607687112,8078404
1978,R10EUR,A,Median,1.9888331115449756,0.6035123714796936,3.2106279483844236,1.354072896654424,1.0955161205761277,1.6661601835932687,6.198493799453951,5.6287790326290885,7.021936380162623,8078404
1978,R10EUR,A,Min,1.569200090100599,0.6702028734928297,3.175026935063479,1.293000668976429,1.1055981782753972,1.5462170151688475,5.983495489646739,5.512140110784671,6.891463894256786,8078404
1978,R10EUR,E,Max,1.4250605921245554,-0.17793026171891646,2.7086291372388906,1.2384579861404572,0.9814604483306435,1.4839425974116478,6.306767356256497,5.647194552862139,7.455818233659264,8078404
1978,R10EUR,E,Median,1.1679031394345798,-0.36115933279616624,2.5581920147819703,1.1983990775805815,0.9530826225809672,1.4707258955340383,6.306767356256497,5.640014881471781,7.479639294622786,8078404
1978,R10EUR,E,Min,1.444936109702689,-0.6640897558355778,2.426048879227279,1.2132802130164861,0.9042772434954683,1.4057949601399302,6.340067377913653,5.647010787354966,7.528770232860049,8078404
1978,R10FSU,A,Max,1.4801265434332267,0.9788200064069424,2.1387504657340606,1.4546384000302177,1.1820035554247459,1.8127785804709744,3.7764756028643918,2.967449940996974,4.883635238591121,4426480
1978,R10FSU,A,Median,1.4498395505428996,0.8691995329760147,1.9024105138367102,1.3641638528713342,1.1771167858383218,1.689711759908443,3.8461898855821737,2.9923442463687424,4.954645523811889,4426480
1978,R10FSU,A,Min,1.1365135282224457,0.5283044105431504,1.6525050297030854,1.3415535934055942,1.1114568929581652,1.4926080375121202,4.204749137108778,3.309916636347519,5.282699392668237,4426480
1978,R10FSU,E,Max,0.77761928654117,0.03150014262990657,1.5994497748210839,1.1980208532887628,1.0082599101957526,1.380858616358311,4.290247722581909,3.3272838917866485,5.393523214297254,4426480
1978,R10FSU,E,Median,0.5728058758210088,-0.15814740437068953,1.495585762920174,1.20631897671206,0.9536571465532955,1.3876949595690742,4.290247722581909,3.320716812008898,5.4474365870685775,4426480
1978,R10FSU,E,Min,0.6312944064059351,-0.21050564296508867,1.3614532279933522,1.1305162250617513,0.9454406878738081,1.3818296609219711,4.285255689736376,3.326373061278135,5.390153628499046,4426480
1978,R10LAM,A,Max,3.159880533995211,1.4420478074894805,3.5536458516911793,1.2754452942841736,1.1711927612977224,1.4286161942753965,10.421649659959456,8.76108549960161,11.488682938881631,9952156
1978,R10LAM,A,Median,2.915041700012125,1.1762126411589882,3.5087337871157187,1.2513627666495637,1.1343090610121718,1.390367139727394,10.390023544392573,8.61945866479143,11.56339065366032,9952156
1978,R10LAM,A,Min,2.3808950087746115,1.182803996354126,3.2132051457545563,1.2030694356219944,1.13738675123937,1.3150161206977575,10.421649659959456,8.586360968036862,11.63286715844739,9952156
1978,R10LAM,E,Max,2.014877890867207,0.913757721784372,2.952242554902761,1.201513201465212,1.0985139370953234,1.3504403000383198,10.629958817351824,8.780127109362958,11.932439059163817,9952156
1978,R10LAM,E,Median,1.8123787690320121,0.18624199893910043,3.0539552126335185,1.1707144638979252,1.0156183478880487,1.3094372789493018,10.629958817351824,8.776773994290826,11.854313926249933,9952156
1978,R10LAM,E,Min,1.492708278443562,-0.12983083389134986,2.6096353088377047,1.1553849570805754,0.9888647511579589,1.253024443742139,10.645625806816646,8.780089768209804,11.932155539977197,9952156
1978,R10NAM,A,Max,3.061349812029593,1.3342016492889242,3.8334550685101547,1.3487934436264823,1.1486280377610019,1.5317665095469253,7.529432025557046,6.66212487006163,9.471781797787223,3673144
1978,R10NAM,A,Median,2.953362597867981,1.2649723477193475,3.803289119523803,1.3021771376831637,1.1668014240922393,1.4967375815008368,7.572866766456186,6.830366237196834,10.252134526414316,3673144
1978,R10NAM,A,Min,2.1688464637697966,0.6840583722430338,3.107092132901661,1.2142469340171729,1.0770200927860987,1.4460053039497494,8.196521074322593,7.104879125876048,10.316271303441077,3673144
1978,R10NAM,E,Max,1.4252434958530271,0.011911967805128562,3.0577702844483614,1.2051335282366424,1.0025079799426,1.4792946830448397,7.871521305520087,6.783866504630559,10.340886737228121,3673144
1978,R10NAM,E,Median,1.0497740552572066,-0.6921807662051018,2.338909287889517,1.1531891583557772,0.9338585091928604,1.4259980870769475,7.871521305520087,6.775578823939343,10.419590645883389,3673144
1978,R10NAM,E,Min,1.134144211465319,-0.14097837277448733,2.0911699988132146,1.1596092855741986,0.9891736299160717,1.338538685258778,7.850808450949503,6.759173867794962,10.335967742937168,3673144
1978,R10PAO,A,Max,2.7592840599228294,1.1890739631054732,3.8680743259284847,1.764477878596062,1.4208307859379627,2.664806640887046,3.445566706553376,2.107289555875637,5.782862289600373,2140832
1978,R10PAO,A,Median,1.877630658651133,1.1239783455744243,3.113626251109901,1.6219122560240038,1.3676134487207898,2.3911505972239278,3.930246784400405,2.117817524691092,5.497415548226033,2140832
1978,R10PAO,A,Min,1.5474226491028444,1.0596035093187288,2.738565369925591,1.5728298673373,1.2717277649203695,2.1763738668847514,3.6608880493111253,2.2419236768618482,5.585281185950237,2140832
1978,R10PAO,E,Max,0.9550708522377597,0.07484073596902885,1.9343920323696373,1.362300070891772,1.0445138967622858,1.6836485123292222,3.892050936723612,2.346617363072896,5.74292634111902,2140832
1978,R10PAO,E,Median,0.41539656912184925,-0.40544882629324336,1.696055954674818,1.2326350612719874,0.9097764470569755,1.669034492096671,3.9302501038918836,2.3577704969542874,5.777975386703576,2140832
1978,R10PAO,E,Min,0.5181043152286827,-0.22407277159509587,1.4808038846726692,1.2343456826535804,0.9460869918203105,1.5824039972407773,3.9302534233833617,2.363347063894983,5.740735775769985,2140832
1978,R10SAS,A,Max,1.058292313837761,0.6860867411510163,1.710924138250601,1.1844547684536884,1.0788996065837926,1.2708298549080763,6.294894009989902,4.772863287985778,7.460640581748615,26030336
1978,R10SAS,A,Median,1.083876813667441,0.38959845595229303,1.6072530860903487,1.1689063509918791,1.072621750637417,1.2736083092174386,6.254008828174853,4.7089881491373955,7.2669196575765955,26030336
1978,R10SAS,A,Min,0.9740902214380216,0.11993747453800549,1.627079281191392,1.1428045097619521,1.024128988563756,1.296489571518064,5.490964857628883,4.697474697957346,7.042926701125736,26030336
1978,R10SAS,E,Max,1.256213053285526,0.08355022230536711,1.9223203205217503,1.199418500614641,1.0157578802728926,1.3381265282543207,5.908308200937722,4.7529050657369165,7.1118415161402,26030336
1978,R10SAS,E,Median,0.7862669782345106,0.018561038958946792,1.7327587048211495,1.1214573793086937,1.0039479901874535,1.3105511788192894,5.908308200937722,4.735622555787562,7.137497699640292,26030336
1978,R10SAS,E,Min,0.7767981753237851,-0.3482426133148646,1.4518964922280961,1.1216446306427585,0.9408619388784256,1.2524884734299797,5.912658085560041,4.7522062429471,7.190413578109232,26030336
1979,R10AFRMEA,A,Max,1.8840695802182972,1.1864799714800438,2.70973859495556,1.1616385424970046,1.0922481814706402,1.2525382271789711,11.109753485082823,10.228531353056534,13.378280720079092,19440092
1979,R10AFRMEA,A,Median,1.6300841707778169,1.1245527498028518,2.5645130614672556,1.1757009036849775,1.090684887981409,1.2334315223783219,11.499794908169896,10.27504955141894,13.104456062527838,19440092
1979,R10AFRMEA,A,Min,1.502285798572085,0.7474058753512559,2.0578072506618965,1.1342185653459191,1.064739689343047,1.2276724872373865,11.498134452527902,10.13029072641563,13.157464604599399,19440092
1979,R10AFRMEA,E,Max,1.6240020058379496,0.7152935449062923,2.3050102867522364,1.1359743210295372,1.0727025141625972,1.2104488596289258,11.670446630476437,10.156279074760995,13.258721405430034,19440092
1979,R10AFRMEA,E,Median,1.106206183607994,0.5699031832837695,1.9822041907373258,1.1052611014590896,1.0531683218190429,1.1684876507631285,11.670446630476437,10.105208403192805,13.378280720079092,19440092
1979,R10AFRMEA,E,Min,1.3753533166338947,0.4174945063355118,2.023107301810178,1.1018839040446025,1.0403313936315726,1.1907250315595312,11.84109835278298,10.15615382389151,13.624871806542764,19440092
1979,R10EASPAS,A,Max,1.5303491955489958,0.8931351790272044,1.7939007608992008,1.4454557138199702,1.217549421648682,1.6502475310710794,3.6985104561890374,3.2380131367785268,4.517945555546121,32475712.000000004
1979,R10EASPAS,A,Median,1.3080349908288031,0.773149820610752,1.6201072381849988,1.3567137465330512,1.1756552562274043,1.5890353490026143,3.69790329237291,3.2373740165355422,4.517453300929111,32475712.000000004
1979,R10EASPAS,A,Min,1.0827983833276762,0.4816014063371833,1.5900022324855054,1.3330547737072749,1.1131131446780402,1.5406985945262153,3.477526483968688,3.0871134336913997,4.471855772671563,32475712.000000004
1979,R10EASPAS,E,Max,0.9109863103175166,0.2753308420617722,1.509644822781004,1.242093330858269,1.0755847441302082,1.4725663224869907,3.478323016886073,3.0295101403417624,4.49797636162398,32475712.000000004
1979,R10EASPAS,E,Median,0.7062124321347034,-0.1105322815106266,1.134468849684533,1.231892380310808,0.9774562723972859,1.411119433982734,3.472503334407799,2.9895170554833674,4.44706921606189,32475712.000000004
1979,R10EASPAS,E,Min,0.501040919945194,0.0030278749954604223,1.4214590738940998,1.1948374174848986,1.0010704007574882,1.4150282193934212,3.473299867325184,3.019198067475668,4.497625754458828,32475712.000000004
1979,R10EUR,A,Max,2.239611177374478,1.2933884690685313,3.905234328737863,1.3929493983100887,1.1553653596832252,1.6083405902143482,6.456477469547204,5.555893434611265,7.425573990948692,8005652
1979,R10EUR,A,Median,2.003568373406032,0.6401222304577923,3.383907547949164,1.313421213955056,1.1070942910820407,1.6516682597910093,6.23639131442448,5.7960864220175505,7.206881378342953,8005652
1979,R10EUR,A,Min,1.6348457122959104,0.563051008731461,3.2804075650001217,1.3065934766586254,1.0857886287992216,1.5651374330090526,6.187036304128451,5.61308653803341,7.105160806317457,8005652
1979,R10EUR,E,Max,1.5531589050020842,-0.08748005686713071,2.7940943348574443,1.2551979371088464,0.9900700308131379,1.4981324297441407,6.373243820777744,5.847704026299634,7.5928085624905615,8005652
1979,R10EUR,E,Median,1.2990441665760297,-0.30103012704968685,2.7178946828444763,1.173023836589683,0.9467824012414716,1.4427194762770896,6.373243820777744,5.8277370237187345,7.698816024386419,8005652
1979,R10EUR,E,Min,1.3452336020712075,-0.6623046249925637,2.516221696982309,1.2110341437549503,0.9053598038791473,1.3937145828625455,6.431101896454975,5.847444002136453,7.917456414546619,8005652
1979,R10FSU,A,Max,1.6039507943455065,1.1607506365001206,2.4495782594723314,1.4785898338256873,1.2282194446289343,1.8599169494066736,3.917221851449188,3.0097977322378107,4.9566468709210065,4466400
1979,R10FSU,A,Median,1.6961500734668111,1.0494992121360884,2.1529124132031185,1.417070657433844,1.2052315354923384,1.713475059231318,3.9286091746326735,3.0313233722198425,5.074404540693143,4466400
1979,R10FSU,A,Min,1.2275202574010604,0.5512788390059379,1.7789229166674154,1.368581133107801,1.1094485713912272,1.4981019748626327,4.27542282526388,3.428537203132039,5.397388060101468,4466400
1979,R10FSU,E,Max,0.9203169168432924,0.05951652174640403,1.6893262182318551,1.2041226739748812,1.018503238814923,1.3509016369826212,4.340217251260601,3.447480888897126,5.582445142737078,4466400
1979,R10FSU,E,Median,0.6256948732736041,-0.13437215032210834,1.575530443396333,1.211327895106053,0.9533411902687272,1.3975591160907366,4.340217251260601,3.4406827573420102,5.601480202803696,4466400
1979,R10FSU,E,Min,0.6350721872356906,-0.22325965377870283,1.3668505992745508,1.139122798094089,0.9525558108711935,1.3953569644260533,4.331326621643397,3.44638440718223,5.581255451482915,4466400
1979,R10LAM,A,Max,3.4160270315030545,1.7940038283332582,3.8943045103271254,1.2974732331218037,1.1817754227135966,1.4567055022451096,10.509363852317396,9.147697208829491,11.57740879066646,10103368
1979,R10LAM,A,Median,3.1858455541797515,1.2943518091728767,3.6726320042143827,1.2730663372431565,1.129384648449352,1.4186669111821542,10.478506803155641,9.046861165712643,11.707250950537212,10103368
1979,R10LAM,A,Min,2.6244560867993174,1.3459316577957172,3.348975670367442,1.2234605809429615,1.160864966029024,1.3339232427585401,10.509363852317396,8.939344191022299,11.71657580964899,10103368
1979,R10LAM,E,Max,1.9821253975176463,0.9109821824925979,3.29389886964632,1.2062818489161238,1.097108909390696,1.3703729867963257,10.789286904075867,9.04382494136547,11.956266905114875,10103368
1979,R10LAM,E,Median,1.9210388109794954,0.24406837857119007,3.141093353112242,1.1862584079405982,1.0189263207133057,1.3274499216009765,10.789286904075867,9.02241990883525,11.816383626281453,10103368
1979,R10LAM,E,Min,1.3992363014053968,-0.02272459591913112,2.686741763497416,1.130265759081061,0.9983699956447755,1.2563090204951712,10.89451883385865,9.043591385646456,11.95285284326202,10103368
1979,R10NAM,A,Max,3.269503776411479,1.4705788720786206,4.196358816878661,1.3627789377590755,1.161886300282757,1.5466057074789294,7.757325632310964,6.92142851919588,9.711907258580043,3676792.0000000005
1979,R10NAM,A,Median,2.9364219218161196,1.344434135778215,4.005829957577481,1.3216492042024324,1.168477740102041,1.4960910522666122,7.780458292048008,6.973487276522641,10.312535651892887,3676792.0000000005
1979,R10NAM,A,Min,2.1560279478897755,0.6438800478050661,3.0708801906805885,1.2168970306732305,1.0770114001157007,1.4642397533814924,8.258629042976843,7.2414941472557945,10.478957867298561,3676792.0000000005
1979,R10NAM,E,Max,1.569596776861676,-0.0014886667300388972,3.140680217515142,1.2273792938696573,0.999650244193291,1.4688032107920614,8.170489654453807,6.908056871328409,10.5653047127968,3676792.0000000005
1979,R10NAM,E,Median,1.085835047820726,-0.6713999924052934,2.454114135260431,1.1426970589163445,0.9447505923358135,1.4307962360888749,8.170489654453807,6.877868663905597,10.594357721919188,3676792.0000000005
1979,R10NAM,E,Min,1.0962486582938122,-0.06338153622447695,2.1526337546153425,1.1744877651584194,0.9954330842813528,1.358019650922206,8.114204031909834,6.816786159423909,10.563488899726652,3676792.0000000005
1979,R10PAO,A,Max,2.730853679145163,1.2869142466242012,3.9767916949496804,1.7902216369702484,1.4230530939336172,2.7115470001709023,3.768986894758531,2.16091813979144,5.841410767829556,2071276.0000000002
1979,R10PAO,A,Median,2.1578121017744167,1.1852365191689687,3.400569777304192,1.68240575939797,1.3514727050686302,2.486269541731095,3.9850236434173594,2.2177435457547103,5.6443756413494794,2071276.0000000002
1979,R10PAO,A,Min,1.760158297898569,1.056423243998255,2.8951294147886677,1.6209780450376696,1.295214292347195,2.2642840576253422,3.768986894758531,2.2503392084023,5.701042505294711,2071276.0000000002
1979,R10PAO,E,Max,1.0065605158352293,0.15690497042032278,1.9322315087222959,1.3752646218878168,1.0443838454274632,1.686478666318772,3.887526458929659,2.3602222867945,5.80174411284657,2071276.0000000002
1979,R10PAO,E,Median,0.4892382685008839,-0.3798383965112011,1.591250325446496,1.2539808094655505,0.9255492259107463,1.6791698092028593,3.9543984489842354,2.3873977113588696,5.808861685072804,2071276.0000000002
1979,R10PAO,E,Min,0.5390175138383146,-0.19996390149620868,1.6090047274712553,1.2330988717479692,0.9581084924549826,1.656566177245435,3.9850236434173594,2.4009854236410537,5.80129926458243,2071276.0000000002
1979,R10SAS,A,Max,1.1394245165568546,0.7907707337533629,1.9262174653231687,1.1963542458175311,1.1254945034336559,1.3035334918505768,6.391990875075741,4.864703068577605,7.6306523751124695,26549048.000000004
1979,R10SAS,A,Median,1.169107584862119,0.5053956143242865,1.6396524977617937,1.1693389485600754,1.1030618832907928,1.2681237544129584,6.320225731383295,4.739855985432958,7.47392265795572,26549048.000000004
1979,R10SAS,A,Min,1.0263704543974423,0.20249302445995634,1.7712004734315134,1.1396713312660136,1.0389714803896486,1.3075476066945992,5.593435572357558,4.719707156952428,7.1591093230844205,26549048.000000004
1979,R10SAS,E,Max,1.364478720491102,0.10265658145927771,1.935320974289458,1.2174178129681792,1.0204621466786399,1.3583278897823914,6.0228010059220525,4.858493500225035,7.203461020898851,26549048.000000004
1979,R10SAS,E,Median,0.7491365074986662,0.028565668577671448,1.8616243030879862,1.1189751749573345,1.005493032426367,1.3286430776153875,6.0228010059220525,4.812730626000541,7.208654238753043,26549048.000000004
1979,R10SAS,E,Min,0.7754889249870014,-0.34294545635217144,1.5319208581572115,1.1154722181144152,0.935696205501547,1.243938483419986,6.023519565040018,4.858105402202999,7.219365250577314,26549048.000000004
1980,R10AFRMEA,A,Max,2.1075358717691435,1.3874077053351108,2.943330094578756,1.1826472054160124,1.1037918599245615,1.2655888758757603,11.453899514891525,10.556145491241045,13.703047764450009,19997260
1980,R10AFRMEA,A,Median,1.8299345008877435,1.297729258806765,2.8484763163916718,1.1918717816309043,1.099395035631894,1.2460247165955345,11.877043200925211,10.58719480918641,13.509432429443251,19997260
1980,R10AFRMEA,A,Min,1.6906447338134991,0.9232867183436125,2.325311126839207,1.1470527987472585,1.077662456144087,1.2356717233345038,11.829789393539999,10.471739551000393,13.545112742535064,19997260
1980,R10AFRMEA,E,Max,1.80132727718504,0.8604766646094942,2.5587291945430137,1.15003575531646,1.0767799044071138,1.225714925842394,12.065947417697583,10.428712095787738,13.61381640996801,19997260
1980,R10AFRMEA,E,Median,1.27437957549557,0.6698051923709892,2.1212875037881975,1.1133375848915998,1.0598930797649517,1.1786748919080288,12.065947417697583,10.403288159160802,13.703047764450009,19997260
1980,R10AFRMEA,E,Min,1.3454505652345734,0.44611919204508865,2.159189739706303,1.108429279596746,1.0415067010615389,1.2021800858861347,12.176597860630796,10.427920054474251,13.887087433069127,19997260
1980,R10EASPAS,A,Max,1.6606368574018118,1.1344711427345664,2.06514830429082,1.4767614882071967,1.249151965119703,1.6977133386900647,3.974692782753248,3.34712257081513,4.697745287917873,31541840
1980,R10EASPAS,A,Median,1.3656380798237135,0.876221289257889,1.7742570594601315,1.3775601212495725,1.1840299803748244,1.5956421918521908,3.9611565366476365,3.3363837019845306,4.690369883967463,31541840
1980,R10EASPAS,A,Min,1.1444789536008202,0.49975160533532453,1.6639976707204507,1.3587380075101594,1.138657799704812,1.5533215604198372,3.5999013150739136,3.173764945697571,4.598328821404824,31541840
1980,R10EASPAS,E,Max,0.9838189633747947,0.3424975627232023,1.5784924301532797,1.251174644683389,1.082580621073634,1.493120314039017,3.6594510801100126,3.1298425300334194,4.610061620289397,31541840
1980,R10EASPAS,E,Median,0.6921021267804479,-0.010583594047870428,1.2206108657552237,1.2212007983435287,0.996308690693279,1.4176412517748835,3.5999013150739136,3.083410961265127,4.557354635383792,31541840
1980,R10EASPAS,E,Min,0.4362154830308105,-8.286154621615083e-4,1.4216697631387039,1.193943191553993,0.9998440969001783,1.4026442034938698,3.6373212173975102,3.1225855073227864,4.60912509555655,31541840
1980,R10EUR,A,Max,2.424419667021042,1.4949021834073497,4.1369287524200935,1.3817709998523435,1.1879434128243829,1.6444315578864837,6.52991756889371,5.772731526689671,7.694387570167556,7932900
1980,R10EUR,A,Median,2.2179340890806616,0.8238586374262786,3.6864550229385094,1.3366376098679835,1.1095566222079445,1.6288695813883272,6.472437620626816,5.844656875615095,7.444210190948214,7932900
1980,R10EUR,A,Min,1.8780192923977785,0.5111960501716039,3.36219674890161,1.302988193436251,1.0801670042680998,1.6044083925309616,6.278785000313626,5.806539089941654,7.288681407359993,7932900
1980,R10EUR,E,Max,1.6704176011648313,-0.07067654266326734,3.0990117608157535,1.260182653084295,0.9905513228691071,1.5076928285429292,6.482773285476259,5.971786014939801,7.900396795467241,7932900
1980,R10EUR,E,Median,1.3860091714724088,-0.5117944515952209,2.9038874039960536,1.1660973306517728,0.9157823795121233,1.4282165888062055,6.482773285476259,5.9291727412521755,7.929760319887863,7932900
1980,R10EUR,E,Min,1.3017056810096888,-0.6469814385753163,2.45373035831412,1.2070208697815932,0.9005001360693016,1.3856627275651403,6.493108950325702,5.971666611676303,7.990322589005393,7932900
1980,R10FSU,A,Max,1.908893262393269,1.3400485162692246,2.6209044710762743,1.5194855655520707,1.2648614490130599,1.963599868785061,3.97342023463945,2.9747131277537284,5.030006165433919,4506320
1980,R10FSU,A,Median,1.8433667350750542,1.1865255312427065,2.2357892665927053,1.4742542082722743,1.2270676023957465,1.7334465781688073,4.021487315678657,3.048308567227682,5.186420580035779,4506320
1980,R10FSU,A,Min,1.2843412813164232,0.7308257814822262,1.971431220082693,1.3492870776856005,1.120064185130282,1.5174909079075867,4.359179422875426,3.44511787346026,5.468886945111098,4506320
1980,R10FSU,E,Max,0.9340244521187494,0.13502187412452252,1.6635476510730898,1.2245178776805201,1.0166518566839982,1.35867950764411,4.402335269427272,3.6066975578932174,5.675963839447015,4506320
1980,R10FSU,E,Median,0.5894143741771918,-0.15460479733375648,1.6654340559647334,1.2146089832281364,0.9560372018588401,1.4289726412048267,4.402335269427272,3.5558132852407693,5.6817460438811604,4506320
1980,R10FSU,E,Min,0.642523142101453,-0.22214415085249328,1.4186856485081893,1.1383602129677022,0.9620899544455355,1.4016563745351267,4.371990974631154,3.6051554400683976,5.675602451669881,4506320
1980,R10LAM,A,Max,3.764684023922785,1.8749085896429816,4.313098753359694,1.323193318311365,1.1829198852585017,1.4786560624111544,10.850440983606113,9.482767009185665,11.65101119443135,10254580
1980,R10LAM,A,Median,3.4297219405908264,1.3410815155554985,4.106472789200604,1.2988308437529743,1.1300544494613318,1.4372076044083286,10.838072055470315,9.2481849516703,11.712672071735144,10254580
1980,R10LAM,A,Min,2.8864420132519477,1.4612882891147894,3.626734972603948,1.2614622720918103,1.1597271575207682,1.3566737893476972,10.850440983606113,9.10196919658971,11.742302492822349,10254580
1980,R10LAM,E,Max,2.144270429643937,0.9450249795107821,3.371790009772209,1.2097447859433204,1.0935799399263517,1.3646105347588517,10.969926491310527,9.236013454873904,11.956887160879429,10254580
1980,R10LAM,E,Median,2.0314632450759458,0.31532274697942353,3.1715305256729938,1.1976246647130462,1.0296998490093532,1.3345790701108067,10.969926491310527,9.184184233828711,11.91959999426123,10254580
1980,R10LAM,E,Min,1.5200974358773376,0.06656648128485898,2.8296507364348074,1.134584560656596,1.0038892114324305,1.2633105876740598,11.077043070879148,9.235767370978166,11.956853760133079,10254580
1980,R10NAM,A,Max,3.390518730129328,1.6417624401338775,4.558842632142245,1.336106124772706,1.1900073060837906,1.5629434752980038,7.960352844080003,7.06744182080862,10.033127986991335,3680440.0000000005
1980,R10NAM,A,Median,2.9733805155834094,1.565585699193809,4.165971192138601,1.3042914021856518,1.1631244902019744,1.4996997185973606,8.111680566147236,7.346252353507226,10.418211301543849,3680440.0000000005
1980,R10NAM,A,Min,2.389254799301132,0.5236535179027731,3.1153779746448915,1.2279406580711303,1.0821723498404197,1.484487144949056,8.34047897113452,7.43519892515612,10.598545809527604,3680440.0000000005
1980,R10NAM,E,Max,1.6111321893828094,0.06054469134718114,3.195124850893568,1.2363796049250624,1.0058098124008998,1.458456627845429,8.312968651079265,7.013600038811088,10.749359501056619,3680440.0000000005
1980,R10NAM,E,Median,1.0761555052033285,-0.6708008366672447,2.469688823141142,1.139236579268696,0.9444058565764061,1.4238713726355723,8.312968651079265,7.029825511857069,10.769959467730553,3680440.0000000005
1980,R10NAM,E,Min,1.2047345654745563,0.07449852748521657,2.2299261672102193,1.1747471016557927,1.005706694958538,1.3602346467342397,8.306352590243284,7.0110565105537965,10.748072003139498,3680440.0000000005
1980,R10PAO,A,Max,2.7381524563648947,1.562378849620253,4.02189197572387,1.888795277801653,1.4493284826245907,2.813813834383782,4.032529549641797,2.2158520853461177,6.0225905962791115,2001720
1980,R10PAO,A,Median,2.1842321644870495,1.1251166915138622,3.661273088359904,1.7119264334476834,1.3748185176545218,2.6278087090862914,4.042941144045184,2.244555298999237,5.800520282870324,2001720
1980,R10PAO,A,Min,1.8009744490137305,1.1254956879111304,3.027239880519037,1.6386815300013047,1.309776570268993,2.2943751017408434,4.032529549641797,2.3126485946883637,5.78033598952539,2001720
1980,R10PAO,E,Max,1.0576117160336833,0.16110865843517524,2.0047064484860178,1.3899859613466177,1.0597075339841293,1.6585188056464342,3.9721128917429915,2.360723562184684,5.930964634678375,2001720
1980,R10PAO,E,Median,0.5780441269942687,-0.29115504846593154,1.714165163753002,1.248183964071945,0.9168611975437619,1.6933810134168006,4.032529549641797,2.3749847077336317,5.949852685870078,2001720
1980,R10PAO,E,Min,0.6741243613867232,-0.1709557962229633,1.5867221959871678,1.220559190616637,0.9508945501587047,1.71794872531699,4.042941144045184,2.382115280508106,5.929784131478894,2001720
1980,R10SAS,A,Max,1.3015795961311332,0.8393909434150046,2.124233722709223,1.2131193334142303,1.14515863015491,1.3355517504219308,6.587246778752961,4.878271414679758,7.812977933680172,27067760
1980,R10SAS,A,Median,1.2073063686279388,0.6979725783098052,1.7892417961764993,1.1855329262104386,1.0940159979959503,1.2990352996325512,6.37017283448934,4.756648346145477,7.586709607635475,27067760
1980,R10SAS,A,Min,1.0512205960725096,0.2490218072550793,1.7975247720860763,1.1396026420074854,1.0569308022015187,1.3124078871321108,5.689593129595361,4.734357943498673,7.2575457675220925,27067760
1980,R10SAS,E,Max,1.4416851925299294,0.0842642648925702,2.111588149188587,1.2295557112396422,1.015330902072692,1.3784840580757778,6.116667709203272,4.872562021846626,7.2730739588191575,27067760
1980,R10SAS,E,Median,0.7075005447961455,0.12252338001404967,1.911767831922657,1.1097185649143855,1.0227811026708664,1.3486887766928577,6.116667709203272,4.827863607173397,7.274644678274855,27067760
1980,R10SAS,E,Min,0.7521376014387409,-0.25658742927523903,1.5634834226138232,1.1169726512761617,0.9348204970328186,1.2713367842365426,6.142502819186406,4.872205184794555,7.277884287152232,27067760
1981,R10AFRMEA,A,Max,2.3296504237217945,1.5791396117604428,3.2099277723110466,1.2021124199169195,1.1263975957600803,1.280018215688349,11.812713163441114,10.93639540070966,14.042936535374807,20633016
1981,R10AFRMEA,A,Median,1.916434562864029,1.5001189607846412,3.1410378358104367,1.2061211456346652,1.1158523015673378,1.2591541668547839,12.3798658270466,10.968040887303605,13.92109925803081,20633016
1981,R10AFRMEA,A,Min,1.7862647892068155,1.1078312016817145,2.5116083041861805,1.153194556345034,1.0914603586542664,1.247129351878435,12.264088870962214,10.860375677498446,13.94699314211465,20633016
1981,R10AFRMEA,E,Max,1.9096008489527905,1.0461468850414097,2.6787078119036893,1.1587998936460102,1.0769066251657937,1.2286525073838923,12.48864889910259,10.773799961096266,13.995754288970913,20633016
1981,R10AFRMEA,E,Median,1.4671692261870684,0.7792415521687289,2.290076618980448,1.1254575848667876,1.0701236623021715,1.1848225655681786,12.48864889910259,10.747994215978004,14.042936535374807,20633016
1981,R10AFRMEA,E,Min,1.4277599955494438,0.5323952178326152,2.405168422449851,1.1145402673527838,1.0461797476740151,1.2105488278729242,12.51830089377071,10.772436653795202,14.140249918582839,20633016
1981,R10EASPAS,A,Max,1.8122894904289966,1.3300186236665972,2.222388964139678,1.504051080323777,1.283687479762309,1.711239958114505,4.197097432398283,3.3961495770575,4.817288714976081,31879120
1981,R10EASPAS,A,Median,1.4731046435832975,0.8783263191226296,1.9372909774313491,1.3930453397686755,1.2046146570303384,1.611119897073678,4.181651041190376,3.3805153889721247,4.804040527728171,31879120
1981,R10EASPAS,A,Min,1.2534471911275742,0.5835114417796321,1.7551193542530577,1.3602120535992128,1.1345073821606166,1.5736397234778878,3.655375582670164,3.1916335237929876,4.728145307242318,31879120
1981,R10EASPAS,E,Max,1.0290286636108683,0.3059332307360562,1.7020912008194937,1.2728078929985327,1.0924661471141297,1.511051130727912,3.735845799293127,3.1705441722805445,4.6853535476844135,31879120
1981,R10EASPAS,E,Median,0.6524766487676674,-0.008842278793911983,1.3357607126344182,1.2000777282805282,0.9960743614309486,1.4365542656279462,3.655375582670164,3.1098844438687534,4.678429412849238,31879120
1981,R10EASPAS,E,Min,0.634560284908253,-0.004705285295188766,1.4961964650526696,1.2183539180239213,0.9991446599539779,1.3876463355895863,3.6981972033265427,3.1407855573362924,4.68370771077834,31879120
1981,R10EUR,A,Max,2.6597493974289335,1.5885691841963638,4.239629378906902,1.4044470516179564,1.222299305951506,1.679628839498065,6.627047411791173,5.790045215706374,7.843087462544281,7891232
1981,R10EUR,A,Median,2.4594707526026403,1.019092655134429,3.8236223754493808,1.3727528521396486,1.157055051267501,1.6023887232351977,6.598127253715075,6.09361499443543,7.687577659155302,7891232
1981,R10EUR,A,Min,2.056550892048302,0.8016970840802392,3.593231909422058,1.301432527349098,1.0974606181520437,1.6536179718695578,6.416947427476455,5.9581603285703215,7.625676765948372,7891232
1981,R10EUR,E,Max,1.6415006561947378,-0.046209420056675436,3.1341231098819584,1.2612490450681069,0.9931272956234416,1.5242610221817532,6.627047411791173,6.0616716608456125,8.138372831374097,7891232
1981,R10EUR,E,Median,1.484807228907191,-0.40401388870743377,3.0204309790130406,1.1863791127754628,0.9183975759566841,1.4317629254849475,6.627047411791173,6.046401949861911,8.190910439111693,7891232
1981,R10EUR,E,Min,1.5806711404710088,-0.6016193748263752,2.6090436684875504,1.2109795750339767,0.9070911934813516,1.3928726991178058,6.655967569867272,6.061630216009814,8.299269255070483,7891232
1981,R10FSU,A,Max,2.2106461178042265,1.4622187996039568,2.783851382335155,1.5814627568123396,1.3091264737074115,1.9827356627763688,4.02834808617267,3.0052662148492355,5.220361320363029,4593608
1981,R10FSU,A,Median,1.901608695582079,1.2444085316673636,2.5074909945755635,1.5050372049078635,1.2210689835319635,1.8093265944411128,4.209946533608527,3.0776520450886,5.293564588750882,4593608
1981,R10FSU,A,Min,1.4096163377416737,0.8172482727865154,2.115632775857943,1.347511872944205,1.1438499890656386,1.5570009843970758,4.4285782129674,3.471711139134678,5.565822243158127,4593608
1981,R10FSU,E,Max,0.9593702602506697,0.2539792169520751,1.7103493786711046,1.239526721664182,1.0367647479134334,1.373472283990131,4.542986662798804,3.787203316532782,5.754641556011661,4593608
1981,R10FSU,E,Median,0.8203607750722415,-0.18974311740340738,1.7680255452342781,1.216527000063457,0.9460998078488998,1.42680043170882,4.542986662798804,3.6856142515663466,5.766730110855217,4593608
1981,R10FSU,E,Min,0.5816285369801388,-0.19060098698283845,1.3598383372581413,1.1313041084766828,0.9634725718380082,1.4223110245781074,4.524856233296851,3.7858973594191765,5.753886021333939,4593608
1981,R10LAM,A,Max,4.180150086211792,1.9473911225739282,4.517442396566404,1.3344492644477626,1.1926738811368458,1.487533393233139,11.197589500753502,9.596186699161452,11.96238218865711,10366496
1981,R10LAM,A,Median,3.739795324257984,1.5115905118624513,4.305373043684371,1.3302406388450634,1.1461845298845599,1.4619358938567883,11.149548068698586,9.474839737517637,11.954724753114725,10366496
1981,R10LAM,A,Min,3.072483058695889,1.5479038631329851,3.856147429778976,1.2916920879351412,1.1677587072293987,1.3746159510148006,11.197589500753502,9.332003676837031,11.932902578494964,10366496
1981,R10LAM,E,Max,2.3487893666650597,0.9908832538386018,3.578654417605061,1.2179885369628738,1.0910900199396012,1.374978146352401,11.262776181142858,9.296160885033967,12.179211626410963,10366496
1981,R10LAM,E,Median,2.2343064121431313,0.346775269485862,3.2133671977995055,1.2104248764386805,1.0323577730872282,1.3397532152108278,11.197589500753502,9.276679573804532,12.115293256706249,10366496
1981,R10LAM,E,Min,1.4711287178257404,0.10147228309194922,2.962661092851036,1.1489043735700009,1.0088830143509313,1.2880535675227645,11.245630932808417,9.29442263017241,12.175955739013315,10366496
1981,R10NAM,A,Max,3.437894922353969,1.8213509041186273,4.760326648920069,1.342438162990873,1.2064355561695406,1.5873731191903508,8.100552874889429,7.154353407359583,10.302019692393243,3730552
1981,R10NAM,A,Median,3.126974164538959,1.579947473149569,4.432832635110508,1.2976853142236677,1.166992628786906,1.4984633820458024,8.241995423629124,7.48915398709381,10.434133150565266,3730552
1981,R10NAM,A,Min,2.559213687691252,0.6679697832751313,3.348579800811975,1.211777084767351,1.0872185076869978,1.4910408533681463,8.540662356693453,7.587501582664476,10.785322743019538,3730552
1981,R10NAM,E,Max,1.6589703332594916,0.07339816034744376,3.3266961516198803,1.2553469531647221,1.0070768138638175,1.4479788400190334,8.475692048823209,7.090560269794003,10.97873185236052,3730552
1981,R10NAM,E,Median,1.1493078051359353,-0.71478157016339,2.4747646031789534,1.1148309452909286,0.9408964151766217,1.4035404349349854,8.475692048823209,7.1451929899143884,10.991624738185665,3730552
1981,R10NAM,E,Min,1.316129058095913,0.06939109909092878,2.297520494214621,1.171113147269752,1.0085894851039636,1.3178828537159235,8.475470950321416,7.086573198696155,10.97792604699645,3730552
1981,R10PAO,A,Max,2.771018168010478,1.6776858150751277,4.204749953348209,2.0223203477561684,1.477347969261855,2.933261832838589,4.069534330109017,2.2575550432137326,6.116376671503943,1964868.0000000002
1981,R10PAO,A,Median,2.261186463901735,1.1945067101051616,3.83864146394557,1.6914723198492572,1.3928284166774518,2.8120554675834737,4.095195677410902,2.2854341744609314,5.921176504769079,1964868.0000000002
1981,R10PAO,A,Min,2.0198503693396748,1.2145571141896259,3.338345408340525,1.67414101390704,1.330458641903009,2.337745138114589,4.069534330109017,2.3440301852045744,5.845529645358221,1964868.0000000002
1981,R10PAO,E,Max,1.0295342015875402,0.07760093307996428,2.2423791603161347,1.3995318318853274,1.0246213828885429,1.6405085752930484,4.069534330109017,2.363675863774449,6.075210808410153,1964868.0000000002
1981,R10PAO,E,Median,0.617394206272704,-0.260209499680756,1.8701072792069926,1.2602558434106186,0.9144502274830226,1.7461305515890029,4.09788814709533,2.4101023558310177,6.116376671503943,1964868.0000000002
1981,R10PAO,E,Min,0.7488731512789153,-0.16631220919940803,1.5929423922466057,1.24291904130503,0.952477885758108,1.7533820000785842,4.100580616779758,2.4333156018593014,6.072637941966792,1964868.0000000002
1981,R10SAS,A,Max,1.5012435906738943,0.8619900397623141,2.349695464138769,1.2264131497914108,1.1374079905354442,1.3829015913739644,6.719829469490527,4.980311726071149,7.9946735799083015,27697764.000000004
1981,R10SAS,A,Median,1.2457098188205737,0.8289896558208769,1.9979122952783346,1.1969711950135804,1.0988383198498972,1.3106545864054369,6.430745951523937,4.8389023957167145,7.706376814662891,27697764.000000004
1981,R10SAS,A,Min,1.1238557125621575,0.358141315407555,1.8585532872254196,1.1603840927796951,1.0633886447032033,1.316383194062402,5.813554576399223,4.843760649613637,7.3737928344463874,27697764.000000004
1981,R10SAS,E,Max,1.5069772764316132,0.14042759170763894,2.2134995167180818,1.2444928485244486,1.0257781809266964,1.3851696646549505,6.182744491458308,4.947980298646089,7.400737706722264,27697764.000000004
1981,R10SAS,E,Median,0.7656430132899641,0.13539301921130292,1.9295437570249927,1.1235773741381654,1.0216630289276847,1.3503302883634851,6.182744491458308,4.914430715392509,7.417105217275351,27697764.000000004
1981,R10SAS,E,Min,0.8149308947406775,-0.19276284172396663,1.7170012197871793,1.1251023909073625,0.9526109469981968,1.2917281350686745,6.2184702505529055,4.945959584432023,7.450863207791092,27697764.000000004
1982,R10AFRMEA,A,Max,2.4675979782011765,1.8418624730001052,3.471876555261783,1.2149642761790995,1.1317099181958028,1.2847652766493556,12.164880973635274,11.32810362158,14.373837961368096,21268772
1982,R10AFRMEA,A,Median,2.054041749228599,1.7289954883580576,3.3627164595984342,1.219327165126656,1.1224463673548704,1.2616051973121973,12.756631383380746,11.360572922370954,14.342663491299469,21268772
1982,R10AFRMEA,A,Min,2.0081557493780955,1.3863776574354227,2.748161979809616,1.1649945806185409,1.093295765426371,1.24727600433676,12.62631445078024,11.251256365432674,14.351509729329429,21268772
1982,R10AFRMEA,E,Max,1.9336733717859218,1.1239710550266708,2.8908875129541136,1.1649787135108867,1.0894788670718814,1.2305386974683508,12.943413150968958,11.186193622962813,14.36755354205128,21268772
1982,R10AFRMEA,E,Median,1.6320294046981463,0.7905464685408188,2.4298260531625964,1.1251711898750036,1.075553320073488,1.1937377302000767,12.943413150968958,11.12748941874954,14.373837961368096,21268772
1982,R10AFRMEA,E,Min,1.5360805740267942,0.6845377836903435,2.6805779301738326,1.117754850446773,1.0534996446897156,1.2088733357557193,13.021120245584163,11.184811850067353,14.386799576209027,21268772
1982,R10EASPAS,A,Max,1.9483339381054245,1.5898530400391564,2.3250663245551304,1.5345602074531368,1.327119744561658,1.712676025875955,4.423112634848627,3.4541947639164925,4.921480354089177,32216400
1982,R10EASPAS,A,Median,1.6155805571299413,1.0728456326346234,2.0395742042459437,1.4085113841407517,1.222722781980002,1.62712618403113,4.377018288442388,3.4263033267101615,4.918973844176057,32216400
1982,R10EASPAS,A,Min,1.3481588288310693,0.6150199195067068,1.8406028861434658,1.3621426078998593,1.1529936576639401,1.5864475060720973,3.727140044854976,3.197371102606189,4.900126695085595,32216400
1982,R10EASPAS,E,Max,1.1102782807735878,0.2938299690975355,1.8294613934481667,1.2943398867333253,1.0907418838990715,1.5208749071815517,3.7965927736111356,3.210116868279541,4.8920439701481975,32216400
1982,R10EASPAS,E,Median,0.652136217759443,-0.01919714514546677,1.4259935943968998,1.1996261021972427,0.9935051747849943,1.4400969325443291,3.727140044854976,3.1405464982047375,4.880932632852863,32216400
1982,R10EASPAS,E,Min,0.7383755028230263,-0.007731047159503568,1.527203108345128,1.2301121734096023,0.998641000183991,1.402793734640136,3.753037383279533,3.1548426881379363,4.8917330961121435,32216400
1982,R10EUR,A,Max,2.9258917892557372,1.7651361830157946,4.344267312410512,1.4570926236628903,1.2512487696905545,1.6959183099473647,6.710129688663603,5.8379675811105916,8.083337466005522,7849564
1982,R10EUR,A,Median,2.895948066495068,1.3325675771194578,4.070262792059633,1.391445940311594,1.197845503882914,1.6357722754595663,6.747954140777698,6.3439582498965486,7.95735141099347,7849564
1982,R10EUR,A,Min,2.2450679246438456,0.8929693980417448,3.8333147951493833,1.326660145093006,1.1361984368609415,1.7006858596664831,6.603225944072829,6.030435226802661,7.860066342642046,7849564
1982,R10EUR,E,Max,1.7248459914842027,-0.06702734308124242,3.245085968850132,1.2696906208410672,0.9919949661184184,1.5314504759025438,6.765857849141984,6.128061582552808,8.371461716288554,7849564
1982,R10EUR,E,Median,1.568663517256188,-0.2229444369232222,2.9795670709665814,1.2029742563276535,0.9570851063061867,1.4650181862161913,6.765857849141984,6.111337426498308,8.3786502021555,7849564
1982,R10EUR,E,Min,1.617172848626895,-0.6278113172755653,2.6785715059329434,1.2147805176016184,0.8955147809969252,1.4032010413149532,6.771943217082024,6.127824110455135,8.393476454256076,7849564
1982,R10FSU,A,Max,2.4200297021686863,1.4738520373554316,2.9827447443177824,1.5953394093068898,1.3490543961812587,2.0346682866832775,4.148077868395376,3.0384815081252174,5.375461322076915,4680896
1982,R10FSU,A,Median,1.8847007555384065,1.2883989015459385,2.744752630338434,1.538955881857213,1.2497303083809967,1.844873107622759,4.387007075995311,3.129590162222518,5.485440467824736,4680896
1982,R10FSU,A,Min,1.5616974518131772,0.9147800820009847,2.1981905232726726,1.3822745648514183,1.1770685879491265,1.5880501117706953,4.5960926228076175,3.454003790862464,5.710906518032388,4680896
1982,R10FSU,E,Max,1.0046357416347187,0.3131623972909745,1.6783912217961001,1.241820201575945,1.0551822852331856,1.3930994003265333,4.648537687629401,3.942330008702973,5.929839609814375,4680896
1982,R10FSU,E,Median,0.9362406339393192,-0.18533488917348379,1.8597519181571434,1.2264061894021454,0.9261617548969938,1.421227502449692,4.648537687629401,3.798810271448272,5.950452670017244,4680896
1982,R10FSU,E,Min,0.607169973955112,-0.261971240063116,1.4454117847484231,1.129316331576142,0.957429152886165,1.3823262117988753,4.615061105597763,3.942071341575439,5.928551293551696,4680896
1982,R10LAM,A,Max,4.4312734977485775,2.0801789388925584,4.884178561002566,1.3510276735526174,1.2078138422256852,1.4916480246294197,11.361849435871848,9.732857833975183,12.250549853406751,10478412
1982,R10LAM,A,Median,3.99645175259017,1.6853162690437773,4.4549088035384425,1.3514019651921951,1.1565476148506697,1.4655115462692239,11.306585243136533,9.639039987726525,12.239091725028688,10478412
1982,R10LAM,A,Min,3.1288493121689394,1.6524546704273073,4.1609959708739055,1.2964448073391144,1.1624029607558488,1.382895655371919,11.361849435871848,9.541872351423914,12.211400892277963,10478412
1982,R10LAM,E,Max,2.370270992712795,1.030696665725425,3.7546762965024034,1.2224225914877647,1.098140144206225,1.3777345499471212,11.402043418562588,9.638136516136951,12.44206340673726,10478412
1982,R10LAM,E,Median,2.0546609422864224,0.26641245437441863,3.31342454820176,1.1966000932158267,1.0278694323372144,1.3351128580534188,11.346779225827273,9.560210340019834,12.398839574220858,10478412
1982,R10LAM,E,Min,1.4447891952859422,0.17671745636518388,3.093342457737368,1.156240636320946,1.020259743953711,1.288984119077857,11.386973208518015,9.638067018322369,12.442031349846095,10478412
1982,R10NAM,A,Max,3.6552641609128536,2.215926240578945,4.810911979725143,1.3730186586507709,1.227900213766954,1.6051018898078133,8.26099679422945,7.229272409815761,10.506327590384718,3780664
1982,R10NAM,A,Median,3.2081376156926193,1.545112568391997,4.8619167990450745,1.3146573478504175,1.1883472267141297,1.4993840275610983,8.34451093224329,7.569398674930769,10.667071319827562,3780664
1982,R10NAM,A,Min,2.697793921147354,0.8442651404999892,3.725290761983264,1.2299576731891257,1.0841379461807898,1.481494208082367,8.774479044900932,7.679683857172815,10.904189643417038,3780664
1982,R10NAM,E,Max,1.6885034501676115,0.020133306676059528,3.381699375018683,1.2798146348654542,1.0026934238770913,1.4509198858336345,8.660686661666706,7.2304290978156445,11.090221548234474,3780664
1982,R10NAM,E,Median,1.1110844051637456,-0.7468951983224325,2.65066206488921,1.1306775426131388,0.9384443965612563,1.3864561385878968,8.660686661666706,7.291353593311564,11.112564602153686,3780664
1982,R10NAM,E,Min,1.2037792215879533,-0.0028193701371037605,2.3866156444891287,1.1558370537074216,0.9997361978948623,1.3289151962584937,8.609229981304802,7.2270610066319865,11.088825107364524,3780664
1982,R10PAO,A,Max,2.7559294714146225,1.7397376027266935,4.593618040535853,2.1077331496177814,1.50815277699176,2.9595987121822898,4.0896518944137075,2.2703182641988553,6.328590371438443,1928016
1982,R10PAO,A,Median,2.6292111841824255,1.1858922647760697,3.966960848754272,1.694608314967432,1.4644748001727572,2.7641249336773583,4.094752073550399,2.311386788367381,6.2026989278176,1928016
1982,R10PAO,A,Min,2.2833380824948164,1.2052396602903033,3.422411496427631,1.6863930018601836,1.3414964800503009,2.4072492843424738,4.0896518944137075,2.357668906731818,6.089921559119707,1928016
1982,R10PAO,E,Max,1.0688671439577435,0.1664697464506159,2.1982544228122576,1.387484379632585,1.0687990609064868,1.6852699964296274,4.0896518944137075,2.37597296152568,6.323577470849455,1928016
1982,R10PAO,E,Median,0.6999645721683686,-0.2884511057756307,2.1475862746186367,1.312346341277077,0.9123796106886191,1.763439357784222,4.1214426633490735,2.457208139637728,6.328590371438443,1928016
1982,R10PAO,E,Min,0.6686713374756108,-0.13446402210014874,1.5764118318669005,1.2412750035232636,0.9621766962220732,1.720861358355481,4.148133253147749,2.4978257286937517,6.323264164562643,1928016
1982,R10SAS,A,Max,1.709223373653551,1.0288696695252575,2.365732138417659,1.2606489850652227,1.153978239218207,1.4009616257927626,6.85352313025615,5.054894861230459,8.173101561963524,28327768
1982,R10SAS,A,Median,1.3177844691461935,0.8600205811872027,2.090246913476788,1.228001310170348,1.1172397179546387,1.3408413711097493,6.490724849054718,5.007050526422114,7.813598454241332,28327768
1982,R10SAS,A,Min,1.244700609211058,0.5222427924135253,1.8573530119623185,1.1999418629111225,1.1042898270762973,1.3319935959897025,5.9157640061247445,5.003525847643177,7.627661913358075,28327768
1982,R10SAS,E,Max,1.5857359038150012,0.2492231589065775,2.480824574325488,1.2571948294771729,1.0432012420449024,1.3742666865583912,6.311006401147612,5.028299633577034,7.686662832904558,28327768
1982,R10SAS,E,Median,0.9115768303684348,0.1077336101858178,1.9938329082889117,1.148437988293931,1.0133604486358252,1.3463487719078204,6.311006401147612,5.019121526278031,7.6867860652251245,28327768
1982,R10SAS,E,Min,0.8003681101828644,-0.16863110934991,1.788497133259229,1.1298373031254945,0.9519756869905541,1.2626693607757784,6.3378060461060874,5.0266374318486955,7.687040231886294,28327768
1983,R10AFRMEA,A,Max,2.5605552164974887,2.073328167960324,3.6656647211664257,1.2352222966274227,1.1401777529655126,1.2924735935201268,12.457057940486356,11.573289835673592,14.700240437054976,21904528
1983,R10AFRMEA,A,Median,2.226025468894573,1.927368558909122,3.487956718762878,1.2096774779288268,1.1293790599435998,1.265139638188399,13.028833368341175,11.744969181905027,14.591545238179446,21904528
1983,R10AFRMEA,A,Min,2.138215775719013,1.5367302029561172,2.911377501478135,1.1782639960874002,1.111082179178432,1.249541986957774,12.885173262800166,11.46969640373868,14.62739041640052,21904528
1983,R10AFRMEA,E,Max,2.1369986480366947,1.2469812911508507,3.162669142154481,1.172651580192827,1.0995294412795351,1.2315329294374753,13.247191247687173,11.526087883022502,14.691363610309399,21904528
1983,R10AFRMEA,E,Median,1.8232375522664959,0.7890526175879112,2.559461632241855,1.1336470457329977,1.0814978636601542,1.201752864901968,13.247191247687173,11.430294247062369,14.700240437054976,21904528
1983,R10AFRMEA,E,Min,1.6350491679171473,0.7276764187050144,2.752148713914334,1.1184434156781817,1.0581453107639471,1.2181871574761558,13.261203382189612,11.5259526262818,14.71854889221773,21904528
1983,R10EASPAS,A,Max,2.076215393037323,1.6691750266264809,2.5952756518751565,1.5689551076988055,1.3391242271417547,1.7338606113582875,4.508025557118496,3.487810477607863,5.002734937414279,32553680
1983,R10EASPAS,A,Median,1.6644911914420186,1.180376343432935,2.0812578803374446,1.4279757423050319,1.2661703845018581,1.6449388272470806,4.46148639923422,3.4598523176501703,4.998712272574477,32553680
1983,R10EASPAS,A,Min,1.4906118793701413,0.7657549421731281,1.9540941372665506,1.3836177009818864,1.1802644895126255,1.5966946470323393,3.8323081672033923,3.201906582231472,4.977775233575704,32553680
1983,R10EASPAS,E,Max,1.1513182439748948,0.35657713662647716,1.892671465626331,1.3037012145165257,1.0730846406477632,1.5439140913386158,3.866931280416704,3.2122718624105606,4.975328290963874,32553680
1983,R10EASPAS,E,Median,0.639330114061015,-0.010457973869231255,1.507330473260026,1.1906957512949665,0.9979530106261603,1.4435432520737423,3.8323081672033923,3.1791816713367718,4.9332321843661875,32553680
1983,R10EASPAS,E,Min,0.7570489872553825,0.0479180636586225,1.5453813661969642,1.2228231806524055,1.0104023216276323,1.3884113700595775,3.834419402487687,3.184370643112945,4.975234177786496,32553680
1983,R10EUR,A,Max,3.2772391684176125,2.182346575478979,4.550205303066319,1.4738333086614543,1.2991402367206113,1.7328040381993846,6.887197070765631,5.894356514843327,8.257122029624574,7807896
1983,R10EUR,A,Median,3.133072434066622,1.5385113219843922,4.229623200210884,1.409679584001292,1.2216166194390095,1.6347120616409776,6.928410167850355,6.397942447635502,8.188287278791224,7807896
1983,R10EUR,A,Min,2.4683442363757155,1.2208992651435386,3.958409141921294,1.3392071110675352,1.1496835835717667,1.714320714954435,6.799424427429022,6.053358927928524,8.056207131377796,7807896
1983,R10EUR,E,Max,1.79245230819741,0.2138347668312305,3.4082730042537737,1.2900713928798426,1.027842072854027,1.5354414142777846,7.046124353759044,6.151972885528311,8.619142909590224,7807896
1983,R10EUR,E,Median,1.4489164286228227,-0.24493550195748925,2.987157794243175,1.2236884531296086,0.9698456830827056,1.4640395501068746,7.046124353759044,6.147391352754828,8.626864694182565,7807896
1983,R10EUR,E,Min,1.7213342010589958,-0.5774518093888528,2.7416523266084285,1.208415552048009,0.898184152085299,1.4183264788602692,7.117489671446827,6.150776314582838,8.642790874904271,7807896
1983,R10FSU,A,Max,2.56757045232143,1.6816287561446606,3.147721748332832,1.6297231081325287,1.3878034722197807,2.0790301315228663,4.2440277523285355,3.062987366706019,5.468811764887147,4768184
1983,R10FSU,A,Median,2.0713598771802433,1.381374252906917,2.890425073580313,1.561475809142016,1.270719552684212,1.907851414897032,4.4922168368505755,3.1650037234507202,5.634559303422083,4768184
1983,R10FSU,A,Min,1.641506268468878,0.9171628072439644,2.3734683213846868,1.3813596565062738,1.1897552683860912,1.6220127308222334,4.6379936159333806,3.375866801723034,5.83014216412778,4768184
1983,R10FSU,E,Max,1.0868040330081448,0.2692054389947323,1.7780541716923535,1.238101102193193,1.0489372143936824,1.3919326262862184,4.79828211227067,3.9336898897187136,6.057524484299654,4768184
1983,R10FSU,E,Median,0.9697147110101341,-0.19819532992765626,1.8986710986104671,1.2226984619827819,0.9373652602850537,1.4206855596554644,4.79828211227067,3.809025247461981,6.079772504714864,4768184
1983,R10FSU,E,Min,0.6343542083683591,-0.2887499380670442,1.5342886106841886,1.1228719857485703,0.9564834525461025,1.3781528041215814,4.769030366873276,3.9319307342156757,6.056133983023703,4768184
1983,R10LAM,A,Max,4.77321943519874,2.3725588870395917,5.304907455535492,1.35922373076245,1.2277387188743245,1.5192860899961511,11.608767782645806,9.84121317458246,12.410487273540578,10590328
1983,R10LAM,A,Median,3.9392808555808685,2.1140017165512757,4.79261011195368,1.3298627186399912,1.187056314662617,1.4865824356587978,11.60381217536607,9.714952044272074,12.40949658428801,10590328
1983,R10LAM,A,Min,3.1481180064378336,1.7261630999284816,4.433236761167464,1.3139953946686596,1.158807096771468,1.396772727329272,11.608767782645806,9.672570667001548,12.41378957104914,10590328
1983,R10LAM,E,Max,2.3441937439638485,1.0620797599861542,3.782220351692444,1.2318911843630649,1.0960564946560094,1.382192030175503,11.608767782645806,9.705588455844921,12.559056013810773,10590328
1983,R10LAM,E,Median,2.1189464776074987,0.3274840908296216,3.3389986076407525,1.2132133322788692,1.0275491445824048,1.3296909490092508,11.55212288253048,9.65852827012741,12.49646165055995,10590328
1983,R10LAM,E,Min,1.5247355792298247,0.17143082158195,3.1582050930262824,1.157337598684834,1.0187061456360127,1.2869311972098245,11.60381217536607,9.704868179812063,12.557797357283736,10590328
1983,R10NAM,A,Max,4.058274312017519,2.3616658514440974,5.167322225044864,1.4268042368657543,1.228374783385259,1.607457073631875,8.353200337096535,7.302679352063217,10.69337459431715,3830776.0000000005
1983,R10NAM,A,Median,3.445570512040744,1.689558940075611,5.076957510383862,1.3517819661068882,1.1923388011003206,1.5020200437095175,8.45759407184677,7.6278619983678055,10.892894767872882,3830776.0000000005
1983,R10NAM,A,Min,2.6557549548742827,0.958155605644132,4.042269919147147,1.267146977483111,1.107619696975679,1.4653492296270119,9.009669242244351,7.757562310567184,11.166634077144892,3830776.0000000005
1983,R10NAM,E,Max,1.797493962299382,-0.043047402163350464,3.4640067091620756,1.3112174461268706,0.9984214016145723,1.4487062077976165,8.870996814143668,7.4942262490956555,11.243025717617892,3830776.0000000005
1983,R10NAM,E,Median,1.0832900037058804,-0.5413689440435179,2.7838270363713877,1.122134528525137,0.9450227803148583,1.366779707222919,8.870996814143668,7.510311001591178,11.24423842993011,3830776.0000000005
1983,R10NAM,E,Min,1.1958637822507079,0.13080459267903777,2.473868779652183,1.167963464130511,1.0117814987140916,1.3443208242295994,8.74935767964043,7.49298731187571,11.242949923098378,3830776.0000000005
1983,R10PAO,A,Max,2.9711532714079274,1.8315197827608065,4.8985372758769,2.1847348504536264,1.510889996411141,3.076006548657976,4.143180233088117,2.28390853664518,6.407943925069629,1891164
1983,R10PAO,A,Median,2.7207708671903053,1.2183148077465733,4.2626878560963055,1.87473804511418,1.4475248880041816,2.8196912257580307,4.1974085000716945,2.325141087931553,6.272972880421252,1891164
1983,R10PAO,A,Min,2.2380296075845107,1.2777612170112822,3.638338681845409,1.6884119968969569,1.329971454531543,2.4557568124032096,4.143180233088117,2.352802807761289,6.197678688200362,1891164
1983,R10PAO,E,Max,1.0978941173507413,0.2837886545006687,2.3956311127817456,1.325578173179654,1.0903232246933328,1.6768608423587625,4.143180233088117,2.469444271666772,6.37904658756001,1891164
1983,R10PAO,E,Median,0.7251192482411591,-0.3193529364740866,2.1800183703680323,1.3454453396074952,0.9134131080014376,1.7459181563076775,4.202004643969421,2.4974347924789426,6.407943925069629,1891164
1983,R10PAO,E,Min,0.7535658973579782,-0.013316492594996454,1.5136257466585912,1.2601126914870622,0.9886396695200855,1.6884693428620017,4.206600787867148,2.5114300528850277,6.377240503965659,1891164
1983,R10SAS,A,Max,1.9145003176769215,1.1194997854605253,2.6421260083490834,1.2845664852574106,1.1711817481903042,1.4116227794959508,7.003499744150274,5.308921614857831,8.317251295323308,28957772
1983,R10SAS,A,Median,1.6101773618346549,0.959181870921368,2.144201619658601,1.2540726248093317,1.1266416631484946,1.3675864475889083,6.578657739760737,5.244288920537763,8.182236362750526,28957772
1983,R10SAS,A,Min,1.3260865263255437,0.7579763536443439,2.0143851926249687,1.2228766519522356,1.1154806518719507,1.3388448526351135,6.117431873167625,5.212269771874218,7.748239012292042,28957772
1983,R10SAS,E,Max,1.585589231667031,0.3723616850120409,2.4881191782787155,1.2400103954356418,1.0560830428703984,1.3915433763238558,6.461975109178773,5.281849388411171,7.754529037457994,28957772
1983,R10SAS,E,Median,1.0147845107310438,0.0632381953390049,2.1322252383279032,1.1502468683512892,1.013292658539897,1.347811193286036,6.461975109178773,5.267053267075861,7.756170772133055,28957772
1983,R10SAS,E,Min,0.8463399082467733,-0.265109662735572,1.7916637504423125,1.1108490887687932,0.9622962656283892,1.2850501859538848,6.471298325879597,5.281227294165618,7.759556849900368,28957772
1984,R10AFRMEA,A,Max,2.7129239672859002,2.373455295336219,3.9115986445294877,1.252660567059178,1.1517572292895255,1.305795315234154,12.755428021019277,11.812566249771384,15.034545580416207,22540284
1984,R10AFRMEA,A,Median,2.4970616317084584,2.1017660063951125,3.6377207658733215,1.2147973971452708,1.1424735067354614,1.2764435415773026,13.41139655569816,12.131484375888837,14.913251135234617,22540284
1984,R10AFRMEA,A,Min,2.244383866274513,1.7214748424281374,3.055723741088012,1.1914506986921594,1.1174121653553306,1.253368199411659,13.209489032740791,11.676936497071917,14.954534590421217,22540284
1984,R10AFRMEA,E,Max,2.259377624325576,1.4053837379609277,3.183303656138143,1.17799230045961,1.109886170113327,1.2371162720826936,13.531363318030834,11.749190626699441,15.019667920572212,22540284
1984,R10AFRMEA,E,Median,1.9520680974265154,0.8625466544000862,2.718242359027943,1.1357971907720092,1.0836935288865888,1.2054561930046774,13.531363318030834,11.64593209299696,15.034545580416207,22540284
1984,R10AFRMEA,E,Min,1.7906545803211404,0.7226800819377157,2.653096037919674,1.125543617663622,1.063737888130986,1.2168436922079402,13.569465006740362,11.748246626444322,15.065230753844443,22540284
1984,R10EASPAS,A,Max,2.2535415272669432,1.7238755920352546,2.823053906037582,1.5866857763934767,1.3860916165581547,1.7528284293176712,4.563314747429773,3.5291948976942145,5.089413229806849,32890960
1984,R10EASPAS,A,Median,1.7331381136212984,1.3786953334488719,2.105856342451945,1.4390435327712665,1.2891218573574785,1.6262788998788928,4.487595421802561,3.487933595622268,5.089054780841048,32890960
1984,R10EASPAS,A,Min,1.593338443976705,0.9240648210821841,2.0806916100186226,1.395695494893863,1.2172537074903935,1.5899630592347986,3.958997252442867,3.245064635818755,5.062939488083327,32890960
1984,R10EASPAS,E,Max,1.182771693810053,0.3450845026552622,1.987970743052888,1.315858862072369,1.0776676409818116,1.5567951935780977,3.976833664355589,3.253974412731607,5.035308800959407,32890960
1984,R10EASPAS,E,Median,0.652605157013679,-0.002389576917301378,1.5768691815254434,1.198500882263618,0.9996589471314776,1.4448720994384603,3.9450463518386485,3.2373152389287947,5.014193105192761,32890960
1984,R10EASPAS,E,Min,0.7452450303787734,0.03204723878685822,1.6086855950886028,1.1930425566442882,1.00534297241861,1.403369913615267,3.96288276375137,3.2401592417723215,5.034246082223873,32890960
1984,R10EUR,A,Max,3.825668078841832,2.4492025015183763,4.850051584819621,1.508542035609299,1.2811595120081747,1.7835003696748792,7.082607013084001,5.948878964584814,8.526615743454903,7766228
1984,R10EUR,A,Median,3.318430803261572,1.6001994470334144,4.365026728507342,1.4184122949283562,1.2213461380424604,1.6315770670279006,7.168745394145098,6.430614670541429,8.426591546919695,7766228
1984,R10EUR,A,Min,2.703368929316123,1.1520134860214735,4.0350607017859925,1.3592064678479927,1.1632954014857528,1.7126051758388934,6.975084052719957,6.069495597959995,8.200270206937896,7766228
1984,R10EUR,E,Max,1.8836118663468924,0.4034225268511348,3.4545438275072615,1.3087993161669438,1.0369386748804494,1.5332251373805683,7.414130084268747,6.209443415239606,8.868158878378354,7766228
1984,R10EUR,E,Median,1.7610408828821895,-0.329726248505295,3.2068279944579614,1.248519055972678,0.9620477804268839,1.448430016727721,7.414130084268747,6.197180678890399,8.891354410339893,7766228
1984,R10EUR,E,Min,1.5211945340748283,-0.540387181545146,2.905843068373488,1.2244868346251676,0.8943246477798925,1.439538586619882,7.417856557497807,6.208359519075545,8.939195195010564,7766228
1984,R10FSU,A,Max,2.777474755718274,1.9380791362757792,3.3744587415635294,1.668173013871142,1.3983020669069113,2.116145004628076,4.329624267812184,3.0988071973801277,5.585637036840591,4855472
1984,R10FSU,A,Median,2.2521650107078894,1.466717232424112,3.104299271587779,1.5909252682322867,1.2920060388440198,1.948129485197784,4.486480320432264,3.201429346517821,5.755105855974914,4855472
1984,R10FSU,A,Min,1.6588926969649083,0.9389333238837231,2.4949603689594495,1.4008995082148852,1.216444567841543,1.6187339737212518,4.7028641042834405,3.4308220497070017,5.904392636740157,4855472
1984,R10FSU,E,Max,1.0916369110388884,0.33746298810022,1.7723619591686641,1.2339393249169106,1.0610216275651942,1.398117806693918,4.893349620886847,3.934557220762544,6.141418383159038,4855472
1984,R10FSU,E,Median,1.0009908561186358,-0.2153961793054426,1.924584037088835,1.2148887074864865,0.9364527375220386,1.4117721618219745,4.893349620886847,3.8254728135994998,6.141784096443636,4855472
1984,R10FSU,E,Min,0.6336920165031619,-0.3101310242716764,1.607488939757614,1.1173103189374898,0.9654861746574798,1.3686699930146016,4.8510817152268215,3.9322114678133193,6.1413955260787505,4855472
1984,R10LAM,A,Max,4.920373076974803,2.7471743251689587,5.652483528109267,1.3778316357531553,1.2471305003334927,1.5326039902560387,11.82174980176167,9.94039220649836,12.68712465693281,10702244
1984,R10LAM,A,Median,4.190657962286881,2.487339544968048,5.160152086221295,1.3706358050393477,1.2022437201315515,1.4923734398503152,11.685818166361752,9.906312321805142,12.683672105384383,10702244
1984,R10LAM,A,Min,3.3646354799065206,1.804134244774588,4.754357578690387,1.3225993860661158,1.1601302987606819,1.4183066858504194,11.82174980176167,9.893992659704889,12.618403780702515,10702244
1984,R10LAM,E,Max,2.5179294127718723,1.0927663650892916,3.890122190615591,1.2259685478030844,1.0949708865495738,1.3844811326120443,11.826968655127946,9.875273292180493,12.758851651648857,10702244
1984,R10LAM,E,Median,2.211666349075753,0.37842041243716185,3.583088509401994,1.217072368276669,1.0337510958204126,1.3211923354563562,11.691037019728027,9.874014515856011,12.735616439000346,10702244
1984,R10LAM,E,Min,1.825053007860463,0.1877184221434547,3.322129466373653,1.150973328623749,1.0103412979855733,1.3048940320950733,11.696255873094302,9.87501778408734,12.756025415244517,10702244
1984,R10NAM,A,Max,4.505143958002789,2.8067487643911155,5.609203131215963,1.4633660750281248,1.2272453224337019,1.6160456354116375,8.420647918277172,7.376390882486516,11.000319145545213,3880888
1984,R10NAM,A,Median,3.7546546613910756,1.9568420580902521,5.2220866351681785,1.3730228513101514,1.2005684131995997,1.5057859674609015,8.65181680191848,7.685598197999023,11.158041391371656,3880888
1984,R10NAM,A,Min,2.7852622874180595,1.1154582091435976,4.438057369596768,1.2953428188669485,1.1138125951218214,1.4718741769900912,9.177860359064056,7.803400938538849,11.41493842614349,3880888
1984,R10NAM,E,Max,1.8361882363727844,-0.03239819275968161,3.5340084152230538,1.293677992016935,0.9969468796070063,1.4422242054816403,9.119535079309294,7.751917848626173,11.421180755062263,3880888
1984,R10NAM,E,Median,1.031996050402043,-0.6454206199809858,3.023605347394202,1.1171950721530415,0.9527892064596053,1.3832571638632418,9.119535079309294,7.735543105485273,11.452878262433092,3880888
1984,R10NAM,E,Min,1.22292709238904,0.05142980241020467,2.8027625615892795,1.1431258194836773,1.0090242909504503,1.3324814601415809,9.088368331345228,7.7028627596926444,11.419199660851588,3880888
1984,R10PAO,A,Max,3.4700852719553055,1.9011555017490454,5.1238008818320715,2.294540852760786,1.50820560727868,3.123423240939053,4.182991724564799,2.3045879316005142,6.494212293972382,1854312
1984,R10PAO,A,Median,2.952356086436696,1.2642093566862052,4.60838191772743,1.8640371493005083,1.3845341948603354,2.889493316720534,4.205987531086113,2.342713718317719,6.489219360388547,1854312
1984,R10PAO,A,Min,2.2825003332090668,1.3330690842722754,4.159829909106964,1.800263827813555,1.3091670298012716,2.5009728758192775,4.163038313677299,2.3439977865369714,6.4266049811914066,1854312
1984,R10PAO,E,Max,1.1463637618822153,0.3641223429854623,2.4117649967765025,1.3609480221745833,1.082600150497685,1.7028471908144827,4.163038313677299,2.5188157012247596,6.540384442440381,1854312
1984,R10PAO,E,Median,0.7047087127441376,-0.23211376645243686,2.356443278857153,1.354924018643986,0.9220047898060635,1.763500239432493,4.225940941973613,2.5656459386747583,6.543241624792763,1854312
1984,R10PAO,E,Min,0.7542950927898566,-0.07754567968382897,1.5009924077873626,1.2839472126881415,0.9775142765231738,1.710863431393207,4.245894352861113,2.589061057399757,6.5402058685433575,1854312
1984,R10SAS,A,Max,2.0501159517859864,1.2913160286988046,2.8137648883219657,1.3017540309791966,1.196020557702511,1.4338668054881993,7.142572146919237,5.471260306768202,8.468330103729079,29587776
1984,R10SAS,A,Median,1.7864693777018328,1.2207084299340902,2.3107097896187465,1.2672296615949454,1.1382424564192046,1.3823512378366076,6.705307935673952,5.3153727413806555,8.376890477773923,29587776
1984,R10SAS,A,Min,1.5457597044106803,0.7381831096026503,2.19852923173788,1.2407493532398692,1.1288577459717613,1.3392948537760094,6.477738796722614,5.290906509438533,7.922719520593484,29587776
1984,R10SAS,E,Max,1.4652933673339414,0.40648535001212877,2.5850087033572606,1.2133242267739948,1.0622188070963836,1.439414585627132,6.605965282239671,5.452116485200644,8.002779557977558,29587776
1984,R10SAS,E,Median,1.0500808820224035,0.09279996250674442,2.311397825649072,1.1589577154435438,1.0210062628731724,1.361816374319962,6.605965282239671,5.399598290440552,8.003805396063942,29587776
1984,R10SAS,E,Min,0.7458955406023904,-0.19400945405785208,1.7925164920932648,1.0833666685706895,0.956430666632632,1.2773438163561774,6.622572295049487,5.45204061344011,8.00592118711711,29587776
1985,R10AFRMEA,A,Max,2.9209924166853547,2.653392174696799,4.177784481168377,1.261303005829074,1.1639066667464577,1.3140554891002059,13.04664593044,12.052731220304704,15.328175970004876,23176040
1985,R10AFRMEA,A,Median,2.7645645933960896,2.24714275275053,3.8106650821724495,1.230307052973329,1.1511032202836908,1.2859652576846659,13.760217794011798,12.422807765745965,15.154207229180747,23176040
1985,R10AFRMEA,A,Min,2.3778164015759833,1.9148539610449506,3.178688015950021,1.2017565902166525,1.1307764325655056,1.2567198817036043,13.501131674262535,11.89861487812426,15.266750363848512,23176040
1985,R10AFRMEA,E,Max,2.36021804708692,1.4986797388568642,3.244797773262642,1.1813546019811656,1.1113838441101067,1.2358739065899749,13.825355318488821,11.979731085385081,15.312066665570153,23176040
1985,R10AFRMEA,E,Median,2.1123486358801715,0.952645020690815,2.7986714061023905,1.1417493399863932,1.0899358748707129,1.2131034117201611,13.825355318488821,11.864278158265147,15.328175970004876,23176040
1985,R10AFRMEA,E,Min,1.8211522438676937,0.7501082732064468,2.865767211957138,1.1275577834059203,1.0650552764382057,1.2176425727210012,13.870133349597907,11.977589333800223,15.361401410401495,23176040
1985,R10EASPAS,A,Max,2.417662171457583,1.8894054260802684,2.917252979499434,1.6033843110107868,1.4455616035338974,1.7606535631333755,4.58387988464958,3.576219347176343,5.1746354304620095,33228240
1985,R10EASPAS,A,Median,1.83842493535625,1.4943305245605485,2.208610232469262,1.4532390071220693,1.2920829889735428,1.6338239848123794,4.513773295876293,3.536721184965998,5.172792080921644,33228240
1985,R10EASPAS,A,Min,1.6540331456738129,1.0871288433374353,2.16577462614748,1.3929143926221412,1.2715535783209548,1.5579623644776492,4.087834475899045,3.3260217601979187,5.138656524274922,33228240
1985,R10EASPAS,E,Max,1.2015381369585274,0.4757200376955905,2.039710412966343,1.33647780477843,1.0732742938296542,1.5577354199936992,4.087834475899045,3.3462808873353023,5.1648042329133945,33228240
1985,R10EASPAS,E,Median,0.6788415601778188,0.05017651698482393,1.6061558282662038,1.2125327600730922,1.0110575352986235,1.4583344486772227,4.0250273364219336,3.297808282714216,5.127555107408973,33228240
1985,R10EASPAS,E,Min,0.812167858909933,-0.009181751268618754,1.6478534302775367,1.2134212612391537,0.9987292867783324,1.4174015616345013,4.025689487459754,3.310273888881675,5.164189783066606,33228240
1985,R10EUR,A,Max,4.115236876772098,2.752157685095246,5.190095969610262,1.527761206827552,1.323184027909054,1.829095312309204,7.342361308129456,6.019066575313692,8.74631495409453,7724560
1985,R10EUR,A,Median,3.5122743085439527,1.640498035714512,4.552823787850923,1.4315512450968353,1.2095724572677276,1.638679981574923,7.459172276361568,6.460792196180671,8.489479195152294,7724560
1985,R10EUR,A,Min,2.9351758794012257,1.1888633122751835,4.216999660744382,1.3706393055406816,1.1903249448324857,1.6827199442699932,7.195135588836096,6.111390601050263,8.309031170653896,7724560
1985,R10EUR,E,Max,2.0725491846256445,0.23028077372279068,3.587462153396189,1.298348035337597,1.0295223628025127,1.5331552924055358,7.65573862661288,6.29231825802827,9.08886239163701,7724560
1985,R10EUR,E,Median,1.9274852949871177,-0.4178774621299409,3.294153901190641,1.2314860365693805,0.9521681331662655,1.435201586645746,7.65573862661288,6.270755054060736,9.093091238597127,7724560
1985,R10EUR,E,Min,1.2824111841261487,-0.6563421564273311,2.934569848485598,1.1733656386687954,0.905291687893546,1.4359321514507097,7.736258429249072,6.291898855311075,9.101813235452367,7724560
1985,R10FSU,A,Max,2.9339681699844613,2.0535192079877613,3.6806622536539257,1.7052526736558469,1.4141728466961365,2.152435838704506,4.4318430744440525,3.1020171894535262,5.70805012555211,4942760
1985,R10FSU,A,Median,2.309004034841083,1.6188765428376453,3.298791591658345,1.6125991255391618,1.3164963299559547,1.9288245223336018,4.498979857768556,3.2190659176537997,5.8900371455654374,4942760
1985,R10FSU,A,Min,1.7866773460859204,0.9932062589279009,2.5509953557313922,1.4082302173806118,1.2403453086048755,1.6294805730467914,4.767907870009388,3.4923697779686713,6.028586698854714,4942760
1985,R10FSU,E,Max,1.1027724767581155,0.35909195192821214,1.8179630938295541,1.2396886824372026,1.0670544318894184,1.4004092531946033,4.982032925764733,3.929606209465145,6.157684347855099,4942760
1985,R10FSU,E,Median,1.0800836065990338,-0.2630054581191352,1.9007817263090265,1.2061294321936806,0.9310762945249524,1.4023962385228297,4.982032925764733,3.8418985841678515,6.181088127450233,4942760
1985,R10FSU,E,Min,0.6983074156552647,-0.2902616690913784,1.596696830451772,1.1118851994827261,0.9698055513554511,1.3533291462039985,4.935391770470201,3.926866162218428,6.156221611630404,4942760
1985,R10LAM,A,Max,5.00733616982284,3.099761081081703,6.0104481574719175,1.4037164754605818,1.2669780707825495,1.5491332758717737,12.01904250205278,10.109350752967307,12.942992931961317,10814160
1985,R10LAM,A,Median,4.3647958242366744,2.527645652468663,5.554319593127138,1.40053865922994,1.206008649646319,1.501080750868884,11.745290888025313,10.108792427032833,12.941753362984777,10814160
1985,R10LAM,A,Min,3.721823345225385,1.7917384524588384,4.844051959079451,1.3340529569981197,1.1689625598934985,1.4495618626020015,11.866201776028191,10.050543455998096,12.918911474799067,10814160
1985,R10LAM,E,Max,2.7241657293813177,1.120554158072261,3.9620910256993818,1.2276458696348431,1.1005740413975809,1.3820921154263643,11.945326334157496,10.036912361745534,13.085478345613636,10814160
1985,R10LAM,E,Median,2.232005061477173,0.368118514052145,3.790600849302896,1.2229658830924768,1.0262911133485522,1.3372537157685966,11.824415446154617,9.979472825048722,13.018908992294701,10814160
1985,R10LAM,E,Min,1.7566065523251115,0.23184931413748266,3.3982363819992276,1.1485167431734924,1.0229413245860033,1.2970593600789195,11.903540004283922,10.036220000634513,13.085349120511884,10814160
1985,R10NAM,A,Max,4.749335065158161,3.1384539744712607,6.121086692757351,1.5102975888510812,1.2341474342107843,1.6285363982177414,8.487240158048795,7.450878895246669,11.1254238484177,3931000
1985,R10NAM,A,Median,4.0795013207768775,2.236163990639363,5.537297195921551,1.4063408606772105,1.2084564811729595,1.5313664601390027,8.844637477937239,7.74186373190085,11.262709534783056,3931000
1985,R10NAM,A,Min,3.0835396458866584,1.3481056821097677,4.880416901958405,1.301282429687458,1.1202471246796484,1.4857004515225039,9.469273198957229,7.864157371979378,11.581625381177872,3931000
1985,R10NAM,E,Max,2.0408600348304513,0.35448361899105524,3.7027803631450142,1.273318194557959,1.0307487775059452,1.4567483204127958,9.268882337993784,7.862867015450452,11.591366055209503,3931000
1985,R10NAM,E,Median,0.8649161479433349,-0.23705210135199561,3.045527681265484,1.1277876320558917,0.9643894077560556,1.4134763033534095,9.268882337993784,7.821144473591952,11.684763802614203,3931000
1985,R10NAM,E,Min,1.2500160228997232,-0.08465719439671648,2.9238775531002,1.1177193840982538,0.994445391253351,1.328342510310888,9.153560808096904,7.736469541671677,11.585528695996713,3931000
1985,R10PAO,A,Max,3.810719752800538,2.0390977839321818,5.642950417182833,2.3694479784567424,1.5585247224787704,3.1484846687423573,4.2248563313447605,2.317923577091672,6.657476546758353,1817459.9999999998
1985,R10PAO,A,Median,2.9185398162791794,1.339469325749301,4.984794246513313,1.896374263907638,1.3751183760792611,2.958327103051078,4.176255396550009,2.3445386028661925,6.649640038190916,1817459.9999999998
1985,R10PAO,A,Min,2.4456742275895804,1.306441364661267,4.475835401560188,1.8471557413831325,1.3204529280965907,2.5458902508807455,4.166228345828628,2.3658223840720303,6.545797588082202,1817459.9999999998
1985,R10PAO,E,Max,1.2695918612030501,0.38113677439098775,2.4181552273464466,1.3420015749283056,1.086006129225636,1.7333613739225537,4.166228345828628,2.5336526770099965,6.615681834398691,1817459.9999999998
1985,R10PAO,E,Median,0.7416753412297018,-0.22169682119820805,2.561830814179255,1.3600521978963809,0.9341130914828988,1.73900028912098,4.2348833820661405,2.5941572702639406,6.657476546758353,1817459.9999999998
1985,R10PAO,E,Min,0.8189322684035714,-0.07502485572251594,1.5926471629900112,1.2735907608079773,0.984767957665643,1.6884912028480652,4.293511367582273,2.6244095668909124,6.613069664876213,1817459.9999999998
1985,R10SAS,A,Max,2.2400706101596883,1.5149196312170834,2.87722416210568,1.3195445085027095,1.2283277765293708,1.4851572035101288,7.191698137820533,5.584729875631139,8.632843114807194,30217780
1985,R10SAS,A,Median,1.9909537507119452,1.1707828211117721,2.4814217839441635,1.2688351863232192,1.168657314824032,1.390879409922541,6.799076983208988,5.473637177504183,8.415809383384111,30217780
1985,R10SAS,A,Min,1.6598702773418013,0.8770095602507344,2.268982891361654,1.2588177408842844,1.1422819915365503,1.354940198631074,6.693543024929448,5.489535902700551,8.047153622554813,30217780
1985,R10SAS,E,Max,1.43301810471216,0.3901677806824216,2.6613045366093653,1.1986647676373157,1.0612410771003344,1.4392496523549168,6.747953190569602,5.503061653284448,8.211563401702104,30217780
1985,R10SAS,E,Median,1.040007482935592,0.1733264534560156,2.3274197355923762,1.1695506859307447,1.0307322970131836,1.3742064854900695,6.747953190569602,5.50088786164636,8.238133550764772,30217780
1985,R10SAS,E,Min,0.7835985001638086,-0.1925438270631048,1.964510598267787,1.0871010111166934,0.9612284436514991,1.2967398519515763,6.76643813703774,5.502789081393529,8.292934483206519,30217780
1986,R10AFRMEA,A,Max,3.19636763844618,2.8951654809820124,4.425423080632182,1.2803563801014302,1.1789918284181722,1.3288074746331313,13.311157143015222,12.28040318409322,15.646442751645855,23688172
1986,R10AFRMEA,A,Median,2.9108723040370563,2.3851623903198957,3.999315830996683,1.2382259079337523,1.1670805380275806,1.293969642053732,13.991210407877158,12.614495128906867,15.395687071059939,23688172
1986,R10AFRMEA,A,Min,2.47028978247109,2.063616708351902,3.3398496556967574,1.2085191997078697,1.1400733126900393,1.2653370785694324,13.747335759317652,12.127414554231247,15.557531757622666,23688172
1986,R10AFRMEA,E,Max,2.455576170279043,1.5962814227106512,3.4304055452983433,1.1864570196145894,1.1135778522063233,1.2490251962224623,14.026063423581746,12.2176845075618,15.613314561925755,23688172
1986,R10AFRMEA,E,Median,2.182974630906548,1.0191857774536195,2.967572744372531,1.141974378173844,1.0920331472853009,1.221600624934162,14.026063423581746,12.089545842206888,15.646442751645855,23688172
1986,R10AFRMEA,E,Min,1.8916374508696094,0.7921249059811473,2.9686108717194415,1.1386737109171599,1.0595240362982137,1.217289483147657,14.038271530027181,12.21451259188728,15.714769642943562,23688172
1986,R10EASPAS,A,Max,2.6370974185960883,2.0853731627135197,3.055114409684161,1.6322129653909887,1.4857413633246654,1.7968920178910623,4.6339410299865005,3.5965895329401323,5.305632524499883,34323976
1986,R10EASPAS,A,Median,2.104129918549347,1.6794782727191402,2.280075908784915,1.4968193991073946,1.316578195659675,1.636207320258469,4.573777905221612,3.5622180169281927,5.262422813636158,34323976
1986,R10EASPAS,A,Min,1.7754716066656067,1.146225456368778,2.2934689214298287,1.4285262554165605,1.2870464681010954,1.56591881683585,4.148984263923346,3.378166284770021,5.1831142710138955,34323976
1986,R10EASPAS,E,Max,1.285871844193473,0.45088348032621384,2.093416916569396,1.3410066436714865,1.0562483388953352,1.5615960545538337,4.153598966895571,3.405164290192164,5.251955697020193,34323976
1986,R10EASPAS,E,Median,0.7183442390930073,0.10108791153117265,1.625767961648826,1.210889587534503,1.0297339157222292,1.4675583555236207,4.03475933546777,3.3422305292271917,5.153533287018382,34323976
1986,R10EASPAS,E,Min,0.7275267424709453,0.026950941685273122,1.6645709140442309,1.2083496143717096,1.0042674888979544,1.4362890312643206,4.039374038439995,3.3519541355153586,5.251150534203581,34323976
1986,R10EUR,A,Max,4.295676119823398,2.953547746538657,5.525549866848451,1.5507260390409403,1.3501112260858141,1.8513370888216918,7.579456953225143,6.11431636145661,8.91994441158946,7677492
1986,R10EUR,A,Median,3.727483484878258,2.07540187437999,4.783584749931587,1.4550449938137267,1.2135317654661546,1.673294981348845,7.71193358797106,6.502742920782474,8.63384901865626,7677492
1986,R10EUR,A,Min,3.0557638792300255,1.299689199154138,4.427878486197407,1.3797275079391111,1.2109536416214293,1.6912134302051243,7.441063677718137,6.28349410945793,8.47735161721777,7677492
1986,R10EUR,E,Max,2.1296246490317783,0.10668779951506487,3.7098092409337706,1.282713611299418,1.0144415879343456,1.5549295440277544,7.766125311867102,6.355182117777583,9.250059243919221,7677492
1986,R10EUR,E,Median,2.079567873809199,-0.3440864889314602,3.458173695903117,1.2314170247877638,0.9609580375921492,1.4580913802158009,7.766125311867102,6.3436667521227275,9.252219570607663,7677492
1986,R10EUR,E,Min,1.085139804054812,-0.7343497220757698,3.2696673271511596,1.128867807417044,0.8965277242969579,1.3970600000500117,7.806880927251889,6.3542553400056265,9.25667524440257,7677492
1986,R10FSU,A,Max,3.180360647705971,2.178145210136293,3.9058133975719285,1.728169499335129,1.44693341990491,2.1602947164364537,4.516623594106149,3.1701304897529776,5.843633452004663,4963504
1986,R10FSU,A,Median,2.4086182977230397,1.682679312445168,3.5272536005037494,1.6306490359709374,1.3349205977143608,1.9600118891339278,4.60159706151426,3.2590069418748016,5.994754662660472,4963504
1986,R10FSU,A,Min,1.9101561840921002,1.1276375137375205,2.615151676926728,1.4123796273419456,1.2525113612513388,1.610224630938438,4.852029841370282,3.5514529534316086,6.1083193393918656,4963504
1986,R10FSU,E,Max,1.124771785740521,0.37850387765084026,1.882827913171521,1.2494507518364038,1.074684492500907,1.4446398502714468,5.024904264661437,3.91576292605925,6.210977538136015,4963504
1986,R10FSU,E,Median,1.0770461806885585,-0.28058349166261676,1.8890340854722099,1.2193802808092014,0.9410363519871319,1.3984678492188158,5.024904264661437,3.8457571736359446,6.237095325501217,4963504
1986,R10FSU,E,Min,0.651547424052513,-0.22041183008260212,1.5977967660268722,1.1171413600987286,0.9639758730596579,1.3874638048262256,4.996858388511833,3.9129730415028017,6.20934517642569,4963504
1986,R10LAM,A,Max,5.107467419873263,3.4351826963448273,6.320058542908972,1.4290046522612632,1.2779152312713968,1.5771603974606834,12.130480621621587,10.431883822994466,13.139118915370052,10858892
1986,R10LAM,A,Median,4.507486738111501,2.71581189679647,5.989761029991234,1.436833450682879,1.2299039366807274,1.5113752994643013,11.838778858448917,10.292060782321165,13.129251916716946,10858892
1986,R10LAM,A,Min,3.8594199055393705,2.0130653736360054,4.974819041428611,1.3386349553963974,1.160694121078095,1.4763401953739326,11.961094559146542,10.255850745620647,13.048310575513536,10858892
1986,R10LAM,E,Max,2.812797190402455,1.1606710711962835,3.956428910877889,1.2375041432478164,1.109961050281884,1.3834783632531373,12.094217545987075,10.045905381040466,13.36106524619987,10858892
1986,R10LAM,E,Median,2.22506242437896,0.3718547630853437,3.9932330252074637,1.2179022291897348,1.03221003460637,1.338669966977807,11.961094559146542,10.035762043340437,13.285874692157364,10858892
1986,R10LAM,E,Min,1.6766416487815512,0.3640067932725177,3.5366647420271633,1.1592458361617628,1.0307693534162143,1.3036291372938864,12.083410259844168,10.045033145874854,13.360064111151749,10858892
1986,R10NAM,A,Max,4.78582394359873,3.238212750451635,6.25750785479467,1.535479933976498,1.2469602495426344,1.6827082131885187,8.55462879908927,7.694087761657121,11.23495297808237,3993104.0000000005
1986,R10NAM,A,Median,4.492766116888065,2.288411532875865,5.733203104354234,1.4198179282024628,1.1904351871838337,1.5570366731883127,9.039144704142343,7.7912689550528125,11.395290605101824,3993104.0000000005
1986,R10NAM,A,Min,3.0639529236592704,1.4752192553570138,5.018813446282708,1.302276427911241,1.1252530521031712,1.484682695739695,9.73712929784343,7.9369126664486975,11.751704144580419,3993104.0000000005
1986,R10NAM,E,Max,2.035833874735399,0.2536698128083028,3.7781576677271684,1.2681841316367712,1.03657566228421,1.469972731615177,9.488888158513252,7.8978625382915775,11.76859346318184,3993104.0000000005
1986,R10NAM,E,Median,0.9737155387902936,-0.22128821848298796,3.0806835547190596,1.1347616454720386,0.9559933103707934,1.3807187671510341,9.488888158513252,7.85664369441839,11.93757310362905,3993104.0000000005
1986,R10NAM,E,Min,1.2730590547720766,-0.29261021978918933,3.1193808944393795,1.1218988893913782,0.9697834418797393,1.3208748044415697,9.41530100140994,7.774000155975113,11.758032235653893,3993104.0000000005
1986,R10PAO,A,Max,4.057581645648054,2.3827394901406236,6.055781763011932,2.413914170713147,1.6061957828886988,3.1778970741006374,4.266052524122214,2.3276835655703496,6.70777351327922,1786720
1986,R10PAO,A,Median,3.0144949269805528,1.5990917768780468,5.009031961335863,1.9585485947359123,1.388282403312255,2.972634538094448,4.19258059319677,2.346302379420584,6.7049385474859,1786720
1986,R10PAO,A,Min,2.526283372444068,1.3969559245408303,4.6543847743826205,1.8649732680549471,1.3328719685270596,2.6367332308634417,4.18405932945638,2.3811494882890534,6.6654091008376195,1786720
1986,R10PAO,E,Max,1.3371952745449285,0.3920429798089247,2.5004364419027603,1.3329289650244314,1.0832180152633613,1.7491165813708376,4.18405932945638,2.540212484282028,6.6926536957148475,1786720
1986,R10PAO,E,Median,0.7337077277417811,-0.18159622652846694,2.7377860331724,1.3324077641758851,0.9502083064428692,1.7438773441977111,4.266052524122214,2.613165379861341,6.70777351327922,1786720
1986,R10PAO,E,Min,0.782449038835654,-0.0739384347346097,1.669073147965559,1.2624752452400092,0.9842170757319094,1.6989672350281617,4.339524455047657,2.649641827650997,6.738958137005735,1786720
1986,R10SAS,A,Max,2.3960731090469567,1.6659272479313598,3.13304971849948,1.3335222338183443,1.2475859084237317,1.4758524725706368,7.417812634571861,5.5781991357588705,8.781452890971309,30624900.000000004
1986,R10SAS,A,Median,2.201606899939037,1.2175704132768435,2.611059895846974,1.2788723926905305,1.1868382337781966,1.4274932316015847,7.035107833961769,5.570674886112202,8.63664927360701,30624900.000000004
1986,R10SAS,A,Min,1.686452444997955,1.0378724031526012,2.4819548624625405,1.2491639629034244,1.1306656185815291,1.3780757684642007,6.8321481124449495,5.681782718792647,8.255304310262826,30624900.000000004
1986,R10SAS,E,Max,1.5124432244077162,0.43155637432159416,2.875558861512523,1.2075073108233116,1.0638347291537633,1.439301148744953,6.914908125688859,5.723407648856809,8.383315947513939,30624900.000000004
1986,R10SAS,E,Median,1.0720508959173425,0.16352966001077318,2.369668761124124,1.179572510849427,1.0330494878419991,1.385936033712507,6.914908125688859,5.6662936342332735,8.414967178332752,30624900.000000004
1986,R10SAS,E,Min,0.8071471917007038,-0.13963936961805068,2.1370680511413784,1.089764870702525,0.9848130282686929,1.302641148599642,6.925801149203124,5.7223458958029685,8.48024784189655,30624900.000000004
1987,R10AFRMEA,A,Max,3.4632087633942366,3.0242294981831734,4.725997896263287,1.2956916134498386,1.1917936347021232,1.3449866870516112,13.551315241320065,12.509096667090159,15.96461198318757,24200304
1987,R10AFRMEA,A,Median,3.170599503804059,2.512376276256288,4.242154759322837,1.2470005205898478,1.1791896573316472,1.2999240582276324,14.133332927459309,12.780836315505814,15.64384072036731,24200304
1987,R10AFRMEA,A,Min,2.5686154562377403,2.144963602876384,3.53827195291767,1.217768619224822,1.1497542711684707,1.2707976753129269,13.945205789970837,12.400309367545674,15.850799775881654,24200304
1987,R10AFRMEA,E,Max,2.529862102597967,1.784765696597743,3.542535685210531,1.192401562800919,1.1261758805168098,1.251828915598578,14.220573298105176,12.461169149861005,15.915938145417003,24200304
1987,R10AFRMEA,E,Median,2.2366713615786047,1.1409799975298636,3.024876793899122,1.140736057610342,1.0929683978784754,1.2215756735223668,14.220573298105176,12.37515097081154,15.96461198318757,24200304
1987,R10AFRMEA,E,Min,1.9563576283452484,0.7924802927287473,3.0387542217957844,1.1411684330753842,1.0642085196393463,1.2127357702680206,14.221009637038122,12.458173680034184,16.065001773589362,24200304
1987,R10EASPAS,A,Max,2.818646562732825,2.222636043216321,3.2583834934926146,1.6754225037771449,1.5155462927397652,1.8087442459393093,4.638267519313718,3.6469482754276212,5.370986196015491,35419712
1987,R10EASPAS,A,Median,2.150902585807471,1.8555994402102556,2.439304182245178,1.4967293615640747,1.3393944785053598,1.6659977194243252,4.629476636202178,3.5889769033734,5.265644779246305,35419712
1987,R10EASPAS,A,Min,1.8503118763298172,1.1888738572136808,2.421867558925278,1.454742850544723,1.2861258667256883,1.5881383025711555,4.205669569697387,3.377554610625916,5.181141723600513,35419712
1987,R10EASPAS,E,Max,1.3400629245110993,0.3872726187400499,2.169959815509152,1.3527569625640816,1.0570362290346746,1.5702398259291215,4.230697813770714,3.407296127463862,5.230633594938394,35419712
1987,R10EASPAS,E,Median,0.7965232231050541,0.14756512875742508,1.6260121758544317,1.2001354078365418,1.033300936503366,1.476734892440442,4.059437063191075,3.3975178284198746,5.160794461289993,35419712
1987,R10EASPAS,E,Min,0.8651111660543265,0.04624330656540909,1.5939933748970607,1.2134366617899992,1.007138179586917,1.4393940331558788,4.069605837027448,3.398398752969903,5.227940426914709,35419712
1987,R10EUR,A,Max,4.712010640238907,3.2428443705349217,5.819309799036803,1.581087185584103,1.3767113710774999,1.8916751122443332,7.805920109017204,6.193843750664517,9.046420959509028,7630424
1987,R10EUR,A,Median,4.023043825978931,2.4404723431486675,5.080320519484415,1.4842098281710132,1.2471518877805279,1.6925239362419822,7.916303009472959,6.5297900639584885,8.751934308027183,7630424
1987,R10EUR,A,Min,3.1237522429415185,1.3671249932097942,4.604441304530543,1.40944839142582,1.1942396692553894,1.7040754117774393,7.666577479008704,6.436831778430058,8.652645838119298,7630424
1987,R10EUR,E,Max,2.1896685714671347,0.16877053598240432,3.818853503832013,1.2980616226536246,1.017659023522083,1.5724118537980005,7.920105285124031,6.505716213900738,9.405189189311358,7630424
1987,R10EUR,E,Median,2.143044405999867,-0.27289186967813917,3.4906901681435043,1.235123903153468,0.968786858311123,1.482416393996502,7.920105285124031,6.496011655923769,9.405308303911422,7630424
1987,R10EUR,E,Min,0.9659291134015238,-0.8755971653855097,3.451859724113118,1.1448119431827943,0.9017958915471374,1.4007002534795714,7.923907560775102,6.5057039778281816,9.405553977774057,7630424
1987,R10FSU,A,Max,3.37660044891033,2.2936611544280714,4.122013847746925,1.7878698137040847,1.4846285481286465,2.1890740950610703,4.6108469565407875,3.1653801973204403,5.971259816627426,4984248
1987,R10FSU,A,Median,2.5007107251241214,1.8885032092920782,3.810002477690631,1.6543187469845928,1.358475049203653,1.9850170773677958,4.78763418394177,3.300140390063149,6.08882553975854,4984248
1987,R10FSU,A,Min,2.039927630739218,1.2780782409029041,2.766640941417446,1.4083486271573737,1.2619953286009744,1.6343330868628225,4.922881744720987,3.612608791827609,6.2103778989306,4984248
1987,R10FSU,E,Max,1.1679956164066962,0.33576499711714275,1.9901364745000831,1.2435784276813324,1.074939458979834,1.4786671846336177,5.043695614125287,3.9079566288519003,6.354429120601172,4984248
1987,R10FSU,E,Median,1.0371184139234002,-0.3281968103750987,1.9178632373240587,1.2340323998933047,0.9430005673748045,1.379016239592188,5.043695614125287,3.857643123807182,6.361010334584158,4984248
1987,R10FSU,E,Min,0.6064151718926283,-0.18560392302775996,1.6772712210212912,1.1070773917781243,0.961890488926434,1.3792246989827885,4.998265633130254,3.905235079700347,6.354017794727236,4984248
1987,R10LAM,A,Max,5.1616374878455575,3.687667121179495,6.548240473909852,1.4497161939044805,1.292916466701704,1.6111470396978085,12.230019240123973,10.622191704632751,13.400249263626348,10903624
1987,R10LAM,A,Median,4.699270635130281,3.107002298086726,6.24542804253166,1.4559917671086795,1.2577836537522373,1.534180265968905,12.034829584655668,10.480534352080735,13.386101125522902,10903624
1987,R10LAM,A,Min,4.015766616882374,2.263337916526593,5.175639086514285,1.3379962866125368,1.1756407886051767,1.5045633659483149,12.227942619592877,10.403210574004802,13.09740404419999,10903624
1987,R10LAM,E,Max,2.8709761238679703,1.292708457494926,3.9843803231541512,1.2433571533327945,1.1344579679701319,1.3745504591828352,12.373136470335767,10.148390565015607,13.585201981783802,10903624
1987,R10LAM,E,Median,2.2963842663708474,0.3753447143829311,4.125123593922989,1.203976579284488,1.0311503144536878,1.349478178835131,12.18002343539856,10.14180875562686,13.565488193649337,10903624
1987,R10LAM,E,Min,1.8938894361018228,0.38878476672688933,3.6030104888930534,1.1722566224840114,1.0279822143175719,1.3216667580942545,12.32521728614145,10.14823775072763,13.584141755955756,10903624
1987,R10NAM,A,Max,5.048785582640033,3.32353625985744,6.602770949706699,1.5525703225805079,1.2592081354133429,1.7272909997118253,8.671428997125101,7.856042618515328,11.38622220170276,4055208
1987,R10NAM,A,Median,4.534808537417719,2.433242629248208,6.1351796985066045,1.4314900123197103,1.1958523410859405,1.577375951438803,9.233296679203601,7.9999261707248355,11.525441424152678,4055208
1987,R10NAM,A,Min,3.0498424730547997,1.4147672831636373,5.2285488276776135,1.3182148880639368,1.1363352646587475,1.4960684563005886,9.908749391198956,8.088730512680058,11.875860519354532,4055208
1987,R10NAM,E,Max,2.0949380086951894,0.32425797973178355,3.889000038577513,1.271075552692262,1.0179022068452517,1.482496242872189,9.743118835700457,8.035132298450751,11.929019167267786,4055208
1987,R10NAM,E,Median,1.1498135738971815,-0.30025630638672784,3.1495350985088355,1.140745944200982,0.9668667977497172,1.3912454758012518,9.743118835700457,8.021188345927687,12.137407188245337,4055208
1987,R10NAM,E,Min,1.223523177200402,-0.3827572326876538,3.316136426555685,1.142023272880657,0.9673844789729182,1.3331266705537652,9.74224412100427,7.994309747086347,11.915994915956693,4055208
1987,R10PAO,A,Max,4.380206377967655,2.3464277964271476,6.1577312185306825,2.4428387660040327,1.6712341628495508,3.157849366676273,4.3071586119040965,2.327873835921389,6.871548827643139,1755980
1987,R10PAO,A,Median,3.017444550108989,1.6516660327875736,5.112753776913641,2.0192906945506155,1.402680366368101,3.073274520571016,4.229668855025784,2.348169513279731,6.857594838454848,1755980
1987,R10PAO,A,Min,2.4952863378858368,1.381254829500095,4.699270012608954,1.8639908130117537,1.337962759571419,2.686239890292277,4.212088444173379,2.396493158888374,6.74404883986746,1755980
1987,R10PAO,E,Max,1.463654001508406,0.3963739273224386,2.640732759500654,1.3310422276096325,1.0897440401904182,1.783055980204364,4.3071586119040965,2.5548816803534806,7.025808364331787,1755980
1987,R10PAO,E,Median,0.7449685505774568,-0.09897550756077109,2.7039596130474886,1.3018697872639171,0.963445747383007,1.7736083590238965,4.402579124528366,2.632635095089074,7.0380588542111315,1755980
1987,R10PAO,E,Min,0.7665787888849442,-0.04052539842060021,1.8509511497337314,1.255895488071712,0.9925357593158283,1.6693964002756494,4.420509880274322,2.6715118024568705,7.063325489587278,1755980
1987,R10SAS,A,Max,2.510523907740922,1.907425639860426,3.234619448493216,1.3653260116240813,1.260963515759599,1.464395916962136,7.637689665462375,5.681026345967937,8.915711308236157,31032020
1987,R10SAS,A,Median,2.3621498349656527,1.3616922684421597,2.8323470050700217,1.2914999014281334,1.2024189959061662,1.4370947769694773,7.370058333614503,5.687428679450526,8.818855775012157,31032020
1987,R10SAS,A,Min,1.676354493211078,1.0206296757600015,2.6558373470323904,1.2398888996243436,1.1374692381576756,1.4060721157966194,7.010485151416236,5.862497723582918,8.431594979647635,31032020
1987,R10SAS,E,Max,1.5488584153727538,0.43208187410432025,2.935108805274972,1.2008993883907975,1.0579169771027854,1.45713993318772,7.1163783649293855,5.926888666112862,8.611048520865161,31032020
1987,R10SAS,E,Median,1.1756252841600894,0.2643876098867692,2.500726879355577,1.1733812619986246,1.0333879643950983,1.364665901904033,7.1163783649293855,5.834708986419047,8.63435073186523,31032020
1987,R10SAS,E,Min,0.8508382446190748,-0.12256041102696003,2.290971762128388,1.1100395344614074,0.9838441641779656,1.3200946724468063,7.148849221085247,5.926411819059823,8.682411542052872,31032020
1988,R10AFRMEA,A,Max,3.754468142167454,3.2330221716099175,5.005259080388137,1.3093935576829845,1.202900209642447,1.3587217786309385,13.815016850115278,12.712024321665552,16.303726266359142,24712436
1988,R10AFRMEA,A,Median,3.436436228543929,2.782808614563256,4.441969655277503,1.2641258215864772,1.1916657893272087,1.3092234780181877,14.387544937796862,12.81372161502229,15.991952079831055,24712436
1988,R10AFRMEA,A,Min,2.7589475916814497,2.3122863011133505,3.7546344040793946,1.2232883431807462,1.1541215062056742,1.278656611619898,14.212758298644754,12.667186316911646,16.124049935682375,24712436
1988,R10AFRMEA,E,Max,2.6566543019326136,1.7693235157692873,3.6671165191599937,1.199905456428826,1.1363263919441295,1.2524062115874528,14.426324268612612,12.700952883442456,16.22970023426859,24712436
1988,R10AFRMEA,E,Median,2.3207522188624425,1.1594065357980874,3.1730879213211898,1.1469091632737358,1.0953395648150708,1.2190627912649112,14.426324268612612,12.652806055328226,16.303726266359142,24712436
1988,R10AFRMEA,E,Min,1.9596365521300054,0.8593020670223357,3.1321956826248165,1.143761558193325,1.0670056917438169,1.206184418322625,14.465103599428362,12.700260918553512,16.4564049575459,24712436
1988,R10EASPAS,A,Max,2.9460683795958706,2.3398023349940384,3.4841535451711936,1.69004625169146,1.5352881944911208,1.8613452857516806,4.6639153988337485,3.6917494437225313,5.363247031242725,36515448
1988,R10EASPAS,A,Median,2.339077736889042,1.9515145134187684,2.694610828217701,1.5297178217498055,1.3800000433307438,1.697076955159947,4.647589256340874,3.6140767279618595,5.22375365470144,36515448
1988,R10EASPAS,A,Min,1.9595839239875839,1.3291733416463691,2.5215938458683027,1.4683309782369878,1.2981255356126924,1.597913885879747,4.28028804522461,3.3792371981978517,5.169927236405015,36515448
1988,R10EASPAS,E,Max,1.392836047776168,0.31694868903240264,2.2475071903007118,1.3681961492320625,1.0575203180147108,1.573799685551292,4.31844945538719,3.435933162401091,5.196318626550671,36515448
1988,R10EASPAS,E,Median,0.9486749813814175,0.15292322004563474,1.723233349732122,1.2142947896262561,1.0416531997946465,1.486711780706353,4.097634589312052,3.4136684067066376,5.159370278420307,36515448
1988,R10EASPAS,E,Min,0.9029480785419333,0.04950798993689087,1.6279246837313743,1.2222399751138044,1.0074519080120945,1.4566579253759242,4.131511414144347,3.4260566970313198,5.194208239769843,36515448
1988,R10EUR,A,Max,5.141297442844268,3.6297629738082215,6.020647781039951,1.6546543325088652,1.392165523914361,1.9349299683634176,7.8729347124797,6.587296038954482,9.163415438781218,7583356
1988,R10EUR,A,Median,4.040812662735888,2.597261858254999,5.213176625433854,1.493589077897607,1.2881957027683884,1.7333699187064504,7.90855107157673,6.636925409767054,9.005602911413517,7583356
1988,R10EUR,A,Min,3.3480639296784305,1.597808319670384,4.910987963598355,1.4382483866192208,1.193602958400271,1.7122360846957267,7.8324000750803755,6.569688096543344,8.917961385202297,7583356
1988,R10EUR,E,Max,2.241328841198252,0.5046612036741427,3.914662725486121,1.2828544102374022,1.0526853829004992,1.5803392786652564,8.042761827111777,6.579804659749942,9.489951319977544,7583356
1988,R10EUR,E,Median,2.200706025437398,-0.3782949097816153,3.434102095077273,1.2345720769999473,0.961280989048283,1.4814726485616165,8.042761827111777,6.57497307043961,9.506030731453867,7583356
1988,R10EUR,E,Min,1.0285591320751113,-0.7002191221574137,3.5615063816302044,1.1532147228506502,0.9051316300922191,1.404896591643402,8.144318670462361,6.579673762471396,9.539194517623784,7583356
1988,R10FSU,A,Max,3.5187234765433133,2.4688741919091037,4.441017555241579,1.8511270465751055,1.5198966404380745,2.2159943605361407,4.68685627345396,3.2184471564838595,6.074856702238389,5004992
1988,R10FSU,A,Median,2.598639830291747,2.018324846901636,4.038812494295959,1.676737207015619,1.3837664178124462,1.9893355482591473,4.922500919031307,3.356457132512779,6.150969647705357,5004992
1988,R10FSU,A,Min,2.2482280363685914,1.354311729698773,2.8488001965834666,1.4420125581716734,1.290666201613706,1.664595604316025,4.9847972390362365,3.683829959409351,6.270536355571215,5004992
1988,R10FSU,E,Max,1.2415034897373753,0.3480229844900317,2.050923392763597,1.245531633409517,1.0751298440816774,1.4850425540474765,5.060533993194852,3.8894886677205642,6.40467407189163,5004992
1988,R10FSU,E,Median,1.136821333381406,-0.3366126770367747,1.981464889247308,1.2227961893154489,0.9549032157698173,1.3692512286520997,5.060533993194852,3.8627945207530767,6.418199264256719,5004992
1988,R10FSU,E,Min,0.6386085671611128,-0.20938214587198,1.7223795718740256,1.1079806582739704,0.9600489262919539,1.3846546448878192,5.040219474020428,3.886726495782552,6.403828747368813,5004992
1988,R10LAM,A,Max,5.387619543963511,3.9321957654060706,6.855372104529457,1.4578790273974467,1.31327686343988,1.6412828216886086,12.406601521305902,10.785053098678222,13.648232464684643,10948356
1988,R10LAM,A,Median,5.0931943002404,3.3124108774084426,6.551369569771161,1.4773607196412712,1.2796125315094211,1.5724248392397362,12.324113306618674,10.609721426124322,13.628193699150335,10948356
1988,R10LAM,A,Min,4.20696659280602,2.559175618511518,5.325937278166515,1.353894073081917,1.201338283721748,1.5256276463772878,12.406601521305902,10.602282395104211,13.340816842277494,10948356
1988,R10LAM,E,Max,2.904257645849123,1.1842220219807138,4.142154828821474,1.2505563396850616,1.1392610265545973,1.3557867296404325,12.508661592382524,10.366587455125954,13.870081549330955,10948356
1988,R10LAM,E,Median,2.3391169345997262,0.46895257243584443,4.161358133327939,1.2128603290590914,1.024717541643219,1.3577246717761904,12.406601521305902,10.306655063607383,13.7967746665677,10948356
1988,R10LAM,E,Min,1.921966699838812,0.49709255872001457,3.6762473500253083,1.1724656028804044,1.0264725507903545,1.3111690119272101,12.489089735993128,10.366416373524833,13.86865888556202,10948356
1988,R10NAM,A,Max,5.460071388401024,3.8930138596521995,6.977741960316151,1.564303778568711,1.2718971779962245,1.7519587931083578,8.787243787950892,7.8415941232204185,11.578852552505802,4117312
1988,R10NAM,A,Median,4.727401830594303,2.71452440135313,6.247811124251206,1.492953100467557,1.1979654092337861,1.6011152206991932,9.62273162330963,8.075523537626744,11.759904869605053,4117312
1988,R10NAM,A,Min,3.1777634194236013,1.561087948781247,5.543074874280707,1.3174061094725182,1.1352402581135657,1.4935245947494469,10.169952886411757,8.122082647904517,12.033561545507968,4117312
1988,R10NAM,E,Max,2.19266743724954,0.08885350367922519,3.9402791940705804,1.2598295587904218,1.0076417407612273,1.5015694462614768,10.022498972490505,8.119669930446248,12.081446719587355,4117312
1988,R10NAM,E,Median,1.3884171043538376,-0.48925667150321384,3.2477351389291833,1.1468981307970898,0.9549109966256961,1.4000080852022847,10.022498972490505,8.102710470957785,12.329096997608918,4117312
1988,R10NAM,E,Min,1.2719333574761507,-0.33965469953097305,3.56895711477409,1.116904870770147,0.9670348396503126,1.346356610600931,9.92150649174431,8.0683420835393,12.065968577211011,4117312
1988,R10PAO,A,Max,4.7373974300856005,2.471695377839808,6.592246964202856,2.575346532068817,1.7463861356618522,3.2982418688192623,4.328020710716289,2.328783173068689,6.991486364662546,1725240
1988,R10PAO,A,Median,3.2033431121135774,1.8494277003871118,5.239423688551157,2.0230417262799434,1.4400928888018036,3.0980418615151293,4.238188925720215,2.3482843139987235,6.981350825733724,1725240
1988,R10PAO,A,Min,2.5955301336425824,1.4763831245794203,4.802826686810519,1.885736637657753,1.3760963349957964,2.7630832003172157,4.23442976379191,2.4128131697740334,6.898399399339183,1725240
1988,R10PAO,E,Max,1.477223011158785,0.4118310325654498,3.0024513208408514,1.3252086908821301,1.0902790295459528,1.7901522603308613,4.328020710716289,2.6581084851785004,7.187759269649321,1725240
1988,R10PAO,E,Median,0.7549225802252555,-0.13777400965895026,2.6810723982973785,1.3002484541893025,0.9699062575349856,1.7828661426689012,4.423386716758161,2.6896585843729177,7.268041391815914,1725240
1988,R10PAO,E,Min,0.7248376151115874,-0.07211931381361447,1.8671848294950997,1.2679192000906392,0.9841546991019111,1.6436207721972513,4.4289209378039605,2.705433633970126,7.433623268784506,1725240
1988,R10SAS,A,Max,2.7121495368302515,2.0998136067718356,3.5453867171822466,1.3886103765491367,1.2637778415366248,1.4952088326718145,7.81420127277269,5.755207268045898,9.117365924960737,31439140
1988,R10SAS,A,Median,2.5059264014357634,1.6063446644550603,3.069577577932301,1.3275142275752712,1.2091791971116916,1.4394609545194121,7.619778623438502,5.812442734474735,8.867401216648666,31439140
1988,R10SAS,A,Min,1.997625701826168,1.0706428001498773,2.804121746913049,1.2520178037690064,1.1679896213291316,1.4191255314225166,7.177131266969997,5.983283816238654,8.697723459134595,31439140
1988,R10SAS,E,Max,1.6301460952736337,0.4727775369324063,2.998337062004324,1.2077487809284722,1.0642601557124256,1.4430166058755054,7.382164238403723,6.0523156941173335,8.80737798294741,31439140
1988,R10SAS,E,Median,1.2551639698852632,0.29134956331208955,2.4778523319606847,1.1884681758926763,1.0535771232582478,1.354066146182353,7.382164238403723,6.034502161447163,8.815522982652624,31439140
1988,R10SAS,E,Min,0.9799482955865972,-0.11602180220579505,2.565880689165171,1.125571367805776,0.983956695613518,1.3309739665091882,7.532538852248905,6.051889694333369,8.832322044544627,31439140
1989,R10AFRMEA,A,Max,3.939369771211137,3.4734736474226993,5.278654211438341,1.329092103350314,1.213253847422771,1.3745425030277336,14.08690493239463,12.829223603710162,16.62399589656664,25224568
1989,R10AFRMEA,A,Median,3.657630218948267,3.0384923308938077,4.649929980571741,1.271854810763468,1.2070340656209373,1.3221943726414458,14.666584355366169,12.938765757652803,16.364964231841906,25224568
1989,R10AFRMEA,A,Min,2.8946129489785735,2.47658063878753,3.9097979706852293,1.2282451987445264,1.1598564314874884,1.281808019105596,14.488214964646147,12.866158211292754,16.436252411604595,25224568
1989,R10AFRMEA,E,Max,2.6600139480374647,1.8979617909060633,3.7483345380973456,1.206335995027727,1.1413778426927557,1.2526733215364017,14.679760861078876,12.880426952546115,16.566002255302227,25224568
1989,R10AFRMEA,E,Median,2.4084776364746325,1.2605541863662653,3.226581276416815,1.1451839647711566,1.1013838226251889,1.2158308967154332,14.679760861078876,12.860002443362323,16.62399589656664,25224568
1989,R10AFRMEA,E,Min,1.9952802212127594,0.9423374519938026,3.1403809264386258,1.1405153593125914,1.0686073333996637,1.2137340443263847,14.692937366791584,12.880316477532748,16.7436077816745,25224568
1989,R10EASPAS,A,Max,3.096537194823182,2.4443649995081067,3.7676881610367916,1.6942851852656777,1.5850615596609854,1.9280231911392451,4.700337722978039,3.692930540768816,5.336980647081431,37611184
1989,R10EASPAS,A,Median,2.4551067717271278,2.0015052482281233,2.916998503860306,1.557150999390253,1.4122835623891756,1.7235429064061563,4.672263270660895,3.6343264857693525,5.181817940912058,37611184
1989,R10EASPAS,A,Min,2.0428487701981006,1.4331834460028383,2.581385759282897,1.4689102968954058,1.3218087187440313,1.6087391213002074,4.3096474467999215,3.4765559393559267,5.151612375206838,37611184
1989,R10EASPAS,E,Max,1.5096452070908803,0.28624983905811735,2.3262904970919607,1.3703770225116916,1.0576043639195878,1.579779144780784,4.366309268967192,3.4908257425504923,5.155375108283687,37611184
1989,R10EASPAS,E,Median,1.0318507609595844,0.1456481184621799,1.718204051731982,1.2239198782438643,1.037449536609398,1.4925639188169066,4.127198125285236,3.4636433920293745,5.150860779977051,37611184
1989,R10EASPAS,E,Min,0.8773395819509364,0.057010443322733195,1.572746208430682,1.2182386508160892,1.0086121335491636,1.435985077748918,4.175270970110808,3.4715116660002345,5.1533410442353516,37611184
1989,R10EUR,A,Max,5.375600483007419,4.036717392271985,6.121063919009092,1.7030246116457044,1.4103886185286865,2.0262592004154207,8.08484723368234,6.665177849017173,9.17470356473883,7536288
1989,R10EUR,A,Median,4.06233277349132,3.0205543474012218,5.484112757979387,1.5301825477432323,1.3135335197453444,1.7547733691518852,8.134476543974376,6.763346352778073,9.143655845175303,7536288
1989,R10EUR,A,Min,3.6622065146933167,1.9362198777584345,5.163401653705483,1.4717284702237428,1.2026915965663718,1.7165425090361186,7.968120220360228,6.629773189862812,8.996599996213828,7536288
1989,R10EUR,E,Max,2.375585705270349,0.5206732523889712,4.025024976768195,1.2664087187052413,1.0675714336848707,1.5882386276985316,8.246464058501187,6.622204017944458,9.648662004091493,7536288
1989,R10EUR,E,Median,2.1678511535553517,-0.3001122503820659,3.651329364464436,1.2488334803886731,0.959579935323919,1.4718084902877877,8.246464058501187,6.610079423244894,9.661734857614377,7536288
1989,R10EUR,E,Min,1.218845806419572,-0.48038112903326713,3.558681735245493,1.1948480118027895,0.9060507101441827,1.4073507322924308,8.338896964124304,6.621959148147224,9.688697618005325,7536288
1989,R10FSU,A,Max,3.722237173004294,2.734221412001426,4.669024817210557,1.8747134465615498,1.552032248085939,2.2392507690054106,4.776040880264679,3.2951761095349297,6.167412554374262,5025736
1989,R10FSU,A,Median,2.960511165894154,2.2298868225071558,4.262260101337717,1.6941351798069444,1.429533787968183,1.971905202971869,5.000883378653342,3.4103449612502956,6.286696021387608,5025736
1989,R10FSU,A,Min,2.413822855166151,1.4736893025343893,2.984571470379092,1.476125356591021,1.3167903169595037,1.6956116248952382,5.0949769217673335,3.7583814481741773,6.353509228929649,5025736
1989,R10FSU,E,Max,1.2878941560668702,0.37737450223711133,2.0934118883469655,1.260918069988827,1.0871694519894177,1.465130258681068,5.125615809991164,3.882039566901436,6.454966383392545,5025736
1989,R10FSU,E,Median,1.2157633629534543,-0.24349163063937612,2.0494939715061524,1.2240226735084327,0.9635359948138021,1.3799694726671756,5.125615809991164,3.875624770402162,6.469501143641866,5025736
1989,R10FSU,E,Min,0.6355655551226804,-0.23309035958026536,1.7600745747146354,1.1195120937047756,0.9632663440801963,1.405249573479087,5.124196431056427,3.879346973371859,6.454057960876963,5025736
1989,R10LAM,A,Max,5.707437249629649,4.331122511970818,7.368293998502221,1.4725907422729032,1.3304755375303488,1.6574393864463657,12.644988296954637,11.08340532496589,13.868988188236322,10993088
1989,R10LAM,A,Median,5.26961833565702,3.619991946717024,7.00943651579158,1.4944912427380022,1.2871948598978262,1.6167287566617716,12.554408849062227,10.840259800865827,13.844933282694235,10993088
1989,R10LAM,A,Min,4.494489277061013,2.781986055406831,5.608891643166371,1.379491762761237,1.223655120695295,1.5340945260990595,12.644988296954637,10.929258737114967,13.568875226634656,10993088
1989,R10LAM,E,Max,2.951501530541462,1.2633379032686207,4.388082439486178,1.255212195543181,1.1349748541270523,1.35408145219224,12.699385903731056,10.581662840983753,14.134345075595146,10993088
1989,R10LAM,E,Median,2.373101355253552,0.5756173293175453,4.157309885177581,1.2122574905868604,1.039690607361221,1.3575455080241299,12.608806455838646,10.500655108659931,13.995191983758655,10993088
1989,R10LAM,E,Min,1.9792534838264633,0.4924660623103776,3.645180969485022,1.176245072268358,1.0360751503180705,1.3081283159743642,12.663204062615067,10.580049593534367,14.133592149199261,10993088
1989,R10NAM,A,Max,5.8767174174347225,4.237551104740081,7.39694893701725,1.564135032155986,1.2823556210428617,1.7728831958288889,8.98529567250059,7.889305569509494,11.686728066831755,4179416
1989,R10NAM,A,Median,4.766134334004626,2.9581382045178395,6.59299849363085,1.4992200402234719,1.2110662982847769,1.611483951967704,9.96017946078473,8.12259235654844,12.014072518681,4179416
1989,R10NAM,A,Min,3.437585288834044,1.7510488783935507,5.629659507951583,1.3093884918793277,1.1384575488525583,1.4941804049727778,10.435669901010087,8.194121116133228,12.119693707222439,4179416
1989,R10NAM,E,Max,2.208648300163067,-0.283065593882839,4.204201411553138,1.2489253395522555,0.976649342296997,1.5219432583364467,10.223996776759474,8.155679167023429,12.15832492327833,4179416
1989,R10NAM,E,Median,1.5440567407923018,-0.623344876760983,3.363078685308914,1.1443032735328154,0.9453412377579951,1.4044125739921889,10.223996776759474,8.142671342057993,12.467275521172645,4179416
1989,R10NAM,E,Min,1.3033389327211111,-0.37517249789732254,3.506142555589328,1.1215665326885413,0.9642859781712873,1.3568872489672679,10.136620887860646,8.117288473583653,12.139015510909939,4179416
1989,R10PAO,A,Max,5.045992361805055,2.810007120502955,7.2066232807288815,2.6930211961129062,1.7859083027059839,3.3244726772756588,4.348303097550149,2.3465519432164554,6.987761534597226,1694500.0000000002
1989,R10PAO,A,Median,3.610980655210307,1.949545416559933,5.50069774520015,2.024193054954444,1.4686109392668876,3.0874115534181485,4.281502450002419,2.3674822624766803,7.1305539555876924,1694500.0000000002
1989,R10PAO,A,Min,2.9891827706001455,1.6081877695080073,5.187225849192851,1.9532490578086181,1.4035195349049707,2.8446552221080568,4.266150472932059,2.4065567547575495,7.030727572736753,1694500.0000000002
1989,R10PAO,E,Max,1.6073494168220526,0.39084071416385374,3.2756766342768824,1.3237949509706959,1.090626108046753,1.7826168204219142,4.348303097550149,2.6470933727727486,7.138571031039711,1694500.0000000002
1989,R10PAO,E,Median,0.7665215255003706,-0.06552503405617933,2.6404718933289764,1.3077637786495075,0.981227118035219,1.7894990496355758,4.430054576988749,2.8016789546510394,7.255948019912437,1694500.0000000002
1989,R10PAO,E,Min,0.7255920386323507,-0.1910060114781178,1.8567210207976528,1.2640174966668678,0.9751836231143685,1.6414726239280897,4.445005408879621,2.878971745590184,7.498038059462425,1694500.0000000002
1989,R10SAS,A,Max,2.910934740129447,2.213161124061367,3.822725426544162,1.4333028787069126,1.2704231236189072,1.5224916829724267,7.945167960584771,5.859156883152821,9.239820809105836,31846260.000000004
1989,R10SAS,A,Median,2.66909008430979,1.5607450315098683,3.2502158255236746,1.3290928387453596,1.2172413957538608,1.4485145337156151,7.861427492910183,5.919331262614396,9.068709774087264,31846260.000000004
1989,R10SAS,A,Min,1.8871649038389067,1.222287462669839,2.983105968843811,1.2675041954428123,1.1597244197224437,1.4139707699210735,7.2877268943069256,6.03610510930159,8.79107544303146,31846260.000000004
1989,R10SAS,E,Max,1.5851352917972314,0.48682161393144213,3.066784369023291,1.227318530079952,1.0526097214773327,1.4501954553594878,7.503456274398038,6.160779060025254,9.01490856496414,31846260.000000004
1989,R10SAS,E,Median,1.2907715157038369,0.32399579378185694,2.551842531953981,1.1977767424908408,1.0638890461271835,1.3810795275203778,7.503456274398038,6.136168468716383,9.024507308477082,31846260.000000004
1989,R10SAS,E,Min,1.1566704372368903,0.09883044243199812,2.6302206747207943,1.1349579486900996,1.0133435883461734,1.309685469334912,7.600325964435471,6.1595305875163655,9.044304716972524,31846260.000000004
1990,R10AFRMEA,A,Max,4.255298473501182,3.7502239701519713,5.501771027596232,1.3270762410318084,1.2274052266906867,1.3934327701339444,14.404136454095365,12.982964699658039,16.90607073197601,25736700
1990,R10AFRMEA,A,Median,3.9105395667909626,3.2725136374547326,4.935811034801655,1.2809263382765668,1.2193628532888892,1.335097994004712,14.924535796888195,13.072317392162244,16.71630654592,25736700
1990,R10AFRMEA,A,Min,3.0663038893328327,2.6705578277883397,4.018644030373689,1.2402807813895727,1.1733368979995358,1.2934546671606606,14.764567632791781,12.993764164686624,16.77881273580559,25736700
1990,R10AFRMEA,E,Max,2.847146454435202,2.041744407677254,3.8481655910275934,1.2081527755541779,1.1487013698292134,1.2524238934177154,15.009260759312921,12.999337565030839,16.890381205616062,25736700
1990,R10AFRMEA,E,Median,2.4703185653334847,1.3041506435045744,3.31081038462641,1.145508337758705,1.1073319206352013,1.2198126227851702,15.009260759312921,12.991964253848526,16.90607073197601,25736700
1990,R10AFRMEA,E,Min,2.053562241294072,1.0274129435018065,3.14668038040913,1.1438866007864041,1.0611206681115402,1.2181235936483676,15.093985721737647,12.997903959614247,16.938430380093394,25736700
1990,R10EASPAS,A,Max,3.383922137259164,2.767652158754574,3.9245038415522555,1.7191475665602831,1.6291512953723295,1.966031919495749,4.755493711454649,3.7265718385512967,5.314618111779439,38706920
1990,R10EASPAS,A,Median,2.585778061503528,2.0787162955680545,3.184928101836679,1.60327026294269,1.4559495777377978,1.7595422835700354,4.751098664694893,3.680048220170386,5.170804699070521,38706920
1990,R10EASPAS,A,Min,2.140246116729929,1.5174440856265332,2.6732739272747557,1.4789018009501065,1.3566932120182253,1.6407157847703457,4.293810624994354,3.5489175024834307,5.148626420680737,38706920
1990,R10EASPAS,E,Max,1.6660816594054682,0.30698517532097186,2.3927127119512157,1.3691784882330262,1.0571690159925127,1.5746447155389367,4.355080280405549,3.5507943964088833,5.201702163521916,38706920
1990,R10EASPAS,E,Median,1.093192535723392,0.16902554486547533,1.6760786943027806,1.2392296858094252,1.0425670639364837,1.4899579714757825,4.1430197739150945,3.541964512075416,5.167141981225686,38706920
1990,R10EASPAS,E,Min,0.9079038532808248,0.061957706923388756,1.688432209317078,1.232964523983011,1.0116951181239493,1.4558964152526592,4.201158293274881,3.5436383354596446,5.201219259789081,38706920
1990,R10EUR,A,Max,5.694654415586273,4.499044833079991,6.664118485708072,1.7149767230618895,1.4366219004238494,2.091906087880845,8.321680153684817,6.70133516445562,9.175891126349791,7489220
1990,R10EUR,A,Median,4.214906609652566,3.490014952645187,5.49480735820296,1.5724150480920265,1.3458403941830703,1.8066858379385315,8.425083261474924,6.7771631769235725,9.15657519585622,7489220
1990,R10EUR,A,Min,3.945675928677546,2.1731456290813607,5.409617327376953,1.4948474820315532,1.2309515901547983,1.7163918283332844,8.112561599323548,6.675654853648554,9.073692619120969,7489220
1990,R10EUR,E,Max,2.436569907418333,0.7451935365358932,4.1442138040714935,1.2400158745276944,1.0723009492729634,1.6221256866397578,8.436741451770455,6.65629818966465,9.586341609382446,7489220
1990,R10EUR,E,Median,2.1308734440024653,-0.17363049173361367,3.7985283518215334,1.2426558132084884,0.984371704827214,1.5043349716407004,8.436741451770455,6.650226332617014,9.641694273663516,7489220
1990,R10EUR,E,Min,1.3163802893300103,-0.5037704126059666,3.50059321131347,1.1953974867377564,0.9175673014785288,1.406211192321542,8.448399642065988,6.655990634301724,9.755859143743221,7489220
1990,R10FSU,A,Max,3.9668603711706822,3.0127340117570207,4.814037807111089,1.8397933210618085,1.571956988880805,2.295593883155856,4.86387496161732,3.3712984051118973,6.233846118345779,5046480
1990,R10FSU,A,Median,3.2901355402092527,2.4237713952534157,4.503463139438754,1.7006249272568692,1.4749715446969447,2.0273926841819523,4.933872078797229,3.457633737456001,6.356095816634077,5046480
1990,R10FSU,A,Min,2.5911380605733743,1.5748550886842445,3.127857555057048,1.479082365769346,1.3282909990332412,1.739262556290079,5.132545336975323,3.8200468098267373,6.448999138096025,5046480
1990,R10FSU,E,Max,1.4040320287512178,0.41588175734524246,2.1128674307935817,1.2793086253753865,1.0714069730415752,1.4368135838518492,5.184113305398206,3.9262505519252864,6.548052597802581,5046480
1990,R10FSU,E,Median,1.2406146339727895,-0.06693812185894399,2.0931533891969556,1.203912798660328,0.9881446612959393,1.3811448394147705,5.184113305398206,3.9190019236968934,6.573924622911006,5046480
1990,R10FSU,E,Min,0.7061318857847065,-0.24662808559838556,1.7720567615431895,1.1231296649866922,0.968923432965385,1.3671909732473924,5.1602562509496845,3.9241559943386886,6.546435596233304,5046480
1990,R10LAM,A,Max,5.949586617079828,4.60321985651022,7.879865321230323,1.4938694115620077,1.343101720127717,1.6745981800863876,13.158755315016325,11.395450721157756,14.097371744797375,11037820
1990,R10LAM,A,Median,5.375511338257525,3.901525094831097,7.333446608030235,1.488238330544151,1.2994089368145738,1.6276130312798693,13.14031443760806,11.206917646774642,14.071150066111493,11037820
1990,R10LAM,A,Min,4.686296291085191,2.92720406585319,5.869208594688676,1.3862877201108552,1.2398397079976546,1.5277645115415917,12.987929186559601,11.218313050461832,13.851484251397501,11037820
1990,R10LAM,E,Max,3.038582528275202,1.5483271208788778,4.47659302950121,1.2569692851628744,1.115137568683305,1.3589119281274504,12.987929186559601,10.58762410423654,14.386096171754177,11037820
1990,R10LAM,E,Median,2.6053355533010656,0.7583809928761491,4.228190031054062,1.2183409486745367,1.0590065528132895,1.3383015865439867,12.894557209632133,10.53498746135702,14.221013100534336,11037820
1990,R10LAM,E,Min,2.107854572844447,0.489730176179906,3.701796597400344,1.165718962328161,1.0430094203379983,1.314213353562757,12.934048783863965,10.581514528468926,14.385810210342068,11037820
1990,R10NAM,A,Max,6.211949364369499,4.2622909265280455,7.838658845431334,1.5771270194899418,1.3178494060488415,1.8133185608038285,9.243821089704987,8.084826933297478,11.877921529352758,4241520
1990,R10NAM,A,Median,5.131489092506307,3.2478278974453567,6.694815147778426,1.490195863242871,1.2283430792649206,1.6788681502626235,10.20109586164732,8.113967692602882,12.260634355407502,4241520
1990,R10NAM,A,Min,3.6204504770752766,2.0138811178867506,5.574623152072069,1.3107288293704593,1.1458938395795932,1.5124187941688019,10.771788637143821,8.27701341175766,12.270516739703325,4241520
1990,R10NAM,E,Max,2.3329196330095225,-0.2201066413812142,4.259184345820483,1.232636276114723,0.9692308453357655,1.4930938154910496,10.539339564956359,8.227986227167804,12.29348508508462,4241520
1990,R10NAM,E,Median,1.6246999662957002,-0.7927137839354419,3.4613212898123282,1.145885232006675,0.9504688605494708,1.415351972486469,10.539339564956359,8.183837370761427,12.604428601555743,4241520
1990,R10NAM,E,Min,1.334273068289182,-0.5899549235829191,3.842925970234093,1.1371599533144416,0.9475417407732202,1.3857064256954703,10.43618357667315,8.095511551202513,12.27405111530518,4241520
1990,R10PAO,A,Max,5.43508949269404,2.882098413215136,7.494271569287855,2.808747406074332,1.9359876849612494,3.4268343393855147,4.439990510082682,2.360294169576109,7.241127093603951,1663760
1990,R10PAO,A,Median,4.153633766117851,2.1091812257498077,5.928514842001131,2.1213221838182066,1.534622292487972,3.103384698322815,4.412411901835621,2.396983936826094,7.4124280019505555,1663760
1990,R10PAO,A,Min,3.3378430854886094,1.7466887494252128,5.4268498640234775,2.0048197405239994,1.4262765355390512,2.84530119977819,4.353541657735086,2.41128083067098,7.245345219147062,1663760
1990,R10PAO,E,Max,1.6496632020062134,0.363748958422997,3.5498937926955647,1.325358407158678,1.0962312611912362,1.8249634387622375,4.417150472990923,2.7284460193566322,7.422577756111529,1663760
1990,R10PAO,E,Median,0.7893776229026968,-0.01936554693481377,2.6798771677145155,1.2899007889635867,0.9941437531432127,1.7393830065265434,4.444729081237984,2.8638679819185633,7.45410405575415,1663760
1990,R10PAO,E,Min,0.7439171199574912,-0.036724298503935326,1.8332160623418148,1.2550702367472981,0.984280181631169,1.66493788828179,4.467569118329743,2.931578963199528,7.519127048767054,1663760
1990,R10SAS,A,Max,3.1707101285519266,2.4675447895918863,4.0498623744169455,1.4786184565734268,1.2905396072515105,1.5898988700050207,8.063496047190473,5.963013083447172,9.387392033405096,32253380
1990,R10SAS,A,Median,2.7876085862429525,1.6789390868061993,3.522489423129342,1.330195045003924,1.2221369145947738,1.4637130098506468,8.0484188324917465,6.019719121797808,9.21176185563307,32253380
1990,R10SAS,A,Min,2.147674304227911,1.2926134103878506,3.248152628863223,1.3165336101096679,1.1628905053028888,1.4511673896717903,7.509483853369102,6.035054759710565,8.962189433967783,32253380
1990,R10SAS,E,Max,1.5472950091231565,0.5295924016501723,3.113101351249049,1.2296861035161055,1.0587238174576032,1.4507195614865351,7.581816855931391,6.152380186776592,9.120398770489773,32253380
1990,R10SAS,E,Median,1.2412320733313524,0.34961056399853757,2.7002362350207485,1.1940280763956617,1.0646452469582024,1.4022692330104956,7.581816855931391,6.1191661398039745,9.142367249279836,32253380
1990,R10SAS,E,Min,1.1132159431867947,0.23767918595283222,2.6949706328617467,1.1394481508629886,1.030815544214098,1.328156964537546,7.599159415157777,6.150352175163605,9.187677236784339,32253380
1991,R10AFRMEA,A,Max,4.575963653120125,3.939169576996771,5.825922384430581,1.3395982048800632,1.2478861733312858,1.4063214428462907,14.675640710911814,13.063156379918528,17.100531318441607,26080316
1991,R10AFRMEA,A,Median,4.180589698847509,3.3765517629957085,5.135888894203247,1.2956391773092906,1.2337880533399905,1.3511012941248406,14.983052093439415,13.233248912043791,16.990655930116795,26080316
1991,R10AFRMEA,A,Min,3.3096260328828766,2.7847812140916304,4.191964284337164,1.242654503413056,1.1855749359925347,1.2977742611337673,14.928272522643338,13.129601219159749,17.026364930922288,26080316
1991,R10AFRMEA,E,Max,2.9568755629979355,2.1546334652184456,3.950203483436149,1.2129645526079957,1.148971144155511,1.255372198726467,15.17906885497542,13.155873489360797,17.090188801212662,26080316
1991,R10AFRMEA,E,Median,2.5025783036176197,1.3929967087184862,3.286666246159105,1.1459406772808722,1.1098979884715585,1.2191516717354398,15.17906885497542,13.118527079286212,17.100531318441607,26080316
1991,R10AFRMEA,E,Min,2.1213599922159005,1.0842503056793813,3.293926556540674,1.148335219497092,1.0628087835713034,1.2100472542437004,15.375085616511424,13.155071740868884,17.121862760226303,26080316
1991,R10EASPAS,A,Max,3.6383672006923096,3.041068470403368,4.187794693033476,1.7478918690997247,1.6654040838979116,2.0117984375552203,4.804080931533845,3.797354694331229,5.497282177983656,37521584
1991,R10EASPAS,A,Median,2.7873144137663055,2.1988536603649758,3.5095017156033537,1.6502406633274074,1.490687585396428,1.7761842277120654,4.783650190113568,3.7940396605148807,5.422562641027612,37521584
1991,R10EASPAS,A,Min,2.2288971196936265,1.6849987985112267,2.8440601115450947,1.4930587238184039,1.3629999580875323,1.6532965672402464,4.414937279178391,3.7005183102143544,5.352070275889931,37521584
1991,R10EASPAS,E,Max,1.7557448679240353,0.29617756771163073,2.4805229068530554,1.3702656636117356,1.052627245685937,1.6038416963766744,4.47587489869571,3.7033817261044146,5.466415284278086,37521584
1991,R10EASPAS,E,Median,1.1179612548596616,0.1714583897769782,1.6890286521697189,1.2431143376091698,1.0408217512181883,1.4784890606321799,4.239822395129159,3.670533856521233,5.426195033091833,37521584
1991,R10EASPAS,E,Min,1.054489593627931,0.0520044693738555,1.7557367324723088,1.238635182063476,1.0064495013674162,1.4516475167817748,4.300760014646478,3.6915339116415278,5.4661513457982664,37521584
1991,R10EUR,A,Max,5.887091773564843,5.058133145788016,7.081302668342985,1.7241427497117288,1.4707578068223666,2.129030988508187,8.431230192625929,6.6508038916851024,9.112689033178794,7404184
1991,R10EUR,A,Median,4.4833352298899944,3.633972526029199,5.833655451402901,1.589982793570489,1.3676406102756122,1.8979948469434804,8.446462525339776,6.745705731624337,9.092391649902984,7404184
1991,R10EUR,A,Min,3.981706802452127,2.263419819416099,5.531154761514064,1.5226896863164785,1.2485456954303933,1.7263007677507287,8.352158230841463,6.709971041396713,9.141694006193141,7404184
1991,R10EUR,E,Max,2.5326160166097385,0.8329161102690795,4.454307095064789,1.2523917584700515,1.0845782304740348,1.6440244981422165,8.49160322252685,6.63502598509534,9.726286511335688,7404184
1991,R10EUR,E,Median,2.2011102669391063,-0.26511923002144294,3.7442822086158847,1.262109500920781,0.9747942749735963,1.5251814156577632,8.49160322252685,6.585255344035966,9.77515260901412,7404184
1991,R10EUR,E,Min,1.632585329339701,-0.6838217949857537,3.5406815327535455,1.2039315126943873,0.9144572790140311,1.4070864923724582,8.526206921120437,6.63403986593348,9.87593893547588,7404184
1991,R10FSU,A,Max,4.2765303784912225,3.291494203300778,5.162260437527135,1.8692378457086172,1.6086065161024523,2.320804220839005,4.937137956290104,3.449998467384539,6.24077511890753,4845968
1991,R10FSU,A,Median,3.5107048080303933,2.5310763812632118,4.673249878111164,1.7224446129593347,1.4998760013803016,2.0869679347660886,5.039534610087544,3.4838904604463816,6.516571409864244,4845968
1991,R10FSU,A,Min,2.755626887853009,1.6656404830034337,3.2138057501930373,1.4876504406203945,1.3247218420017874,1.7771273258619835,5.229404063654966,3.826697704157766,6.550298682832333,4845968
1991,R10FSU,E,Max,1.4949500503352002,0.3588423523267432,2.1885430389825684,1.2972367717930247,1.0662313010766193,1.4773373159312686,5.273481063522356,4.014809712069064,6.6183945912099595,4845968
1991,R10FSU,E,Median,1.2953711991436556,0.018811524850621545,2.1715278142676215,1.2117745114488572,1.0046822302926735,1.3968767466156784,5.273481063522356,4.013970011971727,6.640841510361488,4845968
1991,R10FSU,E,Min,0.7165993944252538,-0.15960997591363268,1.839361940577609,1.1180080316801742,0.9637703994803366,1.3678440100844598,5.26949816096622,4.014248179159805,6.61699165876299,4845968
1991,R10LAM,A,Max,6.241252547452953,4.861694220279978,8.202850276218712,1.5003621256788726,1.3690292948490885,1.6990001389024947,13.211136809272215,11.767815499995175,14.305059728841904,11061104
1991,R10LAM,A,Median,5.485717181382105,4.246271305277253,7.5441016977038755,1.4749995117588532,1.304299717845031,1.6389087402798912,13.141146333959371,11.633900962211323,14.2834361810725,11061104
1991,R10LAM,A,Min,4.78429593552444,3.0679985459173307,5.927475929193921,1.4141899793479835,1.240795410973206,1.5310885464011261,13.059037780202882,11.576862236595778,14.168095731784476,11061104
1991,R10LAM,E,Max,3.123925796634553,1.6338542358805004,4.525936605323625,1.2697943222567718,1.1105281766078379,1.358122613561006,13.072046306691638,10.82923255274808,14.5453544318885,11061104
1991,R10LAM,E,Median,2.5615821201031794,0.8536140211780213,4.301496756833857,1.2206689640337616,1.0551979300209715,1.3355758588193445,12.989937752935148,10.796772179072338,14.422453111501667,11061104
1991,R10LAM,E,Min,2.217275893206054,0.48839905806955564,3.536542152730597,1.1724499632188339,1.0416199459653044,1.3091291214427225,13.002946279423904,10.823357530364943,14.542918754305353,11061104
1991,R10NAM,A,Max,6.583044094681701,4.955043506039516,7.984237521407925,1.5930180816496604,1.3573162236553957,1.839314465421189,9.52030720189756,8.197392885998514,12.057116091079608,4273036.000000001
1991,R10NAM,A,Median,5.321380788321364,3.4980967604739583,7.075798248480685,1.4928641303180255,1.2470902476441355,1.7056717896906255,10.437159512861369,8.235271085163047,12.42264160314325,4273036.000000001
1991,R10NAM,A,Min,3.703495463363049,2.091522367511958,5.979043814168808,1.3072520614293128,1.163651174583353,1.530051572393029,11.024783898365731,8.344448256240412,12.502806014796407,4273036.000000001
1991,R10NAM,E,Max,2.480234926230857,-0.14912179616404314,4.681525778704345,1.2451764000305694,0.9806817848675576,1.5182580495070521,10.69524720322644,8.318236192976777,12.586783442398277,4273036.000000001
1991,R10NAM,E,Median,1.600233649359779,-0.9385917759793388,3.5628107123763835,1.1440032522453718,0.9444350611466894,1.4244765675546236,10.69524720322644,8.286201425097893,12.894091032090618,4273036.000000001
1991,R10NAM,E,Min,1.4451282130318823,-0.8050897516577606,3.491989067925985,1.136215536872529,0.9528231496475671,1.4081564971943465,10.558086096041185,8.221817787821767,12.56757671804251,4273036.000000001
1991,R10PAO,A,Max,5.888126996185002,3.1724051338558716,7.5901501088823,2.8698231807431056,1.9028105639745487,3.50569602734751,4.450927948691219,2.3815149556395308,7.431966932562708,1640524
1991,R10PAO,A,Median,4.555706341965931,2.1109035836037178,6.4954135288295305,2.483398556727185,1.5603613798137812,3.1441039247449107,4.41180186885673,2.419546295728272,7.774468620710989,1640524
1991,R10PAO,A,Min,3.5950594037368964,1.801734302555209,5.852700311688711,1.9947023971313356,1.4264443900765176,2.88694455465535,4.281773483245415,2.4307138007077382,7.379977857352493,1640524
1991,R10PAO,E,Max,1.74201709516806,0.42600041789835263,3.592761358508439,1.320173862173419,1.12379708417817,1.8235472974066989,4.399115651534354,2.655882684916103,7.639078594530879,1640524
1991,R10PAO,E,Median,0.8547831019706208,0.006770173844784264,2.8226538945485102,1.2870396986486572,1.0051690952455727,1.7352490889952623,4.450927948691219,2.882559277107169,7.641401312007021,1640524
1991,R10PAO,E,Min,0.8431169113651643,-0.011862211917374132,1.82991993201875,1.2578888169300095,0.9984486117996452,1.6104437863596461,4.490054028525708,2.9958975732027002,7.646191916801564,1640524
1991,R10SAS,A,Max,3.41945144487322,2.7610614899401487,4.3196596597874954,1.4995616814346515,1.3008791471666858,1.6532781708813649,8.124858373130145,6.07880816445792,9.572917188469642,32430704.000000004
1991,R10SAS,A,Median,2.7490460930225344,1.8315280789521895,3.7137567207617543,1.3482907700850606,1.2295144182415154,1.5010620218092314,8.10924694578752,6.0668163184967705,9.225734357792607,32430704.000000004
1991,R10SAS,A,Min,2.363370290711328,1.4595252404596262,3.521434471257476,1.3258889175574922,1.1670960971590234,1.4929690534779494,7.721469100029408,6.067674151724427,9.137696575154349,32430704.000000004
1991,R10SAS,E,Max,1.6373428908979037,0.6707994295841908,3.244667356460548,1.2333427005607218,1.0724907844049558,1.4464629283375434,7.876996994517728,6.141461445072888,9.202983102734471,32430704.000000004
1991,R10SAS,E,Median,1.2935588546442305,0.35572314817805084,2.693185438413167,1.1940676939129862,1.0569732373274066,1.4093821939630413,7.876996994517728,6.121003556907498,9.205659595706898,32430704.000000004
1991,R10SAS,E,Min,1.169449683109864,0.20818838999476874,2.7602367960875682,1.1520253037875259,1.0224748774105172,1.3417269409115018,8.031869155740303,6.138910865447138,9.211179862462528,32430704.000000004
1992,R10AFRMEA,A,Max,4.9207255046626095,4.147658190112127,6.114091565527591,1.35444893328583,1.2771565487467353,1.4205839608230242,15.01334703567602,13.141444870287948,17.28218954885463,26423932
1992,R10AFRMEA,A,Median,4.459868145524734,3.656009116193804,5.353415014558275,1.3018554785426382,1.239593551350876,1.3724552918738722,15.07488127023735,13.389911311777723,17.18821056489442,26423932
1992,R10AFRMEA,A,Min,3.5622390563159536,2.867591483888315,4.436184937799748,1.2435077049365517,1.1912684596171217,1.303698814303653,15.14993287191595,13.263306663206622,17.21203683879228,26423932
1992,R10AFRMEA,E,Max,3.1803800015129893,2.24238368595022,4.076882866055798,1.2080169088034576,1.1494307528949865,1.2724640433072407,15.398176438739078,13.303044081187817,17.279793222481057,26423932
1992,R10AFRMEA,E,Median,2.5085826379294245,1.4124063608740407,3.354903257338526,1.1497887330687573,1.1110562541475413,1.2141169659123063,15.398176438739078,13.24106715153875,17.298322665800786,26423932
1992,R10AFRMEA,E,Min,2.1807944950179134,1.117136774312245,3.415228553599661,1.1453380752697824,1.069533993679834,1.1998969641571997,15.571368403883604,13.302973613821106,17.336539642647725,26423932
1992,R10EASPAS,A,Max,3.887740270266182,3.257237632778052,4.455862266127021,1.787354603192173,1.6615474481743275,2.0293786851082696,4.860337985122766,3.978527261901181,5.70305065505687,36336248
1992,R10EASPAS,A,Median,3.006145656382661,2.3871792184508225,3.6719973978926896,1.6737298378179062,1.506315236399288,1.7984116267038086,4.825945133807596,3.9128055272037665,5.596493645670862,36336248
1992,R10EASPAS,A,Min,2.305838893454389,1.7994744125288729,2.937927268083068,1.5101969820439616,1.3653232399697743,1.668695794000472,4.511865485852153,3.808206809384866,5.527047266622219,36336248
1992,R10EASPAS,E,Max,1.8143355047972825,0.41110935536174925,2.5264398961980934,1.3796102090118532,1.078138133317724,1.6150325450619576,4.566254733942882,3.8096379077875184,5.678421869429201,36336248
1992,R10EASPAS,E,Median,1.1786474705293186,0.1809313097037372,1.7225048121120954,1.2350526132376065,1.0452074307378205,1.452955738529643,4.350956099112267,3.791320111295166,5.603192722725581,36336248
1992,R10EASPAS,E,Min,1.1920670182429252,0.06523424357550489,1.7253748657970651,1.2447813504929535,1.018120016134423,1.4172273039229184,4.405345347202996,3.804106217217653,5.676882570327472,36336248
1992,R10EUR,A,Max,6.186929680786381,5.493608556169106,7.511993861826815,1.7819474130491932,1.5050872846599161,2.2091250414207955,8.550313029774696,6.715271280424716,9.23387553529894,7319148
1992,R10EUR,A,Median,4.852243636535615,3.7401074131935594,6.321112373082743,1.5384915076476566,1.4148664728228115,1.9587083900566205,8.61144356902172,6.791364929075133,9.22835645414897,7319148
1992,R10EUR,A,Min,4.138772215053121,2.425269544094466,5.728038737503012,1.5545674132058986,1.2757846639560528,1.748653645443407,8.52380379170911,6.762273366880093,9.252272472465506,7319148
1992,R10EUR,E,Max,2.5637877573014873,0.9203274940644244,4.5709625321829295,1.2758022554782396,1.0964416231286533,1.6643093670230555,8.628137060059485,6.702737390703281,9.7619496098489,7319148
1992,R10EUR,E,Median,2.1153875257073214,-0.4099878803545782,3.8289895141721724,1.2759056220618108,0.9632006194324741,1.5320026208283226,8.628137060059485,6.632868683528032,9.803760598412943,7319148
1992,R10EUR,E,Min,1.508291655971039,-0.7962802901994017,3.655775082293144,1.1984395076856984,0.9069594836016186,1.4073427855207303,8.637820730316266,6.701954022595691,9.889995762326281,7319148
1992,R10FSU,A,Max,4.527247235050598,3.5238765884526875,5.495089510496918,1.9119894508250779,1.6446557880920338,2.357252326157882,5.025725782367854,3.483661879918778,6.254830339862725,4645456
1992,R10FSU,A,Median,3.730205551311524,2.635079076314126,4.817540157971744,1.7515063611352675,1.4981199914465053,2.1066828728386726,5.190026436495916,3.576204915642075,6.642407098888607,4645456
1992,R10FSU,A,Min,2.823620310537198,1.7254678852847216,3.4805091780515616,1.503293892805639,1.3203477532329027,1.8115812493180745,5.298447616512222,3.895673072344226,6.670186122842667,4645456
1992,R10FSU,E,Max,1.528677268985307,0.4795778144503011,2.194663575091626,1.2990755058248429,1.0800555924927322,1.4945718814653384,5.401294520616336,4.109230162566647,6.690737811937115,4645456
1992,R10FSU,E,Median,1.2670967474687465,0.21355466935211667,2.2097428479791024,1.2190240538140187,1.0317174847136916,1.4081581070437956,5.401294520616336,4.073704274858814,6.697437954420739,4645456
1992,R10FSU,E,Min,0.7239721042533649,-0.06361477537349458,1.927310618675813,1.1160305143589884,0.9841031966124941,1.3562168857696248,5.359328718782095,4.109152420872869,6.690319053031889,4645456
1992,R10LAM,A,Max,6.61473942052814,5.277028343251377,8.518056727083327,1.4946789649123677,1.376202206140788,1.7190397854220283,13.270951427268034,12.05345966978108,14.691938717228366,11084388
1992,R10LAM,A,Median,5.99349771467031,4.624818023868809,7.720631162156586,1.4560652330472423,1.3195058571109406,1.654314997232306,13.14988526513717,11.972145021800454,14.686798672896987,11084388
1992,R10LAM,A,Min,5.1048939236018684,3.3077349793101996,6.023156691974695,1.4027029396924902,1.2534022655554498,1.5282037095835728,13.145820305729721,11.894431799395663,14.586309539318274,11084388
1992,R10LAM,E,Max,3.3458469731152722,1.6708782264467958,4.465877869172918,1.2598168570517747,1.122707014471261,1.359578818512887,13.150262306962684,11.211909651081111,14.84685814974939,11084388
1992,R10LAM,E,Median,2.640091668622456,0.7371678368228762,4.37949330476801,1.232270736594602,1.0517981682823847,1.3219261289749302,13.145820305729721,11.194674250361656,14.781866218348945,11084388
1992,R10LAM,E,Min,2.325067298865495,0.4700075405904407,3.4710639309558466,1.1691382536960957,1.0357402806148548,1.2626564200927002,13.14988526513717,11.209079674883522,14.846676303330616,11084388
1992,R10NAM,A,Max,6.893281024633989,5.398405571723314,8.30872092920017,1.6342442057405067,1.3801285569780377,1.861716377201222,9.78608153512844,8.188571501207594,12.370238080359186,4304552
1992,R10NAM,A,Median,5.705645511259258,3.502437260366411,7.395770488870449,1.5086299776546548,1.271435526022832,1.73556366857553,10.560171612146606,8.384483651199208,12.57120338027332,4304552
1992,R10NAM,A,Min,4.102461519568489,2.288010258638172,6.349784256221156,1.3664052366831565,1.1665737530468347,1.5209065331605922,11.035294580914298,8.515209997910144,12.743552383725746,4304552
1992,R10NAM,E,Max,2.4600399292055455,-0.13862594833355857,4.82024215133976,1.2615650689760238,0.9906754444536041,1.5468551980250713,10.798579599517502,8.380853312849716,12.895436131912492,4304552
1992,R10NAM,E,Median,1.6253843532791241,-0.7808529384372679,4.008508369375383,1.1456553649350794,0.942252971839738,1.4291505237900277,10.798579599517502,8.364219895551066,13.194621988673697,4304552
1992,R10NAM,E,Min,1.7658100769013778,-0.7351754256133276,3.583815890586587,1.1157015092953322,0.9583821822865779,1.4053697255895812,10.708933396367177,8.331015993924707,12.87673701586492,4304552
1992,R10PAO,A,Max,6.338391434449278,3.278696013680274,7.646069807334073,2.951351065027356,1.9229507442253653,3.520904264401468,4.461671460116165,2.418367899924907,7.584092130181887,1617288
1992,R10PAO,A,Median,4.867025172216116,2.086355346039224,6.993477936308069,2.52912205816356,1.5738048497109483,3.1752897469541432,4.411237408410086,2.4426862616163905,8.089031682950726,1617288
1992,R10PAO,A,Min,3.5061234554613403,1.908628350838667,6.100933492339028,1.9645637474302573,1.4529261273862577,2.9297828517398714,4.390148058566133,2.4506762631088845,7.33827864325596,1617288
1992,R10PAO,E,Max,1.7992007076094894,0.3870441580175254,3.637896280283842,1.3381460532398552,1.0932865189104743,1.8114848704758224,4.390148058566133,2.7539893379718356,7.64423584842952,1617288
1992,R10PAO,E,Median,0.8923245655470929,0.011091499862423426,2.976061866436398,1.2848812854928364,1.0010544780852206,1.7298007347175324,4.461671460116165,2.899670256134482,7.728751946263172,1617288
1992,R10PAO,E,Min,0.9002779414418447,-0.059116198383665,1.8744855532911426,1.2366041593896815,0.9875408879813569,1.669787607027614,4.512105511822243,2.9725107152158046,7.903066398045073,1617288
1992,R10SAS,A,Max,3.5163331411958842,2.8519443807836735,4.647756381306123,1.5284318134790755,1.3191721092873054,1.7150044271453642,8.317547770232178,6.262093167395362,9.827694515209352,32608028
1992,R10SAS,A,Median,2.804361627735683,1.969373557933511,3.9330454651526616,1.3708591181471221,1.24905070574359,1.5385815949606467,8.16995789099181,6.254662026376839,9.394384345986616,32608028
1992,R10SAS,A,Min,2.6521588158548384,1.4936976730098916,3.719107030714078,1.339474836200776,1.1784835021717959,1.5189840562866412,7.943495789224098,6.177187252981967,9.196139956741504,32608028
1992,R10SAS,E,Max,1.6826951833732586,0.7233832570524449,3.3315827387647947,1.2358044598250686,1.0861802468476103,1.438881294708021,8.028219983989379,6.22211279526813,9.215317404933254,32608028
1992,R10SAS,E,Median,1.3785167249278407,0.42212356969624554,2.79061060197849,1.1870651328834056,1.0551239772578191,1.4044887016191776,8.028219983989379,6.2088824981689985,9.269233350497288,32608028
1992,R10SAS,E,Min,1.2742334613036537,0.26264453864306336,2.7279872260703764,1.1674565521298461,1.034719824111868,1.3388816271083557,8.063427724331856,6.219983368290397,9.380434988223108,32608028
1993,R10AFRMEA,A,Max,5.250801337207959,4.4102616063436235,6.386687341320348,1.3684359389222003,1.2883318806893276,1.443516216954111,15.415342246596023,13.097555937437615,17.435431059166728,26767548
1993,R10AFRMEA,A,Median,4.625693165485803,3.8322690007425106,5.4763554769415395,1.3080790810814624,1.2442206046570754,1.3737977565053947,15.422459070321318,13.447852082659391,17.348446184121713,26767548
1993,R10AFRMEA,A,Min,3.7627307946442254,2.9557900680670173,4.558491566857411,1.2474223140260343,1.1966466724122928,1.3116399934237164,15.504178345218588,13.283867273303972,17.358170929941366,26767548
1993,R10AFRMEA,E,Max,3.348159527720112,2.191696565502378,4.222351467734867,1.2072955472841544,1.1395972197228625,1.270989730686327,15.649433470083771,13.35614100360118,17.570893482569737,26767548
1993,R10AFRMEA,E,Median,2.497797822969762,1.5698105189457352,3.474056065356715,1.1500248236544937,1.1083302742929726,1.2169456060271475,15.649433470083771,13.334292222847601,17.572367017598044,26767548
1993,R10AFRMEA,E,Min,2.2360287173610676,1.1222381673378337,3.4407153530554986,1.1418474081450793,1.074124631357851,1.205885194180652,15.712969320051686,13.35528661871941,17.575406183593923,26767548
1993,R10EASPAS,A,Max,4.200563694723764,3.4589874803048026,4.735117886898718,1.8218773129429198,1.6918545955603226,2.0415153061230162,4.994807979933816,4.160780813282394,5.937197419515968,35150912
1993,R10EASPAS,A,Median,3.205670255528185,2.5678515074056465,3.927148896072314,1.7148807063493898,1.5321031219013987,1.798615558369416,4.981403790397796,4.025114018383467,5.748828967102418,35150912
1993,R10EASPAS,A,Min,2.4643083369707606,1.9126875978678788,2.996654106054943,1.5240649074810775,1.3991803720567288,1.6947000017631628,4.582915631192131,3.887981655213241,5.637014128190971,35150912
1993,R10EASPAS,E,Max,1.8547716831069125,0.5707204405712937,2.5761830734491413,1.3846896869860168,1.1044004481209515,1.598145375034824,4.612479190410948,3.888967186759769,5.913547001748476,35150912
1993,R10EASPAS,E,Median,1.3223218766374476,0.16995413180231325,1.8485563402053593,1.2393225806506347,1.039922234946736,1.4598606623837251,4.480767862450085,3.8873647307451225,5.762432290730384,35150912
1993,R10EASPAS,E,Min,1.1861429322048602,0.12028236219818922,1.6942043824606055,1.2283069147826207,1.0229838489932308,1.3846945657265062,4.510331421668901,3.8886238067235244,5.912068850638009,35150912
1993,R10EUR,A,Max,6.457230034251373,5.724778325497839,7.905237852754064,1.784539345368718,1.5428705204822233,2.2776826381538218,8.673314257848148,6.838295940907034,9.310789859578414,7234112
1993,R10EUR,A,Median,5.141283092261077,3.9425346907305006,6.508673763112875,1.5832456741978786,1.4260138082524132,1.9832253295230649,8.67353216803166,6.881406421893662,9.300285239730828,7234112
1993,R10EUR,A,Min,4.342840468606137,2.777108602769057,5.723692151592855,1.5844781185369534,1.2814252968670794,1.7417996645532496,8.623564223726412,6.868613598580789,9.321751012346265,7234112
1993,R10EUR,E,Max,2.5875621721056694,0.9453250134163559,4.655712369206479,1.2908379510558874,1.1060040732819614,1.6696966838096763,8.706414921710742,6.830211232194032,9.807985841055064,7234112
1993,R10EUR,E,Median,2.088111604665457,-0.4449730301833832,3.8742124567260428,1.2745167332144327,0.9442973691185355,1.5323153601857928,8.706414921710742,6.745073480819594,9.892157317703752,7234112
1993,R10EUR,E,Min,1.7147589272840298,-0.6161519826290327,3.6828029934982336,1.1862677580847603,0.9161042322461302,1.4277767375104453,8.707186626115437,6.82970593789947,10.065760988291668,7234112
1993,R10FSU,A,Max,4.819717550087695,3.6584103089772873,5.7326882839712034,1.9462348590911687,1.7114616944306427,2.450379653190568,5.0890277819629235,3.571071969654706,6.261083788807785,4444944
1993,R10FSU,A,Median,4.024603388666372,2.857199979555282,5.012501748155103,1.787989441578712,1.543483692911343,2.095089093627469,5.191184388035537,3.669540667441139,6.6906414870557676,4444944
1993,R10FSU,A,Min,3.0597083354101837,1.76942268614442,3.694459403504686,1.5357070201578922,1.2794822727122868,1.8366837707962855,5.402019510254309,3.984243286190033,6.734496657564566,4444944
1993,R10FSU,E,Max,1.5761511839405369,0.563598327542609,2.326397896590613,1.3027832669191177,1.0952208540216142,1.5128854164616408,5.530019671373067,4.198837061147847,6.769255929622058,4444944
1993,R10FSU,E,Median,1.2237313993980634,0.34293038584213853,2.240896896033944,1.2314896186380269,1.052466266073758,1.4323335295245423,5.530019671373067,4.149150091059301,6.770449683185165,4444944
1993,R10FSU,E,Min,0.7239564090853161,-0.10100669975304655,2.051077375449921,1.1417456458266075,0.9836626858769362,1.352679846512354,5.4810847817899715,4.198736426518617,6.769181320024364,4444944
1993,R10LAM,A,Max,6.845527436113106,5.64892860118773,8.783019137220373,1.499170976182036,1.3871257356593407,1.7364808140238508,13.352037780374438,12.109002008243666,14.820775186005916,11107672
1993,R10LAM,A,Median,6.505182101648694,4.923865637681226,8.01368975403232,1.4956100606345415,1.3308689757068362,1.6483914717734955,13.187302040499254,12.059125231101387,14.817643341105025,11107672
1993,R10LAM,A,Min,5.4820116403676336,3.3970224486704623,6.406775385399625,1.3762640307741165,1.26440525623895,1.5342767618293853,13.174052303609889,12.012886893024245,14.78950146519659,11107672
1993,R10LAM,E,Max,3.4365683464128898,1.8324768891439653,4.674303271391923,1.2391831020399477,1.1389052360910337,1.3722399896159394,13.400455380612712,11.392046128658622,14.870335048235443,11107672
1993,R10LAM,E,Median,2.996000528155058,0.6611787312054921,4.443027499760747,1.2287870484332004,1.0514105648547898,1.3342134949863056,13.267130414395316,11.377689054261879,14.857767224782872,11107672
1993,R10LAM,E,Min,2.2186898367094763,0.5504709700304691,3.5488076142445912,1.1593135065168798,1.0480735104578238,1.243200620236726,13.346958788291378,11.389700826118407,14.862701200113236,11107672
1993,R10NAM,A,Max,7.215037394295092,5.5346226027480165,8.622167378810857,1.6327753726288563,1.3937103501404473,1.8552069706413872,10.03308946897235,8.377693023621962,12.682833403521897,4336068
1993,R10NAM,A,Median,5.945802290213677,3.9025646698145953,7.705005173835789,1.4952171822744589,1.2837029589597444,1.734457287961198,10.73714501849307,8.48189264085203,12.714440761415325,4336068
1993,R10NAM,A,Min,4.322229605724137,2.283248544357327,6.619250614966321,1.3784701034200164,1.1564847245592647,1.5220584214925768,11.115950090354792,8.811645849861602,12.965468026460373,4336068
1993,R10NAM,E,Max,2.4335330037923817,-0.06808763229187983,4.672716020073722,1.263559915219714,0.993582064003255,1.5578976453168634,10.959209759271392,8.480264476237505,13.185332835215206,4336068
1993,R10NAM,E,Median,1.6614324043413848,-0.5678413977992129,4.183049924718592,1.1546463596195788,0.9424165963131084,1.4131725944377984,10.959209759271392,8.449629876796422,13.477876715319468,4336068
1993,R10NAM,E,Min,2.0554488448681525,-0.66845314238223,3.7919443084045525,1.102919460241578,0.9565200806851439,1.4315470921097968,10.954845660896034,8.387686638838355,13.167048842708693,4336068
1993,R10PAO,A,Max,6.390124530387265,3.502712187020038,8.119913265039571,2.9664603124695548,1.9787248090394827,3.6476883364762305,4.480872130942308,2.459542797090268,7.654994371348943,1594052
1993,R10PAO,A,Median,5.101452964389393,2.3886099586959664,7.2829818265189274,2.4873452360195425,1.595817335326011,3.218126702831937,4.41059711368621,2.466068921697854,8.276445170148385,1594052
1993,R10PAO,A,Min,3.667343007396907,2.0406489608776317,5.977096169344703,1.935621868270847,1.4590058705146016,2.9081296333279205,4.480872130942308,2.4678402885189534,7.3785232775147485,1594052
1993,R10PAO,E,Max,1.8360140890723193,0.3451394614616958,3.6781930867125214,1.3133741227955098,1.0937100275045102,1.811778125786776,4.480872130942308,2.810485064747494,8.16034560584574,1594052
1993,R10PAO,E,Median,0.8850128548386818,0.08716119223711816,3.1324269416199915,1.304800922903044,1.022768026017427,1.689328812756735,4.839524519365653,2.9257797287621705,8.186320355121342,1594052
1993,R10PAO,E,Min,0.8542665788842081,-0.06498504839244745,1.974327748482915,1.2408030166427675,0.992231998659988,1.7127011918757782,5.127901890532899,2.983427060769508,8.239893275502272,1594052
1993,R10SAS,A,Max,3.7538313300614297,3.257591728878457,5.017147165484958,1.553076899023053,1.3458808914606768,1.7359948589021712,8.515172894939287,6.441455196286752,10.114438376041669,32785352
1993,R10SAS,A,Median,2.9089467975801986,2.064599572299826,4.136425527195816,1.3951984755782272,1.2523525056719602,1.568687566766318,8.332754686561781,6.438514514050583,9.579696241589772,32785352
1993,R10SAS,A,Min,2.806548414740272,1.615145397561133,3.78990833441087,1.3259604767474844,1.1934879086398797,1.5194718896748651,8.25699244118939,6.305827672922931,9.185959783273994,32785352
1993,R10SAS,E,Max,1.7372410083269059,0.5452232012302637,3.4113454638720624,1.2334550244729239,1.0600658371228333,1.4251272089903153,8.267737272147475,6.425758689367184,9.261356881631793,32785352
1993,R10SAS,E,Median,1.4019280074252993,0.2690528359460409,2.9149069523214663,1.1755593163266436,1.0382481616491817,1.4165962413124862,8.267737272147475,6.3928374142268964,9.362010022578014,32785352
1993,R10SAS,E,Min,1.1478683586383163,0.18983650556069254,2.8155152870565487,1.1575394477520031,1.0272187928516736,1.3385667334933318,8.273883416870142,6.424791330281798,9.56960712577959,32785352
1994,R10AFRMEA,A,Max,5.593063879233039,4.682009806816153,6.670464482941555,1.3820140691145517,1.2870648881349416,1.4679534880482838,15.69934566246764,13.295954523230263,17.744689225290283,27111164
1994,R10AFRMEA,A,Median,4.763477367886768,4.15934853083037,5.564717079155235,1.3131772049123323,1.2567334081211712,1.3840599968685943,15.73487711153255,13.611230652450358,17.640906774955262,27111164
1994,R10AFRMEA,A,Min,3.941294539489429,3.1538016575665138,4.780568935413027,1.256812955195186,1.2061661821028211,1.32462849324201,15.795694728623989,13.456136814369286,17.677847362194434,27111164
1994,R10AFRMEA,E,Max,3.404382314937603,2.2916433769200664,4.311592572595666,1.2110692174029536,1.1393081808128442,1.2804591836273485,15.881700795956334,13.586190954438727,17.960677602162537,27111164
1994,R10AFRMEA,E,Median,2.507409293945564,1.6004626513260871,3.6043891004655815,1.155217225574619,1.115541288983531,1.2183827988671987,15.881700795956334,13.562381384013179,17.98174643565345,27111164
1994,R10AFRMEA,E,Min,2.296895597785314,1.1262703661915978,3.525112782006932,1.140048220597842,1.0751982688441386,1.2164984993908876,15.90688924619724,13.584467426033179,18.025200904728443,27111164
1994,R10EASPAS,A,Max,4.499547275929508,3.615871709215446,4.872391145012308,1.8524471494648178,1.707814414712028,2.0325681833352776,5.140723593473237,4.375676327535247,6.092981454449571,33965576
1994,R10EASPAS,A,Median,3.5720787157310556,2.7982730461344603,4.087732325893082,1.7558722593417413,1.5443968803474268,1.8218720146791467,5.11826248770421,4.22921351909124,5.947622128527085,33965576
1994,R10EASPAS,A,Min,2.693903178238342,1.9445864628340201,3.132454425410494,1.5394038396608272,1.4079829210799184,1.7082366925991066,4.675379014156113,3.980864724736798,5.822789964861668,33965576
1994,R10EASPAS,E,Max,1.8314632235206942,0.7528209776189824,2.6667486373619327,1.3950163882778142,1.1228822620240049,1.595901573335617,4.675379014156113,4.003446461267146,6.055476590939317,33965576
1994,R10EASPAS,E,Median,1.3515798625662432,0.19268461882903573,1.9337588503305914,1.252046933044322,1.0455908261302058,1.4701009328538777,4.627939369491678,3.9987973326007475,5.956414662563988,33965576
1994,R10EASPAS,E,Min,1.2402512526407694,0.2024169547406789,1.708307769769295,1.2327789247685583,1.0462490492379029,1.3677300515887267,4.649566959639896,4.003298494761367,6.053132536969926,33965576
1994,R10EUR,A,Max,6.84202321603499,5.878964585258167,8.241570560156042,1.7996936167896866,1.5744852771856388,2.3369023002851037,8.720338963193413,6.878321828474315,9.389574427083565,7149076
1994,R10EUR,A,Median,5.343738349295691,4.092725215684252,6.560071151715,1.6451753108386515,1.4302561920943542,2.035426164892648,8.780624813245334,6.902426294693449,9.366025348690545,7149076
1994,R10EUR,A,Min,4.611180478098106,2.922730424065763,5.973938024050766,1.602175822397073,1.291728518651049,1.7736823792274123,8.720338963193413,6.894693947287047,9.356479896438671,7149076
1994,R10EUR,E,Max,2.7072687199381247,1.2142703457440471,4.789527792789332,1.3165580398473837,1.1155955889510472,1.6991349385530412,8.844623442704453,6.873955930124252,9.861709752410409,7149076
1994,R10EUR,E,Median,2.3732048034990783,-0.4366549283609742,3.8993944950737927,1.2698417464442167,0.9468772286594511,1.5439370059859452,8.844623442704453,6.800779452833051,9.967183392490707,7149076
1994,R10EUR,E,Min,1.879802910359448,-0.5097462380668016,3.868878826731146,1.2051672310989159,0.9260992619744984,1.4450497605677035,8.869026288133563,6.873683061477373,10.184722775156317,7149076
1994,R10FSU,A,Max,5.100189660368251,3.853813707403672,5.909395026489743,1.980658778843791,1.7701600591727231,2.531380480211289,5.150532765614656,3.6118592734255595,6.251195229319517,4244432
1994,R10FSU,A,Median,4.275422538256298,3.0438318161513203,5.250259506978564,1.8345847059711078,1.5971962625509268,2.141621775008142,5.190244899830793,3.718725707596586,6.695498616693417,4244432
1994,R10FSU,A,Min,3.111474615590626,1.825088294969776,3.851673214158599,1.5719487879326113,1.285694539886645,1.8492266081299933,5.5496213068412565,4.0918773869554865,6.803315714883918,4244432
1994,R10FSU,E,Max,1.7102133122693306,0.6326325057749781,2.387785308204296,1.293614696932826,1.1056030190630894,1.52720964453565,5.650129404086164,4.252885946357554,6.812007627637504,4244432
1994,R10FSU,E,Median,1.3211514644421507,0.33888011729406325,2.330920758024276,1.221548283355844,1.058491106789098,1.4745162579657836,5.650129404086164,4.229829980182357,6.8139786466075325,4244432
1994,R10FSU,E,Min,0.7359069298120877,-0.1181063302478389,2.114184660744917,1.1286563585475633,0.977030131406767,1.3675537492695027,5.623326579969879,4.252835125990303,6.811884438951877,4244432
1994,R10LAM,A,Max,7.1592025149420335,5.827916149696577,8.879323136643968,1.515074993249669,1.4036928601276362,1.7290643004242385,13.786213023771616,12.254950102229337,15.012493512858764,11130956
1994,R10LAM,A,Median,6.790919525676259,5.084950057923564,8.241689533129547,1.5019684698964675,1.3510364717926573,1.6411092347692826,13.752266144156167,12.122367085066552,15.012274490655535,11130956
1994,R10LAM,A,Min,5.73394531823529,3.460965497960393,6.795640070359125,1.3777488343446116,1.2719483350837169,1.5527018092706424,13.640421999505044,12.109740831715868,14.993100734362237,11130956
1994,R10LAM,E,Max,3.401716304046219,1.8745990558403005,4.615173829649473,1.2310982184987869,1.1440540609865437,1.3917307409334005,13.755864701646837,11.755973777932082,15.055730682369424,11130956
1994,R10LAM,E,Median,3.0632882278407374,0.6752900411954443,4.594688826703482,1.2187126049706691,1.0371014048588578,1.344402628476006,13.649020836652742,11.658539210134833,15.026266701027037,11130956
1994,R10LAM,E,Min,2.240335352947735,0.5142669172120087,3.6082312037686997,1.146631652293843,1.0372152876454743,1.2603211069177127,13.752266144156167,11.685380702789221,15.04832612160239,11130956
1994,R10NAM,A,Max,7.417802961146016,5.390511827414458,9.08821975860265,1.62648979238391,1.4164950796149773,1.8523717704915872,10.247984292722343,8.533690883250353,12.82561205025041,4367584
1994,R10NAM,A,Median,6.380753940940684,4.064940891875398,8.098668512233926,1.5169892172900121,1.3007098287928098,1.7373200063177774,10.935016491733842,8.602791033677722,12.914015156903428,4367584
1994,R10NAM,A,Min,4.804396145889221,2.287679791876311,6.939465018955205,1.4091912201198924,1.1586299081719948,1.5672424601496262,11.298620761828682,8.96099423228201,13.247431306104014,4367584
1994,R10NAM,E,Max,2.488115217156832,-0.2601150111364063,4.7669999703720976,1.2429634891314087,0.9784199735660947,1.556855716959277,11.11055555683467,8.588957597005082,13.417603413491058,4367584
1994,R10NAM,E,Median,1.6963148045413154,-0.5967468836077897,4.162671568725105,1.157811792752244,0.9424678102497542,1.408661693025023,11.11055555683467,8.580470804112645,13.727061994365698,4367584
1994,R10NAM,E,Min,1.9674242548367218,-0.6281320312421581,4.009430427560654,1.1010057435651737,0.95263397508548,1.4314146093905118,11.046212186822196,8.5647403222578955,13.398262252186397,4367584
1994,R10PAO,A,Max,6.307963636043738,3.73056017851165,8.42421316386966,2.9862862744784002,2.0402351484885397,3.7604217621905107,4.502455837231519,2.485598507555914,7.7731491803715596,1570816.0000000002
1994,R10PAO,A,Median,5.127551168598977,2.796396838930344,7.383304477507076,2.543326768260549,1.6078596136714445,3.317350406464538,4.4757765304656285,2.4915284624241076,8.462872227815645,1570816.0000000002
1994,R10PAO,A,Min,3.9205354517152315,2.093906421017522,5.926412203759124,1.9680336850384843,1.4520802760456504,2.911763679863195,4.5352715326867195,2.5011844227548696,7.4546945770478725,1570816.0000000002
1994,R10PAO,E,Max,1.8478072072588585,0.3043115155770765,3.717400777568269,1.3277970297442294,1.0943132935189999,1.8242546845012146,4.5352715326867195,2.908239915444606,8.343956916904558,1570816.0000000002
1994,R10PAO,E,Median,1.0710165048401439,0.1608720423929157,2.9802167383723326,1.2693845381213833,1.0296120625013643,1.642236766866774,4.849675110109226,2.9658495728998386,8.367301335392252,1570816.0000000002
1994,R10PAO,E,Min,0.9164985857379744,-0.0480750731199624,2.4490340022796113,1.2464634936524015,0.9795878343552968,1.7549252879108936,5.104583685310642,2.9946544016274546,8.41544919852312,1570816.0000000002
1994,R10SAS,A,Max,4.181021152874505,3.3913475062736387,5.3804535609522555,1.5712341983822764,1.3645575691292602,1.7876002273622746,8.766453870083925,6.520200506586056,10.37854687674304,32962676
1994,R10SAS,A,Median,3.310863599271146,2.20419440243519,4.464763685295058,1.4199118369299348,1.2700991372243702,1.6109201698430227,8.773039780237877,6.519970261110522,9.740620940882557,32962676
1994,R10SAS,A,Min,2.906998302808662,1.7192404340046183,4.04599076080248,1.3448645494700442,1.2134490596186946,1.5485917477205486,8.413188959627133,6.440721775837497,9.245863261463155,32962676
1994,R10SAS,E,Max,1.8468112608379204,0.4912546850894066,3.484304969908544,1.2358854422627874,1.0619162632224917,1.4275266425193296,8.471401640941984,6.518972530716544,9.334555422762747,32962676
1994,R10SAS,E,Median,1.4076144232947319,0.3110010860256029,3.0523082819792,1.1774518808688812,1.0263094218062974,1.4137136688178251,8.471401640941984,6.51282697432588,9.453161647395905,32962676
1994,R10SAS,E,Min,1.1722731510526856,-0.003128406324111488,2.7499930582015875,1.1838221205947859,0.9994629190495965,1.332796406465225,8.516870106081104,6.5188957822247,9.697786985701791,32962676
1995,R10AFRMEA,A,Max,5.8832009855653835,4.992551040843328,7.0365887206835485,1.3945115823144483,1.3025785817101683,1.4855598473905491,15.87599139350559,13.515728485268298,18.030019452569107,27454780
1995,R10AFRMEA,A,Median,5.062932395647234,4.3896911392011875,5.844864979295165,1.3295137819861054,1.2712560590975936,1.4025877334645487,15.889890151034678,13.776963900897258,17.934336964903657,27454780
1995,R10AFRMEA,A,Min,4.106342373526676,3.3217476380940303,4.934723258437965,1.267315945162197,1.2122301475313642,1.3382298747636552,16.08232074227371,13.629522287760592,17.959986502978175,27454780
1995,R10AFRMEA,E,Max,3.4055186816996557,2.287501844551407,4.376619025334019,1.20562601022865,1.1500234154523672,1.2903354633080237,16.279331458657424,13.98970188040393,18.341155465620563,27454780
1995,R10AFRMEA,E,Median,2.526316431813447,1.5892913538341904,3.746088777324933,1.1574853723120775,1.1166960783022284,1.2273719925895,16.279331458657424,13.884824675778628,18.38329930557393,27454780
1995,R10AFRMEA,E,Min,2.308042153539809,1.1313795051807993,3.6191835415604388,1.1390396274383525,1.080302100622394,1.2229994022946273,16.2839115838021,13.989085678809486,18.47022097547776,27454780
1995,R10EASPAS,A,Max,4.745515595874009,3.75258035916825,5.215498795202937,1.9110628877402127,1.718516236010587,2.0835807693282895,5.199766103610558,4.601988773940585,6.237229531259901,32780240
1995,R10EASPAS,A,Median,3.8926667881217583,2.9610821436172783,4.316280044729895,1.7572368592343655,1.5510748202027713,1.8500018403152585,5.178420604083441,4.435195496758983,6.145591526478325,32780240
1995,R10EASPAS,A,Min,2.9118212537845416,1.9863576839606278,3.4180266294180317,1.5548831776466672,1.410544450211694,1.717686786664113,4.874368060255328,4.044342963496411,6.060801569232501,32780240
1995,R10EASPAS,E,Max,1.8437077141371665,0.9114738751421526,2.773761498167959,1.4040476959978685,1.140399839147524,1.5852037074979193,4.874368060255328,4.095986621887109,6.197194715238508,32780240
1995,R10EASPAS,E,Median,1.4028349491240288,0.2770265077443799,2.0458066703679374,1.2647871365400714,1.0591497524651075,1.4569983768706134,4.801032088140781,4.081278751421868,6.149683277541563,32780240
1995,R10EASPAS,E,Min,1.2181752910249397,0.2776745283189852,1.7318202099911857,1.2556066883587609,1.0730361732469547,1.3587456261722095,4.85545826883244,4.095502717181234,6.194692539237171,32780240
1995,R10EUR,A,Max,7.377448854278467,6.231176025984531,8.650856691204488,1.8213997992915605,1.6089813300224214,2.40320174781147,8.781382155580463,6.9048889919120775,9.593102470433996,7064040
1995,R10EUR,A,Median,5.492084395333883,4.4735272030803666,6.728929253829938,1.6924519999564729,1.435640503363393,2.0658420680085348,8.850590495046651,6.918317908000143,9.56799506214525,7064040
1995,R10EUR,A,Min,4.908754663130555,3.1525169911963404,6.168100731212602,1.6269034448830508,1.3046009620486578,1.7697010638191935,8.781382155580463,6.91415156230055,9.464553960240679,7064040
1995,R10EUR,E,Max,2.755899202621635,1.1400138372332629,4.911399224555156,1.3454400457249107,1.1238809347122412,1.7217403696265736,9.001352870307137,6.902418973141819,9.995098592975413,7064040
1995,R10EUR,E,Median,2.4560511457229497,-0.48988606415259095,4.0213491991397525,1.264643158646742,0.9494018549297285,1.5678997478698964,9.001352870307137,6.8461323246126815,10.101523696209565,7064040
1995,R10EUR,E,Min,1.8196706359843855,-0.4363724199766299,3.950929314155057,1.200265837774044,0.9346943493495056,1.4565791857153838,9.029180927160395,6.902264596968677,10.321025471629996,7064040
1995,R10FSU,A,Max,5.419887135700944,4.179773047337627,6.183911229082675,2.01726766926086,1.8227273669883426,2.5569815409649688,5.122317124769793,3.6183110853687737,6.2457386194051665,4043920
1995,R10FSU,A,Median,4.586009401529846,3.1835758545625947,5.572734876004431,1.8898331380286255,1.6421498467396278,2.233440787660554,5.311864062145272,3.770863205411716,6.687194506505316,4043920
1995,R10FSU,A,Min,3.2797200992410813,1.9810332633343688,4.08019307630522,1.5875972321267184,1.3058441071613103,1.8582262155288463,5.694060703713493,4.042723919383018,6.860279594449471,4043920
1995,R10FSU,E,Max,1.8052954716221683,0.6988812925600884,2.427595123912822,1.2911220766183096,1.0992812481398073,1.5301985385522507,5.784417485282564,4.328584727019168,6.891316496637723,4043920
1995,R10FSU,E,Median,1.4035796205420046,0.4177245505050692,2.302736580655163,1.2163124131548368,1.0624105214291435,1.5060963630985063,5.784417485282564,4.308301276366722,6.897075236685303,4043920
1995,R10FSU,E,Min,0.7692378514720488,-0.16473265932209902,2.142402175703042,1.1093256401522984,0.9742353433740851,1.3830194462992134,5.776527570584355,4.328425079785247,6.890956575384749,4043920
1995,R10LAM,A,Max,7.7062842488038585,6.03715461044483,9.187203406900451,1.5513341902463873,1.4133848846366868,1.7148950011002193,13.981669324162578,12.419698639715048,15.18913827612069,11154240
1995,R10LAM,A,Median,7.169662856573003,5.098420678088951,8.3559142890008,1.5248817903610454,1.366709291879791,1.6557004414425507,13.918023752878396,12.200938737879799,15.177057672857908,11154240
1995,R10LAM,A,Min,5.701386073853443,3.602567137126654,7.076162242099917,1.3993528429746414,1.2847035680005026,1.569212771157337,13.78880001944305,12.182340115246499,15.106167904833946,11154240
1995,R10LAM,E,Max,3.3561912711276856,1.7431590621617334,4.57375979017698,1.2269363147673156,1.1372276141630027,1.3899431677958212,13.932267806782889,11.980515502825183,15.431810834123597,11154240
1995,R10LAM,E,Median,2.952349903071826,0.4974499147027649,4.65221210935378,1.2178958527709192,1.0270265286218343,1.3662158872779264,13.839062192653255,11.819957586069453,15.358282118802041,11154240
1995,R10LAM,E,Min,2.2140060989054255,0.5323836245713416,3.65161260437824,1.1341369891015307,1.035882730504109,1.278571491003222,13.918023752878396,11.866987551867071,15.428663755513513,11154240
1995,R10NAM,A,Max,7.93892189851553,5.613236321094293,9.705060427409009,1.6353609132917157,1.4342732396949862,1.8511809243375703,10.358567646477317,8.763218351244898,12.91051286378101,4399100
1995,R10NAM,A,Median,6.886402062350946,4.238068434614921,8.470648871235902,1.5397791612098144,1.3195398909836347,1.7608009550914563,11.091376647185157,8.912947756530217,13.145703374116458,4399100
1995,R10NAM,A,Min,5.279047621477914,2.5499761530089398,7.239551833655179,1.4155598744546098,1.1766409287969164,1.5733732100955784,11.469880366804635,9.121811457978566,13.600776971213946,4399100
1995,R10NAM,E,Max,2.5153112896492953,-0.056747081233784046,4.993903847621687,1.2439748245782878,0.9962709832087064,1.5629828884595622,11.230998695889522,8.749124403948686,13.730427621859127,4399100
1995,R10NAM,E,Median,1.7556425310186956,-0.7001000177603023,4.263190771322642,1.159318897180884,0.9290787389856431,1.4069475748435993,11.230998695889522,8.74472361309755,14.026178363460158,4399100
1995,R10NAM,E,Min,1.9590535475585078,-0.6084851945820446,3.9448422120661117,1.0942764629226618,0.9632620302082359,1.4292879405761192,11.153273997708178,8.736709714658408,13.711943200509065,4399100
1995,R10PAO,A,Max,6.240301787814185,4.425656673140425,8.65216292294618,3.073512331189359,1.9964323829468298,3.8599175093809777,4.518641173047833,2.511633945812828,7.8956141667550845,1547580
1995,R10PAO,A,Median,5.164772102649641,2.969899615549288,7.611133828155445,2.5549010825636294,1.6242581658504136,3.242308069074248,4.627497028339797,2.5201849445870783,8.61668488322488,1547580
1995,R10PAO,A,Min,4.124210050445299,2.16859446110931,5.9642907791384445,2.0450128815739257,1.4673695761357495,2.911584764674359,4.632523578694499,2.544194986042285,7.532399662012784,1547580
1995,R10PAO,E,Max,1.8432464662299455,0.2798132460041133,3.7552705295992395,1.3515240714732766,1.1065660049050796,1.8362090728521177,4.632523578694499,2.99975016194355,8.321081693933685,1547580
1995,R10PAO,E,Median,1.0221046243345593,0.20301308422128528,3.041611499992338,1.2441640123108728,1.0417393266047124,1.6330098535168922,4.840404852168607,3.00401394914478,8.41110720139213,1547580
1995,R10PAO,E,Min,0.8381103827591851,-0.049281045389734324,2.5935056314944522,1.1870256429643062,0.9826329301207918,1.7984297863365954,5.043259575288014,3.0061458427453953,8.432004808348056,1547580
1995,R10SAS,A,Max,4.544591422222928,3.6488131242514332,5.659371422762717,1.5990709614782639,1.3661275974528968,1.856740728397913,8.976263641176494,6.537369808568039,10.684873341253581,33140000.000000004
1995,R10SAS,A,Median,3.6688374355818105,2.391491047664542,4.80093224800391,1.4317818710625605,1.2803225801268052,1.6356221645282392,8.79200292052045,6.531931734485034,9.829727909430218,33140000.000000004
1995,R10SAS,A,Min,3.136347129151603,1.786189032467844,4.338796233833747,1.3606783990735476,1.2249965083692322,1.5781605337941607,8.590303651518523,6.407082785385584,9.376196884861745,33140000.000000004
1995,R10SAS,E,Max,1.9302836490109812,0.5611893868916091,3.417108342707153,1.2356193658928518,1.0726489159597854,1.4302617615818027,8.781667404565773,6.601022265545864,9.72354306259018,33140000.000000004
1995,R10SAS,E,Median,1.4541713718543834,0.2583565578738215,3.1265076227543123,1.1785060824882327,1.026848243144133,1.3973579558100704,8.781667404565773,6.569260315597759,9.728976157587802,33140000.000000004
1995,R10SAS,E,Min,1.3663193496294657,-0.1273449889285967,2.970629685193316,1.1690669529595612,0.9842733328785688,1.3467782024174213,8.79200292052045,6.600145488515709,9.740181916020394,33140000.000000004
1996,R10AFRMEA,A,Max,6.172306288880356,5.304175744580453,7.411953326406287,1.4075027755106688,1.3210890882963615,1.5015589282852262,16.089836779492433,13.693367075468753,18.340231007753776,27926092
1996,R10AFRMEA,A,Median,5.346721176722863,4.626199515165297,6.067338460325383,1.3450053479354342,1.28482557584203,1.4188473306720508,16.174236762941742,13.85123027306799,18.14015910761185,27926092
1996,R10AFRMEA,A,Min,4.331144936615749,3.511826125798033,5.163879615752627,1.2726818011185421,1.2179872438014796,1.3498182746144138,16.388214836074503,13.718483408771595,18.20660323071441,27926092
1996,R10AFRMEA,E,Max,3.446999237040102,2.4396998253735083,4.413745448263799,1.206052768661372,1.1520183975014546,1.3003437455010696,16.629930302217588,14.270723654455088,18.61403865771393,27926092
1996,R10AFRMEA,E,Median,2.553243003196341,1.5907408072567475,3.8969714608229524,1.1585625307911596,1.1185998632544432,1.2350955425522328,16.629930302217588,14.091245299702365,18.666285854456277,27926092
1996,R10AFRMEA,E,Min,2.3727091027249774,1.2862420275720279,3.6609623310684363,1.1393154400959185,1.0810359419309663,1.2141110016675518,16.657667695227914,14.270102326335714,18.774045697737364,27926092
1996,R10EASPAS,A,Max,5.056931477175626,3.945141473363006,5.618441793958695,1.9224103206525995,1.7329936761529445,2.0880582557775367,5.279529917206702,4.6914189481276,6.355982669097672,31812092
1996,R10EASPAS,A,Median,4.1546506981145015,3.2050736971815246,4.609393229653069,1.7914318465424937,1.577081114015692,1.8799032680455985,5.225733639651243,4.5846276635506245,6.294030070910894,31812092
1996,R10EASPAS,A,Min,3.065345763747609,2.0557992427814566,3.5577039209230454,1.5775705467357888,1.4374518936828582,1.7283138974422803,5.136979363815015,4.111395232960152,6.244822241744723,31812092
1996,R10EASPAS,E,Max,1.8917577448146727,1.0042339658401453,2.794276621601287,1.3926675787026386,1.1575016190517962,1.5839674173042115,5.136979363815015,4.197666818146641,6.309196080442859,31812092
1996,R10EASPAS,E,Median,1.3577531088996468,0.29011799708341474,2.150432014050788,1.2721235001623907,1.0729860247410803,1.4725754441124872,5.015104098639622,4.169899763922834,6.295050224889314,31812092
1996,R10EASPAS,E,Min,1.1902381816897396,0.3532293575183951,1.7577995356840952,1.2424488375965643,1.0828385476186213,1.358251981522433,5.132850971615138,4.196844355782816,6.306271918651933,31812092
1996,R10EUR,A,Max,7.794664717672885,6.623855872215827,9.120595176331193,1.8434760549088247,1.6598613779877325,2.482441289894938,8.870314974040522,6.715888902067963,9.768615324248675,6993140
1996,R10EUR,A,Median,5.903009462024812,4.941511636800265,7.225680177256029,1.7041017041804838,1.4558144767624899,2.0993201846739202,8.920712611319894,6.764407329711351,9.810999569476362,6993140
1996,R10EUR,A,Min,5.059787719846536,3.3236956482528135,6.375959381538353,1.642386836994267,1.3189528054985482,1.7874476802418697,8.918663665933678,6.809785343603984,9.706106944338579,6993140
1996,R10EUR,E,Max,2.8293671295154095,1.138789292480268,4.949185341400916,1.3805194774563647,1.1094698463378467,1.7411271401974662,9.092999096398632,6.787961136028794,10.137118547586722,6993140
1996,R10EUR,E,Median,2.5824722878760533,-0.47859132753401656,4.453265602410308,1.2781954463568639,0.947950711190441,1.5796374600476417,9.092999096398632,6.7686930046062885,10.19879782304671,6993140
1996,R10EUR,E,Min,1.8403913646874788,-0.5145868940385299,4.218399327533585,1.1793842528158032,0.9489545833067975,1.4641787250919864,9.099060688152763,6.787501489299162,10.326011328682931,6993140
1996,R10FSU,A,Max,5.702170955656568,4.435546142670869,6.526499035663219,2.077322349825285,1.8584748176012043,2.5969949498713056,5.124512180671037,3.6515569310598552,6.257255203905832,3890444
1996,R10FSU,A,Median,4.709260099649171,3.2637149189961763,5.836432482345202,1.8981907475985604,1.672343743717256,2.2795650423003595,5.3706628952339255,3.776029919944578,6.660055792593493,3890444
1996,R10FSU,A,Min,3.420098960344717,1.9501452071796446,4.351497014708678,1.624694045183578,1.3166382397622043,1.87067054261864,5.726964418009048,4.056443875454496,6.82625729968534,3890444
1996,R10FSU,E,Max,1.8348531128168644,0.7412649923668472,2.492756366478479,1.298904950592215,1.0926199855476095,1.564633352169884,5.868326862862075,4.369893000065762,6.917265854830931,3890444
1996,R10FSU,E,Median,1.426254801725186,0.3315248274769372,2.4062456229803377,1.2178407018107456,1.0556743339301153,1.5112964739439438,5.868326862862075,4.3355373368498435,6.91890160747808,3890444
1996,R10FSU,E,Min,0.8679008463265259,-0.1274866061338944,2.180222149825248,1.116972106304221,0.9736181805884148,1.3792914901663815,5.839069554722305,4.36971682668252,6.917163620290484,3890444
1996,R10LAM,A,Max,8.164068282135279,6.245160729944898,9.611448596182038,1.5807282991748284,1.4339264380984797,1.7214519877399348,14.149680168822249,12.56726186556159,15.401079936035881,11159740
1996,R10LAM,A,Median,7.6377951530853885,5.229179999120333,8.571198347500529,1.5268877264253686,1.403701146144335,1.6685552814291809,14.082851157786074,12.328977281629928,15.385428385387872,11159740
1996,R10LAM,A,Min,5.867614083838183,3.85513600459237,7.168347714633764,1.4068680464764134,1.2922483910189038,1.570219927796919,13.983244283924634,12.287304763004427,15.29471646740981,11159740
1996,R10LAM,E,Max,3.3381944777367947,1.7004076074731214,4.753030571659296,1.218184078469518,1.121088034571937,1.3989635428198934,14.11055163970278,12.000914029016092,15.750256729971715,11159740
1996,R10LAM,E,Median,3.0921434340013807,0.3795397661581906,4.794959074731709,1.2167955255214213,1.025662045122695,1.3718485696378746,13.983244283924634,11.942173468841386,15.63317322854332,11159740
1996,R10LAM,E,Min,2.1808927390488506,0.5461556860229351,3.7530269482916054,1.141786425383581,1.0265898404626788,1.270046520881696,14.082851157786074,11.946740677494669,15.749500626632624,11159740
1996,R10NAM,A,Max,8.508496572269564,5.800335906943785,10.190066190854461,1.6285210601732842,1.4644967945086298,1.8600281102664726,10.489059674802716,8.962351816684986,13.097466621904964,4374576
1996,R10NAM,A,Median,7.248159277876756,4.288675911184228,8.976048424178938,1.5503066246662136,1.33971176340725,1.76140148136475,11.205064177487142,9.054652775468751,13.570451059638,4374576
1996,R10NAM,A,Min,5.565182918504735,2.6209292850982306,7.618524248262575,1.4025897574396513,1.1870399885550855,1.581907972048447,11.673899470898911,9.243275786891301,13.964277984625163,4374576
1996,R10NAM,E,Max,2.6534666816937347,0.13542763195956742,4.971595141585196,1.240833553255695,1.0109416163580538,1.5703531102220751,11.442668310904459,8.903878429910662,14.044411645277462,4374576
1996,R10NAM,E,Median,1.9049438728051844,-0.7614256177743282,4.3931533060840335,1.1766054956200787,0.9351583566114672,1.4277023375854314,11.442668310904459,8.872026384246643,14.28514003031625,4374576
1996,R10NAM,E,Min,1.9797357005750804,-0.7027364769120368,4.0742386134277275,1.1019191746734782,0.9643434364250963,1.4299627942428692,11.434905533369667,8.903432745073157,14.02936612121254,4374576
1996,R10PAO,A,Max,6.90526957722448,4.757541118112131,8.92132973864402,3.1669821461614442,1.9473358532393816,3.8580901097291083,4.543688420863157,2.4834803234165688,7.982997001531379,1538916
1996,R10PAO,A,Median,5.706322820745328,3.238896233995927,7.954662445049011,2.556259512281395,1.6686684590234655,3.3728636128957374,4.6878846532696645,2.5163547085912543,8.588707131436268,1538916
1996,R10PAO,A,Min,4.013487321441618,2.2011827354313818,6.464967427251873,2.095073066678161,1.5005994636415336,2.858727299966569,4.729836746572861,2.5690619035079463,7.598294931321753,1538916
1996,R10PAO,E,Max,1.9145127565556563,0.307476998918707,3.8468045817745358,1.348764773495119,1.1157170509262355,1.843992869616306,4.729836746572861,3.0491714213243686,8.325583759365353,1538916
1996,R10PAO,E,Median,0.9481851546832576,0.16684609747367832,3.1647731554674796,1.2443050202798895,1.0515320798016337,1.6550739993545514,4.8960751120944925,3.131720392764933,8.408992585142578,1538916
1996,R10PAO,E,Min,0.9320924372896006,-0.16166988100118118,2.527124232328731,1.1849835242844526,0.975711361392068,1.743714730671282,5.020361384312927,3.172994878485215,8.439439895192606,1538916
1996,R10SAS,A,Max,4.780137596658502,3.9623709644756495,6.084817455361389,1.6295694352336283,1.3769492678151547,1.9112408737681545,9.062857165762178,6.548106383587258,10.895133938713737,33306408
1996,R10SAS,A,Median,3.948892206508085,2.6757897869609653,5.149623026816269,1.439666410568426,1.2876126701615367,1.688002504856322,8.944781668704094,6.540065027753462,10.183272032039547,33306408
1996,R10SAS,A,Min,3.3632192303499853,1.9834783554481852,4.474595008084073,1.3754356863357935,1.2396866762547174,1.5993643986075112,8.720382054745375,6.469179129414883,9.558885151159979,33306408
1996,R10SAS,E,Max,1.9450283050915127,0.537832170679898,3.3781502675312463,1.2230208259215627,1.0627121032711508,1.4316779032776676,8.873516113554702,6.7641454524665745,9.821265227373093,33306408
1996,R10SAS,E,Median,1.537934773650301,0.11981401368102926,3.307832693829186,1.1894820819755645,1.0178482783111669,1.3850225371080487,8.873516113554702,6.677771651029325,9.928253202769532,33306408
1996,R10SAS,E,Min,1.3373818806174809,-0.10746220714583377,2.870579942416663,1.1859135817553035,0.9836667786267602,1.3970711271611445,8.944781668704094,6.764080417693621,10.148915902024685,33306408
1997,R10AFRMEA,A,Max,6.399342845886304,5.6104675705224425,7.771182136058002,1.4220242447083518,1.3458507048790758,1.5201082095391116,16.30360703264448,13.827491091705564,18.56861863387129,28397404
1997,R10AFRMEA,A,Median,5.596702428362891,4.890945705523116,6.334638765406973,1.3518735023140165,1.28959759371937,1.4322819958418425,16.47282747292602,14.000374548293745,18.389200569238437,28397404
1997,R10AFRMEA,A,Min,4.568854252440893,3.6637161973277204,5.36762275730381,1.2805708634417197,1.235105039147017,1.364462497159359,16.674938567130475,13.857698700947203,18.44082207737494,28397404
1997,R10AFRMEA,E,Max,3.5116730619845473,2.598403981575867,4.580159669452604,1.2187748538262677,1.1557082609507903,1.3073249201223816,16.73316582744053,14.583551353113496,18.87108009182885,28397404
1997,R10AFRMEA,E,Median,2.6528468740246662,1.6230347947292598,4.014508802741075,1.166431191578952,1.1216901542548101,1.2462272276073603,16.73316582744053,14.347295144597474,18.948869978022447,28397404
1997,R10AFRMEA,E,Min,2.4409535729580547,1.2610998155656308,3.7199987800196794,1.1401278889300819,1.0861408128214605,1.221639208990123,16.76392058558753,14.582736284650487,19.109311618296733,28397404
1997,R10EASPAS,A,Max,5.463970956741658,4.273896035007801,5.806620248198527,1.9297942770735217,1.7500270173108126,2.1156052693838525,5.441862550568032,4.7705651458287806,6.429437135026941,30843943.999999996
1997,R10EASPAS,A,Median,4.320320264261381,3.4056089935675686,4.744204424764499,1.792234158361537,1.6026329356767377,1.9172760534768734,5.433294410628509,4.681880224315761,6.418948932326591,30843943.999999996
1997,R10EASPAS,A,Min,3.1489061916535435,2.1384050051320864,3.750644918041628,1.5936516322733993,1.461441717292947,1.7159166437627782,5.275722677721678,4.233558626976615,6.400576280344419,30843943.999999996
1997,R10EASPAS,E,Max,1.8829671494518414,1.0708379750287194,2.9000086244304146,1.3917918660118982,1.161078003468768,1.5823073194107409,5.275722677721678,4.302364119301075,6.442918792750049,30843943.999999996
1997,R10EASPAS,E,Median,1.3852270862538596,0.36920110468933104,2.3121776751485728,1.2849417201758122,1.0538167434092887,1.4789092747148402,5.200363071581336,4.284290150484594,6.420904594516239,30843943.999999996
1997,R10EASPAS,E,Min,1.2237922457143044,0.3751513104165536,1.8200375051048168,1.215808444924224,1.0886931507680113,1.3644749335610975,5.265365790700741,4.301170016595847,6.442416878602361,30843943.999999996
1997,R10EUR,A,Max,8.319135673962341,7.362945937995887,9.768429203823374,1.857785249387656,1.7111262242325642,2.580724306649384,8.844114967538676,6.761055578920756,9.94344142998814,6922240
1997,R10EUR,A,Median,6.2157025449895364,5.362973372026677,7.853562823062385,1.7215099974424368,1.4979836964011057,2.136810893338433,9.050348186056404,6.832097234636476,10.05779805656946,6922240
1997,R10EUR,A,Min,5.151423419809811,3.4168388098503715,6.678425504643666,1.633197355217316,1.331173023896219,1.812950406795982,9.09289460397288,6.908069110269245,9.976501066487586,6922240
1997,R10EUR,E,Max,2.853991192151243,1.0310913415660867,5.181125588852925,1.3872155424333599,1.1072475026614386,1.7677672782753313,9.191951717803981,6.913043102942975,10.39495502111287,6922240
1997,R10EUR,E,Median,2.5838684293173455,-0.459053051879646,4.611649299149515,1.2881467486561244,0.949411139148373,1.588267340459539,9.191951717803981,6.876271644573407,10.432909315518593,6922240
1997,R10EUR,E,Min,1.9308636088422535,-0.5724964234139502,4.4313474989619595,1.1940192779737255,0.9409678183889549,1.4831370430926538,9.22341814834781,6.912773801566338,10.511190047730395,6922240
1997,R10FSU,A,Max,6.006393786842852,4.713194247570604,6.819947192026364,2.1333995960198062,1.9161920008812812,2.640745273461847,5.087713915146237,3.63391906845081,6.277985951509892,3736968
1997,R10FSU,A,Median,5.014663392355031,3.4029075865403566,6.09629717823024,1.9084971317210533,1.7017939229529695,2.3126932080629627,5.374387860256593,3.858653192920362,6.671622440711834,3736968
1997,R10FSU,A,Min,3.58268143610037,1.9013134436900874,4.626061025715305,1.6687839928259658,1.33036970847387,1.8970207018249114,5.7643917408503675,4.067123084489621,6.853750137246523,3736968
1997,R10FSU,E,Max,1.8591725292693195,0.7674997131674147,2.598194955433086,1.3233383374776997,1.1131567372174125,1.6044943577020263,5.952607518958276,4.263520267016906,6.916804785443196,3736968
1997,R10FSU,E,Median,1.467242204273071,0.31187144538835154,2.4510919269474267,1.2386004281826142,1.058999010526413,1.5088441089079356,5.952607518958276,4.2379203079567045,6.920354290174168,3736968
1997,R10FSU,E,Min,0.8050103600176435,-0.12754193659801683,2.2122203693683025,1.130384772694708,0.974068466711596,1.4004202240071533,5.903965174764489,4.263078262882529,6.91658294139751,3736968
1997,R10LAM,A,Max,8.563673315088304,6.74169834320117,9.976493288662732,1.5955883172003338,1.4482290989571094,1.7368225295527076,14.33506426373794,12.769025306722847,15.852733396884307,11165240
1997,R10LAM,A,Median,7.939096970562311,5.426034210398718,9.039085939799591,1.5143660799731493,1.421922542973224,1.6729251211791292,14.149361184383036,12.603734016661832,15.852182620543765,11165240
1997,R10LAM,A,Min,5.972968435846201,4.024955490296032,7.442519964481502,1.4126542813339968,1.307218558369045,1.580710026968402,14.079772348016116,12.513386486037085,15.752868006837733,11165240
1997,R10LAM,E,Max,3.3698137714109357,1.4737740073059862,4.954602451359143,1.2140398589335308,1.1092696953947432,1.410203422549684,14.23042240481957,12.123640721647234,15.9037458183797,11165240
1997,R10LAM,E,Median,3.1299537090521605,0.558116894333704,4.972146464666561,1.2128350051088659,1.0346282777676354,1.3644083551418111,14.080585878844115,12.068573966400265,15.873534327457389,11165240
1997,R10LAM,E,Min,2.3811357117406047,0.30630447733618915,3.9251021101409567,1.1542354364410485,1.0200107028562222,1.2808081002485243,14.149361184383036,12.09371644954654,15.902151909651156,11165240
1997,R10NAM,A,Max,9.082462227199596,6.275397969695863,10.542066840185074,1.6507860529804401,1.4959433274926548,1.8829487313328561,10.625736593685641,9.183896487588864,13.349847376795928,4350052
1997,R10NAM,A,Median,7.639876620006888,4.7504143539518005,9.177590899325288,1.541912255616352,1.3664192355051963,1.756009465953553,11.374982852669403,9.211556857522364,13.985500960003783,4350052
1997,R10NAM,A,Min,5.741582587138956,2.7545197427006616,7.903106482608344,1.3978258864368955,1.1907788251568359,1.6175205476451835,11.988308617216243,9.342337011880577,14.327192940884608,4350052
1997,R10NAM,E,Max,2.783863401926111,0.27811348871900654,5.057175642148029,1.247550265145295,1.0255717509196753,1.5797003164304397,11.512694418854743,8.96413158995066,14.35571650688669,4350052
1997,R10NAM,E,Median,2.094772571322086,-0.6949730400660605,4.394010111176813,1.188273545908304,0.9441714910333405,1.4189006392332753,11.512694418854743,8.958227113266357,14.526238431600909,4350052
1997,R10NAM,E,Min,1.9886090402150103,-0.6500531856666854,4.104561252016751,1.1046886581194337,0.9632422324623191,1.4297407065075816,11.466782058102845,8.961963126295087,14.345058886592053,4350052
1997,R10PAO,A,Max,7.191956881801013,4.871016316551364,9.586050429709854,3.1270744063443967,1.9850627013308069,3.8094357164772417,4.558424027498927,2.4892306957882293,8.117316663541981,1530251.9999999998
1997,R10PAO,A,Median,6.1428601344737945,3.293003321766519,8.06893637906944,2.5666648867541406,1.6887731335328948,3.458451577058929,4.721224022915121,2.5150198239932116,8.634383337534826,1530251.9999999998
1997,R10PAO,A,Min,4.061643034092329,2.2591627757929196,7.012603709144143,2.138699693189606,1.4912731888759407,2.8545817077576925,4.778688363810765,2.6057748599272728,8.059744278467061,1530251.9999999998
1997,R10PAO,E,Max,1.9883466270907966,0.31306987985928386,3.893725966039849,1.3408643096942736,1.10334724703878,1.8464149510939174,4.778688363810765,3.1391182050761897,8.323485800206551,1530251.9999999998
1997,R10PAO,E,Median,0.9172991392894143,0.16887334961465403,3.3588442302216976,1.2284996401921746,1.056776106064965,1.6822063930915025,4.868070949833472,3.147745275070727,8.42356805132139,1530251.9999999998
1997,R10PAO,E,Min,1.0221705712327989,-0.15379559006883525,2.4719200111400843,1.2016273022373363,0.9612693299880386,1.7399410011777179,4.899989194960532,3.152058810067995,8.413419050241641,1530251.9999999998
1997,R10SAS,A,Max,5.093589915891895,3.9911658242301593,6.449585853727967,1.6692490322979041,1.3913179394702913,1.9095953525463407,9.082968740689722,6.612140704778449,11.015015181657523,33472816
1997,R10SAS,A,Median,4.280030288923413,2.9046796698081963,5.408422433914556,1.4745766917149274,1.293766922283887,1.7247972385667691,9.058177228198314,6.604299508708864,10.512501218002946,33472816
1997,R10SAS,A,Min,3.4972241810804854,2.113567982503227,4.766873888408295,1.387654898408983,1.2518859819272963,1.6123222799494683,8.81007567079055,6.4604106153953245,9.8200332713464,33472816
1997,R10SAS,E,Max,1.8446453583767926,0.6068732976545382,3.3221160302867054,1.2237183218993217,1.0723913124429327,1.4382416441223296,8.945599749942112,6.829828464905397,10.02952375655584,33472816
1997,R10SAS,E,Median,1.6598465398645068,0.2069601861782833,3.429624744310682,1.2047828034245165,1.0242427191415338,1.3874254637966337,8.945599749942112,6.742827305938187,10.159410460301718,33472816
1997,R10SAS,E,Min,1.4645734179610832,-0.08879485270079357,2.95691507929435,1.1946354053991632,0.9922563708453256,1.373704940633938,9.058177228198314,6.829080462703615,10.427301786777585,33472816
1998,R10AFRMEA,A,Max,6.682861954169031,6.099828627148961,8.334437240933378,1.4419279445178796,1.3621249605983206,1.5479739836778426,16.647825156158387,14.030368749157374,18.887367756274074,28868716
1998,R10AFRMEA,A,Median,5.976526274267801,5.1896876766712,6.715136791216573,1.3714876564847593,1.3108795598247542,1.4534668752285151,16.9523310792077,14.249410804068914,18.65926506691295,28868716
1998,R10AFRMEA,A,Min,4.9268011005446155,3.8756080932978603,5.707587982204306,1.2950625744647986,1.2504995629733113,1.3824947086352064,16.955815607506096,14.096763578098647,18.700693315303866,28868716
1998,R10AFRMEA,E,Max,3.6534723624789276,2.7733383149682767,4.703584008344428,1.2262094876732248,1.1542949882369091,1.308272858574906,16.955815607506096,14.929115203139931,19.217765695719425,28868716
1998,R10AFRMEA,E,Median,2.8244913991454723,1.679731440886691,4.193851719226574,1.1676975562568983,1.120856947904126,1.2571075249872223,16.955815607506096,14.66215023463704,19.316173226324864,28868716
1998,R10AFRMEA,E,Min,2.5665309751457706,1.3147798616636788,3.811097351559855,1.1416039143299919,1.086911878353827,1.226325393706359,16.95930013580449,14.928088519408076,19.519138758198572,28868716
1998,R10EASPAS,A,Max,5.742413995407107,4.483731544947204,6.078878485839555,1.9487588958858675,1.7913342569594741,2.16158259322944,5.628827155426276,4.909587273897332,6.637004548450973,29875796
1998,R10EASPAS,A,Median,4.582896479422487,3.508515885639242,5.043578281938151,1.820217037599852,1.6123534937901063,1.9141627186736752,5.599781425118882,4.719975332903612,6.60825104968165,29875796
1998,R10EASPAS,A,Min,3.340546095956776,2.566616942865352,3.8851232132652993,1.6045255077969287,1.4835143123057042,1.7262402705114472,5.358469429591393,4.371210129510893,6.5601746656845386,29875796
1998,R10EASPAS,E,Max,2.0151848793175735,1.0869927727673927,2.9867520453329677,1.385878698279181,1.1532369176742507,1.5731315887930364,5.388818906781558,4.3999027961254455,6.599420141060638,29875796
1998,R10EASPAS,E,Median,1.3910343341708695,0.3502754419626804,2.515643108157453,1.287733115059392,1.05423746406099,1.489727350003533,5.358469429591393,4.396333496269496,6.555649277398471,29875796
1998,R10EASPAS,E,Min,1.2415762434219992,0.47849164349319473,1.8153306662703619,1.2017724648396122,1.112777983337852,1.3670788031528842,5.375661244737012,4.398194527615862,6.598740840397483,29875796
1998,R10EUR,A,Max,8.753775667597651,7.934349454628122,10.541948072725027,1.8938250957779674,1.7489763931445454,2.6674869745428236,8.856769216630315,6.856858591820537,10.116414661929877,6851340
1998,R10EUR,A,Median,6.535160283558961,5.699604804477893,8.527347248344231,1.756580202841614,1.5555924536175785,2.1766620637458796,9.16414901245113,6.900955995745027,10.178187732291121,6851340
1998,R10EUR,A,Min,5.330453513675896,3.744047600804577,6.9697206808288925,1.6489868174225595,1.3642289530254357,1.8530095802088216,9.2096105792126,7.015870676205244,10.117112527906077,6851340
1998,R10EUR,E,Max,3.0336143561922677,1.2168536900035378,5.317413033889742,1.4229604749656792,1.1083758303202833,1.7650619642646395,9.362886327087482,7.057975256244295,10.531729228506903,6851340
1998,R10EUR,E,Median,2.566173577607243,-0.3338778958108058,4.754814029871058,1.2851929129549946,0.9612941633440611,1.5904654579577215,9.362886327087482,6.9975751229323375,10.555073629145848,6851340
1998,R10EUR,E,Min,2.0067663638595405,-0.43386501793878907,4.696685449447975,1.195001818417034,0.9555397038997809,1.5115441190808696,9.37222092935738,7.057950448732931,10.603221455463673,6851340
1998,R10FSU,A,Max,6.354575461552327,5.135463596252476,7.215963432954169,2.2114250345484363,1.9664040083579717,2.64464090900196,5.162714585164352,3.738633790554898,6.366972742509534,3583492
1998,R10FSU,A,Median,5.2802996364634565,3.788564880351376,6.558107716015951,1.9277362394713997,1.7243183982130241,2.3109174648385356,5.420413266620098,4.159229812353797,6.605292431984218,3583492
1998,R10FSU,A,Min,3.8644795347650627,1.928666552182724,4.99529624138249,1.689774186780248,1.337360944193328,1.9372423233188152,5.90147362604681,4.187988912472006,6.838071206174794,3583492
1998,R10FSU,E,Max,1.9279996676030482,0.8146580558909831,2.7347790933311895,1.3501313747184036,1.1477774887638081,1.5993037079051307,6.0486292633664505,4.301271508712693,7.001508054885852,3583492
1998,R10FSU,E,Median,1.522240327933872,0.26493481123678314,2.4938695005101335,1.2241059729253418,1.0446559520671665,1.503972353275183,6.0486292633664505,4.2875786658266835,7.002139828278166,3583492
1998,R10FSU,E,Min,0.9102544811578195,-0.06611194229663031,2.2863877097073386,1.1243787971378467,0.9888032629711697,1.4053479846537071,5.973621446189461,4.300974725318796,7.001468569048832,3583492
1998,R10LAM,A,Max,8.997700566613293,7.174025590952556,10.423681432710236,1.5821270257338003,1.474360187671532,1.750499477756168,14.517857814715654,13.08233303190994,16.027665211175155,11170740
1998,R10LAM,A,Median,8.006604927037674,5.857701146463346,9.429460939151104,1.538138366733214,1.4235994546069797,1.6661912693531666,14.420218720576987,12.747049642289413,16.02165535627841,11170740
1998,R10LAM,A,Min,6.254378937566404,4.1567622329159155,7.693360251944881,1.422679753505713,1.3177740161230291,1.579224822144967,14.309657549292112,12.58719111195028,16.00085310539818,11170740
1998,R10LAM,E,Max,3.3621753653610567,1.5734835095592328,5.233470151279993,1.2142023104835065,1.101634682264502,1.403654314719449,14.445614021521765,12.248998638840458,16.209647007107552,11170740
1998,R10LAM,E,Median,3.120361195875949,0.5915785762670851,5.158875059336509,1.215485737596601,1.0387996129260952,1.360619164243802,14.333780805368427,12.212341868101465,16.13256840821069,11170740
1998,R10LAM,E,Min,2.181016869229939,0.007934514252017522,3.926004606265659,1.1704457733314637,1.0007860436450677,1.2877662770782694,14.420218720576987,12.230618692278156,16.207875947896184,11170740
1998,R10NAM,A,Max,9.493859193064843,6.600660558254188,10.843976782576231,1.647718395290032,1.5107667002070193,1.9426606306914045,10.813538164029715,9.245564189182748,13.585932493661149,4325528
1998,R10NAM,A,Median,8.048219075434806,5.213956938871079,9.629739634339675,1.544188696860802,1.393950729681647,1.7722293115825005,11.56435484699297,9.41835683600149,14.409859943471696,4325528
1998,R10NAM,A,Min,6.004003213204281,2.697388121910845,8.166007661345104,1.4281621536222777,1.1991870027634142,1.6367621332562288,11.978069521069639,9.48222695598643,14.704057220704453,4325528
1998,R10NAM,E,Max,2.8964501512786094,0.1334452129796089,5.208782511480377,1.2494981440877928,1.0082246063443712,1.6001844319249408,11.624375623823578,9.1121206142112,14.740390771190697,4325528
1998,R10NAM,E,Median,2.264892500576207,-0.4460752929336569,4.460715546013575,1.186245151005464,0.9648961859219727,1.3981507818649925,11.624375623823578,9.086535252839084,14.822479059350172,4325528
1998,R10NAM,E,Min,1.8070801964148604,-0.7447891249621001,4.16263889940676,1.1157562286530869,0.9603228758140314,1.4254327083400262,11.56435484699297,9.111120832208037,14.73526025318073,4325528
1998,R10PAO,A,Max,7.664449222490456,5.2017408565361185,9.948343944000786,3.111770479238751,2.115072495342597,3.7804863050729534,4.566475515749016,2.3780046533363968,8.241317504305702,1521588
1998,R10PAO,A,Median,6.472617120882418,3.3098231234791635,8.66738866927417,2.5906000839564314,1.7568692603351639,3.551527774579636,4.96477385026907,2.5152186350033734,8.665729643999423,1521588
1998,R10PAO,A,Min,4.198769059161689,2.382792750195083,7.107018168971662,2.1479545554443567,1.4781008719097806,2.8309577500369283,4.896336360168945,2.632546702154733,8.364226026364685,1521588
1998,R10PAO,E,Max,1.883665290175206,0.24183822184671297,4.094731914174965,1.3639359249312402,1.1042826124847314,1.8480285983717089,4.896336360168945,3.0756952438923393,8.648259485450287,1521588
1998,R10PAO,E,Median,0.8810153485676568,0.08622260404566937,3.598794412416966,1.2527741613692087,1.031542348506166,1.6674024565037668,4.982017092615816,3.143749271009651,8.669761219049224,1521588
1998,R10PAO,E,Min,1.339588106990167,-0.30350104108258813,2.5697479927475784,1.212669929550968,0.9135525102167852,1.7838824871726868,4.999260334962563,3.1777762845683064,8.646915627100354,1521588
1998,R10SAS,A,Max,5.321744845076662,4.283167601216556,6.652867042731713,1.685756770935608,1.40782920747918,1.942974145189575,9.119370582531822,6.674800312139294,10.982949932682567,33639224
1998,R10SAS,A,Median,4.450580794790481,3.0691327999450833,5.623838115773167,1.5099845524498188,1.3075235074339995,1.7338162301288618,9.039992934870352,6.667105931002344,10.742165007609398,33639224
1998,R10SAS,A,Min,3.51620827818943,2.2777499523833287,4.823003931858485,1.3871546323941866,1.267736934887082,1.638494594105263,8.905937418379626,6.5332267775930495,9.894310253743345,33639224
1998,R10SAS,E,Max,1.8049873513984789,0.6155611065590104,3.6123286644654415,1.203825458925301,1.0765770754934552,1.4565520262493221,9.107155779962287,6.888014886353244,10.267987996854949,33639224
1998,R10SAS,E,Median,1.6831904786608503,0.1889752482173768,3.5848836963881174,1.223537266190892,1.0195741197360122,1.3738931390458178,9.107155779962287,6.80303999775515,10.278343130070542,33639224
1998,R10SAS,E,Min,1.5746805975650808,-0.18438641161609937,2.8857655128489146,1.197299876467671,0.9855937240493533,1.3639761647498583,9.174318625054225,6.887678190261614,10.299700592327703,33639224
1999,R10AFRMEA,A,Max,7.092362843248608,6.470908069459356,8.837289235137117,1.4534866811338798,1.374577483409737,1.5755917640839505,16.778715380166467,14.210283111191679,19.310082178743865,29340028
1999,R10AFRMEA,A,Median,6.265931378098788,5.466936525624798,7.195618492247167,1.3940926405562806,1.338370784834845,1.4716300026708362,17.01930207625899,14.497082853527802,18.909585947603667,29340028
1999,R10AFRMEA,A,Min,5.16683108959383,4.098729630283171,6.06520921208541,1.3147923830675974,1.264701910876315,1.4030600495463794,17.061795123808494,14.328099699975866,19.010278163553046,29340028
1999,R10AFRMEA,E,Max,3.858441995418887,2.826395793357954,4.929307378333527,1.2299572131471552,1.155470207322712,1.3219701628656368,17.102940966575133,15.258005012352411,19.591381703669345,29340028
1999,R10AFRMEA,E,Median,2.9784461432531613,1.738978492556476,4.25993346528595,1.1729488712893081,1.1213056414209188,1.2604932513386058,17.102940966575133,14.965830480393562,19.61639297753858,29340028
1999,R10AFRMEA,E,Min,2.604864471352805,1.428283037868324,3.587808244250562,1.1404918080447408,1.0847825173972636,1.219946675208344,17.104288171357993,15.257692210328845,19.66797872989388,29340028
1999,R10EASPAS,A,Max,6.007384736262043,4.639170081182046,6.552545124250036,1.9695497486033329,1.8057509554452305,2.194715228602285,5.731074373880309,5.031218965306792,6.84644644822772,28907647.999999996
1999,R10EASPAS,A,Median,4.865296816009252,3.7074779934328084,5.331039036886279,1.8225061543170333,1.645207710434679,1.9370816387094172,5.627428949728677,4.8393804286986155,6.797586067401861,28907647.999999996
1999,R10EASPAS,A,Min,3.452068981501749,2.6725333243871274,4.096231553991013,1.615129011890485,1.513816351439728,1.7568327253771283,5.509761839331958,4.459703036144051,6.771672628055239,28907647.999999996
1999,R10EASPAS,E,Max,2.1174150742011824,1.0960113105322797,2.972515766567404,1.3661961924584802,1.1467787230663806,1.5833207730275707,5.581415391300007,4.494127458373317,6.785341561334055,28907647.999999996
1999,R10EASPAS,E,Median,1.4564942190666241,0.39046325648116087,2.515909927113348,1.2890100454731312,1.0545407945238967,1.4978641135231212,5.509761839331958,4.4850902401633,6.766139128839292,28907647.999999996
1999,R10EASPAS,E,Min,1.2601105466008802,0.5077631320560245,1.8181917826391958,1.1937831851112843,1.116699008640357,1.3686492001409185,5.537802046349758,4.492470793372167,6.784399676251916,28907647.999999996
1999,R10EUR,A,Max,9.269172905030944,8.326342941670037,11.092279628620174,1.955664684418315,1.8182749604160513,2.684142758375528,8.868746020738302,6.9564742377937945,10.215967012078615,6780440
1999,R10EUR,A,Median,6.916962153797964,5.838544779363751,9.311789917484596,1.7634668757462317,1.5828885897195135,2.216376869029407,9.165925954400718,7.059795806175348,10.334670154587458,6780440
1999,R10EUR,A,Min,5.552412061340215,4.017720805830379,7.323943204455054,1.6789678179388325,1.3873641078414938,1.9024810098513214,9.313990570896252,7.095364218265447,10.367113609045155,6780440
1999,R10EUR,E,Max,3.359611385180355,1.4586252637314845,5.451333310741875,1.429270745384302,1.1232001481298637,1.772651198920512,9.478075433328952,7.109073184622037,10.634799211322935,6780440
1999,R10EUR,E,Median,2.588929582012625,0.11250286797270936,4.801250365531015,1.2834327678984483,1.0150544456437587,1.5870840930407157,9.478075433328952,7.089718438568605,10.660184074653111,6780440
1999,R10EUR,E,Min,2.088150402078483,-0.17263860231076222,4.702162246487416,1.2062686415546164,0.984031035273236,1.522433950806714,9.48874927479129,7.10834951156818,10.712540355271592,6780440
1999,R10FSU,A,Max,6.7062685127257495,5.625901839579789,7.5983443603852745,2.3081534635210805,2.0004500713971467,2.666088090825838,5.223424427497152,3.834430954789076,6.4609069518683615,3430016
1999,R10FSU,A,Median,5.673367418109454,4.155767915293855,6.795608505034743,1.979534905943671,1.7616931371094584,2.313412097149027,5.460059439413936,4.2775504361333905,6.654186658175929,3430016
1999,R10FSU,A,Min,4.100166884663324,2.109240850991656,5.317201606781934,1.7344091429268984,1.3622102621037042,1.9732052534272788,5.9024158123565496,4.319645732365929,6.871790037793694,3430016
1999,R10FSU,E,Max,2.037506117101085,0.8574189842134937,2.7626487055288567,1.3494706601122932,1.156068778518802,1.6308462613686767,6.135380657253041,4.350487160156029,7.13120165755341,3430016
1999,R10FSU,E,Median,1.5098865050496757,0.3125086904137519,2.5354247921535085,1.2328663292348594,1.0546206846587423,1.5154405041787484,6.135380657253041,4.346236412823656,7.158633607385592,3430016
1999,R10FSU,E,Min,1.0102835859515436,0.04677238610703327,2.2936748695137434,1.1341656057043568,1.0075195253895692,1.4531455503753958,6.119886270814645,4.349838350341359,7.129487160688899,3430016
1999,R10LAM,A,Max,9.389203972382285,7.580525376008218,10.95932276011869,1.5747576157685887,1.488519511859761,1.7532642984796214,14.73795837641333,13.334813387303564,16.160401587332366,11176240
1999,R10LAM,A,Median,8.11399867835971,6.324665370143196,9.759151451485167,1.554031395479891,1.4540707560365267,1.6601004717158068,14.657162998049701,12.806274232697206,16.15906347969268,11176240
1999,R10LAM,A,Min,6.261127741639153,4.496731356157673,8.153709429305295,1.4325813465747346,1.3180532609058073,1.5902653953594603,14.561450523598443,12.721446585799658,16.164861946131325,11176240
1999,R10LAM,E,Max,3.405100818594918,1.684817583157819,5.480545986344628,1.2131304684482598,1.0942303676930867,1.4132561232973164,14.664703279117624,12.495380153708831,16.416170716129916,11176240
1999,R10LAM,E,Median,3.084431412451866,0.534401065367049,5.201401194445041,1.221267849400105,1.0308026579099814,1.3700172362494045,14.60530005959757,12.433579028705397,16.26007463981902,11176240
1999,R10LAM,E,Min,2.134013444729556,-0.1073137225246601,4.166884842881807,1.1738349577929357,0.9874530762443452,1.2920799780698458,14.657162998049701,12.472302605095523,16.4149075127159,11176240
1999,R10NAM,A,Max,9.93062928747679,7.499279869732227,11.370303436949037,1.685622304359777,1.5351912809075599,1.9791242219201581,11.070469217387444,9.307918386125895,13.859478474279172,4301004
1999,R10NAM,A,Median,8.43120491022934,5.554917919584291,10.247687621395455,1.5585117298155755,1.4171799346005194,1.8102564847158351,11.752840429169282,9.619972198808417,14.760264003148095,4301004
1999,R10NAM,A,Min,6.22753610626617,2.750943799661925,8.275802112995589,1.4362840491587943,1.2005972485632035,1.6473880890807284,12.022839939879741,9.662908307784896,14.998987477798723,4301004
1999,R10NAM,E,Max,2.9735615746344846,-0.042339588760228336,5.330019965006389,1.2383245787417259,0.9965014782507171,1.6272402879072358,11.779905602074926,9.2456726026785,15.02577513697757,4301004
1999,R10NAM,E,Median,2.36207812751986,-0.25925605821920106,4.644824100439622,1.1916560261961497,0.9749361606069137,1.3810506247681422,11.779905602074926,9.203587158697095,15.059350828782028,4301004
1999,R10NAM,E,Min,1.9773561230729584,-0.7675861831759239,4.212112639630734,1.1369398383977898,0.9558243451320022,1.434364155777837,11.752840429169282,9.2452786106178,15.023676656239791,4301004
1999,R10PAO,A,Max,8.155475551089939,5.571999412035936,10.43726810508351,3.2119640235895144,2.2019853941474223,3.89256407120606,4.4924266222232045,2.3854886462566256,8.366827500072583,1512924
1999,R10PAO,A,Median,6.5444539085365685,3.321500249092282,9.268828637103066,2.6279309182662844,1.7878325353142797,3.6776051830326573,5.098656753843134,2.5186188898628017,8.699904709025986,1512924
1999,R10PAO,A,Min,4.329625101172718,2.555715462069287,7.216182044192905,2.1340190799593635,1.4959168357076182,2.7889678398204905,4.957923301729894,2.6311358825706255,8.457998174628955,1512924
1999,R10PAO,E,Max,1.985231980050854,0.25043858810371394,4.141771458827686,1.385490555453198,1.106752353262002,1.8497792025703874,5.0279507065290545,3.1966940825282824,8.669991724888428,1512924
1999,R10PAO,E,Median,0.8586106480353579,0.06930352545396264,3.7974656008233847,1.2702884748063474,1.018648904593653,1.6730096562150663,5.222159269250634,3.2364218435671117,8.706807705365424,1512924
1999,R10PAO,E,Min,1.356450712181806,-0.371314880282247,2.653977666605149,1.2426806505471375,0.9201736540974168,1.8317326873180544,5.345661784658133,3.2562857240865264,8.698065849914595,1512924
1999,R10SAS,A,Max,5.70588917591742,4.600078571465984,6.9368412121510445,1.6876288631263405,1.4277373872144645,1.9368361650655253,9.2734653319503,6.722665089618973,11.128239332650796,33805632
1999,R10SAS,A,Median,4.629641355023301,3.197300906303778,5.885897768425581,1.5222728243760852,1.328723671064089,1.756743410423803,9.212202365375136,6.718970165194655,10.910646108435726,33805632
1999,R10SAS,A,Min,3.5596228985115967,2.5478317883853503,4.930097000254163,1.3916523187504017,1.2779717160654667,1.6555988862504678,9.082753291988803,6.560491434220883,10.036965562261237,33805632
1999,R10SAS,E,Max,1.7629217109542858,0.6134106212126388,3.7120364597599624,1.2079790617787205,1.0935937572335401,1.4532765716239877,9.20392022964398,6.826691349557642,10.326443701734672,33805632
1999,R10SAS,E,Median,1.6942672754777994,0.344486496782906,3.66642962350131,1.2066621022647652,1.0321468512033027,1.3723366142031215,9.20392022964398,6.784247163357587,10.442260100949827,33805632
1999,R10SAS,E,Min,1.572586380797424,-0.23885837587520165,3.070559569922514,1.1873818010187724,0.9726182316749032,1.3715023931334978,9.212202365375136,6.824891332025072,10.681131424331078,33805632
2000,R10AFRMEA,A,Max,7.539953670133998,6.892979392879427,9.177713082575405,1.4748766854563642,1.4026810355477055,1.6014266298198745,16.886257795919327,14.405937132080622,19.62058689564129,29811340
2000,R10AFRMEA,A,Median,6.636486570740502,5.80496573422321,7.66826679179912,1.408200140596895,1.3560620725190535,1.482664000429463,17.048056974250485,14.716768088834746,19.13046073283621,29811340
2000,R10AFRMEA,A,Min,5.4045244426664825,4.456153016658261,6.381261010872359,1.3254011026554982,1.2811882381018322,1.411805186920788,17.130755557438896,14.542711533250731,19.268180548555655,29811340
2000,R10AFRMEA,E,Max,3.990389167363773,2.761100871318309,5.40545101159746,1.2309972500474737,1.156880838674137,1.331933011613716,17.30608833301808,15.375852157622221,19.96085931804992,29811340
2000,R10AFRMEA,E,Median,3.016104629831612,1.7699640774018315,4.35318922196604,1.177074854902668,1.1255220396197343,1.258905107211987,17.30608833301808,15.117621823871701,19.96891215615177,29811340
2000,R10AFRMEA,E,Min,2.7035580879680623,1.5586041879809365,3.6251540233834376,1.1566677234287122,1.0885698127554637,1.2036165977658273,17.39872252540886,15.374962770374536,19.985521134736835,29811340
2000,R10EASPAS,A,Max,6.4323951985258505,4.880572432859876,7.079987218710233,1.9722429390304879,1.8566107572339035,2.2468451049857214,5.847228003084709,5.16924161068736,7.008255188420449,27939500
2000,R10EASPAS,A,Median,5.091026605858298,3.9770677649678525,5.598072585222539,1.8252576318360607,1.69657461174077,1.987311743704622,5.7536638823934885,4.983552173791944,7.006876370628765,27939500
2000,R10EASPAS,A,Min,3.7429230513000804,2.6832380087853562,4.360276033793281,1.6279350111962372,1.5418497705413072,1.763051616543775,5.658169930281634,4.590858342247138,6.9817925494689845,27939500
2000,R10EASPAS,E,Max,2.0916615826456435,1.0834649454803513,3.1449234500299825,1.3565135367017795,1.164823153934798,1.5750471160260968,5.6658096954839685,4.615605944129106,6.999788499600401,27939500
2000,R10EASPAS,E,Median,1.4725817908053234,0.4484914321010804,2.5446136785480995,1.2812279856736994,1.084667034210935,1.5038734392940198,5.658169930281634,4.611183611251526,6.973457455952713,27939500
2000,R10EASPAS,E,Min,1.3138471892233303,0.517416488382858,1.8604017366686958,1.1922141855708996,1.0990211015380167,1.3748861601409788,5.659700827612647,4.614467051730681,6.99977516515141,27939500
2000,R10EUR,A,Max,9.793717017167332,8.754043489653322,11.645888795122058,2.0058609113087513,1.8619673435074513,2.7443795217120472,8.919871343784958,6.931398870989775,10.354046552546889,6709540
2000,R10EUR,A,Median,7.393016144640237,6.3330923665914884,10.090354536173784,1.801200608026207,1.625126792887454,2.3485104737408884,9.128945200984488,7.026221154827022,10.577658190053164,6709540
2000,R10EUR,A,Min,5.752695359946509,4.336917823786508,7.763495782860584,1.6947490927890279,1.4325757557341228,1.9448271047860022,9.337204948037993,7.322015806648352,10.610394343097,6709540
2000,R10EUR,E,Max,3.7566349458009287,1.584981942787966,5.584451211457202,1.438554770428505,1.1374274026330888,1.7728353822474876,9.56137581156922,7.339490113776337,10.788736872990844,6709540
2000,R10EUR,E,Median,2.825517657544572,0.40140762201001007,5.181952590786485,1.2855663491309226,1.047254395416605,1.6038566366954952,9.56137581156922,7.314590028659593,10.800678936549282,6709540
2000,R10EUR,E,Min,2.2021792999340626,-0.1987909304168074,4.668899856991674,1.2030421379016025,0.9800516899260773,1.5336295397710304,9.577286928046945,7.339095096022495,10.82530944263856,6709540
2000,R10FSU,A,Max,7.007927966059486,6.084576160784229,8.095678386329258,2.4214127764277302,2.0404323761137184,2.682411915600822,5.280894940871677,3.9518681506719058,6.57897856756828,3276540
2000,R10FSU,A,Median,5.967972119105189,4.462494078647257,7.085590938555857,2.0535591371499566,1.7982827915242692,2.338466484875846,5.501926379347425,4.308164859937375,6.653247337185396,3276540
2000,R10FSU,A,Min,4.251788871151854,2.226054254244125,5.609710431728513,1.7653600420512072,1.4008543494851238,2.0086510728406943,5.947317306673487,4.3399894745822625,6.888951105505393,3276540
2000,R10FSU,E,Max,2.0136154861898063,0.9167728989108384,2.835733632083868,1.366876144390414,1.1462162867435937,1.624429200310266,6.175966574934339,4.517854283658637,7.28689815958385,3276540
2000,R10FSU,E,Median,1.5040545841209854,0.39247854201422894,2.6357190909550052,1.253003699677369,1.06564666925115,1.532051128330468,6.175966574934339,4.4629523201547725,7.3321543248311745,3276540
2000,R10FSU,E,Min,0.9283006638395435,0.060381092204692344,2.3416635123622207,1.1595956300142212,1.009263817149159,1.4739562343284753,6.175432895244676,4.517793560010204,7.284069649255892,3276540
2000,R10LAM,A,Max,9.821677872514755,8.05854703759009,11.39071421021494,1.5907462025538004,1.512302563303181,1.7807525132047983,14.875483080902702,13.484081423057535,16.36347838245248,11181740
2000,R10LAM,A,Median,8.37687039843494,6.678432745192434,10.079847273726926,1.5608469986341293,1.4607289063485376,1.680027657961747,14.790446907637977,12.844288310931054,16.362120627968253,11181740
2000,R10LAM,A,Min,6.422494280497263,4.748242796418877,8.463289332411394,1.4166174699291427,1.3377136211163971,1.5987992695326854,14.773360642075442,12.810475170947845,16.368004230733245,11181740
2000,R10LAM,E,Max,3.430008527639231,1.438942753568029,5.55643056063011,1.2119310062124966,1.0863870040425267,1.4170247592926175,14.835266691225165,12.764951373342221,16.561423791494573,11181740
2000,R10LAM,E,Median,3.0682092069112707,0.5121239703554155,5.24767658657014,1.2187231899993043,1.0331231991290015,1.3663893839578738,14.802653376876743,12.608702016781532,16.523583138527112,11181740
2000,R10LAM,E,Min,2.2741280123748044,0.037776507297673234,4.226568258303832,1.1765798787478317,1.0045369341638115,1.3063527925819158,14.814859846115509,12.690482783852158,16.558465001594186,11181740
2000,R10NAM,A,Max,10.26842804411201,8.026761317396158,11.8492322327653,1.699648426015147,1.5342879748713374,2.004430172839042,11.498672156709246,9.348168175154218,14.105213593993716,4276480
2000,R10NAM,A,Median,8.948556607356362,5.934697467332245,10.878623353095204,1.5575602805788449,1.409818049193483,1.838721251444419,11.938463119538998,9.670539949100892,14.992596437283567,4276480
2000,R10NAM,A,Min,6.250159449412782,3.0280608872226344,8.54693448881256,1.4487483682575912,1.2382455296753943,1.6908975729690654,12.034694298978588,9.87627695194961,15.211248060138917,4276480
2000,R10NAM,E,Max,2.986269546199189,-0.18694482264724274,5.501684529954778,1.23853162724288,0.9793121045701546,1.6314705993659673,11.93927100916516,9.290269242030496,15.247483243968361,4276480
2000,R10NAM,E,Median,2.470743865327562,-0.3338523864690728,4.663991508490616,1.1933721948563607,0.9684966725308268,1.3733283564395904,11.93927100916516,9.267416504820154,15.347919051644944,4276480
2000,R10NAM,E,Min,2.0016074842412657,-0.8533976378566557,4.170463987893964,1.1433392609402684,0.9582958209596014,1.4235742725326512,11.938463119538998,9.288243869222729,15.241206005988577,4276480
2000,R10PAO,A,Max,8.757292920366105,5.5744492499300025,10.90001749799273,3.2405121701304243,2.224093736411523,3.975893590771386,4.493804699550116,2.406228103405179,8.48800847902561,1504260
2000,R10PAO,A,Median,6.7010347768665115,3.7098020250695565,9.819857404167966,2.607016565122139,1.7933473241756652,3.7573004732774016,5.241307675198421,2.490817177770456,8.729193424980888,1504260
2000,R10PAO,A,Min,4.305312433254922,2.7510033581660087,7.455240413325895,2.1958786278503766,1.5110942254535409,2.832759620756252,5.029094823156123,2.6575482447912275,8.548656929568878,1504260
2000,R10PAO,E,Max,1.9508070398912258,0.27425665398299665,4.189853247146119,1.4073334499435413,1.110603321605822,1.8809742598108716,5.200806497419969,3.314711009728271,8.69108015575858,1504260
2000,R10PAO,E,Median,0.8739597202441902,0.058400177827218666,3.7116463473429047,1.3013202053127557,1.0194799016102816,1.6450358124456637,5.290681332207589,3.3231449352170843,8.73798879480142,1504260
2000,R10PAO,E,Min,1.3027774882603675,-0.43464170185308115,2.7412594775069508,1.221215344932338,0.9120558581144622,1.866459255928655,5.340054989216758,3.3273618979614907,8.834737862827275,1504260
2000,R10SAS,A,Max,6.03576235848886,4.983050971472419,7.311652973767362,1.7141894887090943,1.4409661033517014,2.011578545414884,9.334837722261081,6.791508862830796,11.247876711246237,33972040
2000,R10SAS,A,Median,4.811863741927108,3.327899304165306,6.246561973298674,1.5236305987281262,1.338934113541835,1.8485061120133517,9.201187199821154,6.787564538733111,10.995562567214396,33972040
2000,R10SAS,A,Min,3.711817593420575,2.750710835638945,4.990566667582971,1.4026850303250995,1.28303255273043,1.6732796124553908,9.092252442715601,6.722979505791715,10.204972262953964,33972040
2000,R10SAS,E,Max,1.9360279542279883,0.6841191691152125,3.737391254441894,1.211242772947928,1.0744991520477298,1.4448668302990235,9.330034373070836,6.902108122916729,10.684177353115745,33972040
2000,R10SAS,E,Median,1.69828172846821,0.3301460688113989,3.684020036496632,1.208208212953585,1.0241934109078614,1.391660171825064,9.330034373070836,6.884180624921707,10.773012171301417,33972040
2000,R10SAS,E,Min,1.5876192469398038,-0.2710001475374604,3.263469409238758,1.1794523108523054,0.9692744755629986,1.374116358814003,9.364776193468277,6.9006351628667115,10.95623398380936,33972040
2001,R10AFRMEA,A,Max,8.145606870060353,7.225290775244368,9.554299158550293,1.5078013269138453,1.4187656294201236,1.6215326638748424,17.084451686917035,14.588983727690442,19.969456508979764,30434768
2001,R10AFRMEA,A,Median,6.993475864852197,6.0425110775486175,8.111751593052045,1.4246769714331007,1.363666484829415,1.493447515704541,17.1960085630264,14.929998134009825,19.41558163598277,30434768
2001,R10AFRMEA,A,Min,5.715790671430506,4.756461469096866,6.607995598156977,1.3374524419106815,1.2874071497206363,1.424614325659766,17.22584930489495,14.747484460142704,19.614660819040587,30434768
2001,R10AFRMEA,E,Max,4.13864474903469,2.8479365797695873,5.588453263340969,1.2350561115960346,1.1554964874737574,1.353736975261481,17.473871735246334,15.35987368640968,20.2399618468668,30434768
2001,R10AFRMEA,E,Median,3.1316472935484096,1.748074363200728,4.550063536871423,1.176003465416128,1.123319862077792,1.2663545195057866,17.473871735246334,15.175683135722993,20.281753934000488,30434768
2001,R10AFRMEA,E,Min,2.757708044466007,1.6566577500540056,3.7144239943956627,1.158615756727551,1.0852021119938398,1.2134636832619419,17.629215533348944,15.356661076448788,20.36795011371372,30434768
2001,R10EASPAS,A,Max,6.746229563647939,5.062801946099235,7.453061832303323,2.0000493647637105,1.901776615764015,2.2959655070933147,5.926625971156163,5.239800733866767,7.177656725914032,27855508
2001,R10EASPAS,A,Median,5.266932549886924,4.3296451544809225,6.02699372681538,1.852391079279243,1.7233061404928556,2.015242597772,5.851717155107441,5.092498338504786,7.131937260551003,27855508
2001,R10EASPAS,A,Min,3.898944310308665,2.7824003263767496,4.606026962098202,1.6561782750547067,1.550510034598699,1.7725507108034897,5.747476910451107,4.640458429076389,7.099764359348757,27855508
2001,R10EASPAS,E,Max,2.111477872598032,1.1216660908571674,3.17629796089401,1.3706867460953926,1.1568647916014163,1.5588471531866412,5.786344842023313,4.7130515194431615,7.077819962604261,27855508
2001,R10EASPAS,E,Median,1.4777470721707504,0.5741020116765073,2.6938083862413778,1.2807491019714454,1.0765001387393325,1.4992793171209797,5.747476910451107,4.695015140518438,7.057711949459664,27855508
2001,R10EASPAS,E,Min,1.2382255642274886,0.5252078507437474,1.887932008616362,1.1951850775438086,1.0899927974087609,1.3727476143946813,5.752019362973464,4.712923433616572,7.076975947344858,27855508
2001,R10EUR,A,Max,10.344483942706,9.196698540770761,12.222745708769978,2.04737985078555,1.8993313798700253,2.750141121961048,8.963852251639295,6.959801952401105,10.557264536911902,6689636
2001,R10EUR,A,Median,7.573461212983132,6.835082894372541,10.52371538818618,1.827247711125098,1.6712639071181448,2.4275000124678012,9.215001468926364,7.227163092108652,10.76182543732998,6689636
2001,R10EUR,A,Min,5.994339938189429,4.5283591389019096,8.221119683119653,1.712645732180703,1.4556152328855876,2.0057640668794514,9.434668019394524,7.56255806579971,10.77290641990773,6689636
2001,R10EUR,E,Max,3.82424456187557,1.5677074111930567,5.823558566075637,1.447346351067018,1.1357856331061187,1.7755012797144365,9.671202114726936,7.560771656843369,10.835961858139479,6689636
2001,R10EUR,E,Median,2.9660729325201425,0.5056610759102621,5.386899958696267,1.2900028007063922,1.0479627715638073,1.6164428914830422,9.671202114726936,7.494029708002058,10.878617342004445,6689636
2001,R10EUR,E,Min,2.1712498199678105,-0.077169791168712365,4.648163392006333,1.1948938414610883,0.9920215128013344,1.5464542439825664,9.672233500809483,7.560141859799153,10.96659427747593,6689636
2001,R10FSU,A,Max,7.2943150609840846,6.2154043816334825,8.413454274343646,2.4437984530882617,2.0635354175557326,2.6734431939715124,5.369206397164925,4.0244385798017035,6.622579245484304,3274052
2001,R10FSU,A,Median,6.373439134868251,4.535633573113602,7.346811697514267,2.0865820849916776,1.8243172678702173,2.356189975918252,5.5464811715262,4.3179208227949335,6.734878989124722,3274052
2001,R10FSU,A,Min,4.3282456044793705,2.370384256008036,5.898266528835334,1.7930382372553377,1.4327414652303385,2.0391356146607644,5.95718910783892,4.4212939573968635,6.902932231893784,3274052
2001,R10FSU,E,Max,2.190830145008576,0.9893019542607462,3.044831675058528,1.3816512860528143,1.1462466468052153,1.6484108374928783,6.192260232255634,4.630335021191123,7.439998267768326,3274052
2001,R10FSU,E,Median,1.51348846895428,0.3003245500343761,2.60606457634868,1.2611404194133278,1.054114597939176,1.5513284809770862,6.192260232255634,4.573779976951149,7.469686367675154,3274052
2001,R10FSU,E,Min,0.973857741047115,0.18776132643086818,2.4886445370722203,1.1556786333271398,1.0153698007677963,1.5177327290274554,6.192051825825949,4.630296969486211,7.4381427615241495,3274052
2001,R10LAM,A,Max,9.936288653253262,8.525213615873412,11.73368420927759,1.6090178132699795,1.5378025475919057,1.7997662073008356,15.170579889470918,13.658063324845596,16.551522084837778,11123828
2001,R10LAM,A,Median,8.574554077861162,6.935904842028581,10.49997687713423,1.590243623759628,1.4670638888338123,1.7033156716066764,15.012392077718223,12.96751161559974,16.543771548874886,11123828
2001,R10LAM,A,Min,6.5441370440702915,5.137600527928341,8.63966095094935,1.4260873931758011,1.3438415008852473,1.6084302539577549,14.985182256606063,12.900053315838402,16.577357204714076,11123828
2001,R10LAM,E,Max,3.368371831112386,1.211544350064064,5.692246412084853,1.213304061918636,1.0834479020173047,1.423813833714152,15.062781995115062,12.87065940248202,16.93526359911317,11123828
2001,R10LAM,E,Median,3.2505619676799213,0.4846353034974477,5.269601001258147,1.2088145458216184,1.027753800288138,1.3654581502776273,15.024321867518061,12.736604840238659,16.75487173671902,11123828
2001,R10LAM,E,Min,2.464866229373177,0.13746171651065353,4.373954188087611,1.17665051864789,1.0163917438048558,1.2966392963015778,15.036251657317898,12.859631524927446,16.934704967620238,11123828
2001,R10NAM,A,Max,10.575082698185573,8.521535710959103,12.547565554661134,1.7300031036752146,1.546153409076499,2.0345941415963225,11.821863316660199,9.430831684627227,14.329206387044955,4300788.000000001
2001,R10NAM,A,Median,9.505080479344539,6.339135332406062,11.01242912372216,1.5690635932545445,1.4199723760218976,1.8437546571254617,12.000453005933549,9.792932619513639,15.293635113834135,4300788.000000001
2001,R10NAM,A,Min,6.5477644536244775,3.34153111238747,8.892662245896618,1.4508169482255164,1.2427911235378073,1.7090411921562785,12.140249537791066,10.056947973405329,15.329854073152905,4300788.000000001
2001,R10NAM,E,Max,3.0395406361991086,-0.2751401676201699,5.692875090223766,1.2462944160841727,0.9630908236431205,1.5877898590653212,11.99185942698352,9.414291656354344,15.3438461838995,4300788.000000001
2001,R10NAM,E,Median,2.5221045771710227,-0.3116676224503462,4.678092793583861,1.186098358088898,0.9781086412738006,1.3783907709216767,11.99185942698352,9.395607142699596,15.498931994647492,4300788.000000001
2001,R10NAM,E,Min,1.9469253852572024,-0.6615942020702619,4.164085212493269,1.141166869429228,0.9696473206060042,1.4276823665010763,11.983265848033492,9.41138500745597,15.334153320727753,4300788.000000001
2001,R10PAO,A,Max,9.164121237568335,5.831049193849649,11.23837421355376,3.2818390223075116,2.2514855503000017,4.048728297800407,4.49813642387986,2.4215656364762825,8.60878646296932,1492451.9999999998
2001,R10PAO,A,Median,7.243080655354866,4.043961910836666,10.004212921166108,2.6585976603308352,1.798095269579278,3.805260418319567,5.385588956058652,2.4973451166228666,8.754399743656991,1492451.9999999998
2001,R10PAO,A,Min,4.312357545866032,2.7929038852420534,7.746396418465217,2.201816078164402,1.494544784874026,2.87366521684869,5.098186494263494,2.6875757892114596,8.637757377058607,1492451.9999999998
2001,R10PAO,E,Max,1.9558919984883794,0.30302979414140285,4.267492885045545,1.4362139735790511,1.1162985819365543,1.8783958606686662,5.3464358079715035,3.344171058758079,8.707962569763467,1492451.9999999998
2001,R10PAO,E,Median,0.9497839975254981,0.084451200551168,3.6426337165205607,1.316018012379323,1.013771289471217,1.6065528801270488,5.371816557196476,3.3461567847712552,8.765116014555495,1492451.9999999998
2001,R10PAO,E,Min,1.144881210487387,-0.3235499981876322,2.8786953765470282,1.2303093866821622,0.9393146147790074,1.9123396182809331,5.385588956058652,3.3471496477778433,8.88299499443905,1492451.9999999998
2001,R10SAS,A,Max,6.49966850180558,5.161903026822632,7.688149155685316,1.7138862368707959,1.4469687558203725,2.0389191459087463,9.368951351761861,6.928773453891084,11.368649007013397,34046068
2001,R10SAS,A,Median,5.064485580893877,3.7382813842603126,6.492406232291058,1.535275264899539,1.3475084309559848,1.8831832883801922,9.210157753134276,6.926767558521462,11.119229537277871,34046068
2001,R10SAS,A,Min,3.8790143783261466,2.9487366240887094,5.160066351536452,1.4072901623210345,1.3084900622669307,1.6928635502415366,9.156996656897725,6.850842167832016,10.351866675113243,34046068
2001,R10SAS,E,Max,1.9630201222755064,0.5924245620858002,3.7972623563174404,1.2327569436967214,1.065599656215196,1.440800402785517,9.312425996090923,7.0843624718263385,11.075425391403058,34046068
2001,R10SAS,E,Median,1.6333064994762267,0.389491466475616,3.7176436962898673,1.2192973230162119,1.0286542794071063,1.3779649506506355,9.312425996090923,7.051050152307759,11.088134579449921,34046068
2001,R10SAS,E,Min,1.7000305294989406,-0.4331290577362772,3.385950424170696,1.1604750421494188,0.9692351815988046,1.373275279586321,9.337123433114963,7.083941922088152,11.114347279796574,34046068
2002,R10AFRMEA,A,Max,8.789239404846787,7.640134274974601,10.169990869393352,1.5293096744461057,1.4446660822413766,1.6409550158944868,17.189108925050842,14.722902450412928,20.218450752621987,31058196
2002,R10AFRMEA,A,Median,7.433501265283674,6.5009741161760575,8.50698777604962,1.4443635193671,1.3819658619981114,1.5184284126501404,17.4285365890457,15.11297223751249,19.614721078752176,31058196
2002,R10AFRMEA,A,Min,6.020114347719427,4.9632315572020165,6.973814684843168,1.3619776661835234,1.2970296739799947,1.4444895468068966,17.4414010500405,14.915359108839521,19.804812268810785,31058196
2002,R10AFRMEA,E,Max,4.268913843867019,2.9259797358671475,5.9760280050730294,1.23737155178878,1.1599496471028334,1.3736136659994511,17.68950736692897,15.378566780224144,20.433181806874703,31058196
2002,R10AFRMEA,E,Median,3.2809965912571526,1.7067941202816437,4.773141762066335,1.1853669860486336,1.122431997403529,1.2737766891317968,17.68950736692897,15.250547655021176,20.540286369591414,31058196
2002,R10AFRMEA,E,Min,2.841816777520286,1.8327113744383645,3.8163445365769633,1.1546576107586344,1.0911966987791029,1.2242972325124795,17.84391571420025,15.373565516903955,20.76118953019463,31058196
2002,R10EASPAS,A,Max,7.062097590596361,5.201487526757707,7.872751126053087,2.031904647742273,1.968233619795867,2.338063745534653,6.03897273982498,5.289028954231742,7.335565163733789,27771516
2002,R10EASPAS,A,Median,5.542577215160278,4.546084362957328,6.447229541013236,1.8765357081860432,1.7632083832985757,2.0312424760850285,5.9860022685305285,5.149902438959627,7.199897414500538,27771516
2002,R10EASPAS,A,Min,4.045992286237537,2.9799775412752463,4.824268875855783,1.6858609742821908,1.5471378875720467,1.7925800993799812,5.841603309479975,4.723135008922089,7.138840433780894,27771516
2002,R10EASPAS,E,Max,2.16245173451831,1.1125085417721992,3.2344381099007236,1.3623023944805341,1.1653864417348627,1.5635631990470744,5.8623898582350495,4.7642759385252695,7.114966194803528,27771516
2002,R10EASPAS,E,Median,1.484456775652066,0.6205004246624984,2.721438825506337,1.2837123262177994,1.0866129432174825,1.4838389926081457,5.841603309479975,4.756831092662339,7.092138790372855,27771516
2002,R10EASPAS,E,Min,1.2223135648777284,0.5420797874796763,1.9320328918035208,1.1941697142993313,1.0810008599513619,1.366236129878162,5.848933021725727,4.764209622967417,7.11404795484286,27771516
2002,R10EUR,A,Max,10.799599736078754,9.70441281229938,13.027551140032529,2.0781863334252986,1.9644146583469966,2.8125234007228666,9.002768927908587,6.939033142489633,10.7545956545542,6669732
2002,R10EUR,A,Median,7.969252095377273,7.397334205643628,10.96489503053082,1.864684812689338,1.7266757767251883,2.4955984700753135,9.312695619063003,7.344353429166204,11.024759133597327,6669732
2002,R10EUR,A,Min,6.153029595877534,4.7440700748822415,8.531757902896294,1.7298075410038103,1.4762208304344666,2.0729218079898812,9.511534240825542,7.709735891045636,10.968066107520919,6669732
2002,R10EUR,E,Max,3.8248426018001,1.5542429764357022,6.1172168637305555,1.4470535570211145,1.1475854469317783,1.7846481809329586,9.77477792066268,7.733767065058186,11.040618193904312,6669732
2002,R10EUR,E,Median,3.0032389847043106,0.27795815634014304,5.5113626407131795,1.3071151599161088,1.0251473633385877,1.628920219302493,9.77477792066268,7.641749198759182,11.041122682373478,6669732
2002,R10EUR,E,Min,2.214607231547602,-0.11180093639085342,4.705328345696648,1.205981193056194,0.9959231534210171,1.5425369780261535,9.827318148701975,7.733244195764443,11.042163189841137,6669732
2002,R10FSU,A,Max,7.692026560417158,6.449567236149441,8.861491131911155,2.5105392329825413,2.0700339987425065,2.656461090872658,5.476956783461146,4.05970662091859,6.771273588084741,3271564
2002,R10FSU,A,Median,6.750133242116207,4.709451166917514,7.639773367813975,2.122792237397707,1.8962345310910689,2.339952705860706,5.705110290524905,4.400181048171286,6.90458857978005,3271564
2002,R10FSU,A,Min,4.479185193061724,2.4975708872792435,6.085316892837207,1.8019723065111062,1.4777279301473891,2.046814508840937,5.980844655202559,4.520123414784807,6.949482042286185,3271564
2002,R10FSU,E,Max,2.244347919446054,1.0513262682552535,3.2177268970501607,1.3806278503058838,1.1470169755221986,1.6951569051409048,6.188539437732448,4.647364614606071,7.616473824228305,3271564
2002,R10FSU,E,Median,1.55532416686754,0.1791306641533422,2.528325170255773,1.2583656500387144,1.029714734621419,1.500743643090171,6.188539437732448,4.619198368945473,7.616688761131181,3271564
2002,R10FSU,E,Min,0.9359726673730431,0.13660952253811143,2.531761265820137,1.1667656553796553,1.019591752440335,1.5040424887120387,6.167381597240705,4.646429018895807,7.616460390671875,3271564
2002,R10LAM,A,Max,10.355337088682198,9.045021794867829,12.09774436795886,1.6318384813617652,1.5419944766446019,1.8183597893087748,15.41719575546318,13.732426781530414,16.72731773234076,11065916
2002,R10LAM,A,Median,8.806932925119472,7.3357273258684135,11.007505690202414,1.6040993390901659,1.4832684439346235,1.7262599376563759,15.24573020991372,13.102397717339848,16.720116751590446,11065916
2002,R10LAM,A,Min,6.8443927574675385,5.488149202220985,8.819915033600095,1.4509660735963137,1.3443248870936884,1.6232848915932312,15.163104483679566,12.990114627780027,16.751321001508487,11065916
2002,R10LAM,E,Max,3.303941730697465,1.1268899245479094,5.780466076616753,1.215052720928099,1.0890421897309457,1.4385859185704784,15.244734569159128,12.914684182180773,17.150856803341348,11065916
2002,R10LAM,E,Median,3.3718692573873996,0.43650124156164005,5.461295820074671,1.2080117247072963,1.0263988696725024,1.3593110287513719,15.229526821256844,12.812350351319846,16.97212375583224,11065916
2002,R10LAM,E,Min,2.5242702340459005,0.23385693080022207,4.394592233849902,1.1785611550025663,1.0160819176548876,1.280438377783253,15.243738928404538,12.88470477443114,17.148579469435454,11065916
2002,R10NAM,A,Max,10.889575434000937,8.758971308864457,12.936198568235481,1.7551613282711866,1.5418613993699803,2.078581447376646,11.969328083161287,9.719473505045894,14.519901215271446,4325096
2002,R10NAM,A,Median,9.925155072470993,6.950946411486605,11.409243521484315,1.6246299487168585,1.4390564407090733,1.8553234768215905,12.057721820298525,9.851754074888353,15.564685940134588,4325096
2002,R10NAM,A,Min,6.682878835099412,3.644060229879887,9.186275283522637,1.4360161831449207,1.2374530971632822,1.7385247320263404,12.280643125801024,10.219670533248774,15.740544435495721,4325096
2002,R10NAM,E,Max,3.0997514388094136,-0.4089989382877359,5.735766647933366,1.2576424402667081,0.9657560771113538,1.606022843549451,12.089518024077652,9.701922645007745,15.754877986323013,4325096
2002,R10NAM,E,Median,2.5415495599395745,-0.2594144199888001,4.88691695946674,1.1737635008757852,0.9766226750046114,1.3983508005988374,12.089518024077652,9.658523080022242,15.820246631432246,4325096
2002,R10NAM,E,Min,1.9262253431505023,-0.47096610408474504,4.214966261670456,1.1392232241305562,0.9698892205180782,1.4431047183525723,12.057721820298525,9.70082571625536,15.750792446003686,4325096
2002,R10PAO,A,Max,9.291668101792215,6.173194134231064,11.812392134494292,3.282767996336072,2.32972451974839,4.108162014126422,4.504379821285905,2.45059459905814,8.737749720586402,1480644
2002,R10PAO,A,Median,7.5351985859762305,4.047960225966747,10.12501422490446,2.7200575648383376,1.896098250612147,3.8204705498825313,5.528038836012959,2.5049134084733153,8.787558206680757,1480644
2002,R10PAO,A,Min,4.644676360274531,2.7972129328885487,7.905585236900207,2.1941702544627897,1.5232027854914012,3.0118886238394786,5.166777992245225,2.717768719196977,8.737834057337984,1480644
2002,R10PAO,E,Max,1.9495397092819888,0.32564055647291307,4.43662587871555,1.4509869425992177,1.1039574657802989,1.8950893518234948,5.440329421798309,3.341188462440138,8.741565901496203,1480644
2002,R10PAO,E,Median,1.0510967126029023,0.03478965076130722,3.5563824616905544,1.308705015346855,1.0052616818851114,1.624817742457076,5.54202558657877,3.35183864320198,8.798171815569498,1480644
2002,R10PAO,E,Min,1.1982491206461914,-0.31949980907338627,3.093810029567935,1.2044213717916115,0.9512255333674574,1.9574835098810814,5.556012337144582,3.357163733582901,8.914921513345668,1480644
2002,R10SAS,A,Max,6.7982806651530385,5.346327005900202,7.978690448301295,1.7138390216050252,1.459873908949519,2.1157610213978755,9.532619537286287,7.068491849747096,11.405467030051604,34120096
2002,R10SAS,A,Median,5.336665821103459,4.089062156054657,6.678219907550126,1.5622997786967778,1.35391359672646,1.8967356300346334,9.222228146995327,7.0680365092145605,11.161941626636683,34120096
2002,R10SAS,A,Min,4.03831503595212,3.0995701224950643,5.402577849466706,1.4210040959374237,1.3238334492837254,1.7082792237685296,9.190441795728352,6.983840612545254,10.512894011743139,34120096
2002,R10SAS,E,Max,1.911232773959131,0.4573035445934351,3.848825852565975,1.226154785365529,1.0637090246478358,1.4381627502405274,9.428954034331717,7.083917378404888,11.069880222498242,34120096
2002,R10SAS,E,Median,1.779284517734542,0.26159899587256874,3.8167392346293387,1.22009363835559,1.0288842319603755,1.4056957463567807,9.428954034331717,7.0788371032133455,11.086025217001302,34120096
2002,R10SAS,E,Min,1.717687073861228,-0.5927892462670048,3.3883957365727104,1.156650747764307,0.9474082673287934,1.359614382871545,9.441001955878809,7.0810896044805585,11.119324268163862,34120096
2003,R10AFRMEA,A,Max,9.208821907920598,8.134821865131347,10.816448071716854,1.5642501673033335,1.4591467329120134,1.6493168105228468,17.44291045584248,14.87242145488016,20.413889826873646,31681624
2003,R10AFRMEA,A,Median,7.882051545164433,7.04864525442094,8.9310564462766,1.4593839409247262,1.3982475179963254,1.5374854993235065,17.63479030035932,15.323367725110074,19.83830033671749,31681624
2003,R10AFRMEA,A,Min,6.272760265843248,5.19791398580183,7.34308444578728,1.3793088932564106,1.3108689466228503,1.4552317697378683,17.70861520039977,15.120239114914911,20.008323540442444,31681624
2003,R10AFRMEA,E,Max,4.246791409632785,3.0474406688981563,6.381563044133354,1.2380797196838351,1.1614199750988705,1.3762708869207736,17.99167680214328,15.379071837367245,20.77107479881426,31681624
2003,R10AFRMEA,E,Median,3.458944408425637,1.74927716194707,4.950494901790829,1.1933164557160545,1.1234114853716228,1.2801251007328565,17.99167680214328,15.356337818327466,20.87008215112669,31681624
2003,R10AFRMEA,E,Min,2.8574493207314937,1.8334656789444441,3.9488303739889687,1.151043811298533,1.0958031621121682,1.234764847985976,18.086602995283446,15.372925025886218,21.074284815271074,31681624
2003,R10EASPAS,A,Max,7.412140308252776,5.402844315119587,8.298473773478696,2.0619911854080826,1.989107764905342,2.3671222972810453,6.181441495726632,5.3701469025755815,7.4917442975249,27687524
2003,R10EASPAS,A,Median,5.854545551592531,4.648838089948505,6.623490419240775,1.9007726610810285,1.7825514680109515,2.062441516891628,6.1739910668217854,5.20915648519997,7.329616798491909,27687524
2003,R10EASPAS,A,Min,4.211888656243239,3.158815982417639,4.9810921919735485,1.6925098076302185,1.5735648068230172,1.8161844544706494,5.931303631442994,4.807345185341945,7.267248242316801,27687524
2003,R10EASPAS,E,Max,2.1875035579258904,1.0889741632979124,3.266694845126397,1.3673475839814162,1.1550245944208637,1.5670547328827196,5.954080835101595,4.8260021196861675,7.252474917789638,27687524
2003,R10EASPAS,E,Median,1.4720603558902536,0.613206328605171,2.7597806291161784,1.297303853103255,1.098935966078073,1.4901030481081237,5.931303631442994,4.813397825083053,7.222819905323329,27687524
2003,R10EASPAS,E,Min,1.1974535997779272,0.538994856945374,1.9259904151468965,1.1975653683970569,1.08333606557923,1.3687484948834805,5.938953807362554,4.825951931838729,7.251906713000132,27687524
2003,R10EUR,A,Max,11.233411271187105,10.33374764343559,13.883299516567387,2.1215927688942227,2.004978994205661,2.8744101560080377,9.04384627475997,7.102188950011158,10.902628343008507,6649828
2003,R10EUR,A,Median,8.632706730568104,7.6159394816896615,11.407258202618998,1.9048665842511765,1.7562537482257896,2.5684646111741154,9.572548679914009,7.4930506450128656,11.115845060168809,6649828
2003,R10EUR,A,Min,6.476318495551686,5.090146537499832,8.8214615416754,1.751097127259977,1.5021204577799139,2.0873062231499535,9.670337325355115,7.809486052180778,11.02857533407861,6649828
2003,R10EUR,E,Max,4.076977588225311,1.5425987194214683,6.410228162235004,1.4494660406977347,1.1609371139302858,1.7865866821376628,9.894844408839493,7.90484935628492,11.24429222517824,6649828
2003,R10EUR,E,Median,2.9828723261259524,0.12353739646194808,5.603426111339191,1.2962572131584376,1.0111945478250592,1.6496061343891233,9.894844408839493,7.7680580696191495,11.257170795266802,6649828
2003,R10EUR,E,Min,2.222062295813685,0.07307075975633914,4.732574200394193,1.219090679446921,1.0074729557725997,1.5488137913201165,9.987189658213602,7.904770412072524,11.283732846074459,6649828
2003,R10FSU,A,Max,8.103265771708097,6.696074118686678,9.271445718911988,2.532702699302334,2.1199540785328876,2.6949659870457126,5.537187006615039,4.0993311638496985,6.873076282258828,3269076
2003,R10FSU,A,Median,7.141499592353236,4.921640288701718,8.007801079663919,2.169418724926728,1.9439101949101913,2.3568862055696256,5.7205605954866074,4.540451866993417,6.961728340603658,3269076
2003,R10FSU,A,Min,4.747563310201009,2.8353592855591754,6.218990330472794,1.8471409724630283,1.4983182527062724,2.059898921342442,6.033589136072843,4.636922700328969,7.1169474134997275,3269076
2003,R10FSU,E,Max,2.236630452020716,1.0991180505964342,3.3656538855875047,1.3396708555032042,1.1662938508245095,1.6854492075128846,6.358466408824149,4.673932851785268,7.777743410674577,3269076
2003,R10FSU,E,Median,1.6665929844517224,0.08638783433456278,2.439989560038554,1.252916733398876,1.014922925463918,1.4829412471486647,6.358466408824149,4.657910840593803,7.783707058580651,3269076
2003,R10FSU,E,Min,1.0263039934225597,0.06552642432584932,2.549774115935225,1.1719151657550202,1.0078746828482656,1.4991301412145706,6.223677913272054,4.67214221091179,7.777370682680448,3269076
2003,R10LAM,A,Max,10.83832226994289,9.568831110521343,12.553506272261675,1.6618705722489386,1.5635595881357895,1.8436620307978115,15.588836540209755,13.86941644375527,16.8553892977263,11008004
2003,R10LAM,A,Median,9.13066423960639,7.642823180366451,11.486823502171749,1.5896848627985987,1.497826053715141,1.7445020468216468,15.478216376403859,13.21524942374647,16.836991133730137,11008004
2003,R10LAM,A,Min,7.108122655635432,5.517369683972109,9.016987076967336,1.4688431272346245,1.3506633078430395,1.6363961039367916,15.387975423534051,13.099361859438716,16.916716511046847,11008004
2003,R10LAM,E,Max,3.3081398413522134,1.0392604626387623,5.850019673913166,1.219144562735096,1.087058627072269,1.4524710763182052,15.47209246485367,13.00529540398916,17.310940257707124,11008004
2003,R10LAM,E,Median,3.4630743055271083,0.28698689839275887,5.676265320901984,1.2095086946283,1.0205170301710775,1.3605211368920236,15.430022966649013,12.937965970676201,17.15171392382198,11008004
2003,R10LAM,E,Min,2.6112785288476257,0.2834971677639384,4.507304802781356,1.177537290967615,1.0192817793016524,1.2709402987046339,15.465968553303481,12.966915960983716,17.307157418027202,11008004
2003,R10NAM,A,Max,11.485602392000729,9.415770738058864,13.307876408278219,1.764335281025022,1.550292219549044,2.109287466112371,12.068508829751362,9.937489380032419,14.673214567528365,4349404
2003,R10NAM,A,Median,10.259436317805374,7.310659975121057,11.936720633308784,1.6475633593827548,1.4532687257973889,1.8760965444323283,12.136857615483718,10.070700994603705,15.741101310713693,4349404
2003,R10NAM,A,Min,7.014456091285288,3.959722309284667,9.526184471167142,1.4510802927600892,1.2510490923961712,1.7648083560953607,12.445464969870224,10.396619744636945,16.121954332745283,4349404
2003,R10NAM,E,Max,3.199697419441252,-0.32875236600636865,5.702018655579188,1.2664598042038053,0.9636279666143507,1.6148192942530828,12.202195657572702,9.91725210023397,16.15941184822748,4349404
2003,R10NAM,E,Median,2.645782667788211,-0.27523578190623665,5.076320947101179,1.1648341215915812,0.9772019049347092,1.4100656839056191,12.202195657572702,9.866657396431599,16.163249372563016,4349404
2003,R10NAM,E,Min,1.9486543989324474,-0.4022265874620903,4.275541442034935,1.1488871507322307,0.9692794770291185,1.4356052981642724,12.136857615483718,9.91601398000157,16.159172002956513,4349404
2003,R10PAO,A,Max,9.411057694233417,6.450353094282558,12.267919840506146,3.284830877671909,2.370794690007165,4.1158387954271,4.512368701132399,2.4800055747267757,8.93413858473933,1468836.0000000002
2003,R10PAO,A,Median,7.143193024866703,4.278594537120774,10.295289812155378,2.7823483545113503,1.9116871494945853,3.815667030112844,5.678566432287818,2.512116329335125,8.985809845573506,1468836.0000000002
2003,R10PAO,A,Min,4.89420089819769,2.9241136566804595,8.024928954735449,2.2219505102274946,1.5516592393083448,3.112569394159135,5.234475496474358,2.747565028313802,8.94783446333798,1468836.0000000002
2003,R10PAO,E,Max,2.004524173751739,0.3114501351565772,4.572122509215886,1.4563488523810881,1.0926470693853398,1.8886023988005285,5.513203706513834,3.334688531236744,8.979797474219065,1468836.0000000002
2003,R10PAO,E,Median,1.2191152744647669,0.023225558075525662,3.618079625081392,1.2855783608431288,1.0053607556035764,1.6223281702696402,5.71144978710231,3.3398704813835205,8.98719731588607,1468836.0000000002
2003,R10PAO,E,Min,1.2588413671271805,-0.16999045262878454,3.0643894898664,1.2048232748710541,0.9357407649279729,1.8628084698657987,5.744333141916802,3.342461456456909,9.002459489324266,1468836.0000000002
2003,R10SAS,A,Max,6.981099574959031,5.71876044582729,8.168870413139597,1.7399620112199288,1.4642169225014592,2.1192316666443705,9.594788459710603,7.184306562754594,11.43083551272586,34194124
2003,R10SAS,A,Median,5.709783428819058,4.246039907493924,6.915237743442422,1.59121519334169,1.3566707312672128,1.916578372457362,9.21344461035396,7.183214438141254,11.156194917735201,34194124
2003,R10SAS,A,Min,4.403518543339809,3.212227958262031,5.747455022145056,1.4811445604252784,1.3233431771328026,1.7217761905081135,9.060286009596009,7.119524551150696,10.590091924389952,34194124
2003,R10SAS,E,Max,1.838183098427482,0.4616142110556962,3.8709463861037174,1.2133746544179334,1.0708195879678404,1.443203952784969,9.463398755480918,7.2145974314236,11.064103209655183,34194124
2003,R10SAS,E,Median,1.9846849137215115,0.21452114807514722,3.887937930162301,1.2299837112239669,1.0278119670362593,1.4103654293580494,9.463398755480918,7.2025086396435984,11.08209312921918,34194124
2003,R10SAS,E,Min,1.7735865255087546,-0.46405275168746485,3.512975606878962,1.168252143003762,0.958796673586052,1.3569493260594414,9.503402236622469,7.214522010390341,11.119197338319921,34194124
2004,R10AFRMEA,A,Max,9.667578862968096,8.570925584132628,11.299284661154186,1.5795319792742486,1.4856892514293745,1.6648920322007887,17.667851536550586,15.028098467983677,20.624158165776315,32305052
2004,R10AFRMEA,A,Median,8.364674471920814,7.4064589554407405,9.342094858544742,1.4748161388828394,1.4203205269204338,1.5631108288438613,17.89617619987756,15.515655035671243,20.05552219278244,32305052
2004,R10AFRMEA,A,Min,6.615294553245929,5.50536045043147,7.614216200473309,1.395413368774924,1.3256417273696446,1.4567929117766518,18.002600033952522,15.32401709817408,20.227623860700803,32305052
2004,R10AFRMEA,E,Max,4.299298366220997,3.067386418777573,6.568761209988621,1.2372070506329038,1.1629848196739392,1.3806399689299553,18.291151556858424,15.63557303880783,21.15303604120939,32305052
2004,R10AFRMEA,E,Median,3.549374660395232,1.824550857262087,5.081118378195245,1.190775245599888,1.1212263960946187,1.2902280845829859,18.291151556858424,15.567753750467665,21.16098914764487,32305052
2004,R10AFRMEA,E,Min,2.9537273138646647,1.7482216374826258,4.018544030735313,1.1527527955938277,1.09793181975071,1.2532630849337838,18.32611481407034,15.63193194231512,21.177392429668046,32305052
2004,R10EASPAS,A,Max,7.734525060635574,5.649736228972303,8.690736162814549,2.1386890071575517,2.020292378813899,2.417133595541096,6.325333259675341,5.480675980823299,7.587530760236554,27603532
2004,R10EASPAS,A,Median,6.239631393748158,4.685228575399443,6.813426626416636,1.9189731828978593,1.8126736350183856,2.10472386268179,6.287929136797391,5.2484677571141045,7.534434013926358,27603532
2004,R10EASPAS,A,Min,4.294839820515794,3.2798023175746365,5.095189122905107,1.7084419521012273,1.5709809295609336,1.8389611034382285,6.016420080859491,4.867800556322098,7.4711479862734365,27603532
2004,R10EASPAS,E,Max,2.2589767509034706,1.059510518287155,3.268037098329439,1.3713439136421832,1.148660630543353,1.5693078077388343,6.043140674691424,4.88733264067113,7.421670303825341,27603532
2004,R10EASPAS,E,Median,1.546629088771422,0.6224104771132444,2.7125991244643846,1.3014505725536194,1.1067108196441438,1.490056207136822,6.016420080859491,4.867724772645307,7.351094622677041,27603532
2004,R10EASPAS,E,Min,1.3114590358973484,0.43225529811964014,2.0061834867332333,1.2088668302454535,1.0698771655115922,1.3785578804485386,6.023226146279876,4.887268772452735,7.419767316038875,27603532
2004,R10EUR,A,Max,11.683078679031063,10.936040696906002,14.735770158207057,2.1944059611311912,2.0331749747371397,2.90916673912895,9.183717317563485,7.350891461667532,11.0644248036851,6629924
2004,R10EUR,A,Median,9.145309478299463,8.058352271938846,11.776781863845775,1.941308760684245,1.779493436358042,2.6215559564456687,9.852120154093209,7.648676848343539,11.210663499180544,6629924
2004,R10EUR,A,Min,6.5996665474446266,5.389984140936431,9.204256095444016,1.7804764189149438,1.5150275873364367,2.127968201388097,9.861064851995684,7.854685151980076,11.099466521251973,6629924
2004,R10EUR,E,Max,4.167827726918001,1.7426875085199347,6.7025842954976245,1.459385111264965,1.1732801973219311,1.793655671068699,10.036077373795793,7.931502943304644,11.434440615514639,6629924
2004,R10EUR,E,Median,2.9731076638922174,0.06252663196715105,5.723991942924416,1.2889894159687534,1.008433664137327,1.6796090073841876,10.036077373795793,7.821985421244118,11.43787526508428,6629924
2004,R10EUR,E,Min,2.4104639317405816,0.05466959010579231,4.681333149944782,1.2261238561688026,1.0052329849187407,1.5688594030212482,10.13797519170988,7.92989453267278,11.444959229821666,6629924
2004,R10FSU,A,Max,8.505931601924074,6.951770491159095,9.74523000610895,2.527181953007147,2.1756661177111734,2.733828996809606,5.596700230675159,4.284615533502292,6.89866984781721,3266588
2004,R10FSU,A,Median,7.330562821937882,5.240537794914951,8.335298258183672,2.198518466763079,1.9419623266727943,2.3741247471797395,5.893731223221169,4.667393343286891,6.990202004040236,3266588
2004,R10FSU,A,Min,4.989535970650106,3.4637984130804513,6.453246931070124,1.8474828671088344,1.4967191256100008,2.0904101246730575,6.071080599592839,4.693920271890028,7.29468183207344,3266588
2004,R10FSU,E,Max,2.278004955621092,1.1055176093899273,3.5690770405163277,1.3633439003291152,1.1419343546558731,1.6254851758814162,6.335701945605813,4.70437663550125,7.83452105957238,3266588
2004,R10FSU,E,Median,1.6453732860282255,0.01953309289296379,2.452698829395781,1.2589599192933534,1.003645241374573,1.4482206579746715,6.335701945605813,4.6897096483022285,7.848373758230645,3266588
2004,R10FSU,E,Min,0.970828118447316,-0.02872524631870732,2.5547815614806755,1.1579430181916395,0.9952942463320935,1.5226761461627947,6.246184459682724,4.703604706141967,7.833655265906239,3266588
2004,R10LAM,A,Max,11.316099661031547,9.871017971450865,13.088457555778373,1.6991344683316814,1.581473473947477,1.8774513271721083,15.777404188716256,13.996062728528099,16.99691082912647,10950092
2004,R10LAM,A,Median,9.482799907445255,7.915524201094332,11.801216726139213,1.6182476326139912,1.5116076969578873,1.7505254600065894,15.620323109015493,13.329057515232053,16.97321176241548,10950092
2004,R10LAM,A,Min,7.432059942456954,5.538424281669659,9.291804219122163,1.4872999565782017,1.3693934364944322,1.6523225943512232,15.569572946586664,13.21626828805706,17.075907718163094,10950092
2004,R10LAM,E,Max,3.3449913500044355,0.9102238791576613,5.951371856850731,1.2279108108896417,1.0833779546763194,1.46002636929934,15.690726903909507,13.125881262290552,17.4722634541504,10950092
2004,R10LAM,E,Median,3.542964853298944,0.43033916373495695,5.893435835446153,1.211324910048615,1.0310754460023486,1.3667357232021513,15.614127944337366,13.032020165730778,17.334383030800424,10950092
2004,R10LAM,E,Min,2.6192335718104243,0.36173430295164444,4.595955110149749,1.1726940162108859,1.0232853484922397,1.280565984960852,15.620323109015493,13.08324996223825,17.470684670009877,10950092
2004,R10NAM,A,Max,11.76665191982797,9.95794143881099,14.05290293107128,1.7727768800887405,1.5715614074543283,2.136063030630804,12.167999764977807,10.000679479822116,14.782175801915217,4373712
2004,R10NAM,A,Median,10.494007866859583,7.630842105284308,12.37624924591504,1.6807475706258923,1.4783844497237857,1.896328393756295,12.241929364682615,10.371100406037446,15.891557895055794,4373712
2004,R10NAM,A,Min,7.386148442745787,4.28997282195043,9.797120589257903,1.4771346838551422,1.2736396305132682,1.7851633139784373,12.557866288859117,10.592957250649519,16.348728584204764,4373712
2004,R10NAM,E,Max,3.2145521327613706,-0.1919918738231984,6.029307449515219,1.2753850691306123,0.9909126031267705,1.6353097936767753,12.336941710278705,9.927813393478097,16.361453392372397,4373712
2004,R10NAM,E,Median,2.7602579598868235,-0.2701238950771888,5.130944881437838,1.1641799549169285,0.9777953871242615,1.459798750459322,12.336941710278705,10.015537438104971,16.37905119310264,4373712
2004,R10NAM,E,Min,2.1802014533255836,-0.3809051111380821,4.302293721682415,1.1693943391299373,0.9761233566951869,1.4414438563899088,12.241929364682615,10.060003182215493,16.360353529826757,4373712
2004,R10PAO,A,Max,9.53164782988658,6.714081303943364,12.450870490181043,3.3064015043625696,2.411951374424881,4.098121997835044,4.5550103029294196,2.506913478770873,9.050918728160594,1457028
2004,R10PAO,A,Median,7.4879055733312025,4.7256146888913095,10.48336188031463,2.8680516313794926,1.946880920174173,3.8745377789760926,5.831045863752945,2.5193258428269973,9.077085836563217,1457028
2004,R10PAO,A,Min,4.996580274705152,3.081142647760069,8.307983675373073,2.245851112480344,1.5898612924152644,3.1290593847872574,5.3081043107937695,2.823604584911798,9.089925114835875,1457028
2004,R10PAO,E,Max,2.0621707694221287,0.33183447051527043,4.566066334852978,1.4663503497915,1.0927882549355328,1.881150343908267,5.600800011552058,3.3169444612077696,9.115088413270609,1457028
2004,R10PAO,E,Median,1.2603926683548854,0.06124810503026866,3.599557185384813,1.271728542963134,1.0165059097909936,1.6312838013541648,5.88503792081856,3.341968293062597,9.154250849431167,1457028
2004,R10PAO,E,Min,1.2588142295000857,-0.30679274374549315,3.1394714694779733,1.2229970173534472,0.9254789515831561,1.8114776860277708,5.939029977884173,3.3544802089900103,9.235023374012313,1457028
2004,R10SAS,A,Max,7.191222819247585,6.06183811682378,8.712084592282713,1.7763312911405533,1.4789144346928491,2.1648538940044966,9.518391962583436,7.281794749286144,11.531629871810502,34268152
2004,R10SAS,A,Median,6.085050163963388,4.353604945369131,7.24663304517583,1.6104797147948522,1.3840860915226636,1.9299039689746267,9.241236896442429,7.280436338933829,11.158962971839824,34268152
2004,R10SAS,A,Min,4.664310286090059,3.5203573444097263,6.0886113189880025,1.5358985657944668,1.3437606873952421,1.7364147667870518,9.20341033076126,7.247797628681807,10.70490811892525,34268152
2004,R10SAS,E,Max,1.8632780609621198,0.4510441394073917,4.059977057085701,1.2022717261438476,1.0726571425821194,1.4523084635932595,9.374131617604073,7.274549894073802,11.125736617189947,34268152
2004,R10SAS,E,Median,1.997217225730839,0.10741344396213466,3.942303574160105,1.228791289113044,1.0117752711934358,1.4162266900180864,9.374131617604073,7.269641981117737,11.16663059214364,34268152
2004,R10SAS,E,Min,1.6920903142227015,-0.3354902156720989,3.4149975364370118,1.1667189322200697,0.9682453828749297,1.3445842078975545,9.459655521681595,7.27409709062303,11.25097441548563,34268152
2005,R10AFRMEA,A,Max,10.327191497309219,9.1144949537641,11.800475383344855,1.5955058010765417,1.509140007370743,1.7015930524060563,17.852299782178267,15.312016328592854,20.781214800874668,32928480
2005,R10AFRMEA,A,Median,8.858850335893669,7.830023954204283,9.76335645015605,1.4937287836313482,1.4451204534175586,1.5961136842791408,18.120651258614693,15.6983816913262,20.367722842586183,32928480
2005,R10AFRMEA,A,Min,6.908905866156458,6.005394127742161,8.033777862844104,1.4047463409491634,1.3463382046532315,1.4700065241016276,18.14401220250587,15.560133643269715,20.484248129751848,32928480
2005,R10AFRMEA,E,Max,4.403283843848154,3.1074245174333086,6.8217577218162875,1.2445697165392824,1.1674716251353785,1.3758423314907797,18.443258607822152,15.963644083697446,21.148745062577635,32928480
2005,R10AFRMEA,E,Median,3.5299737451547752,1.9692702721085709,5.163406007832747,1.1879346903283015,1.1171834770617584,1.2917859907530325,18.443258607822152,15.861683817788734,21.280036437508958,32928480
2005,R10AFRMEA,E,Min,3.109408993803676,1.71009924231738,4.130014902318518,1.1552806170871934,1.093378356393709,1.2609118798422863,18.45241093181799,15.963362500303141,21.550824898304796,32928480
2005,R10EASPAS,A,Max,8.097710345389608,5.910631011123072,9.041161502521994,2.152936283298466,2.0420339612852567,2.465231719153291,6.392833162018555,5.566442718163019,7.688037168193552,27519540
2005,R10EASPAS,A,Median,6.477020988869451,4.843101537351783,7.003371486038281,1.956533254497197,1.8458207092901833,2.1571190586743425,6.361675856819111,5.323224420616306,7.619180071476352,27519540
2005,R10EASPAS,A,Min,4.50707932902863,3.3960679065255484,5.319387315430627,1.7196745115334258,1.5979925971241722,1.8844718478370925,6.090972292450749,4.891047369865473,7.59617301872963,27519540
2005,R10EASPAS,E,Max,2.3302205485450833,1.0297078105784503,3.3112278779031947,1.3801435986537824,1.1627777658785619,1.5719603373326225,6.130490934409668,4.912159405092759,7.575684585347516,27519540
2005,R10EASPAS,E,Median,1.6139151248837387,0.5885138902620219,2.787631498949137,1.3187667985253826,1.0985439727864776,1.4988388454658934,6.090972292450749,4.902179973493979,7.560153914426144,27519540
2005,R10EASPAS,E,Min,1.3314777866646725,0.3675661053332444,2.0288445510465047,1.2239060029456015,1.0613052914105947,1.3902119442002099,6.107063962199001,4.911687915509229,7.574896568678973,27519540
2005,R10EUR,A,Max,12.28095317953733,11.208045828003925,15.640573749809853,2.283960152951259,2.063367199646574,2.926340097960206,9.412732211417554,7.609464552089495,11.171088396400549,6610020
2005,R10EUR,A,Median,9.973662731584202,8.55702819763798,12.057636094566721,1.9964369121254817,1.8070716358761745,2.6552715696071285,9.924136730007774,7.804777168738619,11.32803693970288,6610020
2005,R10EUR,A,Min,6.847868873874219,5.82747143894893,9.660262946283236,1.8310073034177532,1.5316125250924668,2.1779696211423927,9.93247271520806,7.914978317532062,11.262046642938028,6610020
2005,R10EUR,E,Max,4.276803014519316,1.99618156328926,6.788757457731392,1.4656845286843359,1.180645311500977,1.813958769392923,10.227231636325286,7.95833281107582,11.439911873703027,6610020
2005,R10EUR,E,Median,3.0306004130975435,-0.05272160682426407,5.864203731965878,1.3126957196632756,0.993619406076248,1.7173884798321413,10.227231636325286,7.897486071691834,11.487621256440669,6610020
2005,R10EUR,E,Min,2.2836487794124416,0.02819348805149069,4.7265111721946145,1.2319677365044313,1.0026450848750037,1.5950429993247421,10.27956704741079,7.955210482964588,11.586021858337048,6610020
2005,R10FSU,A,Max,8.878485972381112,7.2574420701574445,10.248761087700313,2.59579616214394,2.261160767937258,2.795111603971966,5.653003750407564,4.325615153409205,6.929218573035549,3264100
2005,R10FSU,A,Median,7.560842134995173,5.450712190620244,8.69985989131144,2.2237040090438143,1.9746369525882521,2.376772302498641,6.093891979740244,4.804009400028249,7.123170944457779,3264100
2005,R10FSU,A,Min,5.196092197326759,3.519989228949836,6.765805750438361,1.8655213349611284,1.52052235747218,2.093164261720112,6.1369680012545125,4.814499493185765,7.483617545782007,3264100
2005,R10FSU,E,Max,2.3173365186571546,0.9128086809142925,3.585112935669504,1.387502207478204,1.1411768098236643,1.6165562012669041,6.3516109275299115,4.8183554429157915,7.793139612674382,3264100
2005,R10FSU,E,Median,1.5371021728428456,0.02889389849750946,2.5425617568639334,1.2509173283608994,1.0027728561761766,1.4358634157081136,6.3516109275299115,4.812834399033778,7.83604183911497,3264100
2005,R10FSU,E,Min,0.9387786811556884,-0.07430234108103662,2.676842651271784,1.1444901503861893,0.989669068505685,1.463370131467167,6.285006100979392,4.818329209735333,7.7904582235218465,3264100
2005,R10LAM,A,Max,11.705679085665937,10.21334933549414,13.515416124599913,1.7310907942836806,1.6141865996393212,1.9057843148900506,16.031176882097274,14.095385946802393,17.140865812861623,10892180
2005,R10LAM,A,Median,10.129948209253605,8.23002705810451,12.343377032686076,1.6197674147635914,1.5341926458177508,1.7742589310034536,16.0056110240914,13.372416830027174,17.109065890529067,10892180
2005,R10LAM,A,Min,7.801301498152119,5.782106029770406,9.576027552905092,1.497762518055243,1.3782443555539141,1.6748437847538333,15.633203457284795,13.273795917900948,17.24686555397014,10892180
2005,R10LAM,E,Max,3.4384575163113817,0.8800605397743919,6.13061575550371,1.2364726140283953,1.069312055880958,1.4631283839722729,16.012273575025745,13.272625370077625,17.741230325002366,10892180
2005,R10LAM,E,Median,3.5626015254959658,0.5457679809755593,6.01971823949677,1.208497958313955,1.041957472121977,1.362695203045358,15.870232732885407,13.189496707427935,17.616660907619032,10892180
2005,R10LAM,E,Min,2.602979580573715,0.32267961508231835,4.766367665498112,1.1625449804832078,1.0195863285380902,1.310410959069291,16.0056110240914,13.242282150482094,17.73994960505252,10892180
2005,R10NAM,A,Max,12.366640692836704,10.243297788786155,14.827679797704718,1.8041172425030383,1.5959959613877175,2.171107276351348,12.18205502821618,10.090342671586251,14.908899491519936,4398020
2005,R10NAM,A,Median,10.754474378167387,7.918644649594047,12.795120259009966,1.6717012846383015,1.5057852662715574,1.9137041709024398,12.554590612039306,10.504095311850737,16.020153661148836,4398020
2005,R10NAM,A,Min,7.737378276260838,4.466177178348866,10.030388140642147,1.497767912930137,1.2736059397515926,1.8052797557072613,12.652372426306984,10.618660141843876,16.468417636879085,4398020
2005,R10NAM,E,Max,3.266295350467889,0.006522890535021214,5.993283631133776,1.2725419139424812,1.0003798043676644,1.6652450161599865,12.55887961703925,10.011406571716083,16.549082024096734,4398020
2005,R10NAM,E,Median,2.8263309800743643,-0.20008439806127534,5.121078607515864,1.16966830139964,0.9831512211929558,1.4995886116095805,12.55887961703925,10.245898104336778,16.55165822368818,4398020
2005,R10NAM,E,Min,2.3131353410223046,-0.26111657878374217,4.329059407283031,1.1604495416324714,0.9840528914489853,1.447793182481639,12.554590612039306,10.363143870647122,16.54892101162227,4398020
2005,R10PAO,A,Max,9.74528415456024,7.109370951788792,12.631679215544741,3.299357877315012,2.438192897475677,4.152307871733821,4.605335454977224,2.537180901063796,9.106859980366202,1445220
2005,R10PAO,A,Median,7.77003540879476,5.063151588549843,10.784831674014017,2.9354436426910455,1.9824477283793684,3.9618596767705987,5.899116803911659,2.550513428835554,9.213104393836083,1445220
2005,R10PAO,A,Min,5.354210071297747,3.311395586921444,8.768783601791764,2.201938232116129,1.6101647788957627,3.171458948612317,5.317911681772494,2.8512559566988314,9.224720591655698,1445220
2005,R10PAO,E,Max,2.1406499622816515,0.3381092690828534,4.701097187522157,1.4695155633603953,1.092928027615092,1.8804497791673793,5.6327495830928935,3.318357592937109,9.245669796987585,1445220
2005,R10PAO,E,Median,1.3021750108101164,0.07941455898530216,3.6748293165577577,1.2698832954338863,1.0296134198051585,1.642252891274435,5.924621863843409,3.3546888722193287,9.252029328634794,1445220
2005,R10PAO,E,Min,1.2572093024469888,-0.2675800522147922,3.18372283546467,1.2279802666296056,0.9116942307395581,1.8113020282164927,5.9501269237751595,3.3728545118604387,9.26514586265717,1445220
2005,R10SAS,A,Max,7.431580791223613,6.358381933419983,9.125317358419204,1.7840958004278051,1.5065197713528342,2.2227367781264835,9.605760512248558,7.379520723543271,11.658667015644848,34342180
2005,R10SAS,A,Median,6.340109329732282,4.4252907328580715,7.488506638442434,1.5818939272582337,1.4211942436918104,1.9846534340737754,9.28942046783612,7.377891882992712,11.161809118729101,34342180
2005,R10SAS,A,Min,4.787472338750913,3.4871884742502353,6.345319484001501,1.5755200312057585,1.3607490362343007,1.7693181693669868,9.223372840033385,7.3696744837723704,10.896354490018503,34342180
2005,R10SAS,E,Max,2.0065043113306755,0.4987561003132025,4.084861777549743,1.199728474620723,1.0567465273732295,1.459923467472044,9.433111485687997,7.370833573940286,11.129648746411485,34342180
2005,R10SAS,E,Median,2.0733069680847023,0.03868951005996316,3.977053739627297,1.2276690178900012,1.0029319098155987,1.4236951229563601,9.433111485687997,7.369406595373357,11.169230743110088,34342180
2005,R10SAS,E,Min,1.6722623875120828,-0.48488311950324814,3.389312576290414,1.1622265563604555,0.9589853495686166,1.3447876013240365,9.450372589543255,7.3702906270901,11.250868611300955,34342180
2006,R10AFRMEA,A,Max,10.863034342767122,9.743677869390996,12.292603631137366,1.6115537960276685,1.5314386042167483,1.7417278605639233,18.059007528603203,15.619604070328105,20.940606765440084,33745416
2006,R10AFRMEA,A,Median,9.367024950130073,8.370461932841062,10.371914409880215,1.5010627143271542,1.4578785852893685,1.6307543562829647,18.31805062555828,15.709234285413837,20.67551913565,33745416
2006,R10AFRMEA,A,Min,7.284186599013936,6.475389544062097,8.399822912839007,1.414500973691537,1.3535544386012341,1.4847247515202746,18.394823276218066,15.64317221613532,20.741301220951947,33745416
2006,R10AFRMEA,E,Max,4.664828524456155,3.0869345940599886,6.902149155188559,1.25816219594109,1.1814312855012625,1.3807903863419284,18.810821343697032,16.062987220791978,21.231203320149856,33745416
2006,R10AFRMEA,E,Median,3.543854283667322,2.0456264227198733,5.301918561673909,1.186008651104763,1.1196748205241,1.2898560740970844,18.810821343697032,15.938313619293815,21.403872542858295,33745416
2006,R10AFRMEA,E,Min,3.1661503441623537,1.6780921808038904,4.128998064711585,1.1660116734793529,1.0863080809085672,1.2638983191137385,18.825976949278264,16.059546767640583,21.760002814694445,33745416
2006,R10EASPAS,A,Max,8.425337014356913,6.126046316127708,9.515478444019966,2.206079738846933,2.0760064528985573,2.5150777056167013,6.376551474778374,5.6021677651958,7.836063033606402,27670756
2006,R10EASPAS,A,Median,6.722854118499786,5.160883073138095,7.5176658112190236,1.9933591010118588,1.8680147193632979,2.205131028687349,6.359848615078997,5.356172884211181,7.774173733703196,27670756
2006,R10EASPAS,A,Min,4.706121829208007,3.5474089534049758,5.5327295531000065,1.7478645166610338,1.6307106987367153,1.9364482275482033,6.081458188372361,4.966502692411572,7.71751641064922,27670756
2006,R10EASPAS,E,Max,2.3860958322599166,1.0840818314161424,3.3822032210572495,1.3867786185167388,1.1605747180042674,1.5739189123640571,6.150093579536045,4.97688052794809,7.66630513543647,27670756
2006,R10EASPAS,E,Median,1.6991889872859405,0.6119406899861516,2.7856426765881848,1.31168555409203,1.0811790196122169,1.5018750812942585,6.081458188372361,4.962136666163273,7.636020017884409,27670756
2006,R10EASPAS,E,Min,1.3635641165943784,0.36203418259719466,2.0892377553231514,1.2423136866030502,1.0625154922732412,1.3974347714353517,6.088117332505598,4.976544552782659,7.664335471005211,27670756
2006,R10EUR,A,Max,12.907159204101848,11.690470326302805,16.436830993454628,2.363672343252758,2.0966752761350955,2.935010259876326,9.64738944907973,7.819196553433082,11.268315531404411,6646804
2006,R10EUR,A,Median,10.736690053036856,9.008752686438733,12.444085188656535,2.0249523556987787,1.821921828696962,2.6753763061019074,9.974862041247802,7.931022597259872,11.444314415384394,6646804
2006,R10EUR,A,Min,7.104080788352226,5.95193159150553,10.102034480857515,1.844941623368801,1.5279384502971145,2.2273962873412265,10.000949102393129,7.944419698888103,11.394871162689853,6646804
2006,R10EUR,E,Max,4.40382046526832,2.244669666904712,6.827453081835198,1.4873168830200902,1.1828214709581157,1.8383352524171293,10.421762439721755,7.952271644093305,11.544963498674662,6646804
2006,R10EUR,E,Median,3.1341266292917074,0.14291504796742757,5.991109377808295,1.3402281382670211,1.0146696231932588,1.7393260686183565,10.421762439721755,7.94229317482013,11.598983383475138,6646804
2006,R10EUR,E,Min,2.481138064547686,-0.018495631438621984,4.722400868861753,1.2273715360473236,0.9985644534932272,1.565852708893555,10.456781921543444,7.949310704244442,11.710399395876118,6646804
2006,R10FSU,A,Max,9.32667590115526,7.5530808571639705,10.7707000985502,2.5753817150404625,2.33423136356272,2.7967155326644813,5.5976779351662085,4.3605740018706385,6.997114427340909,3369524
2006,R10FSU,A,Median,7.6916325084552,5.682824577070679,9.084866943822917,2.297108167748489,1.91816494725126,2.421479419246338,6.294559444171837,4.886656321148632,7.286789826586579,3369524
2006,R10FSU,A,Min,5.431121008371353,3.6987072847525186,6.976209275389372,1.8495807707801069,1.541078638235098,2.0941287928192884,6.3302309178264995,4.937186490254947,7.675979289195352,3369524
2006,R10FSU,E,Max,2.3576148497321108,0.7894028961729974,3.738728594597749,1.3927955054890022,1.149874137997956,1.6030331352869305,6.394798616396171,4.955699419487866,7.950516206729269,3369524
2006,R10FSU,E,Median,1.5956050581036907,-0.04250186864555659,2.570687358601916,1.2374545329011748,0.9901805293134214,1.4290109112547298,6.394798616396171,4.9291658284920405,7.951159507106175,3369524
2006,R10FSU,E,Min,0.8967973584243785,-0.07266254382232873,2.663011895074929,1.148824282697386,0.9912330689970118,1.4739912603144982,6.366280135883088,4.955634012309634,7.950476000455712,3369524
2006,R10LAM,A,Max,12.118870121399306,10.63423217223307,14.034819338514403,1.7649521584444323,1.638000653263981,1.926379804943045,16.385320280647008,14.181453423235396,17.46537545225317,10823904
2006,R10LAM,A,Median,10.520648097770344,8.618257137370776,12.961434142446903,1.6388959615488854,1.5440594463321575,1.8016569975646632,16.23287611270402,13.466147377790648,17.4420619442433,10823904
2006,R10LAM,A,Min,8.010108259394068,6.074109854896466,9.985164141066004,1.5120235023961603,1.384144491709721,1.6912490541452974,15.76007492279773,13.355109576170475,17.543087145619396,10823904
2006,R10LAM,E,Max,3.528909959601414,0.9244453752476565,6.330569191507511,1.242829354132435,1.0701358191270214,1.4684352458554213,16.275471625813754,13.322639059467374,17.832660463188486,10823904
2006,R10LAM,E,Median,3.6526939697951706,0.5804245592945243,6.086075055751515,1.211597818218931,1.0427594301672551,1.3697039333369507,16.087384567728236,13.271410441095481,17.81608006922275,10823904
2006,R10LAM,E,Min,2.563189549944161,0.2701591242402692,4.89376907024227,1.1509155481114712,1.0157292949179868,1.341143843647609,16.23287611270402,13.288997752706244,17.831827758786954,10823904
2006,R10NAM,A,Max,12.713004392604697,10.495250751770477,15.419047617236325,1.8361404003473973,1.6239938557506048,2.199388719354361,12.174312116250265,10.254781996707965,15.040542591462707,4425804
2006,R10NAM,A,Median,11.128785698510981,8.19094325515944,13.222567090758652,1.7031461548164983,1.5322602201253248,1.9528954232015834,12.68205596898323,10.487575581093102,16.128812434899185,4425804
2006,R10NAM,A,Min,8.00743810333731,4.958725918831927,10.201791799132668,1.5039618452480261,1.3051866563835395,1.8191576605667723,12.94425771284886,10.803375433934647,16.55207034322582,4425804
2006,R10NAM,E,Max,3.138891102929325,0.30633513271925267,5.949878136168961,1.262592234418368,1.0099230111484798,1.6681706927815467,12.69358161208298,10.213434905511074,16.700335909525297,4425804
2006,R10NAM,E,Median,2.7821079202230097,-0.12619001229302299,5.18737755327334,1.1751166579327645,0.9885339170473897,1.5127696749874198,12.69358161208298,10.339341688208084,16.720398613294943,4425804
2006,R10NAM,E,Min,2.3636211771064133,-0.11298835634973159,4.628279899228227,1.148123453070561,0.9931018397808852,1.45221793056879,12.68205596898323,10.402295079556588,16.699081990539693,4425804
2006,R10PAO,A,Max,9.91986254401556,7.481980586756997,13.210563195749721,3.3315308686550775,2.4618911727897292,4.202413626999632,4.6486751679006675,2.591722526515363,9.136993837768603,1449164
2006,R10PAO,A,Median,8.105196871221631,5.598057242304137,10.980960297539967,2.8810639045629225,2.023656831855782,3.9825116668180334,6.008687452451927,2.5981785676673304,9.255429328941245,1449164
2006,R10PAO,A,Min,5.729134320846806,3.4070527516095277,9.07694196825581,2.209865843158725,1.6185926910056994,3.206830864987986,5.341729213083605,2.8749711937482494,9.261308605417298,1449164
2006,R10PAO,E,Max,2.162628417819643,0.3505865632207704,4.72368760452991,1.484614688940947,1.092938080711671,1.8747646294039269,5.707871945814498,3.291680512287468,9.2750628151664,1449164
2006,R10PAO,E,Median,1.3457509830831405,0.12366415067649547,3.7581508452663135,1.2337139848814824,1.0276411889262937,1.6502126417781549,5.93472260203335,3.3529563497619645,9.328701421676081,1449164
2006,R10PAO,E,Min,1.2664292805704678,-0.25101447317790315,3.131561361258536,1.232480782671709,0.9046491831156931,1.8138411289497098,6.008687452451927,3.3835942684992126,9.439331047602296,1449164
2006,R10SAS,A,Max,7.652442366348456,6.778003752314337,9.506040095729707,1.7857533809906205,1.51940612941593,2.250591416238123,9.821435261564755,7.559518648454508,11.782570951401183,34346784
2006,R10SAS,A,Median,6.726358523721045,4.581836337103465,7.627368259445623,1.5855215734716148,1.450489834302377,2.0136452855491207,9.506507122899405,7.558971444565077,11.329570216434853,34346784
2006,R10SAS,A,Min,5.121345117721573,3.5180437307889543,6.616176669361828,1.5728857244307086,1.3653551063010294,1.7858843906768307,9.35803132957884,7.5321117844203,11.073317788226653,34346784
2006,R10SAS,E,Max,2.036194734580641,0.4618294266183967,4.103226070365123,1.2069949334293324,1.051792743489589,1.471560858121745,9.448949057296991,7.575557636584783,11.300705660434977,34346784
2006,R10SAS,E,Median,2.281579419526709,0.1504550050051425,4.097921562894625,1.216103628279707,1.0118370408412898,1.4503719803127693,9.448949057296991,7.568638713278349,11.33623126781944,34346784
2006,R10SAS,E,Min,1.633589252552369,-0.30219628131200604,3.547469340538157,1.1592403291126632,0.9637074638183862,1.3568674334720265,9.506507122899405,7.574657956062085,11.409502833049894,34346784
2007,R10AFRMEA,A,Max,11.418762052375747,10.27386226699467,13.112263527314159,1.6363984267009828,1.549968606460846,1.7774470928896644,18.289542024161598,15.69084984078716,21.1433674067964,34562352
2007,R10AFRMEA,A,Median,9.831225430843212,8.846246476927703,10.996517425145749,1.5248506621644393,1.4756122645250804,1.6536044129598184,18.614108223142328,16.010054298845933,20.912478053109698,34562352
2007,R10AFRMEA,A,Min,7.5863469615320565,6.980249785101337,8.81457211925927,1.4203106826830925,1.3658922347120006,1.5088488566165885,18.677144196306763,15.903127300303744,21.012082315042992,34562352
2007,R10AFRMEA,E,Max,5.012524638611646,3.0692925044041273,7.256536854951833,1.2712216998082326,1.1781082745394658,1.3798091593011832,19.041405648973306,16.171472836174846,21.490668224165187,34562352
2007,R10AFRMEA,E,Median,3.6437281907213457,1.9700329468097406,5.4754507371435635,1.1828861036328266,1.1200663063150906,1.2945384376829645,19.041405648973306,16.106794337195275,21.644135877819203,34562352
2007,R10AFRMEA,E,Min,3.2079169361340796,1.7003378780126397,4.389662650055408,1.1708320618884247,1.092123818987118,1.269737179037118,19.072095151229636,16.167028700695806,21.960662913480604,34562352
2007,R10EASPAS,A,Max,8.777494062183504,6.457636742633873,9.900874694270993,2.258469843699224,2.0945236435221064,2.552541144465934,6.397281632713852,5.633651363643352,7.907645435691791,27821972
2007,R10EASPAS,A,Median,6.880165500924258,5.362343078416609,7.965270631388498,2.0417557958425703,1.8786691385933212,2.2568182699590196,6.36982164885696,5.372363469213936,7.800999642221379,27821972
2007,R10EASPAS,A,Min,4.964252236750873,3.738421822318306,5.747381387518425,1.7725341767727234,1.6791603064796763,1.9674131438280766,6.097658581027838,4.990410862329471,7.76316342646455,27821972
2007,R10EASPAS,E,Max,2.477353607173608,1.1400079619134702,3.466507860318108,1.3733708975763974,1.1445603601915266,1.58278635514897,6.180027316421937,4.991280271965468,7.77405461876462,27821972
2007,R10EASPAS,E,Median,1.768161064951168,0.5847378791299117,2.782349062240482,1.3232637199011053,1.0648185722567183,1.4927862542300905,6.097658581027838,4.990306580381788,7.759329296817589,27821972
2007,R10EASPAS,E,Min,1.4091746733650385,0.37303801026066186,2.1743258553326053,1.2490228526436835,1.0670995164089623,1.4029754525467486,6.099683807578733,4.990650710809139,7.771981924652562,27821972
2007,R10EUR,A,Max,13.590932596545716,12.080505701391727,16.928680925982,2.429491549965741,2.1336955770060557,2.930036545310445,9.986839584719352,7.948881684167198,11.29363142477308,6683588
2007,R10EUR,A,Median,11.398555617724657,9.516718001258255,13.030244957850504,2.100264014075936,1.8387795170358208,2.7329628663599377,10.044020060828288,8.025802835335144,11.632046906932722,6683588
2007,R10EUR,A,Min,7.529747788350915,6.120980071203611,10.549055110796612,1.8644378107052608,1.5530703592670578,2.276774468313432,10.152318228860683,8.060998252627567,11.525071379528487,6683588
2007,R10EUR,E,Max,4.486253339951516,2.3104201391100507,6.864947387636209,1.5125804574334094,1.186048931414761,1.8578617258938555,10.596954198406761,8.075333784508206,11.799421650992082,6683588
2007,R10EUR,E,Median,3.4510915440394085,0.21805451632498388,6.106293714855942,1.336892954377889,1.0318328072499998,1.752238389600976,10.596954198406761,8.055411678454167,11.805898684873798,6683588
2007,R10EUR,E,Min,2.4426584012514834,0.08623274385193191,4.71257808124131,1.223236208598739,1.0066478871954383,1.5659526120508658,10.700105202657321,8.073847373226387,11.819257567254834,6683588
2007,R10FSU,A,Max,9.713743879636407,7.789829235843987,11.479389068675747,2.5455145585613637,2.3218489809669753,2.869125461972931,5.6704237791674,4.363041849744862,7.062082828151763,3474948
2007,R10FSU,A,Median,7.831830601682279,5.93447155225998,9.433681035946059,2.3404168633182043,1.976823939291478,2.447596629730106,6.416129199192854,5.029612369571968,7.42103830367935,3474948
2007,R10FSU,A,Min,5.552102989980833,3.746496185028873,7.10713583683022,1.8555357504795547,1.551691757170953,2.1425176458132977,6.502684220936821,5.039864283008669,7.675327574815304,3474948
2007,R10FSU,E,Max,2.4015204365911202,0.8145887652975402,3.798684008364952,1.397698656374948,1.147498920845134,1.6178654617419785,6.554846972998465,5.044270635664818,7.8402690414860405,3474948
2007,R10FSU,E,Median,1.5854825947713829,-0.07161607346565031,2.771494901808154,1.2111560660027738,0.98749555886179885,1.4362057038685916,6.554846972998465,5.038236995161573,7.914310167121785,3474948
2007,R10FSU,E,Min,0.999801257450625,-0.046109298526926246,3.014945128096709,1.1547511792408256,0.9911253642566,1.4965010490261939,6.527503837513641,5.043607045056988,7.835641471133807,3474948
2007,R10LAM,A,Max,12.563026663562015,11.169306452937512,14.483882642084456,1.7931132374636556,1.6523026697263066,1.9456817597830072,16.600053691153356,14.267899116449465,17.769427805533603,10755628
2007,R10LAM,A,Median,10.924192512780557,8.889254000113844,13.403500911050042,1.6601378093654782,1.5443534775465435,1.8329496387833237,16.44645645627367,13.588522441819663,17.758455982271336,10755628
2007,R10LAM,A,Min,8.143054557583575,6.185467985322825,10.425068874878455,1.519382069857835,1.3836800661598905,1.7059656030688335,15.94287793945739,13.460337057892875,17.806000549741157,10755628
2007,R10LAM,E,Max,3.6595875043976633,0.9227165364039326,6.532175400472008,1.2504034464909677,1.0623623608742356,1.4742672430468189,16.518888779661456,13.39119131529935,18.065075610281323,10755628
2007,R10LAM,E,Median,3.633361595137334,0.5709647007425784,6.055044356724951,1.212217401948612,1.0318018968939433,1.3743118947848785,16.29888681610432,13.381690856753085,17.949141283331947,10755628
2007,R10LAM,E,Min,2.4596799706837658,0.15248683981221234,4.928765958660179,1.1453209909959616,1.005067664651335,1.3344357065975965,16.44645645627367,13.390203436969777,18.063716161163867,10755628
2007,R10NAM,A,Max,12.998336343999618,10.950497942635364,15.854952280913668,1.868018239686384,1.6450447636541656,2.2218063827211414,12.184649923582471,10.37052738120412,15.305297901761877,4453588.000000001
2007,R10NAM,A,Median,11.49010695402728,8.686045606946196,13.72333352453796,1.7375673484449083,1.5661866257299986,2.007816027332288,12.800254313241277,10.46527122039499,16.230216748167393,4453588.000000001
2007,R10NAM,A,Min,8.22161928406631,5.330473566117699,10.610234693427174,1.507920204847549,1.3359219033376273,1.804785283152727,13.257005893685733,11.005854137928615,16.61143609308807,4453588.000000001
2007,R10NAM,E,Max,3.0575067973928722,0.5533587772287974,6.056309499841618,1.253518708042934,1.0137644293393642,1.6684729702769148,12.808672185621386,10.327593749308319,16.82892854868108,4453588.000000001
2007,R10NAM,E,Median,2.879151237370775,-0.28566656820377545,5.316076697580043,1.189976299665565,0.9831992162884975,1.5219603371504435,12.808672185621386,10.34954956940463,16.876618533827966,4453588.000000001
2007,R10NAM,E,Min,2.3688326846596475,0.0689342729346496,4.413782663990158,1.1491886607386161,1.0082410451957513,1.4569624674682473,12.800254313241277,10.360527479452786,16.8259479246094,4453588.000000001
2007,R10PAO,A,Max,10.17727392761217,7.936121029694911,13.858223032716335,3.383922559448994,2.4891790359524815,4.300361472525941,4.678990164252188,2.614223773065705,9.154454526301974,1453108
2007,R10PAO,A,Median,8.760055672946613,5.815700397564271,11.346122193996822,2.8739548995340543,2.0517571527754126,3.933172167507025,6.341547901273268,2.658425669802991,9.254984320943883,1453108
2007,R10PAO,A,Min,5.763392063601225,3.5904677774510265,9.28991042030545,2.2100801036707534,1.665303151877664,3.356776709221148,5.518216532158515,2.874410567684499,9.273859510854248,1453108
2007,R10PAO,E,Max,2.194966876806485,0.4386919063982279,4.755291104607813,1.494961609257928,1.0957282595453466,1.9090935669838434,5.897315514295685,3.278230935830256,9.313842778185233,1453108
2007,R10PAO,E,Median,1.3777696188833546,0.1161855520050155,3.8367678318682987,1.235828476057947,1.0281812120005873,1.7448130282772685,6.057146992114266,3.355441541945691,9.419261987249184,1453108
2007,R10PAO,E,Min,1.2836069375190222,-0.293760710705812,3.0786051233031877,1.2438780802030192,0.8958277702227732,1.8207748982594991,6.341547901273268,3.3940468450034085,9.636689105943578,1453108
2007,R10SAS,A,Max,7.899683646568234,7.110119101212085,9.817320068636127,1.7897197552094555,1.52814313626775,2.2670150547402477,10.057932651527143,7.730290103757808,11.920863941323766,34351388
2007,R10SAS,A,Median,6.969377133843064,4.790031183783141,7.901782986449513,1.6175508454197487,1.4624644693802458,2.057812928741551,9.860013604401239,7.729887267612565,11.572779689193219,34351388
2007,R10SAS,A,Min,5.475646432018859,3.709018434371057,6.862862702773235,1.560392177911992,1.3828254367909611,1.8001991519666343,9.496343496024092,7.68184115913695,11.201615335542755,34351388
2007,R10SAS,E,Max,2.0097617418637688,0.5037958770718147,4.1564884345302575,1.2057090893177402,1.0483464194900052,1.4935294609595706,9.541518403631034,7.74370100412003,11.568005779610022,34351388
2007,R10SAS,E,Median,2.2980983553718146,0.11293306965445292,4.065911408878095,1.2017484335967938,1.0117059165138744,1.4216445582034525,9.541518403631034,7.737004039511863,11.573881360635493,34351388
2007,R10SAS,E,Min,1.5158686422249144,-0.12020521042680699,3.647715450956543,1.1597937741997497,0.9833545085984479,1.3878620491873224,9.561343750946023,7.74143523710954,11.585999746500526,34351388
2008,R10AFRMEA,A,Max,11.933091677944631,10.88598865038105,13.765747694138867,1.6544119224059044,1.5679349046910518,1.8091176999315959,18.469803007539344,15.89929882517398,21.32891218619163,35379288
2008,R10AFRMEA,A,Median,10.266143598493237,9.190957787849165,11.546149479698675,1.5451104260376787,1.4911901102642944,1.6707475005620802,18.797399233013554,16.305353512796458,21.12158994794136,35379288
2008,R10AFRMEA,A,Min,7.877600094667442,7.28753548686525,9.34406961170956,1.4411619342502733,1.3808758040338875,1.5345551771843557,18.832599785565712,16.191017146540542,21.292839503599744,35379288
2008,R10AFRMEA,E,Max,5.018523449553925,3.1478804524724784,7.357573068682998,1.286155365166703,1.1759436407219777,1.374977476824996,19.316802763751426,16.3242053288324,21.725607679026506,35379288
2008,R10AFRMEA,E,Median,3.7857372848123383,1.9945637144562456,5.685876036383794,1.1881634918715807,1.118991596430391,1.3024204400700339,19.316802763751426,16.31485947821072,21.859186103715274,35379288
2008,R10AFRMEA,E,Min,3.2989826102272346,1.706223340175356,4.436485264192047,1.1694504190257655,1.089606706158141,1.2716348894489757,19.558671196213552,16.320778286864886,22.13469160463585,35379288
2008,R10EASPAS,A,Max,9.10120758718142,6.703310294966334,10.442190010159564,2.325499808899973,2.129286620938098,2.595843107861634,6.4175866603609375,5.660966102197651,8.008614147096951,27973188
2008,R10EASPAS,A,Median,7.0268432260828,5.572938270699717,8.452125513187823,2.0911514644777367,1.8943444755316472,2.305151437388248,6.380012566381744,5.4516818649447805,7.8840157101600195,27973188
2008,R10EASPAS,A,Min,5.200939266616298,3.9567509187898082,6.047822557995664,1.7912863313544487,1.689111814935,1.9900752285364978,6.093727969121851,5.000009544913847,7.770709036948341,27973188
2008,R10EASPAS,E,Max,2.4785744759343205,1.198161372639181,3.5332466820731883,1.3567013055881483,1.1282163073947433,1.598017155912325,6.173368366365253,5.002073880721759,7.845520793316439,27973188
2008,R10EASPAS,E,Median,1.7215789234044232,0.5819727047399397,2.782337792554581,1.3173948034323522,1.0842973692652211,1.4785185552941664,6.093727969121851,5.001274075406199,7.739469641766346,27973188
2008,R10EASPAS,E,Min,1.4792442253700688,0.23296143612632836,2.197595307050799,1.249835983699246,1.0662271855215828,1.4067205077301799,6.102998130860043,5.001367777420617,7.842559645866933,27973188
2008,R10EUR,A,Max,14.313836877139597,12.410303021804868,17.21504774693287,2.461369672427911,2.1842017678625467,2.9640915940180124,10.133119406418372,7.968227846680553,11.318055162156774,6720372
2008,R10EUR,A,Median,11.579393903567556,10.002968499868405,13.534630582507798,2.129659021111497,1.8781232153043745,2.8154122272149467,10.4486530444942,8.207721895788287,11.847031264342721,6720372
2008,R10EUR,A,Min,7.924462571743789,6.394637438136826,10.810467118919227,1.9113700732195582,1.5819367069102916,2.3126631690736907,10.467259658184421,8.219434577344883,11.724349217828525,6720372
2008,R10EUR,E,Max,4.576279744670725,2.2982877987199775,6.906735892373845,1.523665421166653,1.1951676136398808,1.876103820231022,10.616462389371986,8.20530499324486,11.846875569432608,6720372
2008,R10EUR,E,Median,3.484711935718809,0.34518755218098196,6.19138064450514,1.342937148997517,1.0423651165414616,1.749862247259622,10.616462389371986,8.200096233086516,11.867656394859537,6720372
2008,R10EUR,E,Min,2.4148091342717297,0.16369999836545368,4.8182777523246765,1.238659983983645,1.014100747247161,1.5661493771433637,10.626080489619381,8.205119077664598,11.910516847302572,6720372
2008,R10FSU,A,Max,10.128530322604195,8.116024708761055,12.075963380343367,2.5997618157187725,2.33661662083509,2.8871198237890034,5.742754261577925,4.4730197320577965,7.129199923524576,3580372
2008,R10FSU,A,Median,8.226975311785418,6.218335045893574,9.799834291795372,2.355415241850383,2.0334832879328797,2.4698646180022914,6.565040436991454,5.043679171118253,7.544986260895779,3580372
2008,R10FSU,A,Min,5.915784960349545,3.7846367069283025,7.446385854913729,1.845000899590147,1.5618029912977422,2.188868522769649,6.660727032290983,5.159277491073132,7.7147990686026535,3580372
2008,R10FSU,E,Max,2.5287045752534114,0.837113696245855,3.8862011646964953,1.4005259705694562,1.1507411623195476,1.6041733414163781,6.660727032290983,5.201581461825384,8.013109090715892,3580372
2008,R10FSU,E,Median,1.591787534713867,-0.052643513315936884,2.8474816229303546,1.2146406194987787,0.9918910926779394,1.4454179180016196,6.660727032290983,5.140928551397755,8.046726387084203,3580372
2008,R10FSU,E,Min,1.1157428537825513,-0.11361294991379722,2.973500105262306,1.1673162772761787,0.9785868867729761,1.504823077472852,6.655841701418655,5.2014800523265,8.011008009692873,3580372
2008,R10LAM,A,Max,13.057788575101304,11.531742747143982,14.925826761548022,1.8022743592315718,1.661240864522426,1.9750239714467832,16.736022299303578,14.359298313242906,18.064461825975567,10687352
2008,R10LAM,A,Median,11.32651991701032,9.246739824881988,13.678406936953575,1.6771645397431338,1.5555362433365283,1.8627645304279035,16.659274800564077,13.699741540014148,18.063391543842926,10687352
2008,R10LAM,A,Min,8.492052392119524,6.627297542638642,10.886941178058914,1.5320620047466489,1.4009827901593737,1.7223710471368787,16.07796754427966,13.535193956787204,18.068029433084362,10687352
2008,R10LAM,E,Max,3.7320752878077146,0.9217127723867836,6.739825138458688,1.2544714605313638,1.0623789160711712,1.468842965014568,16.692833678476674,13.548492841212434,18.36066330723529,10687352
2008,R10LAM,E,Median,3.533841216991343,0.6477750470811983,5.9905723714160946,1.2169068492095452,1.0351947037443407,1.3738491391456797,16.511946794960988,13.473130326451567,18.172559279323398,10687352
2008,R10LAM,E,Min,2.342718486620477,-0.10560524068322508,4.964122900367041,1.1627405017189698,0.9965487877650537,1.331861851127107,16.659274800564077,13.547981393305099,18.359541840872232,10687352
2008,R10NAM,A,Max,13.297281190758213,11.601823044336527,16.298509867908695,1.9113408590909953,1.6740822263244532,2.247768657179223,12.196622711541607,10.312382630038694,15.503651312694572,4481372
2008,R10NAM,A,Median,11.738135567093206,9.08056551275177,14.017290805241998,1.7448651103798654,1.5890515098212525,2.0553771708072395,12.863138449238745,10.645289341491699,16.339333642890086,4481372
2008,R10NAM,A,Min,8.449916912031615,5.408367674500641,10.908382777253063,1.5194584888189564,1.3557590037059364,1.792723253033877,13.4671134965696,11.159750970768936,16.702427150570365,4481372
2008,R10NAM,E,Max,3.1446874059662213,0.4412189141601492,6.197707555823796,1.2445874241970412,1.0171018361991904,1.6641370584725583,12.91506382099724,10.25309394721013,16.92937638265413,4481372
2008,R10NAM,E,Median,2.9806885820291793,-0.40415825942526484,5.429189258132159,1.1912569628271537,0.9797377317633402,1.5256599932977137,12.91506382099724,10.38875247039646,17.001418635056993,4481372
2008,R10NAM,E,Min,2.5091825916392754,0.2835379453137552,4.393363750287948,1.1590226932608874,1.016833539256468,1.4554752904612578,12.863138449238745,10.456581731989623,16.92487374187895,4481372
2008,R10PAO,A,Max,10.598249720286656,8.526089339871827,14.611757728752202,3.4464371114526973,2.5152793248506904,4.397285248198697,4.709807293658237,2.6538047257091626,9.217214013309473,1457052
2008,R10PAO,A,Median,8.931618747903567,6.0729670431474885,11.53747960325844,3.0590748306117495,2.0622804193087876,3.9044435881608157,6.823474200995718,2.716464617453245,9.27472455869507,1457052
2008,R10PAO,A,Min,6.051989050724291,3.603408992463892,9.559820714094975,2.2487262762173614,1.6819928051601114,3.366555824610131,5.795664485000196,2.8738917395505936,9.32481813837991,1457052
2008,R10PAO,E,Max,2.176687173195736,0.47293061473294,4.887361015521722,1.509847222111846,1.1027744974119529,1.8895121721111072,6.1316124158462175,3.2650569646721737,9.418222115191975,1457052
2008,R10PAO,E,Median,1.4150660249585894,0.1011106018952687,3.8933650442959857,1.2383955494378507,1.0323285517586314,1.747920125767643,6.140922585281595,3.363343674382161,9.4946521038757,1457052
2008,R10PAO,E,Min,1.300205192774429,-0.32097311686003316,3.1173593854220076,1.2027393777729591,0.8848410220408373,1.8270235769469063,6.595848044392244,3.4124870292371545,9.652288955535878,1457052
2008,R10SAS,A,Max,8.34076711792048,7.427328450668706,10.102774358690839,1.798957587148303,1.5420491410778052,2.2875344986374624,10.255683629260602,7.882344856961359,12.105265215216034,34355992
2008,R10SAS,A,Median,7.197032449954163,5.021672458108824,8.20769863740923,1.636066895688234,1.4887411405368043,2.093032906781113,10.130445488602401,7.881235497903925,11.69194579838469,34355992
2008,R10SAS,A,Min,5.748536238542629,3.884777925675066,7.044944566297234,1.5529111338792516,1.3958638802837522,1.828225051439257,9.729714596281088,7.812557085594169,11.291550154262154,34355992
2008,R10SAS,E,Max,2.0016571870561366,0.41960522855743254,4.315147586676231,1.2174170949459548,1.044302041231956,1.5189320677879783,9.729714596281088,7.876428275321717,11.66928495050112,34355992
2008,R10SAS,E,Median,2.2174436300006892,-0.07774229859571562,4.000530236001758,1.204844676376645,0.9931620258313182,1.422745413805405,9.729714596281088,7.869602883600564,11.697175224819361,34355992
2008,R10SAS,E,Min,1.3163656592860011,0.09649730452807859,3.780102544817858,1.1638263032234397,1.0100937375275718,1.3972579196706048,9.89931290615297,7.87605848896924,11.75469891560073,34355992
2009,R10AFRMEA,A,Max,12.42527744725015,11.460333457894395,14.282158049952145,1.6758705481097145,1.5895026228467146,1.844355499823775,18.661301344775637,16.080577413293835,21.428844559420625,36196224
2009,R10AFRMEA,A,Median,10.756252085263332,9.609956973603722,12.043076843484702,1.5633104171815408,1.5114856084098747,1.6873069090843567,18.873783298398624,16.334175060460645,21.299287932580107,36196224
2009,R10AFRMEA,A,Min,8.28189605581802,7.603851530919243,9.816826292440577,1.4496105103613819,1.3932008131198896,1.5598221202727824,18.873839392863754,16.23233310118366,21.432377888570475,36196224
2009,R10AFRMEA,E,Max,5.264670457524788,3.1306799561827248,7.40825841335063,1.2922076553005262,1.1771034597251904,1.3800619610537666,19.538179879610553,16.603572911931696,21.95755727903956,36196224
2009,R10AFRMEA,E,Median,3.7700997013419677,2.0372648912567946,5.767760255688859,1.190614046432291,1.1205090503094566,1.3204688206560398,19.538179879610553,16.499493211607202,22.071578563472418,36196224
2009,R10AFRMEA,E,Min,3.2490239316180585,1.721016882733263,4.430261587178265,1.1661132977164712,1.0848161443842137,1.2744473204569333,19.89861743848029,16.602427154773927,22.306747462615185,36196224
2009,R10EASPAS,A,Max,9.492317412640748,7.057387697049375,10.885105190471931,2.3854732795639837,2.177751427454677,2.6307783788102084,6.4074308176787245,5.690271503571319,8.127064115416914,28124404
2009,R10EASPAS,A,Median,7.214917970939812,5.740461510945596,8.869806636191786,2.112138881000187,1.9237278945796448,2.3431732733519492,6.329404491808316,5.509491668940607,7.997048182100887,28124404
2009,R10EASPAS,A,Min,5.457853693843883,4.05408174853176,6.283958125406343,1.8344851170720071,1.6981385364918118,2.0183413166734168,6.0695337542048895,5.050690072704696,7.830092853056621,28124404
2009,R10EASPAS,E,Max,2.5599473086154774,1.1655596720161538,3.4570298963144217,1.3444905094966155,1.126457099216539,1.6144313044107554,6.173916091744806,5.068348727503821,7.956908735804652,28124404
2009,R10EASPAS,E,Median,1.6338082635698834,0.6751128466932196,2.784410066811941,1.3296024818934575,1.1099358651517124,1.474359350461988,6.088777951991792,5.056627865186129,7.775706555122708,28124404
2009,R10EASPAS,E,Min,1.5210002078483278,0.31638359290152485,2.1807328211661283,1.249624956976677,1.0706927508181328,1.4051126242912224,6.107449821147564,5.067727038679762,7.955181338304621,28124404
2009,R10EUR,A,Max,14.977358048317328,12.694752548488166,17.454441558105824,2.457094164957855,2.2293569580244528,2.975088678272171,10.320834409561396,7.978700174240951,11.33587996233862,6757156
2009,R10EUR,A,Median,11.942475170050933,10.547116015794765,13.786106504372107,2.1946741758232773,1.921816428051196,2.853759419589002,10.733592889702793,8.342317724316443,12.020945601765135,6757156
2009,R10EUR,A,Min,8.238546229717208,6.6215512131930385,11.019671727577146,1.9224939487976742,1.6073148638143864,2.3463296215864107,10.663626845350734,8.345107368258157,11.803557579523257,6757156
2009,R10EUR,E,Max,4.757926693959634,2.4405171259552394,7.147375581398538,1.5298374805530632,1.1935220999646385,1.890717279807349,10.719523984405841,8.341742083503073,11.984588164315262,6757156
2009,R10EUR,E,Median,3.5177671178107452,0.4138007213232063,6.193466119660112,1.3537191353353604,1.0409709209085125,1.7284414723655948,10.719523984405841,8.341422556927128,11.989155799453243,6757156
2009,R10EUR,E,Min,2.379219201685453,0.15201564760707598,4.9300673026621045,1.2617792062393367,1.0158142683966167,1.5839572595381222,10.733592889702793,8.341697803440507,11.998576546925326,6757156
2009,R10FSU,A,Max,10.444341133352934,8.433388243365155,12.54654109717881,2.6423013948374434,2.379338035164488,2.9639553270199586,5.813115553232068,4.87097212348034,7.254794941368101,3685796
2009,R10FSU,A,Median,8.752916683810266,6.466482955383489,10.108931718568943,2.358842854063649,2.045552665272625,2.5297992869232377,6.751728228229048,5.054683952561072,7.447940951603302,3685796
2009,R10FSU,A,Min,6.160145924093644,3.8541018905387725,7.692225904692695,1.8802946236743012,1.5733489718355655,2.2116577482460933,6.775952254897678,5.258479938452592,7.7954760499599205,3685796
2009,R10FSU,E,Max,2.544772763297634,0.8587520026620831,4.086004606280765,1.403428123227554,1.152322456812249,1.6067011710086292,6.77212224470813,5.228559932648429,8.12990799681805,3685796
2009,R10FSU,E,Median,1.5781073169404793,0.04831400602015586,2.9219675821941795,1.2202239317792474,1.0048164827660857,1.4512543017504334,6.77212224470813,5.200674804096089,8.217910928125889,3685796
2009,R10FSU,E,Min,1.011411163095076,-0.09309748099389736,2.9189400087683652,1.1889138432123414,0.9744540663994522,1.5012846968685176,6.755533486963746,5.227506177952074,8.124407813611311,3685796
2009,R10LAM,A,Max,13.509580830486845,12.006755898548377,15.342669388828668,1.8168298389364228,1.6887870907135036,1.9971705475910428,16.856657454203415,14.344329340666313,18.270631716154735,10619076
2009,R10LAM,A,Median,11.647659168476505,9.634410419808637,13.93616106781913,1.6952085934943153,1.5669659005541778,1.8836884779733152,16.842674541352487,13.662221507844734,18.26261651209338,10619076
2009,R10LAM,A,Min,8.724717220865717,6.862022795634882,11.251458603693738,1.5599402109802114,1.4185656980069858,1.7377016844317459,16.2542227247518,13.525427071829917,18.297349063025926,10619076
2009,R10LAM,E,Max,3.8486621559716676,0.9197272732964318,6.940443487845395,1.2575262067114894,1.0626611116126288,1.4737557880933667,16.84386078915537,13.55969020210898,18.618087240044822,10619076
2009,R10LAM,E,Median,3.500079489939825,0.7725794458504576,6.009639300342143,1.219468212267784,1.0414656269067146,1.3793723971992167,16.71131591811715,13.511245800342468,18.446605781551334,10619076
2009,R10LAM,E,Min,2.2347842332154144,-0.32141636340246826,5.224996312047423,1.1718956855726534,0.9890446574296198,1.3377150381529537,16.842674541352487,13.55804399625105,18.61705431589339,10619076
2009,R10NAM,A,Max,13.710686329537348,12.225026151640058,16.634633947015384,1.9468136688307722,1.6995760322218376,2.275393658963221,12.278579187936245,10.354706314709205,15.767318182988088,4509156
2009,R10NAM,A,Median,11.987612562232432,9.476785120852833,14.21300779586258,1.7709329529057543,1.5974012628086594,2.0928637705202875,12.804173625628112,10.825196707135579,16.37460657997519,4509156
2009,R10NAM,A,Min,8.665825443148679,5.517984651077318,11.187231273518503,1.5348009129825257,1.3547903769261738,1.8000138419146634,13.565358824682379,11.296113565917627,16.79383980783498,4509156
2009,R10NAM,E,Max,3.2316907672181463,0.6025090020927082,6.326862281352064,1.257866175527056,1.0308859159755477,1.6548354549667021,12.947386223994823,10.266015339752151,17.041242429701143,4509156
2009,R10NAM,E,Median,3.0188595568493373,-0.3606745730714514,5.547827764497931,1.1909217356967283,0.9740509252012807,1.575152004723249,12.947386223994823,10.496815766964835,17.098660433815326,4509156
2009,R10NAM,E,Min,2.73256460826585,0.2816642644931022,4.412013885259436,1.1694167223029646,1.0205934745621863,1.4563879882805264,12.804173625628112,10.612215980571177,17.03765380444401,4509156
2009,R10PAO,A,Max,11.035109424527375,8.992284248026111,14.93939882933368,3.46487607201661,2.5410872896731904,4.483593600268739,4.7687886971042985,2.7100262338388985,9.280560026625833,1460996
2009,R10PAO,A,Median,9.314287411477554,6.230953316005114,11.56699287636355,3.1014941477205404,2.0404998099527685,3.9540880016698514,6.843122661204131,2.775604066782137,9.296382220636591,1460996
2009,R10PAO,A,Min,6.111390287418975,4.009907718788224,9.800999915434708,2.2782554150726697,1.6930564215630723,3.3225147159819404,5.861000525869289,2.8900477500737822,9.378091443215794,1460996
2009,R10PAO,E,Max,2.163803957781634,0.46675858842099643,5.103448150746877,1.5075977067571702,1.1024107144913093,1.8462183664364458,6.178170737236167,3.3460259670706467,9.524352944386944,1460996
2009,R10PAO,E,Median,1.316739871577718,0.10756009000245977,3.9355209526955814,1.2144797225461117,1.0386120784489485,1.75192478536311,6.178170737236167,3.3955591935803273,9.551537431652488,1460996
2009,R10PAO,E,Min,1.1830528083281937,-0.41326079684479033,3.2162087508910444,1.2320726448069907,0.8964254988000081,1.671128547634044,6.476379549011151,3.4203258068351667,9.607605436637671,1460996
2009,R10SAS,A,Max,8.83619089367459,7.6016462261499536,10.510447475154583,1.8282070669195225,1.5823399388235844,2.2993451056999494,10.607005337787626,8.016685565714893,12.279360490388079,34360596
2009,R10SAS,A,Median,7.341879939637759,5.257293983179751,8.530835660198518,1.624560014890815,1.478444702292628,2.117995402542845,10.26388322591376,8.01433309703852,11.912655796229341,34360596
2009,R10SAS,A,Min,5.80925809253594,4.073457373773014,7.253992472508357,1.560811390723677,1.3991902180967646,1.8428863875165944,9.76983622490372,7.920699049571124,11.365575983787604,34360596
2009,R10SAS,E,Max,2.1121065870344204,0.41077646643196786,4.402237100721161,1.2232272958110764,1.0365933118762927,1.5253028681766851,9.76983622490372,8.003381990588991,11.85891363275747,34360596
2009,R10SAS,E,Median,2.1402907100171435,-0.18813517031124144,4.0938507380072195,1.2180941633565878,0.9765656724037675,1.4485673839142847,9.76983622490372,7.996682311232902,11.92505783395362,34360596
2009,R10SAS,E,Min,1.2344559242716553,0.12624081919431962,3.937833304091628,1.1384649179254427,1.0179603436159665,1.409932467928814,9.919692119436132,8.003354909882109,12.06148024892067,34360596
2010,R10AFRMEA,A,Max,13.033604040461395,12.006992844533881,14.731212194626488,1.6951098583611974,1.6028838177091271,1.8754165419151938,18.816227804403376,16.27506441111409,21.669802642625093,37013160
2010,R10AFRMEA,A,Median,11.24834907964938,10.048384521109728,12.500619698772477,1.5888547783167015,1.5134350421874423,1.716705638516491,18.91109880966146,16.367111488345415,21.523359027991887,37013160
2010,R10AFRMEA,A,Min,8.743443319626728,7.8793220167134805,10.149799015735987,1.4637979694790246,1.411130518966543,1.5751922104840386,18.96206400483617,16.278292723983085,21.694509143567057,37013160
2010,R10AFRMEA,E,Max,5.293811430376628,3.328396088670967,7.240676696450187,1.2913749953888247,1.1721889910915422,1.38367202944168,19.791608646553282,16.90532962283802,22.18319816313302,37013160
2010,R10AFRMEA,E,Median,3.660324114308672,2.093746883192864,5.845406802480555,1.1919184169701316,1.128433527762213,1.320815020467703,19.791608646553282,16.69866905654171,22.27930657324047,37013160
2010,R10AFRMEA,E,Min,3.2605315067132175,1.7187168274498532,4.407128980834425,1.1700690034814734,1.0895465707287735,1.2809626022436758,20.186745654506293,16.90511056126771,22.47753016908708,37013160
2010,R10EASPAS,A,Max,9.762603927022475,7.371247982747287,11.344067542657552,2.3935676628734424,2.204188967533202,2.6982674699267326,6.44939926627265,5.720253219370738,8.304560361174193,28275620
2010,R10EASPAS,A,Median,7.353556647699922,5.935109878791856,9.135831290833721,2.1470417612788983,1.9505589572407889,2.3981743289962196,6.391383666017222,5.5611821507215815,8.106595940988834,28275620
2010,R10EASPAS,A,Min,5.655894107726418,4.161039260382763,6.552059633905044,1.8764009191057955,1.7182345117826883,2.03707913115706,6.077468259151205,5.077339776950604,7.8692898234753965,28275620
2010,R10EASPAS,E,Max,2.6221961830701197,1.0803967502538776,3.507971679855592,1.3418891278111076,1.1271002296637098,1.6344670054242452,6.2319590069049315,5.095678586590804,8.03104583774049,28275620
2010,R10EASPAS,E,Median,1.6613659902540605,0.8144175551401095,2.813822700959557,1.332698911690064,1.1031921327364078,1.4778649957614336,6.155654320405095,5.078042216288024,7.799220578818352,28275620
2010,R10EASPAS,E,Min,1.5635019531147725,0.28391417130731966,2.2692578284779286,1.2496486755725111,1.0436552480274583,1.4055571520547565,6.209571522179591,5.094685328741473,8.030449086186602,28275620
2010,R10EUR,A,Max,15.491685244543646,13.09326809334249,17.804246652659863,2.4917801890582325,2.2491155661594227,3.074735366260391,10.38838766322858,7.996258135588055,11.337534248838134,6793940
2010,R10EUR,A,Median,12.255444861025435,11.087566452432968,14.144106807471106,2.2476706945668568,1.972701404659909,2.7952170644731207,10.887192076676072,8.468714707112772,12.150705749266015,6793940
2010,R10EUR,A,Min,8.580512133324461,6.890262512006853,11.47117408973836,1.9349117393248445,1.6208728984773755,2.363258729766798,10.78816803236922,8.427347916890453,11.854530375908919,6793940
2010,R10EUR,E,Max,4.9043224691574085,2.44015602128571,7.165774676826202,1.5396679966567353,1.1906872040578307,1.8952042667394753,10.861860499805111,8.467904306355459,11.98501073832818,6793940
2010,R10EUR,E,Median,3.5626173916550092,0.449371919920919,6.22757536793682,1.3595489338260411,1.056706370337617,1.710778414462428,10.861860499805111,8.409741807783838,12.017490860529003,6793940
2010,R10EUR,E,Min,2.3837492460538314,0.3247973768840309,5.051359287775506,1.2667016804446154,1.0351171523488574,1.5870015369905008,10.887192076676072,8.467841967835666,12.084481112568199,6793940
2010,R10FSU,A,Max,10.683000389080991,8.80745490146178,13.202713308949367,2.6944000429670303,2.4138346797952583,3.0572690961754327,5.99429466517561,5.019657035116758,7.402463094996545,3791220
2010,R10FSU,A,Median,9.348864487701004,6.812611731754363,10.46084483136633,2.366077261868359,2.0881446946565294,2.5980053330634094,6.822859245521426,5.324756379376755,7.652782442117035,3791220
2010,R10FSU,A,Min,6.6257518789316485,4.110948951555599,7.761194185074808,1.9411280072659296,1.5942007206322848,2.227335443528667,6.851711551341724,5.433095863652791,7.954801365400765,3791220
2010,R10FSU,E,Max,2.545688507108795,0.8800146574428385,4.287936160558024,1.4066190097797984,1.169512932525977,1.6145250252279155,6.83025025885738,5.39822971724186,8.209082322050687,3791220
2010,R10FSU,E,Median,1.4772933698010196,0.16668456017957592,2.9871296282288657,1.2177746067136632,1.0172207888055536,1.4511901864794428,6.83025025885738,5.3657896429587595,8.291201451206312,3791220
2010,R10FSU,E,Min,1.2705090993816937,-0.09069815008490156,2.9929845856132715,1.2064511196796082,0.9869732939821133,1.5041154257447573,6.822859245521426,5.3978581093701585,8.203949876478461,3791220
2010,R10LAM,A,Max,13.942617776866808,12.352810363122469,16.015954856073115,1.8393881461646109,1.7204457635652894,2.0237352259082293,16.931290438038083,14.323244046732565,18.460109630136817,10550800
2010,R10LAM,A,Median,11.99205069772226,10.075541121203246,14.30440144256459,1.7158602756534902,1.5835538164708076,1.8906190834756966,16.821293135931487,13.5738877181108,18.44371968563324,10550800
2010,R10LAM,A,Min,9.001393329373107,7.304880979450131,11.693191245446286,1.5871675550596427,1.4441263042154224,1.7509717609174107,16.434927174425866,13.820798124108235,18.51474277848206,10550800
2010,R10LAM,E,Max,3.9681715855079407,0.927274649933228,7.121190022846981,1.2566388731637956,1.0635990672097693,1.4783827838846284,16.875121894079513,13.89863682352911,18.790100451609742,10550800
2010,R10LAM,E,Median,3.509260542692597,0.889934077382839,6.0582349298819125,1.2163795666566415,1.0523027460667493,1.3865625919680344,16.740210025036625,13.62994194070708,18.691075220715206,10550800
2010,R10LAM,E,Min,2.317468648467953,-0.2040929073531359,5.263362138138362,1.1703392610712235,0.9869040103737501,1.3485830660178943,16.821293135931487,13.702554656157096,18.789446669791076,10550800
2010,R10NAM,A,Max,14.137749022927386,12.785233173210392,16.829432279219976,1.9601105545863453,1.709911853831315,2.307565522630053,12.385370816392829,10.410240197710303,16.031054626457454,4536940
2010,R10NAM,A,Median,12.206889594994959,9.864344280743625,14.470804004451537,1.803464118011378,1.6191931114273699,2.1365277919645895,12.745388853442549,10.969182077789235,16.388441020397124,4536940
2010,R10NAM,A,Min,8.814234468611717,5.811173820207037,11.511453190508362,1.5452377836074984,1.3686310056426594,1.8009683357499338,13.663955901942002,11.362844916875309,16.850194952183518,4536940
2010,R10NAM,E,Max,3.356347198684845,0.5807849552538338,6.44219348797529,1.2662326070255312,1.0322459160180415,1.660880076147081,12.963568035608667,10.303151990301812,17.15450302080305,4536940
2010,R10NAM,E,Median,3.073877644136819,-0.13167718191202282,5.704985182337265,1.191012933981502,0.988775113690978,1.6460178385504411,12.963568035608667,10.612475008573467,17.22113161973158,4536940
2010,R10NAM,E,Min,2.813068480626192,0.40459710903543566,4.49305712237427,1.1664677123497664,1.0239183863591286,1.4627183763726441,12.745388853442549,10.767136517709291,17.150338733370017,4536940
2010,R10PAO,A,Max,11.239086259948326,9.24221578521567,15.263174477370928,3.48816053424878,2.5366013313717164,4.535919354419287,4.830575667863952,2.767413893475318,9.340232784181234,1464940
2010,R10PAO,A,Median,9.445348852738071,6.549694961395264,11.934468919300905,3.176359145013587,1.9864749634146106,4.036415189946488,6.856266088385885,2.836060974193183,9.313496206355683,1464940
2010,R10PAO,A,Min,6.558090135081713,4.08622489159468,10.179106927446485,2.3019471410493395,1.6705059937002962,3.300236542123149,5.925156088972418,2.9063275815607157,9.394301903959601,1464940
2010,R10PAO,E,Max,2.2434404803715986,0.46029359176596346,5.318076897695385,1.49827344692816,1.1141269297368404,1.8393958378654562,6.267792121493661,3.423741203901503,9.570720788075873,1464940
2010,R10PAO,E,Median,1.2531351014311998,0.09699913922528167,3.981637096866672,1.2390739091891607,1.0125840155414174,1.743587880503691,6.267792121493661,3.4377663041405597,9.591492821442863,1464940
2010,R10PAO,E,Min,1.1876255120144439,-0.37791781402683133,3.1833089757580004,1.2568150700550598,0.8980722302335488,1.6838353632756908,6.444731832601269,3.4447788542600883,9.63433514026228,1464940
2010,R10SAS,A,Max,9.162960327479501,7.818085501818286,11.008879809601321,1.8534077980826515,1.6013810415425023,2.3301299120901935,10.856558751993294,8.084199513544183,12.567557887482184,34365200
2010,R10SAS,A,Median,7.484764719002845,5.65400186372055,9.05032707190982,1.6650593131036442,1.5008437861809716,2.144086596527705,10.526724982779706,8.081979219644037,12.033434664634706,34365200
2010,R10SAS,A,Min,6.0091107326614015,4.204257934551208,7.524791193453741,1.5730591058671797,1.4015379447702678,1.8587586241613532,9.812517026813985,7.982987365961497,11.532999604260333,34365200
2010,R10SAS,E,Max,2.1898970517676015,0.47893750133672103,4.426787247412086,1.231775719071752,1.0415262786011188,1.5130482329953243,9.812517026813985,8.072357946076737,11.924136702230301,34365200
2010,R10SAS,E,Median,2.064418350456142,-0.1448823837057854,4.1750735312428215,1.2264480474682997,0.9814774448956461,1.4399043382986298,9.812517026813985,8.04478974028996,12.058657271343417,34365200
2010,R10SAS,E,Min,1.1931226358233271,-0.0323029330363056,4.052435105335292,1.1486403641450298,0.9980770437690438,1.4232441259896698,9.966929733231453,8.071617848110021,12.336105945139208,34365200
2011,R10AFRMEA,A,Max,13.68628894298564,12.57588450941058,15.12736941005629,1.7324388860987097,1.6235699465529447,1.908096713066885,18.924765996095935,16.365223119283957,21.957991541311806,37871184
2011,R10AFRMEA,A,Median,11.707951969508407,10.551828372769117,12.912726916915737,1.612791157553347,1.516945208610997,1.7444327109937494,19.03465985378749,16.55403124104392,21.67105298487619,37871184
2011,R10AFRMEA,A,Min,9.144518468448286,8.229936493102521,10.734824533639145,1.480447930680515,1.4267060293201694,1.6075771857669308,19.04683692596865,16.43633065948284,21.984964168019296,37871184
2011,R10AFRMEA,E,Max,5.329101735021043,3.471470262700762,7.445921044635605,1.2963664445803902,1.1669902765701736,1.3989044503888515,20.056322668207514,17.110432380416814,22.35991826824,37871184
2011,R10AFRMEA,E,Median,3.576177856917102,2.1372349512406648,5.894236708471556,1.1988869532675506,1.1256701849775848,1.3232050853310964,20.056322668207514,16.89642142897461,22.44858000304326,37871184
2011,R10AFRMEA,E,Min,3.417343040702331,1.6733602969732146,4.466930632864507,1.1750498728712633,1.095043125595239,1.2776125210288802,20.396952717836914,17.10960777240315,22.631444831074976,37871184
2011,R10EASPAS,A,Max,10.125779853083529,7.822249186939533,11.782388704484422,2.412840353039882,2.217397279066635,2.7352756541207914,6.485707963676683,5.7415327258732525,8.440013190846503,28466700
2011,R10EASPAS,A,Median,7.541400762476648,6.135487864440012,9.523732747441667,2.1800661670284263,1.980496227452956,2.4765302238427425,6.436362750072872,5.575326993501396,8.210266274414538,28466700
2011,R10EASPAS,A,Min,5.759580030872456,4.378719449459676,6.789875573424148,1.9047236967801124,1.7390222049815585,2.0724229298377304,6.147242926304401,5.08880445731659,8.018272500328056,28466700
2011,R10EASPAS,E,Max,2.6240767152072046,0.9468447376498988,3.634880963486008,1.3502177620904319,1.1249904955250034,1.6430802803480984,6.220793723546091,5.098208817703478,8.09017395541008,28466700
2011,R10EASPAS,E,Median,1.6283696552800686,0.8089634191186157,2.9885660731209516,1.332630985623565,1.0941552349031527,1.480887375155751,6.1767518421773655,5.085302748417182,7.962823168081071,28466700
2011,R10EASPAS,E,Min,1.5214227388232313,0.2352164819271625,2.3045207949289717,1.2517341332533936,1.0423834506438483,1.4203135924028847,6.202028725583099,5.096858387785225,8.08954249106177,28466700
2011,R10EUR,A,Max,15.811284394686524,13.614116033934105,18.18167053566947,2.5489769224557364,2.267986614979102,3.1550528713363657,10.41366662343722,8.236638272361123,11.499631390910203,6776792
2011,R10EUR,A,Median,12.643984291086968,11.602692024700545,14.786019431758403,2.2901292717085386,2.017949176521147,2.793698683017332,10.8907206598517,8.617352254832742,12.305791900664426,6776792
2011,R10EUR,A,Min,8.903504395789295,7.128203232362333,11.965079888865226,1.9566251314701901,1.6335329629030608,2.3965188737628726,10.776468614028264,8.546045713041075,11.955753702860584,6776792
2011,R10EUR,E,Max,5.0728072276133265,2.251677110603508,7.3800385034118365,1.5465760362389571,1.1901004201520682,1.9082146447106971,10.964827613154968,8.533924527418307,12.075977128066546,6776792
2011,R10EUR,E,Median,3.7592993171424194,0.5097481291041983,6.308083282153621,1.3416786949773685,1.0577886297348271,1.7219583109171155,10.964827613154968,8.481702062306653,12.118801142998638,6776792
2011,R10EUR,E,Min,2.484719367474799,0.37577607062580753,5.181200292243892,1.2696835704051026,1.0389322121417204,1.562172727423493,11.038934566458236,8.533091973974386,12.207125673796074,6776792
2011,R10FSU,A,Max,11.117045496545026,9.029277418989315,13.744442156756946,2.7173760139138547,2.3787247428099336,3.204416398776413,6.308154010216912,5.049751318309372,7.456074448532585,3900636
2011,R10FSU,A,Median,9.553408996158582,7.085129336647357,10.972988157543973,2.373607000384954,2.1220249977574888,2.7276754215664174,6.718727404344581,5.541902225099332,7.854351845291364,3900636
2011,R10FSU,A,Min,7.11729733032593,4.4305641047842546,8.152664886520114,1.9457466748293246,1.604679800495913,2.2800834108177335,6.876145680832986,5.538669341370506,8.059011615341918,3900636
2011,R10FSU,E,Max,2.61091816940331,0.8824018435989348,4.360392432794061,1.4236272668210406,1.17721244316788,1.6343132775086775,6.820647570905406,5.526098580203222,8.39315212620805,3900636
2011,R10FSU,E,Median,1.2787485876284905,0.21148042930373126,3.0629595456823147,1.2126152499687466,1.0364798101055965,1.4495200767689027,6.820647570905406,5.4923828760403826,8.417211899305872,3900636
2011,R10FSU,E,Min,1.3640251421995613,-0.18689608827819182,3.041765710037886,1.2045356640699245,0.9736358116103675,1.495949798192073,6.803920201972392,5.52593317545102,8.391648390389436,3900636
2011,R10LAM,A,Max,14.388942899695687,12.718144013052992,16.616770655933536,1.8566918773483096,1.7358275114066817,2.061621385948292,17.00648566099342,14.245145905940916,18.686377006555333,10537952
2011,R10LAM,A,Median,12.46935938155124,10.507750052898437,14.720855422318824,1.7368903236460644,1.6008876081331977,1.906535443720513,16.972587487730763,13.64464378680011,18.684762624608595,10537952
2011,R10LAM,A,Min,9.20098936930947,7.772991570124438,11.892687571420563,1.6065165603613956,1.4694597345322573,1.7588881454030225,16.580306850718355,14.056037998493903,18.69175827971113,10537952
2011,R10LAM,E,Max,4.07661645278244,0.9287041777042419,7.283719517855649,1.2521239946756375,1.0635360362385653,1.456921602326604,16.973448806014723,14.072183679426418,18.885077377881185,10537952
2011,R10LAM,E,Median,3.5579798440646204,1.0922944552657374,6.130416106433588,1.215144936885594,1.0744703585561495,1.3797016709349987,16.842488209416942,13.66733085687833,18.84767805343137,10537952
2011,R10LAM,E,Min,2.4473040687358054,-0.029588986818840368,5.298688796993947,1.1698989733208829,0.9974127574813113,1.3436663182549393,16.972587487730763,13.72051353854688,18.884681782193464,10537952
2011,R10NAM,A,Max,14.623660982447413,13.146253529691979,17.026499403286213,1.9921326978973108,1.724512967798386,2.330104146428432,12.552471089212911,10.426185380428178,16.346798569760118,4501328
2011,R10NAM,A,Median,12.519619690690284,10.107858072112755,14.845503724084185,1.8209068655925444,1.6378465796130817,2.1549599678875166,12.704996895114569,11.131378498125512,16.45706295334857,4501328
2011,R10NAM,A,Min,8.92220931534634,6.189828992121805,11.783205836953735,1.550187501194919,1.3873817880115529,1.8117306091054188,13.758152288969445,11.458954098966803,16.852901283874573,4501328
2011,R10NAM,E,Max,3.409999671123611,0.5590956979389444,6.5430681667376724,1.2715704866830015,1.0334738088613946,1.6709453260589113,12.958549918528561,10.287884838177172,17.172378320584862,4501328
2011,R10NAM,E,Median,3.141752569506324,0.012675275610975104,5.897504296519811,1.1867071349828648,0.9993798634833841,1.6640469816539727,12.958549918528561,10.647885580946294,17.273698889821027,4501328
2011,R10NAM,E,Min,2.8476384703689117,0.5189480827055375,4.69792393117654,1.1702537919912177,1.02726650226225,1.4689857989237693,12.704996895114569,10.827885952330853,17.1660457850076,4501328
2011,R10PAO,A,Max,11.632402829566198,9.50481576766496,15.683436198602003,3.5612238555690254,2.5244618588018497,4.804619781554286,4.892807670377218,2.7270401359124663,9.410876905535481,1461924
2011,R10PAO,A,Median,9.627532735976548,6.840938596380809,12.255020406685862,3.2522009904556004,1.9382373073050858,4.096164552264824,6.590954666980325,2.819614172048231,9.419159711951284,1461924
2011,R10PAO,A,Min,7.079811331593082,4.151512509690588,10.317523173063417,2.349403622529988,1.6138119832041622,3.3252646201733107,5.847257432526932,2.9058157473106228,9.449558087104162,1461924
2011,R10PAO,E,Max,2.2586663082437326,0.48166707457442287,5.4869313737512115,1.4826439702124026,1.1354012061043537,1.8323224553112623,6.360066786953414,3.434181411849695,9.59088211960158,1461924
2011,R10PAO,E,Median,1.3034818634211014,-0.016890111534915677,3.966924165616067,1.2348479072325131,0.9967392702563589,1.7122169065491495,6.360066786953414,3.5012398121100796,9.645236736626073,1461924
2011,R10PAO,E,Min,1.2079233902821,-0.437792748308675,3.1633126569730154,1.244104215170928,0.9254343772544016,1.6956529879238642,6.415631426436267,3.534769012240271,9.757343134239084,1461924
2011,R10SAS,A,Max,9.502864442039433,8.046278966234981,11.383759572563243,1.878466988475425,1.6196619617565555,2.354318091469342,10.999883753843893,8.039425573283777,12.782861813639895,34128160
2011,R10SAS,A,Median,7.602404343819028,5.802904893002987,9.543586843605695,1.7023675445326734,1.521509063113311,2.2124615881433023,10.977844079424603,8.03836469150659,12.156666199038408,34128160
2011,R10SAS,A,Min,6.212015176779479,4.476257480401289,7.79667095164707,1.5871828609565144,1.4035180582466265,1.8995796969261094,9.829807951148485,7.945444074987414,11.703788768849034,34128160
2011,R10SAS,E,Max,2.278395880502368,0.5250127337382943,4.615150961742522,1.2372163085223886,1.0360578107720138,1.5075260461442659,9.894636026695725,8.040599545693913,12.045745577085041,34128160
2011,R10SAS,E,Median,2.294639167064255,-0.08644689616491606,4.281096716396178,1.2326747199601473,0.9889519003649183,1.4525241689454904,9.894636026695725,8.038049191503921,12.079905718151064,34128160
2011,R10SAS,E,Min,1.2287252022085742,-0.1212961553551466,4.001408931373234,1.1502278241061372,0.989839065447525,1.4295860639901417,10.046029652068269,8.04033224066211,12.162779388023392,34128160
2012,R10AFRMEA,A,Max,14.291797607125062,13.160828066252925,15.742109823195744,1.7734432086191978,1.6408929152395304,1.9435996779538414,19.088979221915523,16.41844578923098,22.273619402976387,38729208
2012,R10AFRMEA,A,Median,12.152043928489345,10.933810154904554,13.428706322281037,1.637592243113021,1.517433178497443,1.7643655174769122,19.176215178320113,16.750568909428605,21.895835855034772,38729208
2012,R10AFRMEA,A,Min,9.552203006646568,8.637188974839978,11.219247694563052,1.499009576181547,1.4404258907480503,1.6252937750021266,19.22640362339937,16.610606936059458,22.282722320922552,38729208
2012,R10AFRMEA,E,Max,5.44820900209302,3.460343745738903,7.764651635343615,1.300376541355004,1.163852750193633,1.430673833479714,20.25739096833975,17.160458707260442,22.664796100102198,38729208
2012,R10AFRMEA,E,Median,3.5008288935878955,2.2131218664335104,5.9462586908604,1.2076907958463265,1.123301478309218,1.3231697690677091,20.25739096833975,17.00156252529761,22.686313898335104,38729208
2012,R10AFRMEA,E,Min,3.431358943654992,1.7165132297178687,4.6513681152298325,1.1804863605957447,1.0953825227450813,1.2852598732874656,20.434151672439448,17.157841569140576,22.73069435719047,38729208
2012,R10EASPAS,A,Max,10.654530540331624,8.178623496389605,12.256462155687199,2.4499219915148664,2.235518904724891,2.7426103703348166,6.475050573745309,5.754511451358573,8.458143327756598,28657780
2012,R10EASPAS,A,Median,7.854693706935089,6.307629043259986,9.88936757674643,2.186449196221567,2.010572004288532,2.50584481562758,6.467651739796779,5.615338807820465,8.239973487084672,28657780
2012,R10EASPAS,A,Min,5.878830845092498,4.489104448145666,7.049288438466043,1.9399868715187145,1.7244144277185083,2.0915169601822488,6.1926608725273455,5.1562897896043545,8.155114487721576,28657780
2012,R10EASPAS,E,Max,2.7597349347843387,0.8265818345331257,3.791026857368033,1.3622433088606156,1.1227556168493733,1.682496340171941,6.196901556394105,5.174522606823811,8.151024575110538,28657780
2012,R10EASPAS,E,Median,1.6815757813801255,0.7203415385659349,3.00674601897244,1.3304075796145127,1.0870832217365136,1.4848087330717614,6.188532159342287,5.157088083225565,8.129447415387585,28657780
2012,R10EASPAS,E,Min,1.5369539092639979,0.2480234649930706,2.301603986175178,1.2539564254933668,1.0443226678620818,1.4182163755763668,6.192772843209046,5.173638583336907,8.150867270779345,28657780
2012,R10EUR,A,Max,16.36876619627565,14.10659139813049,18.56794075484679,2.615887375727662,2.2883256713212865,3.1515438115591308,10.418863559775051,8.545371346054177,11.665572114135099,6759644
2012,R10EUR,A,Median,12.952932471192241,12.080634748861698,15.469190457397396,2.3173606241941203,2.0351689332520344,2.8346533651448484,10.773986679296709,8.69737013225142,12.376921942321385,6759644
2012,R10EUR,A,Min,9.142256705051615,7.409178498999081,12.542455461880465,1.971333139043959,1.6499586890265734,2.4458447417016,10.689526715465343,8.651442871696124,12.064207114322453,6759644
2012,R10EUR,E,Max,5.038095844097922,2.072877286021547,7.83606606592963,1.5549676522902043,1.1799453261847583,1.920851245955103,10.902678099834706,8.665705106862665,12.152236080432521,6759644
2012,R10EUR,E,Median,3.884777385322918,0.6000029777804224,6.444464807299248,1.3120512203671328,1.064352427828212,1.7433266627895745,10.902678099834706,8.615898621522678,12.172079744118086,6759644
2012,R10EUR,E,Min,2.5075538711749985,0.3626489323112878,5.26961262848699,1.2763272754198953,1.0358869654634855,1.569664001759308,11.031369520372703,8.665438455182569,12.213007300469563,6759644
2012,R10FSU,A,Max,11.706910954419163,9.254844559489225,14.23561254204992,2.715581670128367,2.4413914644401626,3.3032658638524532,6.528389800510281,5.054875509204626,7.529703206814208,4010052
2012,R10FSU,A,Median,9.693696249049449,7.506128005559667,11.423806769021345,2.391208973080556,2.133024348873315,2.8163839383926805,6.855375803892593,5.498774990410737,7.994694377626972,4010052
2012,R10FSU,A,Min,7.3223358183220295,4.823581931714472,8.500389986033992,1.9525434219918008,1.6305075426253144,2.324370010284854,6.979533101191466,5.5331060519259765,8.220496104027877,4010052
2012,R10FSU,E,Max,2.660285153501494,0.9575191489518936,4.485425714055326,1.414170393298202,1.1812543293453923,1.6221437464979944,6.890709984071146,5.491690803113941,8.477432197255638,4010052
2012,R10FSU,E,Median,1.3039632384604793,0.30911408866206663,3.156199470349714,1.1939925516808958,1.0526792817868933,1.4652567287195177,6.890709984071146,5.478647674375683,8.528213794493603,4010052
2012,R10FSU,E,Min,1.353772434074731,-0.16092023363867058,3.0518677836595245,1.231710109891041,0.9676349459881068,1.4804568504460816,6.855375803892593,5.491145865629572,8.474258347428265,4010052
2012,R10LAM,A,Max,14.832372040691283,13.189065110317735,17.1215443840356,1.8814349364830927,1.7525326190637787,2.0843863226951314,17.05505041533288,14.165042316040447,18.67668707667383,10525104
2012,R10LAM,A,Median,12.936465692100207,10.925799512178672,15.158000828075254,1.7625001853902909,1.6272741604029874,1.925635490664312,16.962198376516554,13.664627147033826,18.66051881691732,10525104
2012,R10LAM,A,Min,9.43668690956547,8.114115027584885,12.136740628670456,1.6220005432709017,1.4733093245246265,1.7653229285853362,16.746741755690252,13.996184371793163,18.73058127586218,10525104
2012,R10LAM,E,Max,4.162202574830234,0.9285848073390531,7.43177213329409,1.2487890450898553,1.0548368588491954,1.4739369847222528,17.002857312075776,14.07879278341446,19.136748353346427,10525104
2012,R10LAM,E,Median,3.5251459283651982,1.1819316907626563,6.1551237866306545,1.2129403772340108,1.0833335990414426,1.3797473018535806,16.900624443572283,13.821395816377098,19.031944162894145,10525104
2012,R10LAM,E,Min,2.559975329638558,0.07324826730347311,5.34255257747701,1.1627966954890334,1.0064040240318761,1.3411671277895718,16.962198376516554,13.868794676555218,19.136619776608324,10525104
2012,R10NAM,A,Max,15.071017178597831,13.342093982485759,17.381467023875853,2.0403405025755177,1.7599263120168755,2.3617609375826563,12.68673058650132,10.436351437202898,16.559197225646532,4465716
2012,R10NAM,A,Median,12.737074474367045,10.512926565029607,15.216123079858024,1.8327715161677651,1.6418105338686815,2.1863827456038245,12.747166264006442,11.204776457919152,16.62887290108053,4465716
2012,R10NAM,A,Min,9.022109371453272,6.3384373412312325,12.162522655539773,1.5593974584633399,1.4122844274667596,1.8265858439987621,13.781172980671926,11.570112591107886,17.01690562937387,4465716
2012,R10NAM,E,Max,3.373275639476776,0.5374708403270142,6.646085091536598,1.2789942628109645,1.0346626608350868,1.683596061275313,12.993207565439754,10.288822011935208,17.258688253586882,4465716
2012,R10NAM,E,Median,3.2446787978371896,0.14812624758896417,6.10829071817367,1.182757259352049,1.0129180290475317,1.6442545041203727,12.993207565439754,10.740578042683849,17.347421931824286,4465716
2012,R10NAM,E,Min,2.662267322377014,0.5824586696163543,5.044888074291627,1.1750876679432205,1.028913201377128,1.472290838673595,12.747166264006442,10.966456058058167,17.253142398697044,4465716
2012,R10PAO,A,Max,11.937502900716247,10.023045278235427,15.904804083537122,3.606271035996704,2.5211090570191343,5.162396174680193,4.962000582620828,2.806671879855475,9.34582695133678,1458908.0000000002
2012,R10PAO,A,Median,9.38166148948672,7.079220617004294,12.588048033942586,3.2810103398188946,1.8855382861785805,4.0688580805303385,6.010460436562362,2.834266698792114,9.693169639797595,1458908.0000000002
2012,R10PAO,A,Min,7.408294642592718,4.218283672451991,10.31690308459368,2.4037053537000865,1.6306532524839268,3.3326591086034982,5.588638472171439,2.9605517930323453,9.582415089052827,1458908.0000000002
2012,R10PAO,E,Max,2.2739713851594656,0.4900536202004021,5.322063970034062,1.4820963402007727,1.1436126712586163,1.82597797946895,6.204407564006313,3.439962399393743,9.624351849802842,1458908.0000000002
2012,R10PAO,E,Median,1.4258040762789044,0.033497730014710195,4.004917264396192,1.269935722387832,1.0005613818969608,1.6702197699912569,6.204407564006313,3.544956342012327,9.709050668257923,1458908.0000000002
2012,R10PAO,E,Min,1.3216157296698254,-0.6305055468004719,3.2223958270595325,1.2064601744235584,0.9235102276406371,1.7297082594568343,6.398354691450265,3.597453313321618,9.883741981321524,1458908.0000000002
2012,R10SAS,A,Max,9.869717384123152,8.015848677005973,11.754025472959329,1.924643202513289,1.6437944372890565,2.428802422652059,11.194247217935228,7.777890257269089,13.014836174598695,33891120
2012,R10SAS,A,Median,7.904807330573191,6.219998135387225,9.811976792972105,1.7469153110807143,1.537491364363064,2.194461558590052,11.047505291147768,7.766904561592985,12.478481584532664,33891120
2012,R10SAS,A,Min,6.388849319669811,4.969986965072835,8.048700755226397,1.5877161202130283,1.4115269766191771,1.9352401824090633,9.923518237404396,7.686979741471408,11.806204633296034,33891120
2012,R10SAS,E,Max,2.450145165535342,0.44606880472133786,4.729749613941585,1.2460801835325004,1.0353781879777442,1.4857997304310522,10.073018557261442,8.08190348853612,12.434117342626918,33891120
2012,R10SAS,E,Median,2.19362112056447,-0.023242902181276275,4.460879738049081,1.2363955856751359,0.996591441862539,1.4678629509540815,10.073018557261442,7.960985185204152,12.28484426419593,33891120
2012,R10SAS,E,Min,1.495199800417331,-0.011987058585297916,3.959450633265268,1.1641931550377844,0.9986063108363323,1.444572837862411,10.178736087444518,8.081827837641294,12.430704708634169,33891120
2013,R10AFRMEA,A,Max,14.849013374134262,13.738203000732721,16.276368785936924,1.7928485879641514,1.6755978349579985,1.9773904307623358,19.22419403855651,16.54146904072639,22.28178842677498,39587232
2013,R10AFRMEA,A,Median,12.555857385343973,11.319670491250566,13.997911773062492,1.6666673504685536,1.541507147908638,1.7989710514292123,19.3197185612157,17.00787295102895,22.04137801370977,39587232
2013,R10AFRMEA,A,Min,9.921851442611633,9.042631219155002,11.595736616384748,1.5216667573677782,1.456856076661559,1.6511785563875445,19.362565014517216,16.855381720795812,22.328962002673236,39587232
2013,R10AFRMEA,E,Max,5.567737497894668,3.599088066756639,7.972432686509037,1.3031865990382188,1.1637849648666694,1.441534793497261,20.349038077100253,17.20967916265216,22.918604449484516,39587232
2013,R10AFRMEA,E,Median,3.618818700419748,2.3071907447793385,6.015302426716424,1.2148552112667619,1.1246258819236332,1.3272566661280312,20.349038077100253,17.129614088096524,22.937774774691324,39587232
2013,R10AFRMEA,E,Min,3.2577399522602626,1.7496064687707005,5.046012287018737,1.17743265224474,1.0995787198821203,1.2785269070633924,20.382124116581018,17.205415173440485,22.977313570430365,39587232
2013,R10EASPAS,A,Max,11.114616447790542,8.697829233578647,12.75859808032667,2.484134872696258,2.289741245533825,2.8109652215888232,6.447596338758341,5.763449714813026,8.46724665475148,28848860
2013,R10EASPAS,A,Median,8.267226895639903,6.676884709936642,10.327977299191096,2.179204046275016,2.0286894357847083,2.538605395913836,6.400088959575539,5.64145103685002,8.374232515587863,28848860
2013,R10EASPAS,A,Min,6.188318235277995,4.759528477163748,7.213652273123261,1.9654265327331752,1.726198290749693,2.129683192421356,6.268242060243091,5.197906274491542,8.281398678620953,28848860
2013,R10EASPAS,E,Max,2.852759954601721,0.8165900418214912,3.97226368321949,1.3675426386697356,1.1198625905823971,1.709032673283731,6.268242060243091,5.201250562973654,8.21333517970582,28848860
2013,R10EASPAS,E,Median,1.8293638790614355,0.7167379546183131,3.0152135105371927,1.3408540729089216,1.084427579107916,1.5016452954610569,6.20901435945096,5.197597869551495,8.12450569262805,28848860
2013,R10EASPAS,E,Min,1.6272474097302556,0.2609482914580541,2.280523483607726,1.2418011017055268,1.046428540636937,1.4110668556392492,6.2286547577836595,5.20046903199708,8.210717352824469,28848860
2013,R10EUR,A,Max,17.00547251210538,14.605291710010745,19.284227000918587,2.7028718985739792,2.3086201737431087,3.187282028999207,10.418006074972435,8.742856348461718,11.9393912380511,6742496
2013,R10EUR,A,Median,13.498323384769735,12.364210298596879,16.338727574656716,2.3500603106399534,2.085951891326786,2.8935621730561674,10.58086448091202,8.783838585789846,12.47958900015415,6742496
2013,R10EUR,A,Min,9.255059275375672,7.5069304798567575,13.027092402523548,1.9944854167531227,1.6527985055073133,2.4687923994004155,10.56368229350958,8.769546643121869,12.190153549834664,6742496
2013,R10EUR,E,Max,5.096161435679793,1.8824953547170045,8.228220563594645,1.5678797084889653,1.1607630248694503,1.9324970562017172,10.8629864167193,8.735742470749694,12.235483603283472,6742496
2013,R10EUR,E,Median,3.917019565276112,0.6659579750951042,6.455465809810682,1.3030971839626584,1.0616928689313756,1.752111403871481,10.8629864167193,8.735592535222104,12.247819331067502,6742496
2013,R10EUR,E,Min,2.6900852318618798,0.2975322614914653,5.217461874668823,1.2897096919403652,1.0334218793378391,1.5801610373523383,10.92539209878841,8.735739526538001,12.273261769622064,6742496
2013,R10FSU,A,Max,12.34300667861991,9.490141070485391,14.90200248111837,2.7325406225629663,2.515321959540879,3.3844960556421366,6.687261139294803,5.084113774701687,7.676023172281372,4119468
2013,R10FSU,A,Median,10.108145188300087,7.92046829532444,11.891403836902303,2.426934216763049,2.0868358614696105,2.8885530913368678,7.047206108847865,5.492262180328049,8.03809400031372,4119468
2013,R10FSU,A,Min,7.493402589184907,5.0066690864798655,8.8307621869713,1.9719451241892552,1.6529368555786554,2.3594226703138146,7.073230946813611,5.539349169707161,8.214563917028686,4119468
2013,R10FSU,E,Max,2.714749444554073,0.9192948034392409,4.664309003439204,1.417313967426502,1.141223348682398,1.637472110588918,7.055675398232143,5.482545817440295,8.770544116930253,4119468
2013,R10FSU,E,Median,1.3298871157691008,0.32251977265867204,3.221371002661118,1.2085758603365868,1.0498875280236393,1.4726978929892725,7.055675398232143,5.452039320795635,8.804183601502464,4119468
2013,R10FSU,E,Min,1.067672040355438,-0.07485444476901648,3.1046377908339355,1.2189447398018598,0.9747029887019577,1.4847507068066925,7.047206108847865,5.481798404910468,8.76844164914449,4119468
2013,R10LAM,A,Max,15.270931592033403,13.518682794534376,17.555493720292688,1.8990416333743094,1.7627308725951039,2.0935510221301357,17.080912287801247,14.147969943901252,18.815459901537704,10512256
2013,R10LAM,A,Median,13.394357265544889,11.38463883230448,15.65445355649096,1.7882122900456066,1.6587162528526769,1.948207643769802,16.982338663253945,13.682286022423508,18.794694535038083,10512256
2013,R10LAM,A,Min,9.830372863699983,8.584503496839867,12.592686248848047,1.626520802491843,1.478113384440341,1.746816912580928,16.81710377787534,14.041599987293033,18.88467778986976,10512256
2013,R10LAM,E,Max,4.355371449270574,0.9313274187090507,7.521371407366984,1.2512291411299148,1.0524788360489483,1.4786643731285187,17.028786420128032,14.058551736680256,19.272100692568465,10512256
2013,R10LAM,E,Median,3.685242528733953,1.3673890851789479,6.196813064186985,1.2161740392252631,1.0898245393463077,1.385398345904159,16.953816927152886,14.03381836521054,19.133319275015847,10512256
2013,R10LAM,E,Min,2.524723215821618,0.24609525021084977,5.386323963597409,1.1519968537805403,1.013996613880139,1.338561578051766,16.982338663253945,14.0521707731204,19.27123064782256,10512256
2013,R10NAM,A,Max,15.599900386674634,13.786178952609058,17.890101256679056,2.0812473405883978,1.8099848158002816,2.381279889568291,12.682069773272914,10.507385578530242,16.415783087080598,4430104.000000001
2013,R10NAM,A,Median,13.05683263727964,10.929372751559637,15.649019239679056,1.8504191418997333,1.663649299499352,2.2315495161698635,12.923430672999302,11.297376052120176,16.81818106777466,4430104.000000001
2013,R10NAM,A,Min,9.127271722747292,6.515779090117067,12.475220831499998,1.5703472010717627,1.415822953027906,1.8497573031554548,13.810239986225302,11.580137419658648,17.252964160778287,4430104.000000001
2013,R10NAM,E,Max,3.494392207131032,0.5159136728563929,6.746495232330178,1.2755887490243094,1.0363406230156724,1.706221932342765,13.102557554548714,10.359132797196306,17.31963644994364,4430104.000000001
2013,R10NAM,E,Median,3.1466818689123666,0.24094537011735906,6.043326725542003,1.187047731983792,1.0173744970636494,1.6067538871632094,13.102557554548714,10.82540385680104,17.441017652778932,4430104.000000001
2013,R10NAM,E,Min,2.5209505652627744,0.6481549040017995,5.349851993056429,1.1780776347675608,1.036168170428193,1.4772931597346095,12.923430672999302,11.058539386603405,17.312050124766436,4430104.000000001
2013,R10PAO,A,Max,12.425876817829542,10.41437031072547,16.419576215958212,3.6220987441787873,2.619549807072367,5.152040459740059,5.019076635802,2.8858043585308515,9.218287990605951,1455892
2013,R10PAO,A,Median,9.483361896156623,7.281752368984696,13.157287327857722,3.2659344473825986,1.8463387705020666,4.0231887538065125,6.0193373009429525,2.91895676334892,9.561289548466558,1455892
2013,R10PAO,A,Min,7.571330089638088,4.092777248731522,10.572935025943595,2.4675328098397404,1.645506033972905,3.273711037280127,5.635949435429794,3.0163085611723353,9.46859261901461,1455892
2013,R10PAO,E,Max,2.310213977550311,0.48000520750247844,5.204905917972917,1.4853121883286047,1.1574965617889192,1.8338301984363359,6.1993988583340105,3.4381581047197316,9.52395231844658,1455892
2013,R10PAO,E,Median,1.5075776121261097,-0.17060685858989694,3.970465871530148,1.2737588742786796,0.9815989082578622,1.6680391276586906,6.1993988583340105,3.5716658836968582,9.660153176715736,1455892
2013,R10PAO,E,Min,1.4263877347618097,-0.46787997118678604,3.357657432681906,1.2094794705503054,0.9153921407661003,1.7432159638886917,6.3794604157250685,3.638419773185421,9.941067446895866,1455892
2013,R10SAS,A,Max,10.029892574932934,8.019748084715504,12.148078893130789,1.9651864063198463,1.674162679318218,2.4776417967219997,11.247597990457326,7.741386793104448,13.18768814824475,33654080
2013,R10SAS,A,Median,8.2370852933492,6.555042776177392,10.071939253129338,1.7903256097906801,1.553427271910985,2.235748586427646,10.6276138840251,7.7283856798741795,12.791750601043805,33654080
2013,R10SAS,A,Min,6.558512944985097,5.220531660011507,8.245724358767745,1.6192470233748613,1.4099029636162965,1.9531572551619394,10.035050603152868,7.6419395115492055,12.000456855016575,33654080
2013,R10SAS,E,Max,2.447983957997398,0.35635586004384356,4.746787511646103,1.240566956458558,1.0271600826983067,1.4841014688761702,10.358793013691303,8.101422828500656,12.740054404627339,33654080
2013,R10SAS,E,Median,2.160233438707843,-0.06290105331883834,4.58501144564347,1.2404354641003925,0.9910317223645171,1.4739221982246868,10.358793013691303,7.958072013608909,12.471576944089307,33654080
2013,R10SAS,E,Min,1.6524274978972437,0.19234679841680347,4.079805663060353,1.1753877589921298,1.0159455214353779,1.4417363026383987,10.384396403395273,8.101084259141853,12.736077774133765,33654080
2014,R10AFRMEA,A,Max,15.264240899862077,14.260811244499214,16.769976310255405,1.808904661885624,1.6908351372827308,1.9973113602004915,19.282264603732237,16.64521719697242,22.50562231489526,40445256
2014,R10AFRMEA,A,Median,12.968092956375937,11.886262181862774,14.549631973667474,1.689793618827432,1.5559104939902322,1.8178497556972604,19.405893304009094,17.2489839279307,22.156772286849034,40445256
2014,R10AFRMEA,A,Min,10.16057032424389,9.401533264909606,11.937855435125728,1.5356497924672126,1.4539442042716333,1.673657105201438,19.518214940951324,17.07969871906278,22.57249554111679,40445256
2014,R10AFRMEA,E,Max,5.7220164144204775,3.5558994300131226,8.12980863090363,1.306300805180345,1.1564937215365982,1.4432356065956875,20.445851935443052,17.269564889845263,23.152857979649376,40445256
2014,R10AFRMEA,E,Median,3.8491657785713915,2.38615831212803,6.251824685036174,1.2224517027278994,1.122219531108352,1.3305337697732875,20.445851935443052,17.259333914563825,23.214794163017608,40445256
2014,R10AFRMEA,E,Min,3.1577718450317,1.6844725331062342,5.346528403604928,1.1809914129791124,1.0989142053001983,1.2912685702990911,20.535824096467625,17.2657782458637,23.34253754121458,40445256
2014,R10EASPAS,A,Max,11.581214648873756,9.085857964053957,13.233706184184818,2.5404927428091817,2.3032879218654587,2.9035010522737816,6.492326127217575,5.748856920137294,8.53312923235617,29039939.999999996
2014,R10EASPAS,A,Median,8.686858732440324,6.843217762924365,10.671977311537669,2.223280728416189,2.0398822112459527,2.578122810107333,6.447788107470357,5.6664461456082496,8.412253580722236,29039939.999999996
2014,R10EASPAS,A,Min,6.276050342613392,4.811828125515845,7.405032616506013,1.9888965365047189,1.7294058517366988,2.158588468930995,6.308082234584348,5.28360442556989,8.33892736307598,29039939.999999996
2014,R10EASPAS,E,Max,2.880621574483275,0.8081498439488953,4.163361627636488,1.3918674338854515,1.10838825673618,1.7377914822042866,6.316429955957979,5.284068122450168,8.289314228960947,29039939.999999996
2014,R10EASPAS,E,Median,1.8962458642739426,0.6135402051764499,3.0166083354088973,1.322040526569009,1.0719764024728606,1.5104461469626294,6.255853895924234,5.283475218497618,8.12542224510468,29039939.999999996
2014,R10EASPAS,E,Min,1.616354707809188,0.273988209221681,2.2297470207576477,1.2374421135395384,1.0484205666503166,1.4161266407705275,6.264201617297864,5.283901601836114,8.28762409552056,29039939.999999996
2014,R10EUR,A,Max,17.62598159242531,15.006284261377479,19.933978484698834,2.7279037272488598,2.3203716510936827,3.197736210682305,10.362980491438698,8.776557218820138,12.149906318146499,6725348
2014,R10EUR,A,Median,13.936977827200776,12.658681478144292,17.147088436022603,2.3824547383762846,2.097364686151466,2.9365316736512197,10.570986502746162,8.828290723014007,12.60694598888973,6725348
2014,R10EUR,A,Min,9.375183313229604,7.621281462099156,13.427665408932974,2.010903932437868,1.6821534288627773,2.470815332945568,10.567197595744869,8.812420277182824,12.351066819683103,6725348
2014,R10EUR,E,Max,5.2265704609886425,2.3183773293826087,8.312165346872375,1.5722179675136099,1.1722845993174387,1.9418345055253656,10.856385213398779,8.766993736590088,12.383160507924117,6725348
2014,R10EUR,E,Median,4.022503929492649,0.6167221636554634,6.377848585454686,1.3084582431502736,1.0586784046330504,1.7606943705240465,10.856385213398779,8.729581312596233,12.417733680487054,6725348
2014,R10EUR,E,Min,2.7080585490141367,0.3267097040610363,5.2917065138565285,1.308913553889193,1.030491645148843,1.5839904498366966,10.894884846477456,8.76639601895071,12.489040848898105,6725348
2014,R10FSU,A,Max,13.063354725798622,9.87851008993876,15.66352436615783,2.7600228290988493,2.605488751035188,3.46219719911654,6.918801761714455,5.068959886819243,8.074781909501093,4228884
2014,R10FSU,A,Median,10.918481140301502,8.214488918495949,12.584963626479027,2.46893749366119,2.1628355197015234,2.976709196352124,7.273041249254088,5.35374206713799,8.114648177804613,4228884
2014,R10FSU,A,Min,7.44616575193732,4.9961980326766025,9.082104829466266,1.9693522910289447,1.6994483985231974,2.434085410263398,7.2771915659682005,5.491251806772452,8.288433222678826,4228884
2014,R10FSU,E,Max,2.7453808851889465,0.8460197335023697,4.688939864026099,1.413772988399499,1.1538847961333807,1.6525797403322429,7.165834752477212,5.403406605214791,8.922453858083824,4228884
2014,R10FSU,E,Median,1.346424513631608,0.22872947954832779,3.302736834320519,1.200724604972568,1.0287142846805133,1.4694736592791393,7.165834752477212,5.37599900145103,8.950518752331952,4228884
2014,R10FSU,E,Min,1.070603059199306,-0.151083213190482,3.123368212038997,1.2048224374642231,0.9815755667118228,1.4790486478947882,7.058628255700337,5.402012189356249,8.920699802193317,4228884
2014,R10LAM,A,Max,15.69873819232926,13.987290870788033,18.0262295624084,1.9301784529016133,1.8018297266609928,2.0923318752211637,17.088561144386205,14.084828782736865,18.90734587851276,10499408
2014,R10LAM,A,Median,13.757382655997471,11.797297863650353,16.106814580006066,1.8129712563408886,1.6971675583964057,1.9770958993894938,16.96975505237373,13.728613021997386,18.87502514468096,10499408
2014,R10LAM,A,Min,10.216780744482303,8.885957025328642,13.04062500266979,1.6405334229605701,1.4811725975795302,1.765799790387777,16.786210220265467,14.20624653962124,19.0150816579521,10499408
2014,R10LAM,E,Max,4.53691696003594,0.9312066082707285,7.280817120674106,1.2589998785269652,1.0542435888005166,1.47638268574567,17.026309998091953,14.257406880572379,19.268837268100892,10499408
2014,R10LAM,E,Median,3.734665445985918,1.379549239796534,6.329851053836874,1.2227868319686028,1.0875447754550114,1.375161031402464,16.959964546114698,14.080194997836141,19.266604613620114,10499408
2014,R10LAM,E,Min,2.6215123464873074,0.30356515065057543,5.581049124811128,1.1483141022416008,1.016348162114725,1.3361524083471665,16.96975505237373,14.101456892528597,19.267780449790912,10499408
2014,R10NAM,A,Max,16.18145660532452,13.97091540093196,18.354295419458197,2.1243923867432164,1.8216212416275606,2.427826948543434,12.80605578830266,10.480969499812872,16.388467949956258,4394492
2014,R10NAM,A,Median,13.728544164823973,10.91304722016238,16.069725387294334,1.875877881120935,1.6815942987273846,2.2763717106802033,13.098944349494579,11.277453816310814,16.720685361116868,4394492
2014,R10NAM,A,Min,9.497307013831026,6.84173305713248,12.652054637031,1.582160864774393,1.413561913578824,1.8686427439008262,13.730923690024335,11.53997363392012,17.428631060824802,4394492
2014,R10NAM,E,Max,3.5926726352468794,0.5086748067926251,6.840134794842627,1.2799132686177068,1.0379521541860057,1.7116942062959204,13.23914028363627,10.332779486226794,17.451832352753513,4394492
2014,R10NAM,E,Median,3.1083200570068668,0.4735670340748771,6.014137122667686,1.1822189084426675,1.0258697254235554,1.5628677212129276,13.23914028363627,10.863530480481197,17.508625271347277,4394492
2014,R10NAM,E,Min,2.503458555455156,0.7730657508079517,5.548028180687645,1.1711337031722497,1.0482195013391324,1.4806322265857284,13.098944349494579,11.128905977608396,17.448282795341406,4394492
2014,R10PAO,A,Max,12.689952696497707,10.585526409398607,17.045869412648667,3.640759511600218,2.5906201444530494,5.471978563787727,5.11709218462919,2.9930240307348916,9.289925210249384,1452876.0000000002
2014,R10PAO,A,Median,9.945576566042035,7.502495286723496,13.86235163849,3.2528489536441865,1.907771846108379,4.042264278979878,5.77768600702885,3.01701458736198,9.735416016051554,1452876.0000000002
2014,R10PAO,A,Min,7.861174158775372,4.015592909426863,10.6597413603921,2.4553940230474933,1.6461317156278514,3.180926449637559,5.574154885631328,3.0692758867205336,9.591867229197751,1452876.0000000002
2014,R10PAO,E,Max,2.3208962086952076,0.4694928552045213,5.238122234093402,1.4829766742115877,1.1574962607860366,1.8553085717102251,6.057538146927479,3.4102227353284302,9.648379442530755,1452876.0000000002
2014,R10PAO,E,Median,1.5442279385911386,-0.14399521057951195,3.9390807772795036,1.2759402099424926,0.982571405848125,1.6702115969178153,6.057538146927479,3.560977673650016,9.75550137917174,1452876.0000000002
2014,R10PAO,E,Min,1.5434102131636713,-0.2966985988409938,3.4374197570844824,1.2069861249579945,0.891917260209587,1.7789785098584288,6.337390286826109,3.636355142810808,9.976440373493762,1452876.0000000002
2014,R10SAS,A,Max,10.575609386791315,8.626184371632059,12.670615086833013,2.003936900345251,1.6975538339690734,2.516985715585971,11.312878216540156,7.706316102906638,13.691501801455399,33417040
2014,R10SAS,A,Median,8.525740530087953,6.686193467157269,10.491997329674875,1.825146490553674,1.5659933735474612,2.277928640269666,10.615178700028208,7.798463366624644,12.965758588682856,33417040
2014,R10SAS,A,Min,6.78579401080149,5.189644368766447,8.486114913504672,1.651890322863664,1.4163868074806627,2.0085095209830395,10.155505772528542,7.746490322885226,12.070565057807823,33417040
2014,R10SAS,E,Max,2.646631234398245,0.34985240873067264,4.858879519990344,1.2500619738539551,1.0285571100986288,1.473653851107133,10.463470890710003,7.954044235601694,12.925092149303627,33417040
2014,R10SAS,E,Median,2.1957161229689692,-0.09225242803325853,4.58359087434187,1.2359400039872543,0.9897969330074797,1.4680166948100806,10.463470890710003,7.892940949839469,12.62708769595126,33417040
2014,R10SAS,E,Min,1.7629215550652564,-0.05710988559897867,4.030365938468224,1.173783000461198,0.992227083482686,1.4397860002281888,10.551523581244354,7.951766614860021,12.92196396165907,33417040
2015,R10AFRMEA,A,Max,15.876689438476618,14.740070323879587,17.43128918355918,1.8326432839426385,1.7010262187815992,2.0060566754329323,19.28142202240902,16.625180365258554,22.75026569959981,41303280
2015,R10AFRMEA,A,Median,13.582437434760553,12.63447606640872,14.990401400581181,1.7137458944992412,1.5810496275133499,1.8470548013709234,19.478118124110622,17.27353204314782,22.38451600337429,41303280
2015,R10AFRMEA,A,Min,10.74215111976575,9.69166565234135,12.216967879681798,1.56344499657623,1.4741056242810042,1.6908537136153166,19.66683584847857,17.060892865157037,22.831039062216103,41303280
2015,R10AFRMEA,E,Max,5.815166322535906,3.5344210651038575,8.439867206555007,1.30930985917777,1.1603208208800733,1.4476002434368238,20.387887276219114,17.554494324859824,23.36320995301194,41303280
2015,R10AFRMEA,E,Median,3.9809604733355552,2.238163332701662,6.3550084319955396,1.2370974914521202,1.1202685457127561,1.3385703987711124,20.387887276219114,17.484093865096746,23.45650534641376,41303280
2015,R10AFRMEA,E,Min,3.0497874367946434,1.7052672769155457,5.386041935825851,1.1883873445720425,1.1000343040567218,1.2968277654561486,20.453198096894774,17.553744940330244,23.64892709530501,41303280
2015,R10EASPAS,A,Max,12.0484401856819,9.4181647659798,13.625793222357718,2.615834540368927,2.3173641870276267,2.956533340949978,6.550833912002366,5.698984401941699,8.651610084188942,29231020
2015,R10EASPAS,A,Median,9.19428900070407,7.30259029979334,11.017886066254288,2.245736367187618,2.049263746620451,2.622475683588774,6.631018876477817,5.648779480373578,8.408157724210037,29231020
2015,R10EASPAS,A,Min,6.464493765025457,4.768702664352572,7.544345034116448,2.00141874957259,1.7331192829762267,2.179249005066503,6.3436876389578565,5.306458702841803,8.33750694273509,29231020
2015,R10EASPAS,E,Max,2.9173072079757723,0.7027835624901241,4.22997391876162,1.407686650298865,1.1012608719960655,1.751186782590716,6.357865722139101,5.3302138590409545,8.16022137968182,29231020
2015,R10EASPAS,E,Median,1.9215763583604732,0.6695662744227611,2.9657171017524213,1.3233478987453569,1.071452205280432,1.5299684489940701,6.280453419471714,5.313710866157523,8.077654009582083,29231020
2015,R10EASPAS,E,Min,1.5724066510711499,0.3231134855496869,2.2760658980565274,1.233907642051479,1.0571203207203843,1.422119410979675,6.294631502652959,5.330210869400295,8.157230365933708,29231020
2015,R10EUR,A,Max,18.064707535277897,15.26573521209824,20.557821057570187,2.7821440085570783,2.3473567933395945,3.2360048195630595,10.314545433899482,8.873403060826556,12.205506145373167,6708200
2015,R10EUR,A,Median,14.41095330154689,12.79143647989554,17.849721083438048,2.4206811176851812,2.112897673666596,2.9216187146956987,10.571715092895127,8.886171611371157,12.89840060491009,6708200
2015,R10EUR,A,Min,9.609730892341318,7.824581764495643,13.84962034051917,2.0313664158162763,1.695490527589101,2.4690123719303503,10.505060145706466,8.87393698147829,12.614229093305966,6708200
2015,R10EUR,E,Max,5.4613805567903615,2.333286447736008,8.587562255611994,1.5742446097346074,1.1700236415220584,1.9413518158158682,10.816400082459683,8.864594791627352,12.75016686225556,6708200
2015,R10EUR,E,Median,4.120153841582942,0.58457265796284,6.279898562507391,1.3118201666378526,1.0588792004295011,1.7888477088918127,10.816400082459683,8.839422015002455,12.751372498622333,6708200
2015,R10EUR,E,Min,2.7067801070700117,0.4778038065140393,5.246478271743047,1.307351440504302,1.0359116145507745,1.5572101907290012,10.849611530632714,8.864507347266937,12.753859123628805,6708200
2015,R10FSU,A,Max,13.512069086711097,10.252288377086051,16.36416100704765,2.8778622366509765,2.63690427270741,3.573951939738781,6.960448472411741,5.095288590432697,8.196506747108561,4338300
2015,R10FSU,A,Median,11.434707617383326,8.580622230486862,12.872453517660027,2.498365955110894,2.196063767096204,3.0402691697753044,7.353997545244686,5.347121502095994,8.336060964842835,4338300
2015,R10FSU,A,Min,7.627520147851872,5.279310022416608,9.532929193837402,2.0045308357405274,1.730766565232892,2.496781650325853,7.386724682053682,5.446428949447294,8.62190001497714,4338300
2015,R10FSU,E,Max,2.6862521825281465,0.9287684557851607,4.746337182317224,1.4338301317175484,1.1681544280733358,1.677732736393542,7.298171494537076,5.326629489150488,8.876185291479008,4338300
2015,R10FSU,E,Median,1.5816801571563746,0.16195036976612956,3.402804387738657,1.188649606850389,1.0205005992349756,1.4907721946031889,7.298171494537076,5.322393895001058,8.919059674351796,4338300
2015,R10FSU,E,Min,1.1554752743448269,-0.06124804938929529,3.212171949750898,1.2494987111414166,0.9934166693626182,1.4879478175895922,7.242345443829465,5.325053180462372,8.873505642549459,4338300
2015,R10LAM,A,Max,16.33478850244795,14.418498150744135,18.58647778676527,1.9603351819214203,1.8400445493724482,2.102501488963788,17.213221751876006,13.82743624494143,18.975545953322918,10486560
2015,R10LAM,A,Median,14.173370974795315,12.176655595810615,16.518773589247395,1.8297226033533112,1.7319252594644041,1.9968338600027722,16.961433014527202,13.680372930929785,18.94046480103709,10486560
2015,R10LAM,A,Min,10.624165517090413,9.058809888578304,13.5537716743181,1.6515189700186492,1.5135154288295283,1.783503976776875,16.716139360917477,14.194651741482712,19.092483127609,10486560
2015,R10LAM,E,Max,4.60458103678158,1.1803623409970043,7.225966730356176,1.261351238492296,1.0559628877520921,1.4944317788169736,17.08112086325668,14.247201431494116,19.384752093982623,10486560
2015,R10LAM,E,Median,3.7130618369800787,1.42069320761748,6.503539439087543,1.2209013814253589,1.0941071337031683,1.359128003012783,17.011858538488795,14.171810600516094,19.3760780360186,10486560
2015,R10LAM,E,Min,2.599236992747482,0.405713933583721,5.469059664859877,1.143046892786699,1.0239207213423773,1.3587921481140448,17.06228406245039,14.246788352880975,19.38457736228927,10486560
2015,R10NAM,A,Max,16.441160504111803,14.259812501042358,18.81766376875793,2.163466064950216,1.8251958486005677,2.4896284119791585,13.013630977626523,10.486341295292965,16.293564632504236,4358880
2015,R10NAM,A,Median,14.040147759227878,11.286689882528357,16.598592354446076,1.9024438875645122,1.7128407132740444,2.307691360960324,13.382755719213474,11.104168976793485,16.686207444770844,4358880
2015,R10NAM,A,Min,9.971361064569978,6.916779835385417,12.998789704299677,1.6010283939067955,1.4217470946444157,1.8831386086795292,13.700119655548058,11.645069318406671,17.495463696697406,4358880
2015,R10NAM,E,Max,3.7677283735045455,0.48854644036072936,6.936467272399014,1.303127669464184,1.0508536294588877,1.7063764683853098,13.408075449747038,10.375348770392527,17.584317224756646,4358880
2015,R10NAM,E,Median,2.968359344789946,0.5504031353665412,6.255597162289877,1.1723036718377777,1.0272759318277624,1.5646242356092155,13.408075449747038,10.83319293560682,17.625333603501403,4358880
2015,R10NAM,E,Min,2.6115335302108846,0.7527307638376968,5.926312928417827,1.1814474185733788,1.0544364790464946,1.4813689798921148,13.382755719213474,11.062115018213964,17.5817537010851,4358880
2015,R10PAO,A,Max,13.045810968518147,10.746207299145818,17.741516571064402,3.696097600615273,2.5954371773354232,5.291336655963033,5.213498951043617,3.092737085145016,9.368251451163571,1449860
2015,R10PAO,A,Median,10.203078018794045,7.743523587922907,14.411933386603856,3.239745093189184,1.9770276422610942,4.100387478628185,5.608476299804366,3.122602409875662,10.010756815200883,1449860
2015,R10PAO,A,Min,8.294675016397527,3.953491785346682,10.689016879871202,2.4315816920305826,1.6713139738131861,3.1752750855694383,5.546715881434651,3.210857881444646,9.84124423912921,1449860
2015,R10PAO,E,Max,2.3374207317403917,0.45549956658606156,5.4396175507882365,1.4727826547337095,1.134302943045634,1.8723844506735154,5.956407905790803,3.4250058462386175,9.980617699311352,1449860
2015,R10PAO,E,Median,1.5668043956835884,-0.06811474869882986,4.0309153173362375,1.2915514748781944,0.9882683094534503,1.7257995448193737,5.9860537108379805,3.4295737466624128,10.017711995790775,1449860
2015,R10PAO,E,Min,1.5769517316898476,-0.21190037814644036,3.2680823753210078,1.213958466619427,0.9344729015236943,1.820442393065415,6.304339511777239,3.4318576968743106,10.094218982279584,1449860
2015,R10SAS,A,Max,11.090043477171605,8.834696811582937,13.153631944759447,2.0408607906679705,1.7104552693477677,2.578078465407506,11.390835300324072,7.813410942422047,13.97866380924792,33180000
2015,R10SAS,A,Median,8.609176833892546,6.945501831460405,10.990473114458144,1.8612916860493824,1.5764468854945166,2.3020799089178476,10.747154242089472,7.896944220696318,13.172487145842888,33180000
2015,R10SAS,A,Min,6.893923099370937,5.260151496176474,8.978723896323034,1.6876140209382289,1.45049842667658,2.0065758996137864,10.37008434267883,7.867692970396634,12.36728048681146,33180000
2015,R10SAS,E,Max,2.558435196108423,0.18996360225565123,5.047599077160744,1.2565297617763218,1.0241284941131403,1.4960605461473453,10.538955071943043,7.951574099309452,13.152271957685558,33180000
2015,R10SAS,E,Median,2.321720157945556,-0.16461748077771646,4.71923360820197,1.2308027934672277,0.9786315607469818,1.4490001901414544,10.538955071943043,7.928907534805807,12.800859360809774,33180000
2015,R10SAS,E,Min,1.9681868834202305,-0.029138089202586315,4.343781643996532,1.1793226427059575,0.998293617144321,1.4376931607346748,10.5401325709044,7.948809220949451,13.152240869411004,33180000
2016,R10AFRMEA,A,Max,16.46979365674714,15.317942209666326,18.187428194941806,1.8622874878435407,1.7393809781438185,2.0478859816262713,19.344485570808487,16.698642752927835,22.842860352262623,41591488
2016,R10AFRMEA,A,Median,13.994249846793199,12.770061266370842,15.6524898393477,1.7281122374070603,1.603355657068501,1.8788264933292387,19.584611528064613,17.336346503962183,22.591551165975186,41591488
2016,R10AFRMEA,A,Min,11.030861429089246,9.872979330039332,12.693374353066698,1.5885571182101426,1.4896516369260784,1.7022176912025069,19.848552394332373,17.106508575743042,22.985172423986853,41591488
2016,R10AFRMEA,E,Max,6.040227705338106,3.5496969963749696,8.47286144345611,1.3118252839907476,1.1634088895677637,1.456571254393318,20.561565803611707,17.788104045032036,23.458614373724572,41591488
2016,R10AFRMEA,E,Median,3.9883983065034014,2.2800804789759583,6.411711402429752,1.2380186297216573,1.1216093763728858,1.3472801030565396,20.561565803611707,17.739051772398398,23.645248350917804,41591488
2016,R10AFRMEA,E,Min,3.0686335227413366,2.008018384990873,5.567559963010767,1.1835352183461396,1.0980144348690402,1.3013781548291323,20.74114930222393,17.787781161203004,24.03018092887883,41591488
2016,R10EASPAS,A,Max,12.641236703333817,9.89879354710297,13.95019711867431,2.6779428578108524,2.3510585703834272,3.018208595394917,6.607306388190974,5.75719728619357,8.740709095760243,28576735.999999996
2016,R10EASPAS,A,Median,9.666245687586532,7.5192834401311215,11.360294628489356,2.2720489501568126,2.0790002601917363,2.656139493822902,6.649818241317657,5.660592620919679,8.56181007331259,28576735.999999996
2016,R10EASPAS,A,Min,6.718333308160964,4.859369805993209,7.831562895879396,2.026181040044465,1.7316606833529737,2.1995350747786393,6.47545652500348,5.357492109237399,8.440608577501663,28576735.999999996
2016,R10EASPAS,E,Max,2.9977982122635183,0.7047446774768227,4.432073532381525,1.4134047616275844,1.08933401504172,1.7396641727370605,6.496476000254514,5.367787169396909,8.251311073582139,28576735.999999996
2016,R10EASPAS,E,Median,1.9656278253127017,0.6120687729335296,2.912117213916336,1.3310399911660458,1.0916035806669382,1.5368397767829511,6.423089002853756,5.367818347491439,8.127844432030747,28576735.999999996
2016,R10EASPAS,E,Min,1.6046031643151402,0.29558617865334336,2.2860019763608106,1.2455127830744777,1.061425507762119,1.4303538869360537,6.44410847810479,5.3678541006769045,8.249752488202944,28576735.999999996
2016,R10EUR,A,Max,18.369198641634917,15.463158147125384,20.821438370118045,2.8231600746223284,2.368165653306584,3.266993137405729,10.345801320666137,8.884694672285365,12.273873945990118,6679316
2016,R10EUR,A,Median,14.926833052802587,13.180349867799507,18.533755880627112,2.4225656708037753,2.1368997574463227,2.9384375338028947,10.502376036545165,8.9464221602451,13.149899123652126,6679316
2016,R10EUR,A,Min,10.004196069450286,8.016556688887711,14.263425901070718,2.0515820132380247,1.7067878784190162,2.4882299793632905,10.512893659468432,8.926805538719986,12.701912199056322,6679316
2016,R10EUR,E,Max,5.635885036032017,2.5407415124596535,8.71727102104128,1.5638893777388683,1.1606576369894785,1.987658662440352,10.807267951449196,8.873465107902799,12.815553865342403,6679316
2016,R10EUR,E,Median,4.135839771619482,0.5736716474818183,6.301241023807259,1.3217206788673905,1.0603183626574908,1.8089121055547872,10.807267951449196,8.84542960720387,12.855132983735082,6679316
2016,R10EUR,E,Min,2.6678101797336726,0.4765026820235416,5.078903797498861,1.2710726442710358,1.03562163543585,1.558272395087725,10.829086148047525,8.872763260128888,12.93676491541998,6679316
2016,R10FSU,A,Max,14.000359921224252,10.71012316681663,17.083147321436602,2.9597452502818173,2.6780584268189367,3.703838484859913,6.988199637670064,5.095536565941862,8.237840970709396,4252496
2016,R10FSU,A,Median,11.916165170328018,9.064124296463824,13.440378391745396,2.605446863281821,2.2283877591683217,3.1331896372764936,7.4925703802776304,5.43044725541392,8.49398461654689,4252496
2016,R10FSU,A,Min,7.797132121028232,5.515892149132503,10.057439284314224,2.037195881676509,1.752297847111145,2.520149537342597,7.490595229392346,5.44594925262119,8.914078407217463,4252496
2016,R10FSU,E,Max,2.7363477147139337,1.0005843028100638,5.007568860858569,1.43919797730342,1.1715288503619745,1.6876979162253978,7.396740461902578,5.435660296671535,8.94985646513248,4252496
2016,R10FSU,E,Median,1.645764352224171,0.16241419361138618,3.450638090176268,1.1853016701410086,1.0235162866405123,1.4996884366688619,7.396740461902578,5.433576511154486,8.96859451111019,4252496
2016,R10FSU,E,Min,1.2986365053604478,-0.05870116063940323,3.4227856040784186,1.2528699093330513,0.9929617704079692,1.5177403119415747,7.304860845298093,5.435524915672198,8.948685337258874,4252496
2016,R10LAM,A,Max,16.845511593368435,14.83006291839453,19.108306056208935,1.9884965635195422,1.8551090286765708,2.117809220930863,17.200791748153485,13.85892079045023,19.0663524326799,10476652
2016,R10LAM,A,Median,14.775527803461282,12.476113161152101,17.06663898755,1.8569359119976836,1.7536977001145633,2.0039722205217125,16.97137528022761,13.746697623019573,19.05147188938346,10476652
2016,R10LAM,A,Min,10.85292075031788,9.30973544548053,14.049349769973293,1.6692142247177069,1.5372241006525733,1.8043544993066538,16.789798373466375,14.309885274702058,19.11595424366803,10476652
2016,R10LAM,E,Max,4.6485974299226,1.0462969970113833,7.327777070141925,1.2602541244749128,1.0563589928468564,1.4958854986502135,17.075263443833343,14.41252460425456,19.428229009549444,10476652
2016,R10LAM,E,Median,3.709915755695903,1.4565967512140112,6.234571289746906,1.2193565925396004,1.088066552051219,1.3606493974619494,17.000739463043118,14.18752437904393,19.420026930915384,10476652
2016,R10LAM,E,Min,2.5173239324377903,0.29759368294065425,5.743294530084302,1.1451446787698636,1.0163193223128328,1.3466076040345345,17.030103645858624,14.294991544987768,19.427001078632166,10476652
2016,R10NAM,A,Max,16.75612123712306,14.734418462826234,19.021950723542385,2.1939920348475823,1.8312913300658007,2.5250917868346208,13.121293037125719,10.543197219035024,16.165843288341293,4404220
2016,R10NAM,A,Median,14.250028993293967,11.768751486571796,16.678066776735914,1.9314732111806112,1.7337570056269476,2.3446220681082757,13.4153629333491,11.134175744741205,16.632694614645075,4404220
2016,R10NAM,A,Min,10.064149623718034,7.007807012464379,13.488485391944891,1.6245423487471427,1.438134369537277,1.889119383733059,13.81311677705342,11.78808421417008,17.569312172663302,4404220
2016,R10NAM,E,Max,3.8057637632572714,0.4617509189422976,7.003419618274054,1.320225692206265,1.0499784610495029,1.7129909368991976,13.491392068809052,10.43646380073114,17.64450445832424,4404220
2016,R10NAM,E,Median,2.84048448720396,0.632807052941859,6.536949834681945,1.1800383967700174,1.0289767980204223,1.563495983890879,13.491392068809052,10.876739151234657,17.665995222653116,4404220
2016,R10NAM,E,Min,2.5393929412784377,0.7989258258139333,5.805189746465926,1.1954459125239378,1.0554163583437022,1.4728779622808486,13.4153629333491,11.096876826486413,17.643161285553685,4404220
2016,R10PAO,A,Max,13.270723610350238,11.279689407128952,18.396732230675696,3.712189075530666,2.5625645333329006,5.271216262184581,5.222775644250299,3.133621676328508,9.375308827520621,1431056
2016,R10PAO,A,Median,11.031376100038637,7.997833039757292,14.425984922765014,3.275277450199279,2.0769834541960983,4.203774801155563,5.636262106609717,3.1584964479224,10.036026528302381,1431056
2016,R10PAO,A,Min,8.840074198207486,4.08819058820365,10.925855554245052,2.3952437374724758,1.7197047348974301,3.3381953015621355,5.523740872020078,3.2385486524902736,9.80158311119209,1431056
2016,R10PAO,E,Max,2.326722866795597,0.469592691725781,5.679898714135826,1.4650048819466812,1.1410193155115436,1.9197377355067253,5.953091870103705,3.4156116256006457,9.953397626892299,1431056
2016,R10PAO,E,Median,1.6080934845922554,0.008236770323856682,3.9724316658336516,1.2745397779903707,0.9920559624212358,1.7467017595725696,5.953091870103705,3.453833240104869,10.055094736320093,1431056
2016,R10PAO,E,Min,1.5933250686871223,-0.3333782887988428,3.2909222687537945,1.2043633411229804,0.9299705077906337,1.8330306964607452,6.269921633597694,3.4729440473569797,10.26484502451491,1431056
2016,R10SAS,A,Max,11.532646911046758,9.072109249073785,13.544862067440901,2.067467323722718,1.722991805808777,2.627994123773762,11.391394019460895,7.836920444086038,14.317557459829125,33061780.000000004
2016,R10SAS,A,Median,8.814036334433585,7.044466104526233,11.304834487841369,1.8578024040208743,1.5624676309688539,2.3502825320258363,10.800774667787728,7.92048107732461,13.192022986568093,33061780.000000004
2016,R10SAS,A,Min,7.035206210175919,5.133994708287199,9.264695003198261,1.710797757695107,1.4472321850683745,2.0672264451569458,10.232640679212203,7.876774809299619,12.340056195176873,33061780.000000004
2016,R10SAS,E,Max,2.6431492718595155,0.2800560949251057,5.127821945020087,1.2599175027279501,1.035451319098556,1.4978883301321835,10.383979259098783,8.096747494798603,13.106089642045218,33061780.000000004
2016,R10SAS,E,Median,2.434855443717641,-0.0789512763283236,4.841680903742532,1.2214437416057415,0.9904637531406513,1.476201732203318,10.383979259098783,8.028104245329516,12.910258891181924,33061780.000000004
2016,R10SAS,E,Min,2.112102107706871,-0.28508356488550746,4.506574993392524,1.201277454860656,0.97686836278491,1.4194437768109853,10.503910137326484,8.095114897106155,13.104609075358145,33061780.000000004
2017,R10AFRMEA,A,Max,17.15065961290107,15.979715939412413,18.698541196040438,1.8791669627026875,1.765762301379247,2.0883920520683956,19.26513430358576,16.60266722588308,23.084049503218473,41879696
2017,R10AFRMEA,A,Median,14.39887547866093,13.36047720249261,16.02483304929714,1.7483284493576252,1.6382640591475108,1.891061681878853,19.82149204789329,17.44867113545423,22.789786542518392,41879696
2017,R10AFRMEA,A,Min,11.41721374158194,10.340669161802033,13.062573078573855,1.6115200692913803,1.5140701324990165,1.7196850911973975,20.135894552859185,17.172881057775243,23.139556896296718,41879696
2017,R10AFRMEA,E,Max,6.077299086225803,3.712109756878769,8.485634051259682,1.3135939823062273,1.1733405416187863,1.4506787151701248,20.820383595967236,17.835905951675034,23.79780813392576,41879696
2017,R10AFRMEA,E,Median,4.251074934122478,2.3872581232380643,6.584469369623031,1.241514074787161,1.120814536492599,1.3435574114178233,20.820383595967236,17.824000152478774,23.98532093169504,41879696
2017,R10AFRMEA,E,Min,3.1288886075933426,1.7438273819990435,5.534447644125777,1.183806409637253,1.09883329878086,1.3062072576182262,21.121465514908035,17.835775624896538,24.372066077094175,41879696
2017,R10EASPAS,A,Max,13.171735759092032,10.373557072079075,14.419984923021765,2.6966572913908715,2.343286867136097,3.0810896968301664,6.698685141504652,5.817219756098585,8.779374853571618,27922452
2017,R10EASPAS,A,Median,9.964820105064474,7.600431044266752,11.949380583025729,2.3114849302721305,2.084343072273076,2.6868293059701154,6.729233157965901,5.74558652077894,8.69303742814181,27922452
2017,R10EASPAS,A,Min,6.92089844815162,4.9976368875442585,8.057949355004698,2.014589886991307,1.7624612768554555,2.216246295782798,6.543512766442556,5.415704544838089,8.522573001408015,27922452
2017,R10EASPAS,E,Max,3.135188667097503,0.7122954973440256,4.636059560397851,1.4252114222858412,1.0860293136586883,1.6909183703076849,6.5747169143302475,5.428498342547483,8.181681417661714,27922452
2017,R10EASPAS,E,Median,2.023968502275495,0.5594205855210592,2.9247338324301206,1.3503250844085934,1.0965131626723246,1.5502369262132683,6.524635752516417,5.40135124883467,8.123661502138425,27922452
2017,R10EASPAS,E,Min,1.5605695173451206,0.21071845871710249,2.3211199377071523,1.223099817610514,1.0522989459189076,1.4434902465279142,6.555839900404109,5.428418266943815,8.17871901120449,27922452
2017,R10EUR,A,Max,18.85205124671805,15.814374561010407,21.25109754904161,2.8662256930113768,2.3947727464522655,3.2851728841106898,10.37840911207472,8.840757325217643,12.517375339461157,6650432
2017,R10EUR,A,Median,15.474304606318363,13.560440444049076,18.874661289009982,2.441781735352707,2.161078707238644,2.938482055326096,10.483784397672297,8.898183519767066,13.123574328606754,6650432
2017,R10EUR,A,Min,10.282128137465216,8.303736777187858,14.555236708368533,2.114217990931524,1.710878333600668,2.513869513362649,10.553988515866141,8.862115671601456,12.726640740233165,6650432
2017,R10EUR,E,Max,5.7716608155999145,2.4447174222327335,8.856190611506717,1.5579814259187756,1.1581386096595203,1.9706971483674967,10.767543660095871,8.83506176618196,12.856004202787174,6650432
2017,R10EUR,E,Median,4.269202252982273,0.5784327842944933,6.455828940957359,1.320203132218673,1.0513340274021739,1.813689830958917,10.767543660095871,8.81799475071614,12.858483182674078,6650432
2017,R10EUR,E,Min,2.8432755895581394,0.43181643463529085,5.1182916944468175,1.2774028454124988,1.0334247895285407,1.5688052903437477,10.786901784366302,8.83470579374223,12.863596078690817,6650432
2017,R10FSU,A,Max,14.621723550600255,11.168902990784087,17.72711393411207,2.9976794865422214,2.682569929067208,3.801166759220737,7.021885748249501,5.0712538626119965,8.291430471197149,4166692
2017,R10FSU,A,Median,12.545111209099227,9.52964020453624,13.991714741542165,2.6333741075218278,2.272211398640775,3.201937742516944,7.69692567599907,5.4198978648379645,8.56159153840019,4166692
2017,R10FSU,A,Min,8.045158975518984,5.6955658180729785,10.399535881095758,2.040618287346558,1.7719363724856498,2.5766030186232003,7.540607628032367,5.525042204538199,8.765089339894452,4166692
2017,R10FSU,E,Max,2.822716025366986,1.085958059066322,5.23304700138923,1.4537303103945554,1.1756070075773137,1.695586951191176,7.47866521780532,5.505794896440711,9.031911176708487,4166692
2017,R10FSU,E,Median,1.8946343440074056,0.33466745846882423,3.585842022343267,1.1860553068663955,1.0412046014302176,1.5119546422391457,7.47866521780532,5.472678332397129,9.049864761833003,4166692
2017,R10FSU,E,Min,1.4779532573446819,0.09283291720180564,3.3608095017936277,1.2663517979547882,1.0076367129477941,1.55118750363969,7.384289580065663,5.505541642386796,9.030789077638204,4166692
2017,R10LAM,A,Max,17.28264094617719,15.347681196922714,19.59896589373388,2.010061410335354,1.8809973279444754,2.170697350831941,17.32204362995256,13.886782231532829,19.130946005714506,10466744
2017,R10LAM,A,Median,15.114992080976705,12.814025609063906,17.461785023455008,1.8674281547611278,1.762259821834235,2.062239494329299,16.902829327932515,13.799302926708178,19.1252717368977,10466744
2017,R10LAM,A,Min,11.003030756793581,9.57603112537176,14.276237698973773,1.679299080654547,1.5588182906742445,1.8212814892658316,16.87881523362583,14.432351972193084,19.14986023510385,10466744
2017,R10LAM,E,Max,4.716706810718862,0.9887866303479842,7.479366624503644,1.2592588024463245,1.0563755850364596,1.4861735537165814,17.120228038503733,14.581495507843494,19.293492723636497,10466744
2017,R10LAM,E,Median,3.7570624135317594,1.3965339054459154,6.523085515737918,1.2241607009548467,1.0774774310927073,1.3695989515887645,17.0115130697951,14.124652416424375,19.27499647685304,10466744
2017,R10LAM,E,Min,2.546279938667869,0.4718327321019231,5.779366820631871,1.158598980257351,1.0230415548819112,1.3255735388538803,17.120196811657685,14.211948271474544,19.291440432281366,10466744
2017,R10NAM,A,Max,17.40147772124387,15.066607157630923,19.616879992013438,2.2247951172844975,1.8727021685094065,2.614551949984665,13.302526439110856,10.571739922667525,16.238437819635273,4449560
2017,R10NAM,A,Median,14.58431023893261,12.22102307331823,17.060818566059254,1.967559608907636,1.7510105597467878,2.3701375518750067,13.535179019267217,10.9932404648304,16.60895813015935,4449560
2017,R10NAM,A,Min,10.590062847764539,7.1205863979958846,13.772330386770804,1.6491692157315834,1.4586475816845619,1.9423592175857685,13.859984507201236,11.806114135127656,17.56622497600535,4449560
2017,R10NAM,E,Max,3.9013644773550613,0.4385119683871453,7.104768307423474,1.3176481770865447,1.0517468279274573,1.7261520544749243,13.605932509511693,10.49590920405398,17.572880192674038,4449560
2017,R10NAM,E,Median,2.905286364996866,0.4864613176826859,6.833870054343923,1.1771343032725765,1.026750999657566,1.563777575149857,13.605932509511693,10.808710918334848,17.600579836616404,4449560
2017,R10NAM,E,Min,2.554299782301669,0.7214508649016835,6.045838273804186,1.1960328708958168,1.0475520340449311,1.4795297323721734,13.535179019267217,10.96511177547528,17.57114896492764,4449560
2017,R10PAO,A,Max,13.602934186392018,11.44091546936171,19.11232853239058,3.7332911459035145,2.5330752155639895,5.349306037543931,5.135854807393649,3.1896041642910244,9.426549418517185,1412252.0000000002
2017,R10PAO,A,Median,11.593375613179346,8.322640987605606,14.427040119245156,3.2991156101247894,2.1377475415319536,4.258985896926901,5.646499518547924,3.208001973748908,10.012027249859885,1412252.0000000002
2017,R10PAO,A,Min,9.45480238290545,4.2400948408949235,11.039050697874723,2.390046935217221,1.763938515081593,3.33915889933139,5.49570018341262,3.358100365636883,9.859141701254336,1412252.0000000002
2017,R10PAO,E,Max,2.327125932597183,0.4820778049570099,6.2144555190964565,1.4605699514541541,1.1467315577418093,1.9266522203184089,5.927028060101367,3.3836606143630843,9.93738057439779,1412252.0000000002
2017,R10PAO,E,Median,1.621206959137183,0.04808012315131108,3.716431770427305,1.2785161718305962,0.9945498978562325,1.7775577794184918,5.927028060101367,3.4855725553303585,10.029253405735753,1412252.0000000002
2017,R10PAO,E,Min,1.6366476165537138,-0.39138309310661246,3.386967841982907,1.2294411915300223,0.9383181556831797,1.8410361893411376,6.207556601654812,3.5365285258139947,10.218741120370295,1412252.0000000002
2017,R10SAS,A,Max,12.005643330650607,9.267334135573453,14.086160942539555,2.1143795513266026,1.749250638340765,2.680856765516055,11.315427294955215,7.764199908381952,14.673226234291793,32943560
2017,R10SAS,A,Median,9.421743836420518,7.640761957752405,11.758745460765933,1.8806597771003208,1.590990160327483,2.4200972773507154,10.854288046874192,8.007609639783508,13.212187416142397,32943560
2017,R10SAS,A,Min,7.225324871929839,5.344124835324358,9.389703951674512,1.7528484407148293,1.4638329154805234,2.1196207183380946,10.31438357684593,7.966757637637192,12.6210372041925,32943560
2017,R10SAS,E,Max,2.959544951551581,0.32651079039650854,5.3928028230187355,1.270772679808457,1.0274778461341005,1.49734309192336,10.377307023098275,8.124028791422978,13.06057992864246,32943560
2017,R10SAS,E,Median,2.4583982215906413,0.05999087970353313,4.952430333953313,1.2042650113164997,1.0061684544045415,1.521644000382671,10.377307023098275,8.07865052486121,13.05898262346063,32943560
2017,R10SAS,E,Min,2.053063801834531,-0.18496120050305365,4.4778518788825625,1.212616285467825,0.9782822581759965,1.4216249464793564,10.406753229261811,8.122883528777514,13.059181679224134,32943560
2018,R10AFRMEA,A,Max,17.881887649018953,16.750788570535196,19.38582471401172,1.9138630200239841,1.783186912001434,2.1360207211880153,19.22267944551629,16.649130431661103,23.278381418384413,42167904
2018,R10AFRMEA,A,Median,15.067558037065972,14.00499267055525,16.61118517708592,1.767516078373925,1.65845352614414,1.9175138514190648,20.025800198953394,17.547389879561912,22.992309008892814,42167904
2018,R10AFRMEA,A,Min,11.998586046670447,10.505963232862715,13.378698060116836,1.635836876410703,1.5265012550103803,1.7345921884026747,20.31678392895433,17.27217015351224,23.334494706080687,42167904
2018,R10AFRMEA,E,Max,6.041337173007163,3.798941924434461,8.6814632564097,1.3167871171951258,1.1791382955042515,1.4732482474652828,21.10389298145367,18.075408711727132,24.133952264363487,42167904
2018,R10AFRMEA,E,Median,4.530980162915382,2.4465873211528426,6.614967914775856,1.2440419881806786,1.1328179801635438,1.3360101083850147,21.10389298145367,17.973818511185545,24.256786915648608,42167904
2018,R10AFRMEA,E,Min,3.100173945283121,1.8092187349812114,5.72915889236938,1.1718446105950153,1.0886462680519362,1.3010127807782987,21.36088425938013,18.073755993790023,24.51013338392416,42167904
2018,R10EASPAS,A,Max,13.67967935185509,10.870934877701817,14.901978642198245,2.7397610372626104,2.3380319904623983,3.1472455067781473,6.764534023909647,5.843611717656794,8.87958860228099,27268168
2018,R10EASPAS,A,Median,10.315252036319905,7.761658719483986,12.481031237348182,2.3846543922973296,2.071058077169093,2.7064155454422654,6.849390544233371,5.795867995746307,8.796397535458452,27268168
2018,R10EASPAS,A,Min,7.166356469220486,5.252742500152142,8.415250295836659,2.044984057781247,1.81046191035336,2.2844067873871055,6.610074022931886,5.454863479799114,8.584632042237581,27268168
2018,R10EASPAS,E,Max,3.2096956914704897,0.6653474695467708,4.733667750239081,1.4326818760652604,1.0921314312501718,1.68357554227751,6.654563967470359,5.487069606209751,8.116725139519096,27268168
2018,R10EASPAS,E,Median,2.1145457908880294,0.5149684694492261,2.955221791669194,1.349365664618313,1.0782015627399488,1.5584808974944708,6.610074022931886,5.459577117660483,7.988868434522058,27268168
2018,R10EASPAS,E,Min,1.5909117410509648,0.3677933665479607,2.3325769720915854,1.2308858466964283,1.0680958135165375,1.4467313085725941,6.6354020262148765,5.487039632227259,8.111538567155826,27268168
2018,R10EUR,A,Max,19.28288846198766,16.184010497473302,21.97777148373343,2.882564486558166,2.4201216873162172,3.339025726287818,10.279586997644458,8.719373687039534,12.76528045124137,6621548
2018,R10EUR,A,Median,16.02168934184025,13.88671592501866,19.052562077240083,2.48728456863805,2.1839301299973854,3.009730981440061,10.558666011206373,8.836827682889755,13.287371968183239,6621548
2018,R10EUR,A,Min,10.638475568181626,8.618403887002042,14.796461355162702,2.155967517801467,1.7195683257545094,2.563694110738318,10.575302420633001,8.7686145281127,12.855671995834996,6621548
2018,R10EUR,E,Max,5.983634847363708,2.41343943748491,9.093214742933744,1.5531943257519276,1.1549962828775318,1.9742822355310183,10.675368693055223,8.788035572540673,12.84030100507824,6621548
2018,R10EUR,E,Median,4.3251669299145465,0.563830368821741,6.530961989834218,1.367054602863685,1.0442712649618215,1.8121582541040135,10.675368693055223,8.760407721267171,12.861390166428064,6621548
2018,R10EUR,E,Min,2.8465500608168464,0.5586068141957057,5.127544490518677,1.3069128076792373,1.0326306715140257,1.5716921220864215,10.697526051849927,8.787490183857413,12.904886561712079,6621548
2018,R10FSU,A,Max,15.101795894215924,11.60258866718267,18.488042916668874,3.056985609167408,2.739065404931247,3.9455757180185813,7.058515822174118,5.051041621761717,8.476859310292037,4080888
2018,R10FSU,A,Median,13.216378478231015,9.985801201103818,14.547614145728648,2.6537114881612447,2.3336509254033904,3.287943191336942,7.83970718692134,5.408993930229635,8.67427392940781,4080888
2018,R10FSU,A,Min,8.232341051874904,5.906438210732805,10.694386522181912,2.0705344633404117,1.796048021306753,2.6029335209358075,7.652838440614104,5.596632200211149,8.840606943699832,4080888
2018,R10FSU,E,Max,2.9173986620140377,1.014540107665476,5.324931998404168,1.4685044829502085,1.1806426638093537,1.7291064256662196,7.620456904670212,5.584405280189655,8.929333504504628,4080888
2018,R10FSU,E,Median,2.0643852898154753,0.32046322641559916,3.6469689597183352,1.211748859301082,1.0420775460012235,1.5335482895441435,7.620456904670212,5.516132861353854,8.984334609385296,4080888
2018,R10FSU,E,Min,1.5365534114502952,0.09239220812598248,3.5020764542547322,1.2588899635227766,1.0089319418298126,1.5639414395259759,7.465969694306868,5.584244399663056,8.925895935449587,4080888
2018,R10LAM,A,Max,17.7589190768039,15.739040901748188,20.1803917007585,2.040015075579152,1.8986072829527771,2.197733358186908,17.423815405253677,13.831898357914294,19.11136179642973,10456836
2018,R10LAM,A,Median,15.596791264845077,13.174254748150416,18.097432304209157,1.8748310861069892,1.7820857578729787,2.078252909120307,16.926284743202082,13.604261519325586,19.11037973032119,10456836
2018,R10LAM,A,Min,11.271452205912926,9.838895363749447,14.69362448327675,1.70150522888003,1.5674389934887762,1.837897986906138,16.890416006980622,14.563184368823624,19.11463535012487,10456836
2018,R10LAM,E,Max,4.719888139905823,0.9973342654541854,7.60138865643086,1.2563180318777287,1.0563695345069999,1.499927358722274,17.230353203231626,14.755824228848088,19.295958561267454,10456836
2018,R10LAM,E,Median,3.7468113727451486,1.3997257246762216,6.672989473369025,1.2269915303364158,1.0734873470897628,1.3844639699293322,17.19686648895871,14.221903880910633,19.285723565645117,10456836
2018,R10LAM,E,Min,2.6477777592252885,0.3196320170052278,5.958363215141851,1.1721840201665221,1.0239031707559196,1.3395891497046961,17.2225596442694,14.356580195096713,19.289656836736487,10456836
2018,R10NAM,A,Max,17.88250167060997,15.332286033004708,20.08254700245991,2.2397473188481563,1.9312358648007306,2.6705298132175197,13.51227222218598,10.529112540369141,16.320866838638274,4494900
2018,R10NAM,A,Median,14.651275655257614,12.470357887383884,17.458020185127953,1.9781594127765267,1.765763368446363,2.406465646694801,13.680811411670541,10.95517859167304,16.721302387350537,4494900
2018,R10NAM,A,Min,10.69195198456847,7.308573892939621,14.151885473898268,1.6570112990453136,1.4683498579210075,1.9606700059696558,13.850990234943634,11.744354402192169,17.625892693462973,4494900
2018,R10NAM,E,Max,3.8562976107979496,0.41526036037145797,7.2414869356743745,1.308861211787386,1.0532731246963243,1.7268363549693777,13.668065104273703,10.452476160877099,17.65058732853718,4494900
2018,R10NAM,E,Median,2.8518625199073293,0.517653002211649,7.0300951396428975,1.1822454015037869,1.0331190210667751,1.569159617916939,13.668065104273703,10.76860122628176,17.651432380171528,4494900
2018,R10NAM,E,Min,2.5469899411699632,0.6927218699878956,5.894471558019566,1.192551380954955,1.047953514752503,1.4832160010811892,13.655318796876864,10.926663758984088,17.650534512810033,4494900
2018,R10PAO,A,Max,14.14078480857735,11.669110487580818,19.6161488016596,3.751328676550493,2.5336975256417933,5.417888165677432,5.158560804043628,3.2328134569635423,9.472054479704884,1393448
2018,R10PAO,A,Median,12.111700841606773,8.367933123844157,14.644305937877677,3.281725012604195,2.2066590898394636,4.296838950490278,5.584490152869745,3.272027916954177,9.913695649329341,1393448
2018,R10PAO,A,Min,9.911947954483008,4.2511409906653155,10.998538645922984,2.3786376799726563,1.8022062828716294,3.3717346706753175,5.538819654768567,3.462043995719755,9.906956809635904,1393448
2018,R10PAO,E,Max,2.53856889724465,0.4039918312208522,6.367938193533688,1.4688708966377502,1.1408993405466181,1.9740383328608813,5.866679390029778,3.4736567387744595,9.909184132143917,1393448
2018,R10PAO,E,Median,1.6979649178888527,0.09633733721477242,3.6666805681216403,1.267879555371402,1.0127251680561975,1.8325805641969946,5.866679390029778,3.493482224145172,9.914736768679825,1393448
2018,R10PAO,E,Min,1.7592889589409424,-0.40920390521751493,3.1188298487228145,1.268652645748702,0.9464040874307834,1.8774210421583037,6.1488686271898105,3.503394966830528,9.926189081535139,1393448
2018,R10SAS,A,Max,12.432698173349912,9.501916200361041,14.540384908637758,2.1424556239973147,1.7580383861856752,2.7257876059612878,11.271360562297719,7.74817062293253,14.853882832948369,32825340
2018,R10SAS,A,Median,10.119482318497376,7.860782210807579,12.090344291172983,1.9468653659135151,1.6054404179460542,2.468257849949549,10.658047663878861,7.948911754139337,13.384760625792849,32825340
2018,R10SAS,A,Min,7.268147681581166,5.559595760040455,9.865433370199852,1.758046357326012,1.485617363451894,2.1291489675575237,10.225606524319574,7.870890404730543,12.9433752139984,32825340
2018,R10SAS,E,Max,3.10810778713279,0.2725619638752529,5.591413474190451,1.2743855033750164,1.0183788258261832,1.5227765988074187,10.380373377173635,8.251617479697074,13.194741463017328,32825340
2018,R10SAS,E,Median,2.3668995779495607,-0.030679076585321218,4.809094454927566,1.2007830373805533,0.9974808828685857,1.5303198506383673,10.380373377173635,8.135368588524514,13.159464863144745,32825340
2018,R10SAS,E,Min,1.9031015130366482,-0.19867638720618075,4.361105624704088,1.2263835471662243,0.9808920296680699,1.4392171425483398,10.397566238324412,8.25146435333038,13.193983550596867,32825340
2019,R10AFRMEA,A,Max,18.558878906096872,17.373702586988266,20.068206314082257,1.95920887566194,1.7994939820745843,2.1650342862804433,19.227457644154143,16.68971709714843,23.373875226551057,42456112
2019,R10AFRMEA,A,Median,15.640678760051326,14.646505222526798,17.2366408562008,1.7912329209392923,1.6756709532051488,1.9520998192318975,20.172270284231228,17.625113537477095,23.217138449570868,42456112
2019,R10AFRMEA,A,Min,12.433942631530968,10.69849024333519,13.779028526302742,1.6672912233478905,1.5394807409857425,1.7610679877308058,20.31594311855611,17.355415488063258,23.444881670397244,42456112
2019,R10AFRMEA,E,Max,6.17617502035833,3.9837448276507605,9.035991771406389,1.3115779422828706,1.185218111478836,1.4829528586743104,21.38457129375816,18.321093026009724,24.43100481093875,42456112
2019,R10AFRMEA,E,Median,4.703504987338933,2.5362588018567997,6.678917099187464,1.2568013951042403,1.1325029676940392,1.339399138072358,21.38457129375816,18.119913681875968,24.46482792614244,42456112
2019,R10AFRMEA,E,Min,3.141427006600189,1.8695965754353132,5.901437515643815,1.1711298642166825,1.0947787237500264,1.3044873696603236,21.600113685322174,18.319708865193732,24.534588101250048,42456112
2019,R10EASPAS,A,Max,14.181491865012969,11.388639375145889,15.445309030521127,2.7698744196068583,2.363230816834469,3.1864215679657093,6.881353108146843,5.876152435546804,8.952733834027843,26613884
2019,R10EASPAS,A,Median,10.660963351015667,7.874273511471573,12.7836147024294,2.4038147621193584,2.08585565780282,2.7134111064810766,7.022596128325387,5.803903126710965,8.869879695017442,26613884
2019,R10EASPAS,A,Min,7.522928420139916,5.391768631781682,8.839436869505189,2.074367517495379,1.8239252617129889,2.3105825539250873,6.6483271252370715,5.469765242484192,8.551731912753523,26613884
2019,R10EASPAS,E,Max,3.2677722413578714,0.5294241118000239,4.837249069943546,1.4362969894607678,1.0960682894504015,1.6987179960432313,6.720961176292576,5.434372440550605,8.192869142365218,26613884
2019,R10EASPAS,E,Median,2.141528231717191,0.46901428192046923,2.9499163246537172,1.3464930372352921,1.061037946688631,1.5578869984027364,6.6483271252370715,5.440286879783063,8.077196915873518,26613884
2019,R10EASPAS,E,Min,1.389196414403747,0.3849652683027287,2.4332324756750765,1.2292575874586107,1.0712823340850572,1.4495860071794122,6.701812264616853,5.443244099399291,8.191851442322914,26613884
2019,R10EUR,A,Max,19.69246220239337,16.629803255849918,22.586689842096693,2.946154329057281,2.4645128673376875,3.397377619253131,10.364130116492428,8.598790825901872,13.008126389657836,6592664
2019,R10EUR,A,Median,16.404231348560096,14.183156198864733,19.71879472817701,2.5408331257070587,2.2451293316314223,3.0303904304560705,10.567868917542324,8.777999125404524,13.09759835059933,6592664
2019,R10EUR,A,Min,11.239964488574007,8.668045593114664,15.124048634428792,2.156721230408552,1.7439891394133096,2.6139412071514183,10.518717538658567,8.675295097854985,13.013523114058074,6592664
2019,R10EUR,E,Max,6.2015435422235035,2.5293946385644426,9.079944514484037,1.5606102788031362,1.1320291177864132,2.009877698187891,10.638534101919769,8.706581108460254,12.999491630617456,6592664
2019,R10EUR,E,Median,4.341389328465208,0.45393526508426774,6.640210576120218,1.3830193787419667,1.0346508683609423,1.8157617906026817,10.638534101919769,8.662544385862798,13.008126389657836,6592664
2019,R10EUR,E,Min,2.8503922822989622,0.4424405819567765,5.096464863289205,1.3011098544317312,1.0483425604803718,1.5728113040774359,10.64633870785489,8.70462173543701,13.02593558017862,6592664
2019,R10FSU,A,Max,15.94953581808602,11.985051294471962,19.292637827940858,3.144161351753498,2.8246331159128117,4.067477981565394,7.058896905627737,5.034593020827583,8.646094317672407,3995084
2019,R10FSU,A,Median,13.63950818885865,10.430033551088828,15.219716067072103,2.7288382306279484,2.397125145003632,3.3626003169628778,7.959698022141826,5.434134032221996,8.781377572567784,3995084
2019,R10FSU,A,Min,8.7426830497974,6.081450607318686,11.13683710264339,2.0970537401313156,1.8171817506966084,2.6277329009088604,7.76632691931642,5.620385659356664,8.939614332748587,3995084
2019,R10FSU,E,Max,3.2168865905321424,1.0956730881828851,5.442811878083598,1.489004384186116,1.1830562842801666,1.7630143091287245,7.691688987541179,5.6137911252604225,8.98765580112519,3995084
2019,R10FSU,E,Median,2.0157312230683964,0.3067831592971838,3.6744378514474887,1.227502776927216,1.0368125240941528,1.5552095943784485,7.691688987541179,5.540789970543038,9.005036984598213,3995084
2019,R10FSU,E,Min,1.676875224237782,0.07832418777358363,3.512060177448515,1.2589970009960236,1.0077204544333647,1.5925932263456892,7.572955816491015,5.613704355074946,8.986569477158126,3995084
2019,R10LAM,A,Max,18.291675341096084,16.16128385925318,20.71815257265585,2.0752115953610337,1.9235129382314227,2.2163420266334493,17.51674196916257,13.73925003179016,19.256778650974354,10446928.000000002
2019,R10LAM,A,Median,16.18088499111647,13.789058045863527,18.61634893850082,1.8915866345892611,1.7931329793162054,2.107797667709469,16.9450974446976,13.632420225559565,19.25549827386675,10446928.000000002
2019,R10LAM,A,Min,11.48318737892516,9.983909452243678,15.119024929813138,1.715899579994357,1.5753943648521098,1.8502929804418613,16.86776830018136,14.564108126455782,19.21105239820917,10446928.000000002
2019,R10LAM,E,Max,4.766990371305633,1.00521991775646,7.8134551105269745,1.2593082083623193,1.0563598713260403,1.5005971643586584,17.259377742619854,14.808257100473277,19.356913062283645,10446928.000000002
2019,R10LAM,E,Median,3.8965491946362736,1.3637800229870156,6.525410290379043,1.2367252480046051,1.0713184205698392,1.3949266881937432,17.079940242822037,14.358618380830615,19.29940462594541,10446928.000000002
2019,R10LAM,E,Min,2.979942946082451,0.21270425003912052,6.048897930075622,1.1822963785920675,1.0125525539604188,1.35038538725704,17.214783040946475,14.501655522699197,19.354809348532708,10446928.000000002
2019,R10NAM,A,Max,18.421599656529793,16.125587161061876,20.80212286926265,2.2586190671669577,1.9730187952196745,2.71180875145449,13.690712767757987,10.553454130246312,16.468180312180888,4540240
2019,R10NAM,A,Median,15.27304709318856,12.945078928491402,17.78694261972965,2.034261606195949,1.7881013059059208,2.430387927602474,13.801246334167786,10.822001803795406,16.74824494184518,4540240
2019,R10NAM,A,Min,11.00708055077098,7.61640102386916,14.526391497125474,1.6879710310303129,1.4847934357204275,2.0032169478446518,13.948511270208051,11.616696311075325,17.536575600535862,4540240
2019,R10NAM,E,Max,3.926960224621821,0.39199780867579764,7.3415032668124525,1.3175421818051176,1.0537731157311563,1.7243178493815128,13.785526671975624,10.51024101328735,17.619728276144166,4540240
2019,R10NAM,E,Median,2.9154018518552887,0.6541149478068141,7.169735399293723,1.187499483051138,1.0391445969746058,1.5743708780698538,13.785526671975624,10.688495120743061,17.672189730625824,4540240
2019,R10NAM,E,Min,2.5500170206318398,0.6871998604504626,5.759145197700844,1.1915257149605918,1.0551433023683687,1.4883252463246555,13.769807009783461,10.777622174470915,17.616449435239065,4540240
2019,R10PAO,A,Max,14.861682869938981,11.970067604221015,19.809406543588665,3.7864869461129436,2.702943984713985,5.42585713602946,5.156399914057829,3.299146616525497,9.220344746321011,1374644.0000000002
2019,R10PAO,A,Median,12.474366282257161,8.60399587448951,14.686877425797356,3.3201612362550974,2.233960496696668,4.273706815583665,5.645237449057347,3.334954553262701,9.789524968737306,1374644.0000000002
2019,R10PAO,A,Min,10.13397924489448,4.392260192576879,11.261923127949753,2.4333921589521093,1.8264932598172008,3.3694932844203995,5.51321998010712,3.577642622675902,9.531565374831343,1374644.0000000002
2019,R10PAO,E,Max,2.4231535353614526,0.5007191898511992,6.441989308068978,1.4750271580897678,1.1577209062350253,2.0313403050738845,5.86700275907668,3.463970873150667,9.742659189086691,1374644.0000000002
2019,R10PAO,E,Median,1.7440472448396651,0.15839966033799296,3.81194002473869,1.3181409232461676,1.0312204886055671,1.8409056548645633,5.86700275907668,3.558219957591172,9.80034014865668,1374644.0000000002
2019,R10PAO,E,Min,1.9649778475492727,-0.3277880665699566,3.133136823967952,1.2738149283314086,0.9268225929586276,1.9307768857698024,6.088768069096014,3.605344499811424,9.919307127769773,1374644.0000000002
2019,R10SAS,A,Max,12.967938429840155,9.925028253297096,14.98258394428769,2.1712605502836153,1.7549665843554996,2.786681236628262,11.239468760388426,7.756082133688112,14.905453330122196,32707120.000000004
2019,R10SAS,A,Median,10.457780216300634,7.907051793163442,12.35762761014673,2.0341561220339694,1.6449235570694334,2.5065406276179,10.726557224435602,8.016954915144858,13.609160150848993,32707120.000000004
2019,R10SAS,A,Min,7.663396232209463,5.899332907061064,10.262304037825716,1.759755338977324,1.4965782402906407,2.180861104555832,10.169249810118956,7.928611345647171,13.11920647079333,32707120.000000004
2019,R10SAS,E,Max,3.2605676883195334,0.14727429796331007,5.794238025970961,1.2765864593878609,1.0193823959408692,1.5482232712147883,10.455680447202093,8.201051215859135,13.383145408091602,32707120.000000004
2019,R10SAS,E,Median,2.3291221979981005,-0.22618736609473283,4.645613478543904,1.193191543609904,0.9857885366919047,1.5128269443488835,10.455680447202093,8.123265032450856,13.31645694674872,32707120.000000004
2019,R10SAS,E,Min,2.0452143722323477,-0.19237331007412095,4.332674904006785,1.2324670437572727,0.9813479478340136,1.4645507773298934,10.597572987198472,8.199858140423133,13.381230593820376,32707120.000000004
2020,R10AFRMEA,A,Max,19.222991914428725,18.031081325362912,20.810119287470904,1.9961397383017239,1.836287954653054,2.2039839853176306,19.253920609192434,16.64078244469467,23.520556089025895,42744320
2020,R10AFRMEA,A,Median,16.2713842551702,15.336779600839368,17.75025332167791,1.82571275982873,1.699782087117007,1.9909408152750383,20.291994514004728,17.670301763087945,23.390523833728192,42744320
2020,R10AFRMEA,A,Min,12.889654566444252,11.159600673561513,14.174939495717389,1.6916019386214893,1.552881093991476,1.7894384890974613,20.362921293014914,17.373543495989768,23.540127865284862,42744320
2020,R10AFRMEA,E,Max,6.339201189309812,3.827915321469075,9.247330125698868,1.311913834800512,1.189976691826825,1.4994972985980104,21.61480600209812,18.487640580797347,24.67225630249368,42744320
2020,R10AFRMEA,E,Median,4.601725684778942,2.521365176094525,6.792790289481362,1.2650628907654276,1.1311878844331307,1.3398559016878073,21.61480600209812,18.249832107612388,24.691827187574486,42744320
2020,R10AFRMEA,E,Min,3.1842038108107253,1.6815768205345414,5.88586702143224,1.1803702394687796,1.0968182795966146,1.3071520827811935,21.819396538335386,18.487266867579986,24.73219213805365,42744320
2020,R10EASPAS,A,Max,14.5754595473387,11.926657325338638,15.993115917919361,2.808038740260178,2.428783437435446,3.258714731921318,6.891506018913688,5.878410908972909,8.983541255932149,25959600
2020,R10EASPAS,A,Median,11.066676473866885,8.132590991768883,13.119823143473766,2.422643876652242,2.067329955413666,2.723614758029091,6.960192262542558,5.8001904031206575,8.74526846292762,25959600
2020,R10EASPAS,A,Min,7.754475264110503,5.601393499473814,9.085375852603377,2.1128254427248923,1.8535702218107164,2.361266762506874,6.695002978268491,5.581156897978732,8.454899141796211,25959600
2020,R10EASPAS,E,Max,3.3946473401683726,0.4621312413193651,4.962053300979133,1.4331038653296826,1.0720795233216303,1.7187140596497716,6.803373920295137,5.507467958640268,8.1955230945104791,25959600
2020,R10EASPAS,E,Median,2.215864164607433,0.4606891932658761,3.1804308507062578,1.3606882794025394,1.0683181789609741,1.5515275019534673,6.695002978268491,5.531473921154852,8.175917317995227,25959600
2020,R10EASPAS,E,Min,1.5395207534706605,0.31698972309058426,2.5023984025273673,1.2355050803811007,1.0533279696636464,1.4548426594945523,6.783928065305454,5.543476902412143,8.191352955107895,25959600
2020,R10EUR,A,Max,20.03368910801209,17.07176627897382,23.170420856613493,3.0127860757191494,2.4830033541064376,3.4272722935991817,10.494675661469701,8.575519539137458,13.055765545439911,6563780
2020,R10EUR,A,Median,16.91638479354606,14.312903057815765,20.256093811327567,2.5932279250119192,2.3068577728340127,3.015682551053227,10.623679437202975,8.785674500430236,13.177150982983406,6563780
2020,R10EUR,A,Min,11.636833816022724,8.786759446685833,15.461202059753456,2.1596598614456943,1.7805554070073966,2.667234239471761,10.509631599765328,8.6648039166178,13.005970371244665,6563780
2020,R10EUR,E,Max,6.3091320792171075,2.3747890883060543,9.266068142767297,1.5971174244931698,1.1285401853278383,2.0218879884418763,10.652076163185662,8.701495985595246,12.993665936115281,6563780
2020,R10EUR,E,Median,4.421202759882882,0.443545890973299,6.841695667545031,1.3631612037117695,1.041546045791277,1.8329001452651457,10.652076163185662,8.649923187037743,13.001237896194901,6563780
2020,R10EUR,E,Min,2.8954228944405775,0.6053010524131812,5.194921498900719,1.2872435416781938,1.0618009157657224,1.560387728242095,10.680472889168346,8.69902959465193,13.01685506385912,6563780
2020,R10FSU,A,Max,16.465420573782115,12.578861742657745,20.050794509638628,3.2024320127285173,2.920107590192581,4.156277997458149,7.041315095651683,4.959797817192491,8.862198661014673,3909280
2020,R10FSU,A,Median,14.146709817283428,10.795287754932032,16.225345237693723,2.8038732872148295,2.4391064260635087,3.4595440074338506,8.093763022786998,5.420962339284943,8.854568357379609,3909280
2020,R10FSU,A,Min,9.229906902734804,6.2252245097034304,11.615662589652374,2.1154325715134403,1.8596429223173687,2.6793168408486925,7.795495835839397,5.6653197417191175,8.963981086390598,3909280
2020,R10FSU,E,Max,3.4521772588815733,1.2754236846873188,5.633127892353115,1.5104559288126809,1.1921745886419248,1.7800781435617052,7.632325279409466,5.635694164808496,9.118651714918906,3909280
2020,R10FSU,E,Median,1.92318858116671,0.34137595593727676,3.9032207231831264,1.2479782555036838,1.0432632997757116,1.5633833818202885,7.632325279409466,5.55096274031002,9.119755456086853,3909280
2020,R10FSU,E,Min,1.7884797466191387,-0.041869490488755545,3.778716646977184,1.2671255931543661,0.9959442237334393,1.5790718674093982,7.497228648891794,5.635304354585987,9.1185827310959091,3909280
2020,R10LAM,A,Max,18.807497905703634,16.59698790670339,21.31927049276542,2.1109176204218434,1.953009306894041,2.241887398794745,17.609312296096554,13.629731783532261,19.280024241843886,10437020
2020,R10LAM,A,Median,16.583835183036065,14.267249890478942,19.195816542246614,1.9620007964053816,1.8007215225726867,2.1282876955028973,16.96761683538717,13.62574805215028,19.272279551671215,10437020
2020,R10LAM,A,Min,11.899288427982754,10.052693973425601,15.374700749670406,1.7397534283481442,1.5623925958089984,1.8685362863293036,16.920595939259794,14.46833918883004,19.23085407458133,10437020
2020,R10LAM,E,Max,4.74004125125486,0.9346345595951963,7.994867180056396,1.2566563473177466,1.0479573056779647,1.5069226732289747,17.327286829916144,14.659629819933967,19.374528235118046,10437020
2020,R10LAM,E,Median,3.938272541968651,1.3898106998602484,6.49374275259589,1.242763123669124,1.0804621423018839,1.396988949497015,17.1126256569641,14.432277278118816,19.36777218647488,10437020
2020,R10LAM,E,Min,2.943193518867435,0.5176191470690803,6.105992578214378,1.1809242947291718,1.0269247608666217,1.353778858785595,17.257634478541032,14.65569644763867,19.372734518248024,10437020
2020,R10NAM,A,Max,18.887915051721563,16.270987758216084,21.686207126436965,2.270490643623665,1.9896413061464113,2.692024814658149,13.833133739909819,10.5795805541139,16.61675838951316,4585579.999999999
2020,R10NAM,A,Median,15.678893371341758,13.356677669447013,18.456825434597494,2.0611110163997375,1.807600046186694,2.4465901449359064,13.877981530642128,10.71219020353545,16.87376970325309,4585579.999999999
2020,R10NAM,A,Min,11.297909595451705,7.83023756287715,14.858169054374347,1.704678324032368,1.5005805213660457,2.0362843744323476,13.972586078242399,11.644313033835175,17.52009242145256,4585579.999999999
2020,R10NAM,E,Max,3.9403104044526556,0.36872372858915614,7.261009373930396,1.31722989182059,1.0426323534305828,1.710838748818,13.859927440721544,10.568142055352402,17.554004278172776,4585579.999999999
2020,R10NAM,E,Median,2.975889102852485,0.599600601039716,7.309431459626175,1.185941428869902,1.0420895541659343,1.5997025629680668,13.859927440721544,10.615325862743576,17.58339926297362,4585579.999999999
2020,R10NAM,E,Min,2.5969980437841578,0.564442716789376,5.623761253843069,1.1940678505731974,1.047807428393338,1.507294492707019,13.84187335080096,10.638917766439164,17.55216709162272,4585579.999999999
2020,R10PAO,A,Max,15.234827205204201,12.308315849292818,19.988095838607393,3.808177690012886,2.7607734015491197,5.500798886008745,5.219236145048233,3.369536225387048,9.193382255707094,1355840
2020,R10PAO,A,Median,12.523132176124422,8.843892561646555,14.98473435344279,3.3268829975213556,2.251108219872398,4.543351464744123,5.799419631315818,3.412422482954044,9.741254463771119,1355840
2020,R10PAO,A,Min,10.091346706516465,4.578244150931025,11.62815473147338,2.43331437018925,1.8432336616759724,3.350983925814776,5.598943675681435,3.696127778459005,9.492362228443152,1355840
2020,R10PAO,E,Max,2.429066363828157,0.4694623527903464,6.510037376068841,1.47986386879154,1.155774887123372,2.0681734032771875,5.922878753968158,3.447279063729005,9.67752144782383,1355840
2020,R10PAO,E,Median,1.8127960761584896,0.060518985855523566,3.857154021409185,1.3383911037071712,1.0192999149517514,1.8413948208676052,5.922878753968158,3.4494542568404034,9.746925116937438,1355840
2020,R10PAO,E,Min,2.0431124182212246,-0.46549221927162243,2.95359526058072,1.2997537780765518,0.9110731605709549,1.9194255187906561,6.046337876620497,3.450541853396102,9.890070184484252,1355840
2020,R10SAS,A,Max,13.361833661252055,10.187752109786942,15.379311272367547,2.2068880022201824,1.759521698995396,2.8591614797536433,11.129195747927557,7.7700074761530855,14.892568932298,32588900
2020,R10SAS,A,Median,10.800476016568304,8.099364677468587,12.792408143798678,2.0222840952584646,1.6740400523570411,2.545822868264797,10.758608860911739,8.03900701749997,13.84040286275978,32588900
2020,R10SAS,A,Min,7.833168965489046,6.463476262924333,10.57727527123312,1.7903989806773146,1.5138697575214735,2.223049131074797,10.185231365322688,7.992905847320351,13.209385669302115,32588900
2020,R10SAS,E,Max,3.242963424766257,0.16422551256851606,6.017536626268114,1.270546246620408,1.01256381181929,1.5358516806366376,10.554311451295018,8.08884932123435,13.617948322228973,32588900
2020,R10SAS,E,Median,2.258297062004418,-0.1949391679848041,4.780710274005203,1.1974427908385339,0.9876667073993484,1.515479614976897,10.554311451295018,8.069706799527024,13.455172159709553,32588900
2020,R10SAS,E,Min,2.251917961934895,-0.20055928036834825,4.324997630425196,1.2342410187751136,0.9743634801725861,1.464465845348677,10.655244131038586,8.088821758147644,13.616793180848553,32588900
