model,scenario,region,variable,unit,1750,1751,1752,1753,1754,1755,1756,1757,1758,1759,1760,1761,1762,1763,1764,1765,1766,1767,1768,1769,1770,1771,1772,1773,1774,1775,1776,1777,1778,1779,1780,1781,1782,1783,1784,1785,1786,1787,1788,1789,1790,1791,1792,1793,1794,1795,1796,1797,1798,1799,1800,1801,1802,1803,1804,1805,1806,1807,1808,1809,1810,1811,1812,1813,1814,1815,1816,1817,1818,1819,1820,1821,1822,1823,1824,1825,1826,1827,1828,1829,1830,1831,1832,1833,1834,1835,1836,1837,1838,1839,1840,1841,1842,1843,1844,1845,1846,1847,1848,1849,1850,1851,1852,1853,1854,1855,1856,1857,1858,1859,1860,1861,1862,1863,1864,1865,1866,1867,1868,1869,1870,1871,1872,1873,1874,1875,1876,1877,1878,1879,1880,1881,1882,1883,1884,1885,1886,1887,1888,1889,1890,1891,1892,1893,1894,1895,1896,1897,1898,1899,1900,1901,1902,1903,1904,1905,1906,1907,1908,1909,1910,1911,1912,1913,1914,1915,1916,1917,1918,1919,1920,1921,1922,1923,1924,1925,1926,1927,1928,1929,1930,1931,1932,1933,1934,1935,1936,1937,1938,1939,1940,1941,1942,1943,1944,1945,1946,1947,1948,1949,1950,1951,1952,1953,1954,1955,1956,1957,1958,1959,1960,1961,1962,1963,1964,1965,1966,1967,1968,1969,1970,1971,1972,1973,1974,1975,1976,1977,1978,1979,1980,1981,1982,1983,1984,1985,1986,1987,1988,1989,1990,1991,1992,1993,1994,1995,1996,1997,1998,1999,2000,2001,2002,2003,2004,2005,2006,2007,2008,2009,2010,2011,2012,2013,2014,2015,2016,2017,2018,2019,2020,2021,2022
Historical,GCP+CEDS+PRIMAP+GFED,World,Emissions|BC,Mt BC/yr,2.096765609,2.071971538,2.067178349,2.070381789,2.098586112,2.097789189,2.071363197,2.146563786,2.11976313,2.11596123,2.131155959,2.136703326,2.100696515,2.105688469,2.07467919,2.122668675,2.109392768,2.111379785,2.186365568,2.136350116,2.13833343,2.099110918,2.090110985,2.091107755,2.153101227,2.147091401,2.114894932,2.16887851,2.196858789,2.157835771,2.188959606,2.18485843,2.156728921,2.146599493,2.140457829,2.161329955,2.153519102,2.180380145,2.254321061,2.203286693,2.211259669,2.167613842,2.160838571,2.147902326,2.20891895,2.197965574,2.152583627,2.208361511,2.229054543,2.201946386,2.209730078,2.212946586,2.197216205,2.174266596,2.196124971,2.20959291,2.216691104,2.23413437,2.310787211,2.26184668,2.274035726,2.24696699,2.226481787,2.226265248,2.28638375,2.281758468,2.259806005,2.291075044,2.330717119,2.298800179,2.320366226,2.328058357,2.296484975,2.27668922,2.309975075,2.316517521,2.315564187,2.339684526,2.418906779,2.372607395,2.396191033,2.353843981,2.35159123,2.351059553,2.406306998,2.399201793,2.402120865,2.43365625,2.471501778,2.446908058,2.442217033,2.48490411,2.443611544,2.405546804,2.441934607,2.465700171,2.465543113,2.516519272,2.577188537,2.548851376,2.567837156,2.523565166,2.508466119,2.524450366,2.605353556,2.588395791,2.573708253,2.634357732,2.66029841,2.649542164,2.656477995,2.675392344,2.655094448,2.627532081,2.672052097,2.722634971,2.71298342,2.77691954,2.84763884,2.80460092,2.850641052,2.821481609,2.804848725,2.875982304,2.902945871,2.870447548,2.884455128,2.920937593,2.94548071,2.976704015,2.979011863,3.019748702,3.007859716,2.987262145,3.054169344,3.060324715,3.07460664,3.121666505,3.216385258,3.189220374,3.254897977,3.229514916,3.224260691,3.240576043,3.3186577,3.343641167,3.30133889,3.397703715,3.431541431,3.500216554,3.510856626,3.536764832,3.53438576,3.559222593,3.631589355,3.696618266,3.734784889,3.880250388,3.865180699,3.885499787,3.972963734,3.943317933,3.957312012,4.045041467,3.994319529,3.964232769,4.020565681,4.12337113,4.127514993,3.938075162,4.078428451,3.902840966,3.903819161,4.239619938,4.13791934,4.168811857,4.131512746,4.214826667,4.166145205,4.224178755,4.173963709,3.93098048,3.908341303,3.895097316,4.056482796,4.08184511,4.249397247,4.251581194,4.106962966,4.245341559,4.275042316,4.333352611,4.423154664,4.441212013,4.442930542,4.210853696,4.161869879,4.153796872,4.238231099,4.307580451,4.485656388,4.318932192,4.367243287,4.433921417,4.487770554,4.566766559,4.800663591,4.978762995,4.946343168,5.02965531,5.14108149,5.147694357,5.154658661,5.338068542,5.180871109,5.195661311,5.211114336,5.314084838,5.298081871,5.316066299,5.459856445,5.57704787,5.872700065,5.779569979,5.841233308,5.860633013,6.103687649,6.236698225,6.476835747,6.539956613,6.440528701,6.352058507,6.675773037,6.360345525,6.553494,6.638687767,6.77503617,6.97407441,7.158724884,7.095501861,7.294464476,7.787367911,7.127610461,7.316642331,7.781741303,7.781096533,7.635056325,8.209142998,8.247757291,7.478531604,7.113418899,7.204673758,7.588355872,7.668078438,7.8560039,8.028732938,7.96052175,8.168771954,7.936498963,7.861838907,8.30629622,7.973211128,8.162565731,7.842259346,7.934828048,7.926370575,7.568059793,7.562318921,7.459095462,7.781842402,6.525020587,6.871947368,6.701701912
Historical,GCP+CEDS+PRIMAP+GFED,World,Emissions|C2F6,kt C2F6/yr,0,0,0,0,0,0,0,0,0,0,0,0,0,0,0,0,0,0,0,0,0,0,0,0,0,0,0,0,0,0,0,0,0,0,0,0,0,0,0,0,0,0,0,0,0,0,0,0,0,0,0,0,0,0,0,0,0,0,0,0,0,0,0,0,0,0,0,0,0,0,0,0,0,0,0,0,0,0,0,0,0,0,0,0,0,0,0,0,0,0,0,0,0,0,0,0,0,0,0,0,0.000323411,0.000348634,0.000352959,0.00035732,0.000362124,0.000367193,0.000372428,0.000377991,0.000383782,0.000389831,0.00037008,0.000376245,0.000409614,0.000416785,0.000424248,0.000403634,0.000411165,0.000448418,0.000456985,0.000435401,0.000444026,0.000484664,0.00046214,0.000471646,0.000481458,0.000491579,0.000502011,0.000512761,0.000523831,0.000535225,0.00054698,0.000524841,0.000536549,0.000584176,0.000597284,0.000573571,0.000586573,0.000599917,0.000613595,0.000627574,0.000641644,0.000737931,0.000984625,0.001282106,0.001734178,0.002396673,0.002836173,0.003432905,0.004021716,0.004881489,0.010526955,0.013160139,0.015384261,0.01736798,0.019754749,0.022370254,0.024506091,0.025489853,0.02710863,0.02906851,0.030428458,0.031916373,0.033628839,0.035312908,0.037089461,0.039202744,0.041283513,0.043195831,0.045167183,0.047355564,0.049024829,0.057554966,0.079938372,0.110903654,0.148514516,0.191144494,0.236481357,0.282009721,0.325034114,0.362843005,0.392480075,0.414354655,0.437176838,0.46528471,0.491145965,0.51368733,0.534324554,0.55385902,0.572456937,0.590381951,0.608040189,0.626018016,0.641764125,0.654716946,0.657051915,0.653161756,0.686378554,0.702803682,0.709252419,0.712533099,0.715779522,0.714293766,0.707202043,0.696412489,0.678499279,0.658441443,0.636169196,0.613214528,0.597391775,0.580455318,0.553657796,0.532791698,0.526531641,0.532903645,0.549733875,0.579139913,0.629811269,0.698338726,0.794707288,0.914509066,1.050358022,1.1979999,1.357878602,1.515631562,1.611347583,1.620122315,1.652439752,1.733677379,1.8026104,1.855063341,1.908167308,1.835101808,1.729512772,1.871808295,2.064809735,2.107353118,2.097514287,2.166528337,2.214539463,2.212201392,2.138366686,2.307575127,2.211065319,2.370121931,2.549154367,2.681883388,3.023517432,3.322846259,3.1847834,3.036504731,2.835091347,2.2416689,2.582610048,2.11184986,1.871463676,1.542022432,1.710035616,1.974875379,1.549035923,1.043063744,1.056217339,1.041568349,1.023517815,1.003457808,1.035565199,0.933935611,0.979945114,0.996980299,0.99676359,1.062576719,1.106550104,1.160588085,1.167145395
Historical,GCP+CEDS+PRIMAP+GFED,World,Emissions|C3F8,kt C3F8/yr,0,0,0,0,0,0,0,0,0,0,0,0,0,0,0,0,0,0,0,0,0,0,0,0,0,0,0,0,0,0,0,0,0,0,0,0,0,0,0,0,0,0,0,0,0,0,0,0,0,0,0,0,0,0,0,0,0,0,0,0,0,0,0,0,0,0,0,0,0,0,0,0,0,0,0,0,0,0,0,0,0,0,0,0,0,0,0,0,0,0,0,0,0,0,0,0,0,0,0,0,0,0,0,0,0,0,0,0,0,0,0,0,0,0,0,0,0,0,0,0,0,0,0,0,0,0,0,0,0,0,0,0,0,0,0,0,0,0,0,9.75E-07,9.11E-06,2.23E-05,4.15E-05,7.18E-05,0.000120934,0.000199724,0.000274543,0.000378068,0.000495939,0.0006207,0.000540396,0.000738862,0.000960745,0.001126009,0.000944459,0.001053362,0.00121507,0.001084699,0.001142932,0.001214445,0.001361687,0.001463879,0.001463769,0.001557358,0.001653048,0.001726891,0.001815684,0.001907947,0.001987768,0.00210518,0.002218491,0.002509327,0.003505018,0.004951033,0.006615502,0.008471982,0.010502497,0.012623521,0.014724886,0.016383468,0.017695501,0.019195145,0.020293845,0.021550758,0.023076228,0.024229757,0.025452882,0.026775375,0.028125013,0.029365286,0.03085859,0.032539336,0.034267975,0.035915071,0.037539025,0.040012971,0.042410302,0.044875766,0.047554382,0.050454555,0.053556805,0.056969492,0.060537658,0.063766873,0.066874762,0.069281251,0.070177133,0.069937974,0.068544853,0.064601483,0.058775332,0.053345161,0.048900043,0.045725436,0.044642836,0.045093696,0.047044128,0.050173504,0.054855359,0.060264729,0.065987579,0.072714191,0.081489137,0.095597043,0.109653961,0.121655776,0.13338073,0.150256712,0.177402846,0.206724811,0.230718626,0.233584864,0.22329266,0.231423474,0.241241761,0.227359762,0.215395364,0.23763666,0.251703074,0.249023292,0.258007938,0.318974126,0.363182336,0.474048402,0.611123406,0.726347669,0.881095237,1.027560349,1.043079834,1.076689189,1.10164188,0.875817257,0.966799224,0.851141258,0.897642171,0.615023943,0.596518981,0.697831358,0.576644582,0.425704429,0.342572982,0.291241975,0.302615707,0.314138221,0.323186158,0.304123577,0.319107081,0.324655531,0.324586117,0.34601874,0.360339576,0.37793754,0.380073799
Historical,GCP+CEDS+PRIMAP+GFED,World,Emissions|C4F10,kt C4F10/yr,0,0,0,0,0,0,0,0,0,0,0,0,0,0,0,0,0,0,0,0,0,0,0,0,0,0,0,0,0,0,0,0,0,0,0,0,0,0,0,0,0,0,0,0,0,0,0,0,0,0,0,0,0,0,0,0,0,0,0,0,0,0,0,0,0,0,0,0,0,0,0,0,0,0,0,0,0,0,0,0,0,0,0,0,0,0,0,0,0,0,0,0,0,0,0,0,0,0,0,0,0,0,0,0,0,0,0,0,0,0,0,0,0,0,0,0,0,0,0,0,0,0,0,0,0,0,0,0,0,0,0,0,0,0,0,0,0,0,0,0,0,0,0,0,0,0,0,0,0,0,0,0,0,0,0,0,0,0,0,0,0,0,0,0,0,0,0,0,0,0,0,0,0,0,0,0,0,0,0,0,0,0,0,0,0,0,0,0,0,0,0,0,0,0,0,0,0,0,0,0,0,0,0,0,0,0,0,0,0,0,0,0,0,0,0,0,0.000154428,0.001142034,0.002056417,0.011175841,0.039522681,0.070967758,0.089895835,0.099734721,0.116198662,0.132128889,0.130858246,0.132406632,0.134923499,0.152064371,0.176468001,0.203588236,0.230149954,0.241738262,0.263886298,0.2726179,0.267917706,0.258811444,0.247286372,0.261887417,0.26519295,0.304249748,0.296495573,0.310183383,0.324653079,0.306574569,0.309908908,0.32898581,0.290957016,0.280198128,0.286588885,0.18433616,0.162049545,0.129558589,0.145634153,0.117780365,0.10546628,0.12837875,0.091847092,0.060019028,0.068404065,0.064818586,0.065545243,0.070672046,0.070641319,0.067023917,0.07032673,0.071550237,0.071535646,0.076259947,0.079416943,0.083291714,0.083758761
Historical,GCP+CEDS+PRIMAP+GFED,World,Emissions|C5F12,kt C5F12/yr,0,0,0,0,0,0,0,0,0,0,0,0,0,0,0,0,0,0,0,0,0,0,0,0,0,0,0,0,0,0,0,0,0,0,0,0,0,0,0,0,0,0,0,0,0,0,0,0,0,0,0,0,0,0,0,0,0,0,0,0,0,0,0,0,0,0,0,0,0,0,0,0,0,0,0,0,0,0,0,0,0,0,0,0,0,0,0,0,0,0,0,0,0,0,0,0,0,0,0,0,0,0,0,0,0,0,0,0,0,0,0,0,0,0,0,0,0,0,0,0,0,0,0,0,0,0,0,0,0,0,0,0,0,0,0,0,0,0,0,0,0,0,0,0,0,0,0,0,0,0,0,0,0,0,0,0,0,0,0,0,0,0,0,0,0,0,0,0,0,0,0,0,0,0,0,0,0,0,0,0,0,0,0,0,0,0,0,0,0,0,0,0,0,0,0,0,0,0,0,0,0,0,0,0,0,0,0,0,0,0,0,0,0,0.001021635,0.011478774,0.029047835,0.043974419,0.058129959,0.069674457,0.077256035,0.082160055,0.083960803,0.082679589,0.079577437,0.0850464,0.091839921,0.088511251,0.088818942,0.09122667,0.111794995,0.150360522,0.178103074,0.195169256,0.19974967,0.223001962,0.230390834,0.231007499,0.25099293,0.250702913,0.254000401,0.271465994,0.327803847,0.303539484,0.317566369,0.352000359,0.316641642,0.288218953,0.293779909,0.25565539,0.246212562,0.227666041,0.12499753,0.116632889,0.094770085,0.096760978,0.079064999,0.08352568,0.111711991,0.063758905,0.033525797,0.034441464,0.032637464,0.033004653,0.035587608,0.031141375,0.030029927,0.031513315,0.032065209,0.032062325,0.034183668,0.035602881,0.037337696,0.037544789
Historical,GCP+CEDS+PRIMAP+GFED,World,Emissions|C6F14,kt C6F14/yr,0,0,0,0,0,0,0,0,0,0,0,0,0,0,0,0,0,0,0,0,0,0,0,0,0,0,0,0,0,0,0,0,0,0,0,0,0,0,0,0,0,0,0,0,0,0,0,0,0,0,0,0,0,0,0,0,0,0,0,0,0,0,0,0,0,0,0,0,0,0,0,0,0,0,0,0,0,0,0,0,0,0,0,0,0,0,0,0,0,0,0,0,0,0,0,0,0,0,0,0,0,0,0,0,0,0,0,0,0,0,0,0,0,0,0,0,0,0,0,0,0,0,0,0,0,0,0,0,0,0,0,0,0,0,0,0,0,0,0,0,0,0,0,0,0,0,0,0,0,0,0,0,0,0,0,0,0,0,0,0,0,0,0,0,0,0,0,0,0,0,0,0,0,0,0,0,0,0,0,0,0,0,0,0,0,0,0,0,0,0,0,0,0,0,0,0,0,0,0,0,0,0,0,0,0,0,0,0,0,0,0,0,0,0.000695636,0.006209102,0.013175808,0.016599172,0.01899714,0.02072831,0.021938379,0.02273337,0.023337819,0.023295306,0.022586886,0.02459427,0.02705184,0.026522235,0.027079045,0.028107746,0.036116482,0.058605374,0.082977835,0.093642758,0.111656602,0.147467049,0.207476166,0.247186022,0.284595049,0.318346958,0.35705754,0.41981931,0.535124393,0.560583441,0.640971232,0.738635181,0.762024203,0.809480125,0.864981453,0.796838786,0.755698774,0.672906694,0.42408733,0.388467371,0.308600202,0.334323737,0.266199409,0.242865727,0.260708302,0.196787859,0.121958479,0.111636776,0.105797738,0.106996462,0.115379142,0.15181233,0.16821292,0.176505179,0.179579025,0.179545519,0.191406252,0.199333535,0.209061856,0.21023695
Historical,GCP+CEDS+PRIMAP+GFED,World,Emissions|C7F16,kt C7F16/yr,0,0,0,0,0,0,0,0,0,0,0,0,0,0,0,0,0,0,0,0,0,0,0,0,0,0,0,0,0,0,0,0,0,0,0,0,0,0,0,0,0,0,0,0,0,0,0,0,0,0,0,0,0,0,0,0,0,0,0,0,0,0,0,0,0,0,0,0,0,0,0,0,0,0,0,0,0,0,0,0,0,0,0,0,0,0,0,0,0,0,0,0,0,0,0,0,0,0,0,0,0,0,0,0,0,0,0,0,0,0,0,0,0,0,0,0,0,0,0,0,0,0,0,0,0,0,0,0,0,0,0,0,0,0,0,0,0,0,0,0,0,0,0,0,0,0,0,0,0,0,0,0,0,0,0,0,0,0,0,0,0,0,0,0,0,0,0,0,0,0,0,0,0,0,0,0,0,0,0,0,0,0,0,0,0,0,0,0,0,0,0,0,0,0,0,0,0,0,0,0,0,0,0,0,0,0,0,0,0,0,0,0,0,0.001444229,0.011774181,0.022615526,0.0249631,0.026317273,0.026889665,0.026527906,0.02617157,0.025426924,0.024110208,0.022552953,0.023998178,0.026256773,0.025374503,0.025352689,0.026650859,0.035586241,0.050778336,0.061348508,0.071102535,0.088907129,0.121598104,0.153676106,0.166901643,0.171978837,0.171795451,0.195774282,0.220244939,0.227511182,0.221742232,0.244852666,0.232782578,0.219849079,0.209978443,0.201523533,0.197184303,0.189918021,0.164727713,0.120345355,0.122414673,0.102088947,0.129949405,0.121124531,0.137023064,0.171173346,0.135890984,0.088812039,0.078352815,0.074255639,0.075097979,0.080982629,0.091071499,0.092373886,0.096927586,0.098615603,0.098597222,0.105110551,0.109463831,0.114809565,0.115458345
Historical,GCP+CEDS+PRIMAP+GFED,World,Emissions|C8F18,kt C8F18/yr,0,0,0,0,0,0,0,0,0,0,0,0,0,0,0,0,0,0,0,0,0,0,0,0,0,0,0,0,0,0,0,0,0,0,0,0,0,0,0,0,0,0,0,0,0,0,0,0,0,0,0,0,0,0,0,0,0,0,0,0,0,0,0,0,0,0,0,0,0,0,0,0,0,0,0,0,0,0,0,0,0,0,0,0,0,0,0,0,0,0,0,0,0,0,0,0,0,0,0,0,0,0,0,0,0,0,0,0,0,0,0,0,0,0,0,0,0,0,0,0,0,0,0,0,0,0,0,0,0,0,0,0,0,0,0,0,0,0,0,0,0,0,0,0,0,0,0,0,0,0,0,0,0,0,0,0,0,0,0,0,0,0,0,0,0,0,0,0,0,0,0,0,0,0,0,0,0,0,0,0,0,0,0,0,0,0,0,0,0,0,0,0,0,0,0,0,0,0,0,0,0,0,0,0,0,0,0,0,0,0,0,0,0,0.001482129,0.012725992,0.025653448,0.030546515,0.033567971,0.034389961,0.033872231,0.033784421,0.033313687,0.031392204,0.028710324,0.029150679,0.029854924,0.027201052,0.025682828,0.024855059,0.023923339,0.020485742,0.008869526,0.013300305,0.021498032,0.045495527,0.077468615,0.100458073,0.121308952,0.133273785,0.147289079,0.173972856,0.228073963,0.236151649,0.261584401,0.262450909,0.247869125,0.264473406,0.283739709,0.248368308,0.226678699,0.210333668,0.135683051,0.110590248,0.090597859,0.094552231,0.068777901,0.072664613,0.069863061,0.044617325,0.029159643,0.029958669,0.028391942,0.028713863,0.030963711,0.038102616,0.040062926,0.04203988,0.042774052,0.042768124,0.04559557,0.04748625,0.049804141,0.050084443
Historical,GCP+CEDS+PRIMAP+GFED,World,Emissions|CCl4,kt CCl4/yr,0.021566776,0.021566776,0.021566776,0.021566776,0.021566776,0.021566776,0.021566776,0.021566776,0.021566776,0.021566776,0.021566776,0.021566776,0.021566776,0.021566776,0.021566776,0.021566776,0.021566776,0.021566776,0.021566776,0.021566776,0.021566776,0.021566776,0.021566776,0.021566776,0.021566776,0.021566776,0.021566776,0.021566776,0.021566776,0.021566776,0.021566776,0.021566776,0.021566776,0.021566776,0.021566776,0.021566776,0.021566776,0.021566776,0.021566776,0.021566776,0.021566776,0.021566776,0.021566776,0.021566776,0.021566776,0.021566776,0.021566776,0.021566776,0.021566776,0.021566776,0.021566776,0.021566776,0.021566776,0.021566776,0.021566776,0.021566776,0.021566776,0.021566776,0.021566776,0.021566776,0.021566776,0.021566776,0.021566776,0.021566776,0.021566776,0.021566776,0.021566776,0.021566776,0.021566776,0.021566776,0.021566776,0.021566776,0.021566776,0.021566776,0.021566776,0.021566776,0.021566776,0.021566776,0.021566776,0.021566776,0.021566776,0.021566776,0.021566776,0.021566776,0.021566776,0.021566776,0.021566776,0.021566776,0.021566776,0.021566776,0.021566776,0.021566776,0.021566776,0.021566776,0.021566776,0.021566776,0.021566776,0.021566776,0.021566776,0.021566776,0.021566776,0.021566776,0.021566776,0.021566776,0.021566776,0.021566776,0.021566776,0.021566776,0.021566776,0.021566776,0.021566776,0.021566776,0.021566776,0.021566776,0.021566776,0.021566776,0.021566776,0.021566776,0.021566776,0.021566776,0.021566776,0.021566776,0.021566776,0.021566776,0.021566776,0.021566776,0.021566776,0.021566776,0.021566776,0.021566776,0.021566776,0.021566776,0.021566776,0.021566776,0.021566776,0.021566776,0.021566776,0.021566776,0.021566776,0.021566776,0.021566776,0.021566776,0.021566776,0.021566776,0.021566776,0.021566776,0.021566776,0.021566776,0.021566776,0.021566049,0.021567676,0.021566321,0.021567395,0.021565922,0.021567967,0.021565096,0.021569171,0.021563352,0.022584224,0.026215524,0.809257508,1.092800941,0.574737168,1.401880979,2.936063684,4.808750291,6.526528355,6.256950806,5.325021333,4.349734807,3.180281333,4.026799427,6.508534676,7.707749054,8.386613537,10.32271544,10.07534215,10.15999142,14.01140397,17.36032709,19.88653795,21.03544298,21.61807604,24.26943574,28.69178135,35.33965491,41.11007914,43.21845795,44.94388995,49.88385503,57.71506116,69.41566373,83.66446247,97.31667184,90.90301455,72.49661648,67.53840524,73.98359372,83.60352086,90.21335311,91.15235283,76.48247534,67.54578164,73.7235204,78.95086079,84.16070773,89.27371774,94.26757497,99.3216963,104.3337539,109.3188845,114.1568406,118.2962718,122.1979339,125.0759821,125.5220269,124.9520234,124.4972514,124.0279072,123.6412214,123.2523753,122.7779539,122.2945421,121.9820282,121.7664518,121.3876919,120.9447403,120.601443,120.2982518,117.1781724,119.5394718,119.622973,117.1677383,120.7081144,120.7290977,125.3532537,126.1761472,121.0370267,121.6307595,117.0944749,99.14937709,85.0304977,77.66227298,70.21312253,69.22967565,63.85337586,58.99108332,59.99158582,58.03931617,56.08613256,56.36152396,55.65980403,55.2366271,55.16288876,55.07038418,52.70827199,48.77298389,47.33983158,42.95750769,42.78310819,44.64898904,42.32298798,43.19238124,43.78068317,41.14451831,38.32646645,40.13235754,43.55830511,43.79380268,28.41011335,25.81245434,35.18469523,35.18469523
Historical,GCP+CEDS+PRIMAP+GFED,World,Emissions|CF4,kt CF4/yr,0,0,0,0,0,0,0,0,0,0,0,0,0,0,0,0,0,0,0,0,0,0,0,0,0,0,0,0,0,0,0,0,0,0,0,0,0,0,0,0,0,0,0,0,0,0,0,0,0,0,0,0,0,0,0,0,0,0,0,0,0,0,0,0,0,0,0,0,0,0,0,0,0,0,0,0,0,0,0,0,0,0,0,0,0,0,0,0,0,0,0,0,0,0,0,0,0,0,0,0,0.012920965,0.012998038,0.013106416,0.01321474,0.013322401,0.013429664,0.013536678,0.013643202,0.013749384,0.013855179,0.013999623,0.014105603,0.014171452,0.014277003,0.014382428,0.014530064,0.01463554,0.01469634,0.014799801,0.014947965,0.015050262,0.015104245,0.015252842,0.015353458,0.015453617,0.015553314,0.015652543,0.015751297,0.015849571,0.01594736,0.016044608,0.016192872,0.016290872,0.016335425,0.016431968,0.016583875,0.016680911,0.016777487,0.016873536,0.016968075,0.017055261,0.019281736,0.025289186,0.034437841,0.045780408,0.058438464,0.072310183,0.086009751,0.099014538,0.110129983,0.11201746,0.116311725,0.12044765,0.124448107,0.127831334,0.130428863,0.133732296,0.139284716,0.144133504,0.149088085,0.155693544,0.162937198,0.170558442,0.178743696,0.187402109,0.196191531,0.205629086,0.215929865,0.226768896,0.237860544,0.250348647,0.297310029,0.401894731,0.556998078,0.750497341,0.969603719,1.202547329,1.437927162,1.664637708,1.871906068,2.048814394,2.206751733,2.356791336,2.493156134,2.628291851,2.76570678,2.904116987,3.043564123,3.185140652,3.329857363,3.478020298,3.629299022,3.788505465,3.95843288,4.152569673,4.365302849,4.534458546,4.742457334,4.980772708,5.241022671,5.520357461,5.833013991,6.18468877,6.570228362,6.991769418,7.43964228,7.911966131,8.403295435,8.89838532,9.295016541,9.497456402,9.663910874,9.943957793,10.34586839,10.79162684,11.26259334,11.81913417,12.34323468,12.85166037,13.28434189,13.5615893,13.78486367,14.03656783,14.30159233,14.48644137,14.770661,15.16463815,15.30910547,15.34985392,15.41434383,15.30567972,15.22764343,15.19852628,14.81391204,14.06149865,13.4888538,13.34747534,13.35716739,13.49071952,13.59046104,13.03184513,13.4094895,12.03685664,12.03361745,11.67213668,10.69591819,10.63073031,10.74269058,9.814757083,9.341287059,8.908599049,6.945591689,7.988676912,7.487430665,9.2360434,7.805680122,7.615396268,9.295719757,7.146372466,5.00495825,5.567140349,5.55957375,4.911183854,4.549975171,5.518863141,5.76467791,6.04870379,6.153888224,6.152585572,6.558858647,6.830327769,7.163846856,7.204284726
Historical,GCP+CEDS+PRIMAP+GFED,World,Emissions|CFC-11,kt CFC11/yr,0,0,0,0,0,0,0,0,0,0,0,0,0,0,0,0,0,0,0,0,0,0,0,0,0,0,0,0,0,0,0,0,0,0,0,0,0,0,0,0,0,0,0,0,0,0,0,0,0,0,0,0,0,0,0,0,0,0,0,0,0,0,0,0,0,0,0,0,0,0,0,0,0,0,0,0,0,0,0,0,0,0,0,0,0,0,0,0,0,0,0,0,0,0,0,0,0,0,0,0,0,0,0,0,0,0,0,0,0,0,0,0,0,0,0,0,0,0,0,0,0,0,0,0,0,0,0,0,0,0,0,0,0,0,0,0,0,0,0,0,0,0,0,0,0,0,0,0,0,0,0,0,0,0,0,0,0,0,0,0,0,0,0,0,0,0,0,0,0,0,0,0,0,0,0,0,0,0,0,0,0,0,0,0,0,0,0,0,0,0,0,0,0,0,0.059913652,1.032311469,3.67148336,5.243438419,5.13578482,5.154173212,5.902165594,8.645598135,12.78909109,17.06484733,21.43984548,26.75847829,32.6116043,35.60392474,34.88718214,36.87697692,46.17413352,59.73277191,74.94903392,91.50141138,108.0768805,123.4324983,138.8631656,157.0714124,179.8109691,207.1036939,234.2613444,260.4335914,293.3948962,333.4976504,358.7999913,361.4915548,358.4232279,349.4669298,324.8817738,304.3645435,291.451382,283.802914,297.6002985,302.5084309,319.2629427,348.4602129,367.5317494,378.2855039,352.7107256,305.2088631,256.2201302,213.0766977,172.2520956,140.0984058,114.4864463,102.8418423,101.4074561,91.90733435,87.76598811,87.33556905,83.31139926,77.39359655,70.49450781,68.47378893,68.46590218,64.68360423,63.86647105,65.51079362,67.56232493,68.63127462,63.4583296,61.00064262,66.44019957,72.35189156,76.20946656,78.15171541,80.92335287,85.04479273,77.33534463,52.25323424,42.79493732,57.47507728,57.47507728
Historical,GCP+CEDS+PRIMAP+GFED,World,Emissions|CFC-113,kt CFC113/yr,0,0,0,0,0,0,0,0,0,0,0,0,0,0,0,0,0,0,0,0,0,0,0,0,0,0,0,0,0,0,0,0,0,0,0,0,0,0,0,0,0,0,0,0,0,0,0,0,0,0,0,0,0,0,0,0,0,0,0,0,0,0,0,0,0,0,0,0,0,0,0,0,0,0,0,0,0,0,0,0,0,0,0,0,0,0,0,0,0,0,0,0,0,0,0,0,0,0,0,0,0,0,0,0,0,0,0,0,0,0,0,0,0,0,0,0,0,0,0,0,0,0,0,0,0,0,0,0,0,0,0,0,0,0,0,0,0,0,0,0,0,0,0,0,0,0,0,0,0,0,0,0,0,0,0,0,0,0,0,0,0,0,0,0,0,0,0,0,0,0,0,0,0,0,0,0,0,0,0,0.022040054,0.354747241,1.238984362,1.757755828,1.711910807,1.729828205,1.74775474,1.76568014,1.783605694,1.801531216,1.819456758,1.837382275,1.855307827,1.873233328,1.891158904,1.909084369,1.927010003,1.944935374,1.96286116,1.980786284,1.998712385,2.007084964,2.106861494,2.296182185,2.554031487,3.015539572,3.46918209,3.895361246,4.527705997,5.253253424,5.964651682,6.764067627,7.751089998,8.924964263,10.17864525,11.59430172,13.40231088,15.38349716,17.52189791,20.03183502,22.99181671,26.40622374,30.25915251,34.65581945,39.67102196,45.50934105,52.14706078,60.95456417,60.61632413,59.16446213,76.49824257,100.2055307,129.4757562,123.2587399,125.049241,165.9988825,184.1265019,206.9724333,239.1776405,248.3411471,238.3026407,217.0686384,186.8421652,135.311312,85.3898338,54.23029699,33.60027607,25.03228302,17.77174675,15.39524804,13.52268586,12.14294622,8.152417816,4.322324834,2.255449101,4.451619227,8.098964318,4.346399898,1.989038053,4.754662847,5.868389059,5.060793561,5.08504033,4.726573332,4.995281851,5.252607497,5.733018458,7.754546775,7.503812857,6.271960451,6.651413596,6.710274532,6.3226959,6.3226959
Historical,GCP+CEDS+PRIMAP+GFED,World,Emissions|CFC-114,kt CFC114/yr,0,0,0,0,0,0,0,0,0,0,0,0,0,0,0,0,0,0,0,0,0,0,0,0,0,0,0,0,0,0,0,0,0,0,0,0,0,0,0,0,0,0,0,0,0,0,0,0,0,0,0,0,0,0,0,0,0,0,0,0,0,0,0,0,0,0,0,0,0,0,0,0,0,0,0,0,0,0,0,0,0,0,0,0,0,0,0,0,0,0,0,0,0,0,0,0,0,0,0,0,0,0,0,0,0,0,0,0,0,0,0,0,0,0,0,0,0,0,0,0,0,0,0,0,0,0,0,0,0,0,0,0,0,0,0,0,0,0,0,0,0,0,0,0,0,0,0,0,0,0,0,0,0,0,0,0,0,0,0,0,0,0,0,0,0,0,0,0,0,0,0,0,0,0,0,0,0,0,0,0,0,0,0,0,0,0,0,0,0.006744172,0.140245367,0.725912237,1.575631222,2.357806051,3.141434084,3.926167038,4.711200522,5.496347555,6.317346906,6.80151528,7.034291878,7.561119627,7.884643411,7.972896211,8.098678905,8.130388299,8.19030143,8.060333635,7.961083307,7.785354978,7.291628315,7.25713126,7.640478927,7.864450085,8.000657162,8.34953481,8.947757922,9.536616726,10.02745549,10.47064467,10.86575268,11.22824948,11.61837173,12.08725251,12.64176236,13.28265766,14.19272806,15.34419372,16.23921748,16.5881004,4.795967149,4.32796119,15.4289789,16.75730844,19.07249591,18.39609824,19.54440318,22.98678214,22.15484175,19.0383207,16.77864776,13.41743811,9.365877427,7.223459898,6.007550807,4.687832142,3.73807735,3.453795184,3.366574309,3.131914321,2.775998134,2.498100387,2.2782797,2.68756845,5.870045801,4.771993529,1.417989134,1.836979979,1.776965671,1.647002604,1.943171271,1.695090935,1.496378728,2.113503701,2.238735144,2.135414285,2.193664268,2.249702141,2.432692351,3.0447181,2.75953313,2.444209281,2.764747893,2.764747893
Historical,GCP+CEDS+PRIMAP+GFED,World,Emissions|CFC-115,kt CFC115/yr,0,0,0,0,0,0,0,0,0,0,0,0,0,0,0,0,0,0,0,0,0,0,0,0,0,0,0,0,0,0,0,0,0,0,0,0,0,0,0,0,0,0,0,0,0,0,0,0,0,0,0,0,0,0,0,0,0,0,0,0,0,0,0,0,0,0,0,0,0,0,0,0,0,0,0,0,0,0,0,0,0,0,0,0,0,0,0,0,0,0,0,0,0,0,0,0,0,0,0,0,0,0,0,0,0,0,0,0,0,0,0,0,0,0,0,0,0,0,0,0,0,0,0,0,0,0,0,0,0,0,0,0,0,0,0,0,0,0,0,0,0,0,0,0,0,0,0,0,0,0,0,0,0,0,0,0,0,0,0,0,0,0,0,0,0,0,0,0,0,0,0,0,0,0,0,0,0,0,0,0,0,0,0,0,0,0,0,0,0,0,0,0,0,0,0,0,0,0,0,0,0,0,0,0,0,0,0,0,0,0,0,0,0.001960497,0.047576488,0.260312135,0.49332374,0.610859096,0.812833726,1.092288486,1.439868866,1.80284995,1.991208066,2.253666861,2.687034689,3.084659289,3.704916053,4.441271196,4.995113317,5.452760091,7.948709934,8.720862628,7.481976721,8.179607841,8.878504389,9.578666367,10.41688667,11.25662549,12.09788282,12.66707287,12.69010368,12.30275579,11.64106285,11.11489738,10.58771957,9.649150714,8.161638673,6.397756893,5.04096369,4.092018323,3.278094253,2.736237464,2.330161229,1.649739942,1.013650858,0.667065615,0.714256634,0.521006612,0.471030594,0.651229823,0.618593349,0.644032694,0.720815775,0.860436906,0.771187238,1.077330418,1.363519888,1.674175377,2.164373125,2.067264087,1.566430404,1.762764216,2.099442202,2.099442202
Historical,GCP+CEDS+PRIMAP+GFED,World,Emissions|CFC-12,kt CFC12/yr,0,0,0,0,0,0,0,0,0,0,0,0,0,0,0,0,0,0,0,0,0,0,0,0,0,0,0,0,0,0,0,0,0,0,0,0,0,0,0,0,0,0,0,0,0,0,0,0,0,0,0,0,0,0,0,0,0,0,0,0,0,0,0,0,0,0,0,0,0,0,0,0,0,0,0,0,0,0,0,0,0,0,0,0,0,0,0,0,0,0,0,0,0,0,0,0,0,0,0,0,0,0,0,0,0,0,0,0,0,0,0,0,0,0,0,0,0,0,0,0,0,0,0,0,0,0,0,0,0,0,0,0,0,0,0,0,0,0,0,0,0,0,0,0,0,0,0,0,0,0,0,0,0,0,0,0,0,0,0,0,0,0,0,0,0,0,0,0,0,0,0,0,0,0,0,0,0,0,0,0,0,0,0,0,0,0,0,0,0,0,0,0,0,0.209813645,4.552734257,17.49642577,26.27395999,26.26679198,26.41800077,26.42300231,28.86401109,34.55136103,38.93149678,42.76526092,48.20079183,54.87443308,63.31244706,70.7978295,76.35338222,85.57573584,99.38426603,113.7216329,130.9183143,153.223735,177.3145682,200.7879404,225.654551,253.9587941,285.0745444,316.9375662,346.3762485,374.9782915,409.8099923,452.2570349,480.8413284,479.2735933,465.45935,450.5939455,427.4572336,425.2487569,432.2483935,425.9708698,432.6156345,429.5741798,431.3268563,467.0713579,506.1537895,550.1151404,540.9149869,464.6433494,393.3069922,353.7165829,297.1764344,242.6717509,242.2306919,243.0378796,215.7052477,181.1943907,168.7853324,164.7805133,147.1462836,129.063875,117.7417403,107.6082622,102.0536042,90.36613621,74.22791889,65.17712618,61.32037079,52.86462774,50.85865803,53.80606178,48.7316854,47.60122099,47.01581931,39.71126799,36.66313647,41.07333551,31.68385594,34.34518018,35.46922108,28.09564462,28.09564462
Historical,GCP+CEDS+PRIMAP+GFED,World,Emissions|CH2Cl2,kt CH2Cl2/yr,207.4912296,207.4921215,207.4929507,207.4937798,207.494609,207.4954381,207.4962673,207.4970964,207.4979256,207.4987547,207.4995838,207.500413,207.5012421,207.5020713,207.5029004,207.5037296,207.5045587,207.5053879,207.506217,207.5070462,207.5078753,207.5087045,207.5095336,207.5103627,207.5111919,207.512021,207.5128502,207.5136793,207.5145085,207.5153376,207.5161668,207.5169959,207.5178251,207.5186542,207.5194834,207.5203125,207.5211417,207.5219708,207.5227999,207.5236291,207.5244582,207.5252874,207.5261165,207.5269457,207.5277748,207.528604,207.5294331,207.5302623,207.5310914,207.5319206,207.5327497,207.5335788,207.534408,207.5352371,207.5360663,207.5368954,207.5377246,207.5385537,207.5393829,207.540212,207.5410412,207.5418703,207.5426995,207.5435286,207.5443577,207.5451869,207.546016,207.5468452,207.5476743,207.5485035,207.5493326,207.5501618,207.5509909,207.5518201,207.5526492,207.5534784,207.5543075,207.5551367,207.5559658,207.5567949,207.5576241,207.5584532,207.5592824,207.5601115,207.5609407,207.5617698,207.562599,207.5634281,207.5642573,207.5650864,207.5659156,207.5667447,207.5675738,207.568403,207.5692321,207.5700613,207.5708904,207.5717196,207.5725487,207.5733779,207.5737296,207.5736669,207.5736669,207.5736669,207.5736669,207.5736669,207.5736669,207.5736669,207.5736669,207.5736669,207.5736669,207.5736669,207.5736669,207.5736669,207.5736669,207.5736669,207.5736669,207.5736669,207.5736669,207.5736669,207.5736669,207.5736669,207.5736669,207.5736669,207.5736669,207.5736669,207.5736669,207.5736669,207.5736669,207.5736669,207.5736669,207.5736669,207.5736669,207.5736669,207.5736669,207.5736669,207.5736669,207.5736669,207.5736669,207.5736669,207.5736669,207.5736669,207.5736669,207.5736669,207.5736669,207.5736669,207.5736669,207.5736669,207.5736669,207.5736669,207.5736669,207.5736669,207.5736669,207.5736669,207.5736669,207.5736669,207.5736669,207.5736669,207.5736669,207.5736669,207.5736669,207.5736669,207.5736669,207.5736669,207.5736669,207.5736669,207.5736669,207.5736669,207.5736669,207.5736669,207.5736669,207.5736669,207.5736669,207.5736668,207.5736669,207.5736668,207.5736669,207.5736668,207.5736669,207.5736667,207.5736671,207.5736663,207.5736681,207.5736641,207.5736729,207.5736534,207.5736972,207.5735971,207.5738289,207.5733095,207.7528499,208.4502088,209.7848461,211.7084907,214.1967382,217.2260146,220.7725058,224.8124719,229.3220186,234.2774018,239.6548669,245.4303935,251.7066762,258.7157958,266.3893708,274.4911826,282.9294412,291.6817319,300.8784225,310.5869557,320.6951234,331.2358069,342.1920267,353.4204466,364.8716827,376.544889,388.3655967,400.2329562,412.1083394,423.9403596,435.7003529,447.3568267,458.8765092,470.2297962,481.3849817,492.3087937,502.9699142,513.3368241,523.3779974,533.0601849,542.3537644,551.2270448,559.6467421,567.5815488,574.9999312,581.8720856,588.164555,593.8444059,598.879586,603.5161187,608.1724506,612.8524657,617.2842321,621.2390742,624.4916932,626.8081022,627.9943604,618.5388995,611.4836461,606.9594395,592.1437532,617.5258556,656.1924154,577.2052299,511.036697,546.5398577,587.9188025,640.2481821,655.7777958,678.4967285,717.2722497,748.2968159,850.9235272,938.9710718,943.4485951,950.0782846,1023.922998,1077.242463,1090.440753,1124.201107,1164.637507,1208.533215,1208.533215
Historical,GCP+CEDS+PRIMAP+GFED,World,Emissions|CH3Br,kt CH3Br/yr,106.6891725,106.6891725,106.6891725,106.6891725,106.6891725,106.6891725,106.6891725,106.6891725,106.6891725,106.6891725,106.6891725,106.6891725,106.6891725,106.6891725,106.6891725,106.6891725,106.6891725,106.6891725,106.6891725,106.6891725,106.6891725,106.6891725,106.6891725,106.6891725,106.6891725,106.6891725,106.6891725,106.6891725,106.6891725,106.6891725,106.6891725,106.6891725,106.6891725,106.6891725,106.6891725,106.6891725,106.6891725,106.6891725,106.6891725,106.6891725,106.6891725,106.6891725,106.6891725,106.6891725,106.6891725,106.6891725,106.6891725,106.6891725,106.6891725,106.6891725,106.6891725,106.6891725,106.6891725,106.6891725,106.6891725,106.6891725,106.6891725,106.6891725,106.6891725,106.6891725,106.6891725,106.6891725,106.6891725,106.6891725,106.6891725,106.6891725,106.6891725,106.6891725,106.6891725,106.6891725,106.6891725,106.6891725,106.6891725,106.6891725,106.6891725,106.6891725,106.6891725,106.6891725,106.6891725,106.6891725,106.6891725,106.6891725,106.6891725,106.6891725,106.6891725,106.6891725,106.6891725,106.6891725,106.6891725,106.6891725,106.6891725,106.6891725,106.6891725,106.6891725,106.6891725,106.6891725,106.6891725,106.6891725,106.6891725,106.6891725,106.6891725,106.6891725,106.6891725,106.6891725,106.6891725,106.6891725,106.6891725,106.6891725,106.6891725,106.6891725,106.6891725,106.6891725,106.6891725,106.6891725,106.6891725,106.6891725,106.6891725,106.6891725,106.6891725,106.6891725,106.6891725,106.6891725,106.6891725,106.6891725,106.6891725,106.6891725,106.6891725,106.6891725,106.6891725,106.6891725,106.6891725,106.6891725,106.6891725,106.6891725,106.6891725,106.6891725,106.6891725,106.6891725,106.6891725,106.6891725,106.6891725,106.6891725,106.6891725,106.6891725,106.6891725,106.6891725,106.6891725,106.6891725,106.6891725,106.6891725,106.6891725,106.6891725,106.6891725,106.6891725,106.6891725,106.6891725,106.6891725,106.6891725,106.6891725,106.6891725,106.6891725,106.6891725,106.6891725,106.6891725,106.6891725,106.6891725,106.6891725,106.6891725,106.6891725,106.6891726,106.6891725,106.6891726,106.6891724,106.6891728,106.6891721,106.6891734,106.6891708,106.6891759,106.6891658,106.6891793,106.7830402,107.2965211,108.1761086,109.031883,109.8303336,110.6355493,111.4407624,112.2459761,113.0511897,113.8564033,114.6616168,115.4668304,116.272044,117.0772575,117.8824711,118.6876846,119.4928985,120.2981111,121.1033275,121.9085347,122.7137706,123.5110382,124.3890002,125.323003,126.226601,127.1324673,128.0383271,128.9442129,129.8403013,130.8194345,131.8559394,132.8515887,133.9308709,135.0744123,136.0984239,137.1398165,138.350796,139.5861459,140.7912114,141.9990411,143.1986618,144.4698004,145.8893782,147.2457273,148.5834912,150.1042428,151.5619759,153.0029443,154.6166599,156.2544538,157.8538091,159.5370965,161.2767574,162.9677556,164.8248341,166.7953363,168.6933299,170.6788498,172.7129562,174.7870223,177.0025061,179.2438285,181.4860827,183.6439909,181.6108059,181.9072486,183.6456781,186.1796844,185.3005244,181.7412284,175.8493048,165.3532394,161.0215125,161.1773132,161.2598846,156.9693123,153.396369,149.9218206,144.4867989,142.3216213,142.7718416,141.7450695,138.5578619,135.2905237,134.319039,137.3017283,136.1238951,131.9016215,130.8074424,131.8555388,131.3345553,129.3141393,129.3141393
Historical,GCP+CEDS+PRIMAP+GFED,World,Emissions|CH3CCl3,kt CH3CCl3/yr,0,0,0,0,0,0,0,0,0,0,0,0,0,0,0,0,0,0,0,0,0,0,0,0,0,0,0,0,0,0,0,0,0,0,0,0,0,0,0,0,0,0,0,0,0,0,0,0,0,0,0,0,0,0,0,0,0,0,0,0,0,0,0,0,0,0,0,0,0,0,0,0,0,0,0,0,0,0,0,0,0,0,0,0,0,0,0,0,0,0,0,0,0,0,0,0,0,0,0,0,0,0,0,0,0,0,0,0,0,0,0,0,0,0,0,0,0,0,0,0,0,0,0,0,0,0,0,0,0,0,0,0,0,0,0,0,0,0,0,0,0,0,0,0,0,0,0,0,0,0,0,0,0,0,0,0,0,0,0,0,0,0,0,0,0,0,0,0,0,0,0,0,0,0,0,0,0,0,0,0,0,0,0,0,0,0,0,0,0,0,0,0,0,0,0,0,0,0,0,0,0,0,0.01632415,0.247562358,1.547460228,4.130217449,7.402483016,10.46264616,13.142378,16.91370507,20.67644489,24.89408749,31.2899259,36.77563521,43.19993544,57.39107633,81.02590277,108.2639683,133.6555857,152.6583869,168.7404899,199.4466719,249.7567016,306.7985892,344.5527045,374.3796196,441.289818,545.124822,610.4176786,616.7329164,604.7213091,591.2593193,593.0649971,618.0158283,641.2879176,643.6654897,659.3801081,705.7803994,732.5647854,744.4155125,740.2574856,713.0115607,608.6085304,434.3202289,305.4572067,203.7594202,116.5356726,62.89862702,38.18589541,28.75828384,22.25522525,16.61744905,14.95604648,11.6058437,8.89130749,9.204263874,8.380480999,7.398359294,6.841337236,5.70543654,4.059250504,2.702769536,2.213660791,2.070508403,2.428851993,2.61273899,2.445347594,2.285855781,2.147950094,2.019489177,2.199114667,0.206443299,0.206443299
Historical,GCP+CEDS+PRIMAP+GFED,World,Emissions|CH3Cl,kt CH3Cl/yr,4407.598453,4407.598453,4407.598453,4407.598453,4407.598453,4407.598453,4407.598453,4407.598453,4407.598453,4407.598453,4407.598453,4407.598453,4407.598453,4407.598453,4407.598453,4407.598453,4407.598453,4407.598453,4407.598453,4407.598453,4407.598453,4407.598453,4407.598453,4407.598453,4407.598453,4407.598453,4407.598453,4407.598453,4407.598453,4407.598453,4407.598453,4407.598453,4407.598453,4407.598453,4407.598453,4407.598453,4407.598453,4407.598453,4407.598453,4407.598453,4407.598453,4407.598453,4407.598453,4407.598453,4407.598453,4407.598453,4407.598453,4407.598453,4407.598453,4407.598453,4407.598453,4407.598453,4407.598453,4407.598453,4407.598453,4407.598453,4407.598453,4407.598453,4407.598453,4407.598453,4407.598453,4407.598453,4407.598453,4407.598453,4407.598453,4407.598453,4407.598453,4407.598453,4407.598453,4407.598453,4407.598453,4407.598453,4407.598453,4407.598453,4407.598453,4407.598453,4407.598453,4407.598453,4407.598453,4407.598453,4407.598453,4407.598453,4407.598453,4407.598453,4407.598453,4407.598453,4407.598453,4407.598453,4407.598453,4407.598453,4407.598453,4407.598453,4407.598453,4407.598453,4407.598453,4407.598453,4407.598453,4407.598453,4407.598453,4407.598453,4407.598453,4407.598453,4407.598453,4407.598453,4407.598453,4407.598453,4407.598453,4407.598453,4407.598453,4407.598453,4407.598453,4407.598453,4407.598453,4407.598453,4407.598453,4407.598453,4407.598453,4407.598453,4407.598453,4407.598453,4407.598453,4407.598453,4407.598453,4407.598453,4407.598453,4407.598453,4407.598453,4407.598453,4407.598453,4407.598453,4407.598453,4407.598453,4407.598453,4407.598453,4407.598453,4407.598453,4407.598453,4407.598453,4407.598453,4407.598453,4407.598453,4407.598453,4407.598453,4407.598453,4407.598453,4407.598453,4407.598453,4407.598453,4407.598453,4407.598453,4407.598453,4407.598453,4407.598453,4407.598453,4407.598453,4407.598453,4407.598453,4407.598453,4407.598453,4407.598453,4407.598453,4407.598453,4407.598453,4407.598453,4407.598453,4407.598453,4407.598453,4407.598453,4407.598453,4407.598453,4407.598453,4407.598453,4407.598453,4407.598453,4407.598453,4407.598453,4407.598453,4407.598453,4407.598453,4407.598453,4407.598453,4407.598453,4407.598453,4407.598452,4407.598456,4407.598447,4407.598466,4407.598423,4407.598524,4407.598285,4407.598866,4407.59709,4414.296992,4438.997695,4468.32528,4491.704882,4515.812694,4539.925559,4564.036736,4588.062733,4612.693091,4639.728476,4669.041332,4707.987238,4755.861666,4795.128893,4828.635147,4865.255818,4902.511129,4939.931484,4976.824992,5012.529242,5046.583204,5078.506584,5107.914985,5134.611114,5158.604877,5179.951112,5198.651996,5214.941879,5229.030602,5241.117919,5251.480811,5260.219404,5267.554344,5273.813075,5279.093774,5283.483296,5287.157268,5290.219931,5292.748647,5294.834997,5296.59218,5298.076176,5299.31617,5300.326828,5301.168029,5301.888229,5302.463837,5302.937468,5303.325651,5303.644527,5303.978338,5271.315936,5285.210405,5229.701518,5185.022657,5395.539717,5439.185699,5283.630194,5181.472213,5168.433447,5219.085268,5176.521844,5182.638228,5173.827276,5191.226311,5271.424386,5210.996161,5196.310768,5157.3033,5149.076472,5203.394503,5203.325939,5247.941778,5325.094705,5302.046202,5226.001204,5215.300837,5248.13691,5234.950666,5179.462922,5179.462922
Historical,GCP+CEDS+PRIMAP+GFED,World,Emissions|CH4,Mt CH4/yr,38.246272,38.106144,38.070994,38.237775,38.585534,38.536248,38.486099,38.975721,38.839298,38.998828,39.253289,39.211753,39.147955,39.180111,38.85922,39.425283,39.300568,39.376538,39.995461,39.730337,39.793167,39.675569,39.746205,39.994775,40.733277,40.745712,40.791254,41.257554,41.609788,41.635954,42.150077,42.088699,42.130624,42.116507,42.0023,42.426057,42.411573,42.693193,43.335724,43.100213,43.255637,42.95581,42.871773,42.902279,43.479549,43.324898,43.159712,43.464262,43.616775,43.612303,43.793132,43.843523,44.075984,44.016999,44.186449,44.599492,44.759671,45.051418,45.760542,45.63138,45.90274,45.795348,45.740241,45.962376,46.622999,46.610875,46.693185,46.947908,47.306059,47.333118,47.715634,47.847937,48.037837,48.035784,48.329572,48.738418,48.911177,49.293893,50.109381,50.030188,50.458158,50.341223,50.491235,50.817617,51.534549,51.576848,51.96851,52.293309,52.753405,52.927779,53.251009,53.585087,53.690507,53.574114,53.856064,54.352226,54.455356,54.985109,55.633324,55.635374,56.006018,55.747822,55.766516,56.109117,57.030418,56.972204,57.230187,57.670408,57.967338,58.259523,58.654846,58.836455,59.020612,59.047924,59.449913,60.144933,60.327989,60.862704,61.537904,61.468841,61.939188,62.010174,62.315168,63.274071,63.740415,63.880714,64.463432,64.905498,65.353551,66.105333,66.661262,67.270763,67.747543,68.017385,68.743014,69.242357,69.66134,70.480253,71.688071,71.895303,72.92557,73.12366,73.400688,73.848839,75.032418,75.609712,75.921352,76.964407,77.649802,79.009184,79.763318,80.279163,80.784894,81.629711,82.686308,83.616537,84.602066,86.673339,86.899633,87.658263,88.949517,89.256641,89.849195,91.500046,91.207873,91.222773,92.618233,93.918991,93.858809,93.061605,95.232432,93.460501,94.849139,98.332608,98.721948,99.550263,99.728457,102.434994,103.104406,105.306349,106.07097,104.763816,105.108175,106.416628,109.184347,110.753121,113.96882,115.7332,115.66284,118.15214,119.9927,121.78269,123.46607,125.50281,127.35182,126.35691,129.39088,133.37181,135.75227,138.27887,141.41637,144.20284,147.96745,151.90604,155.82484,162.52719,168.78112,174.34383,175.60208,182.51956,187.61464,192.73004,193.33175,202.30453,202.03502,208.72377,215.057,219.33546,221.36909,227.10628,233.25097,234.48299,243.10197,245.03529,246.27738,249.44602,254.01744,257.46025,258.69927,265.17915,264.4543,258.54708,268.20999,261.58913,265.99195,270.237,273.86648,278.99061,281.73679,286.97351,291.75191,305.24483,289.11581,291.23086,303.80032,298.66624,300.53934,323.9287375,306.3032194,301.8969495,304.7805318,305.0800706,311.8377964,316.8591077,323.4496864,328.6400358,338.6915168,335.5126329,337.1140572,337.8155489,343.1760068,350.3923168,356.140772,352.7283538,360.6199314,366.7869899,358.1604321,362.9199201,368.3300838,377.3075025,374.8219358,380.8126356,378.4058963
Historical,GCP+CEDS+PRIMAP+GFED,World,Emissions|CHCl3,kt CHCl3/yr,204.4237338,204.4237338,204.4237338,204.4237338,204.4237338,204.4237338,204.4237338,204.4237338,204.4237338,204.4237338,204.4237338,204.4237338,204.4237338,204.4237338,204.4237338,204.4237338,204.4237338,204.4237338,204.4237338,204.4237338,204.4237338,204.4237338,204.4237338,204.4237338,204.4237338,204.4237338,204.4237338,204.4237338,204.4237338,204.4237338,204.4237338,204.4237338,204.4237338,204.4237338,204.4237338,204.4237338,204.4237338,204.4237338,204.4237338,204.4237338,204.4237338,204.4237338,204.4237338,204.4237338,204.4237338,204.4237338,204.4237338,204.4237338,204.4237338,204.4237338,204.4237338,204.4237338,204.4237338,204.4237338,204.4237338,204.4237338,204.4237338,204.4237338,204.4237338,204.4237338,204.4237338,204.4237338,204.4237338,204.4237338,204.4237338,204.4237338,204.4237338,204.4237338,204.4237338,204.4237338,204.4237338,204.4237338,204.4237338,204.4237338,204.4237338,204.4237338,204.4237338,204.4237338,204.4237338,204.4237338,204.4237338,204.4237338,204.4237338,204.4237338,204.4237338,204.4237338,204.4237338,204.4237338,204.4237338,204.4237338,204.4237338,204.4237338,204.4237338,204.4237338,204.4237338,204.4237338,204.4237338,204.4237338,204.4237338,204.4237338,204.4237338,204.4237338,204.4237338,204.4237338,204.4237338,204.4237338,204.4237338,204.4237338,204.4237338,204.4237338,204.4237338,204.4237338,204.4237338,204.4237338,204.4237338,204.4237338,204.4237338,204.4237338,204.4237338,204.4237338,204.4237338,204.4237338,204.4237338,204.4237338,204.4237338,204.4237338,204.4237338,204.4237338,204.4237338,204.4237338,204.4237338,204.4237338,204.4237338,204.4237338,204.4237338,204.4237338,204.4237338,204.4237338,204.4237338,204.4237338,204.4237338,204.4237338,204.4237338,204.4237338,204.4237338,204.4237338,204.4237338,204.4237338,204.4237338,204.4237338,204.4237338,204.4237338,204.4237338,204.4237338,204.4237338,204.4237335,204.4237331,204.4237326,204.4237322,204.4237316,204.4237313,204.4237305,204.4237304,204.4237292,204.4237298,204.4237274,204.4237299,204.4237243,204.423732,204.4237247,204.5105952,204.8292517,205.4018621,206.1695902,207.0867741,208.1077646,209.1867133,210.2779827,211.3361334,212.3152578,213.2361951,214.1721395,215.1536216,216.1719982,217.2390804,218.3594731,219.5238652,220.7451987,222.0321346,223.3892069,224.8083366,226.294809,227.8655757,229.5228235,231.2639581,233.1000597,235.0411109,237.083209,239.2372797,241.5131414,243.9051399,246.4403687,249.1485647,252.0323391,255.1021361,258.3507367,261.768256,265.347669,269.0690585,272.9161534,276.8657471,280.9014128,285.0100852,289.1936668,293.4708956,297.8381056,302.2883409,306.8274689,311.4721547,316.2234381,321.0881147,326.1055519,331.2784606,336.6007731,342.1069883,347.8142664,353.7226204,359.8399097,366.1748729,372.7360228,379.5417127,386.5873674,393.8456744,401.3045679,408.9366829,416.7125003,424.6619992,433.0573238,439.6562902,440.7496054,433.4086988,418.4732598,409.514689,408.8466514,406.9838279,396.2357338,373.2531151,353.4488786,347.2660072,331.6523318,311.212539,306.120189,307.4289764,299.1202645,298.767036,305.7322957,301.6322445,300.230648,250.831393,229.5117278,284.5137857,312.3946999,320.9805263,347.3596887,375.5770101,378.2065869,385.7058745,399.0641569,384.2358915,370.4725013,373.0163771,373.5374138,373.5374138
Historical,GCP+CEDS+PRIMAP+GFED,World,Emissions|CO,Mt CO/yr,348.4549732,343.8530515,342.4238604,343.6011635,349.7411972,348.0698432,343.9307739,355.8636399,351.7611183,351.429209,355.0637941,354.6247907,349.1657154,349.9752534,342.6454046,352.847169,349.2903253,349.5253068,363.2979015,354.9331095,355.2679307,347.7641801,345.1989225,345.6770186,358.0034685,354.9472722,349.467583,357.4380838,362.6479384,355.8181467,362.2175824,359.9716731,355.9273167,354.1665399,351.1268487,356.6841942,354.0747871,358.6617992,371.9488562,363.3070134,364.7449349,356.5122046,354.7774694,353.2264852,365.5759308,362.0452505,354.9940274,363.3915769,367.4879095,363.3174124,365.6675068,364.7398265,362.7793708,358.4576856,360.0291244,364.1068426,364.1368593,367.0121021,380.5460481,372.6395284,374.5222306,369.0629281,365.0373139,365.7008159,377.7679824,375.3596701,372.0863966,376.215627,383.683741,378.1019958,382.9006024,382.6630848,378.4295514,374.1228278,377.4491434,380.0303946,378.5351178,382.185594,396.4131476,388.8882689,391.7198358,383.8133077,382.6535651,383.0834256,393.7757514,390.169377,390.2370549,394.3423367,400.8862515,396.4927587,396.1285741,401.9293562,396.5334323,389.2681504,392.8708629,397.287596,395.3669659,402.4388465,413.7361941,408.415896,410.9764287,401.7666013,397.6605046,399.8001822,412.6986675,407.3702813,404.7818815,413.9899387,418.3853267,415.6986139,416.171674,416.6765386,413.6000795,406.8157743,410.6419748,419.1804585,415.8074106,423.679329,435.019258,425.7081218,432.4390755,424.4334403,417.7097325,428.6777744,435.3991281,426.4299985,429.640037,433.5790041,437.5681888,440.589892,437.6967284,440.7113748,435.9235994,428.0896459,437.1628151,438.1580091,437.9027461,443.2803625,453.6136124,449.0923711,454.7131597,445.5201618,441.8178995,444.9435246,458.1429719,455.469674,446.4454277,457.9447541,458.1455363,463.6917631,461.1904305,459.8151325,457.3875149,453.1134964,466.4288378,471.168102,470.3587866,485.0253281,487.45797,485.0024151,495.9392791,487.1597777,484.2632588,493.9459719,500.032674,491.0497352,491.5196146,502.270466,506.0591996,498.8768454,508.7347278,494.8815223,492.3121841,526.4697641,511.3905788,514.4791341,511.893186,525.0820964,525.2821398,535.3578339,541.1309454,510.3460741,515.5468312,513.12054,532.6633295,533.9364225,554.8714833,554.1843788,537.3446619,556.3498585,553.0533202,556.2434439,564.2586951,565.6947131,574.8386596,564.8341902,556.2423081,562.2886228,584.1361037,588.0016247,617.6107911,591.1969177,606.2277735,623.5646738,629.4653303,641.895682,675.4736789,697.4749175,663.2841674,666.8363737,672.2368312,709.3950732,691.7570475,758.2668603,709.3510259,730.6410581,732.4024531,767.5772792,762.1452327,767.9742119,802.5131466,814.7563818,886.7152517,842.0370531,840.8848176,833.8698427,871.1305105,883.5919772,909.7624036,910.1985096,905.0629411,890.8021454,984.7065768,879.0101623,903.6820245,924.2292429,930.6904843,967.6539273,965.151372,945.224421,954.2151758,1148.572422,932.3410091,960.2380219,1081.31535,977.3439964,942.1202315,1223.233858,1098.675749,951.7034594,900.240434,895.7549032,985.3877267,960.9676887,960.9738426,967.9322512,996.7825681,944.6736976,888.5577318,891.1349348,926.5620168,883.8705764,927.8637383,873.0171359,927.4582397,978.7309945,841.7778936,833.6439351,826.7188873,916.0980999,759.8835349,839.0851702,758.1906366
Historical,GCP+CEDS+PRIMAP+GFED,World,Emissions|CO2|AFOLU,Mt CO2/yr,10.99217384,32.97652152,54.9608692,76.94521688,98.92956457,120.9139122,142.8982599,164.8826076,186.8669553,208.851303,230.8356507,252.8199983,274.804346,296.7886937,318.7730414,340.7573891,362.7417367,384.7260844,406.7104321,428.6947798,450.6791275,472.6634751,494.6478228,516.6321705,538.6165182,560.6008659,582.5852136,604.5695612,626.5539089,648.5382566,670.5226043,692.506952,714.4912996,736.4756473,758.459995,780.4443427,802.4286904,824.413038,846.3973857,868.3817334,890.3660811,912.3504288,934.3347765,956.3191241,978.3034718,1000.287819,1022.272167,1044.256515,1066.240863,1088.22521,1110.209558,1132.193906,1154.178253,1176.162601,1198.146949,1220.131296,1242.115644,1264.099992,1286.084339,1308.068687,1330.053035,1352.037382,1374.02173,1396.006078,1417.990425,1439.974773,1461.959121,1483.943468,1505.927816,1527.912164,1549.896512,1571.880859,1593.865207,1615.849555,1637.833902,1659.81825,1681.802598,1703.786945,1725.771293,1747.755641,1769.739988,1791.724336,1813.708684,1835.693031,1857.677379,1879.661727,1901.646074,1923.630422,1945.61477,1967.599117,1989.583465,2011.567813,2033.552161,2055.536508,2077.520856,2099.505204,2121.489551,2143.473899,2165.458247,2187.442594,2643.288043,2732.947541,2780.262743,2839.583841,2875.222911,2885.323498,2901.274364,2940.528638,2960.192415,3009.412927,2855.107233,2752.037283,2727.268252,2713.979935,2687.513223,2640.259089,2658.408389,2670.853973,2641.883488,2626.396736,2853.385126,2954.488698,3003.990121,3071.335506,3129.423038,3152.384468,3182.649587,3241.115738,3300.046003,3330.665314,3373.693568,3339.520121,3405.473164,3475.615447,3483.651947,3477.813881,3525.886322,3583.619661,3593.024077,3585.109712,3848.982951,3955.949016,3998.427662,4075.604935,4111.488276,4151.512003,4193.72195,4207.804146,4239.082988,4298.587289,4377.388962,4418.035578,4486.382472,4496.128866,4583.357872,4598.038531,4624.041129,4666.544201,4705.322148,4745.932123,4642.776679,4608.517737,4549.868383,4538.705219,4536.445717,4490.266373,4442.951172,4428.441502,4455.494463,4413.382224,4608.481096,4731.898781,4794.138912,4788.056576,4807.036396,4874.809255,4858.382062,4866.907103,4875.151234,4889.160148,4964.029066,5035.380488,5091.697058,5112.411199,5161.472935,5164.575171,5190.382352,5176.483359,5203.756164,5206.382072,5342.062138,5514.736975,5550.156202,5539.029679,5539.750278,5505.503549,5489.833595,5443.642038,5368.675412,5316.71907,6067.166992,6162.933253,6304.952139,6417.304369,6572.355088,6793.529839,6992.708029,7173.004107,7381.965332,7773.396643,6831.28185,6549.442512,6074.116488,5877.356577,5735.178915,5205.637047,5034.623249,5170.730788,5232.433524,4911.60861,5114.267655,4819.396485,4822.303304,4695.368124,4564.23149,4612.877966,4590.893618,4591.296664,4456.508186,4229.690786,4406.57929,4654.990205,4676.730282,5159.763041,5967.040502,5504.392118,5692.9079,5514.651481,5298.7774,5240.934138,5166.981236,4946.612577,5223.187884,5129.14373,5776.521702,5639.57143,5997.403329,7481.11474,6165.229396,6004.096341,5375.747044,5036.247648,5385.261381,5833.632152,5393.896344,4891.981473,5234.790735,4556.109495,4740.86351,5236.231931,5177.59479,5218.08263,5345.274295,4858.858389,5214.369718,5630.350217,4599.064467,4565.06201,4285.213477,4597.586631,4295.252996,4321.646427,4310.019149
Historical,GCP+CEDS+PRIMAP+GFED,World,Emissions|CO2|Energy and Industrial Processes,Mt CO2/yr,9.306084175,9.407377777,9.505318326,9.610641992,9.733733938,9.793622886,9.910070727,10.09409564,10.21651957,10.33901751,10.51449729,10.74805498,10.95237121,11.191769,11.39716225,11.64367014,11.87626782,12.15270119,12.46713317,12.78027612,13.09742314,13.36969944,13.62372246,13.80835638,14.01263661,14.33914677,14.65435576,14.95977359,15.24372408,15.53548069,15.87897713,16.23463975,16.58121623,17.06302085,17.47136931,17.96541112,18.44778875,18.85942826,19.28653402,19.86373914,20.3984166,20.93208004,21.92956181,22.29761364,22.52001215,22.31559892,22.12172485,22.09042736,23.10629442,27.48564168,32.79887071,31.98655587,40.31111052,29.53897316,31.76967944,31.25231125,32.70513923,36.20122652,35.4983504,36.33438763,39.49293658,40.1773164,40.81516849,41.20679068,42.22731382,43.58795434,45.49729654,49.27670131,51.39282277,50.93097247,50.73387635,52.06017233,54.02256636,56.35865431,57.5845477,60.73182747,61.38310077,65.73960767,66.68284459,66.30845666,88.98966237,83.25193162,82.09285529,83.25001959,88.76451481,97.40113439,106.8961856,106.2011016,105.846935,109.6547682,118.810391,122.1674791,129.3908353,132.3714824,141.9445218,155.0398099,157.6586214,170.7436053,173.5826302,184.9349227,196.7550777,198.671241,207.4174963,217.1238728,255.0372024,260.1085076,277.3008315,279.9364432,284.2296501,301.486033,330.9678142,347.7913133,354.4945113,378.186124,407.7324223,432.8659748,446.5606493,478.1683102,491.559729,521.9624588,533.3466818,566.9003395,627.3111709,666.4917615,624.2423974,677.1245327,686.7910866,700.415478,705.9847251,756.0024371,853.9299169,883.5580354,933.3748973,992.7693056,1004.149962,1011.653131,1027.433761,1078.763891,1194.371534,1194.642958,1300.38287,1361.771716,1372.418185,1355.498778,1403.041354,1487.455901,1536.389908,1609.257013,1697.193253,1853.738536,1952.240359,2016.776374,2067.716649,2254.135799,2279.78347,2427.356767,2534.773324,2888.363669,2776.484847,2890.540495,3034.137801,3079.55071,3236.014792,3506.331211,3180.405876,3134.903637,3385.911948,3540.48269,3493.319386,3029.054454,3521.483086,3090.145563,3240.365121,3676.291281,3687.278518,3727.092727,3661.088506,3996.191793,3978.826108,4270.975416,3938.660799,3519.9589,3173.526503,3341.571048,3634.299233,3814.858684,4185.579972,4474.303583,4206.967495,4451.317707,4861.422359,4970.893055,4959.664505,5041.77404,5117.989612,4257.203662,4646.197083,5145.863202,5425.03849,5181.087671,5929.435443,6381.506719,6467.539345,6650.96651,6789.604721,7443.978506,7926.105781,8185.743075,8417.292792,8854.802267,9386.569763,9414.531304,9746.710103,10266.20957,10823.78922,11309.86813,11861.89608,12236.522,12904.53981,13761.05703,14898.39199,15503.03089,16223.69628,17083.77078,17009.65113,17050.249,17985.52944,18494.94407,19064.25652,19603.31224,19482.74873,19017.24972,18865.67155,18986.20158,19642.03929,20305.45165,20607.83875,21246.11893,22077.73403,22379.32343,22753.06011,23229.84251,22567.55587,22798.71086,23035.13938,23524.86397,24250.5464,24396.33634,24331.33046,24833.88737,25501.69108,25675.3364,26248.70458,27649.08657,28620.64524,29592.57087,30606.25121,31500.23219,32042.40927,31493.76465,33306.85473,34437.01517,34936.00588,35233.02432,35466.75574,35463.77562,35460.58646,36026.02111,36767.52658,37040.68918,35008.29257,36817.1247,37150.37226
Historical,GCP+CEDS+PRIMAP+GFED,World,Emissions|HCFC-141b,kt HCFC141b/yr,0,0,0,0,0,0,0,0,0,0,0,0,0,0,0,0,0,0,0,0,0,0,0,0,0,0,0,0,0,0,0,0,0,0,0,0,0,0,0,0,0,0,0,0,0,0,0,0,0,0,0,0,0,0,0,0,0,0,0,0,0,0,0,0,0,0,0,0,0,0,0,0,0,0,0,0,0,0,0,0,0,0,0,0,0,0,0,0,0,0,0,0,0,0,0,0,0,0,0,0,0,0,0,0,0,0,0,0,0,0,0,0,0,0,0,0,0,0,0,0,0,0,0,0,0,0,0,0,0,0,0,0,0,0,0,0,0,0,0,0,0,0,0,0,0,0,0,0,0,0,0,0,0,0,0,0,0,0,0,0,0,0,0,0,0,0,0,0,0,0,0,0,0,0,0,0,0,0,0,0,0,0,0,0,0,0,0,0,0,0,0,0,0,0,0,0,0,0,0,0,0,0,0,0,0,0,0,0,0,0,0,0,0,0,0,0,0,0,0,0,0,0,0,0,0,0,0,0,0,0,2.118082321,2.364592502,0.365310471,0.118504548,0.557124974,1.381580833,0.900992949,0.121812814,0.570148935,1.133575411,0.726908252,0.644072416,6.036353697,18.67270283,32.92813212,44.54774626,51.6141768,54.29947816,57.58203785,60.94395746,60.65338762,59.84525769,59.41993313,55.42064959,48.50412032,46.71972787,51.60804721,54.38828456,53.67698897,54.95254253,60.77342026,66.93220404,68.83736687,65.70832858,62.24914163,60.61233473,56.62019116,52.45659838,52.35195385,55.17803312,56.46555314,54.87004611,54.87004611
Historical,GCP+CEDS+PRIMAP+GFED,World,Emissions|HCFC-142b,kt HCFC142b/yr,0,0,0,0,0,0,0,0,0,0,0,0,0,0,0,0,0,0,0,0,0,0,0,0,0,0,0,0,0,0,0,0,0,0,0,0,0,0,0,0,0,0,0,0,0,0,0,0,0,0,0,0,0,0,0,0,0,0,0,0,0,0,0,0,0,0,0,0,0,0,0,0,0,0,0,0,0,0,0,0,0,0,0,0,0,0,0,0,0,0,0,0,0,0,0,0,0,0,0,0,0,0,0,0,0,0,0,0,0,0,0,0,0,0,0,0,0,0,0,0,0,0,0,0,0,0,0,0,0,0,0,0,0,0,0,0,0,0,0,0,0,0,0,0,0,0,0,0,0,0,0,0,0,0,0,0,0,0,0,0,0,0,0,0,0,0,0,0,0,0,0,0,0,0,0,0,0,0,0,0,0,0,0,0,0,0,0,0,0,0,0,0,0,0,0,0,0,0,0,0,0,0,0,0,0,0,0,0,0,0,0,0,0,0,0,0,0,0,0,0.009811438,0.194636926,0.645984061,0.910502169,0.932785066,0.874407676,0.810420387,0.856330412,0.879476331,0.994653191,1.36056518,4.155102327,3.98805638,1.168586345,1.34680577,1.51508027,2.113876647,1.924449047,1.160081848,2.301265563,5.848842959,12.04911548,17.6507504,16.63771198,19.89774347,26.73972663,26.19771197,26.5973694,27.22557138,26.80719911,28.90696272,30.2156766,28.54571564,26.21769557,28.36758002,28.65547497,28.99651705,35.07794842,38.54168483,37.84865066,34.55408636,33.80119164,32.28551884,28.84173792,26.00126658,23.42556495,23.59279722,23.60821109,22.08973889,21.17264461,19.2560544,20.66273656,21.62323793,21.62323793
Historical,GCP+CEDS+PRIMAP+GFED,World,Emissions|HCFC-22,kt HCFC22/yr,0,0,0,0,0,0,0,0,0,0,0,0,0,0,0,0,0,0,0,0,0,0,0,0,0,0,0,0,0,0,0,0,0,0,0,0,0,0,0,0,0,0,0,0,0,0,0,0,0,0,0,0,0,0,0,0,0,0,0,0,0,0,0,0,0,0,0,0,0,0,0,0,0,0,0,0,0,0,0,0,0,0,0,0,0,0,0,0,0,0,0,0,0,0,0,0,0,0,0,0,0,0,0,0,0,0,0,0,0,0,0,0,0,0,0,0,0,0,0,0,0,0,0,0,0,0,0,0,0,0,0,0,0,0,0,0,0,0,0,0,0,0,0,0,0,0,0,0,0,0,0,0,0,0,0,0,0,0,0,0,0,0,0,0,0,0,0,0,0,0,0,0,0,0,0,0,0,0,0,0,0,0,0,0.00607277,0.152595675,0.639034794,1.027238794,1.10300442,1.175110952,1.252215327,1.329321212,1.406424801,1.483531651,1.560633833,1.637742804,1.714841726,1.791955801,1.869046545,1.946174598,2.083042302,1.746369409,1.136939144,1.122189228,1.535112333,2.231703247,3.068217184,3.771861115,4.804736785,6.344219322,7.542761573,8.50251701,10.15349439,12.60273203,15.37310388,18.35838372,22.0601618,26.62136354,32.36309423,38.26818751,42.79598148,46.9217435,52.07847407,59.19143052,65.19473268,69.14242888,75.85778158,83.95084098,98.30696684,115.5308928,119.3459858,113.6209127,109.2823592,111.5328845,121.8110593,141.5282538,166.1811296,168.5935322,162.3166829,177.8321189,198.413845,209.1555058,212.0975988,205.2893105,209.9150223,222.9187511,229.86145,231.4939462,239.1895825,251.4574913,253.8175992,266.1329625,275.7908774,276.4850477,277.0678969,288.938732,312.6621936,337.839278,360.3349249,365.5342304,367.964028,373.7037353,368.1281308,366.0222206,368.492375,364.26357,362.8789477,363.3188267,360.8527595,357.8467259,345.639183,336.2623428,350.1316879,350.1316879
Historical,GCP+CEDS+PRIMAP+GFED,World,Emissions|HFC-125,kt HFC125/yr,0,0,0,0,0,0,0,0,0,0,0,0,0,0,0,0,0,0,0,0,0,0,0,0,0,0,0,0,0,0,0,0,0,0,0,0,0,0,0,0,0,0,0,0,0,0,0,0,0,0,0,0,0,0,0,0,0,0,0,0,0,0,0,0,0,0,0,0,0,0,0,0,0,0,0,0,0,0,0,0,0,0,0,0,0,0,0,0,0,0,0,0,0,0,0,0,0,0,0,0,0,0,0,0,0,0,0,0,0,0,0,0,0,0,0,0,0,0,0,0,0,0,0,0,0,0,0,0,0,0,0,0,0,0,0,0,0,0,0,0,0,0,0,0,0,0,0,0,0,0,0,0,0,0,0,0,0,0,0,0,0,0,0,0,0,0,0,0,0,0,0,0,0,0,0,0,0,0,0,0,0,0,0,0,0,0,0,0,0,0,0,0,0,0,0,0,0,0,0,0,0,0,0,0,0,0,0,0,0,0,0,0,0,0,0,0,0,1.17E-05,8.69E-05,9.68E-05,2.66E-05,1.50E-05,1.63E-05,1.78E-05,1.93E-05,2.05E-05,2.19E-05,2.64E-06,0,0,8.39E-05,2.21E-05,0,0,0.000115529,0.000277404,0.000268069,6.51E-05,0.024126733,0.366900939,1.044240562,1.659449361,2.114197924,2.21878218,2.399456974,2.725304756,2.782214488,3.332512884,5.027705234,5.887745804,7.888006066,8.765956569,9.256486668,11.17794625,11.8729523,13.43123698,17.73703923,24.2178942,26.49314487,27.40690771,29.79342074,34.4203681,37.72567667,35.20646894,49.59290617,55.85242181,67.46298112,79.65186461,91.06192922,101.4497128,112.3689404,120.5892392,125.1105285
Historical,GCP+CEDS+PRIMAP+GFED,World,Emissions|HFC-134a,kt HFC134a/yr,0,0,0,0,0,0,0,0,0,0,0,0,0,0,0,0,0,0,0,0,0,0,0,0,0,0,0,0,0,0,0,0,0,0,0,0,0,0,0,0,0,0,0,0,0,0,0,0,0,0,0,0,0,0,0,0,0,0,0,0,0,0,0,0,0,0,0,0,0,0,0,0,0,0,0,0,0,0,0,0,0,0,0,0,0,0,0,0,0,0,0,0,0,0,0,0,0,0,0,0,0,0,0,0,0,0,0,0,0,0,0,0,0,0,0,0,0,0,0,0,0,0,0,0,0,0,0,0,0,0,0,0,0,0,0,0,0,0,0,0,0,0,0,0,0,0,0,0,0,0,0,0,0,0,0,0,0,0,0,0,0,0,0,0,0,0,0,0,0,0,0,0,0,0,0,0,0,0,0,0,0,0,0,0,0,0,0,0,0,0,0,0,0,0,0,0,0,0,0,0,0,0,0,0,0,0,0,0,0,0,0,0,0,0,0,0,0,0,0,0,0,0,0,0,0,0,0,0,0,0,0,0,0,0,0,0,0.00106775,0.006867859,0.098554829,0.987916108,2.355887079,3.296048958,4.326632091,10.80352875,20.89348837,32.05291295,41.90745583,53.2962786,64.2296288,78.52207687,93.03088197,95.92535029,98.0391239,105.6622552,119.2113062,132.524364,149.8070018,145.9262483,149.7138763,162.8732075,176.5669634,190.538721,212.5757794,230.3072604,218.6763554,180.2759813,185.6878005,193.9455131,201.0448464,206.6785083,214.0076058,218.7478391,216.2377341
Historical,GCP+CEDS+PRIMAP+GFED,World,Emissions|HFC-143a,kt HFC143a/yr,0,0,0,0,0,0,0,0,0,0,0,0,0,0,0,0,0,0,0,0,0,0,0,0,0,0,0,0,0,0,0,0,0,0,0,0,0,0,0,0,0,0,0,0,0,0,0,0,0,0,0,0,0,0,0,0,0,0,0,0,0,0,0,0,0,0,0,0,0,0,0,0,0,0,0,0,0,0,0,0,0,0,0,0,0,0,0,0,0,0,0,0,0,0,0,0,0,0,0,0,0,0,0,0,0,0,0,0,0,0,0,0,0,0,0,0,0,0,0,0,0,0,0,0,0,0,0,0,0,0,0,0,0,0,0,0,0,0,0,0,0,0,0,0,0,0,0,0,0,0,0,0,0,0,0,0,0,0,0,0,0,0,0,0,0,0,0,0,0,0,0,0,0,0,0,0,0,0,0,0,0,0,0,0,0,0,0,0,0,0,0,0,0,0,0,0,0,0,0,0,0,0,0,0,0,0,0,0,0,0,0,0,0,0,0,0,0,6.97E-05,0.000514018,0.000557978,0.000125285,5.17E-05,5.57E-05,7.62E-05,0.077522084,0.29893819,0.550978058,0.562029245,0.495278958,0.453136688,0.403342279,0.45073034,0.587458563,0.589458677,0.691504805,0.775027392,0.761399531,0.953974323,1.080093418,1.032320821,0.812505418,0.726940592,0.916633344,1.165355827,1.683836723,2.591361578,3.307985389,4.301480858,5.378505379,5.775687226,6.83214856,8.357900771,9.436491347,10.04607254,10.5765766,11.08811356,13.49383691,16.00635897,16.1665304,18.30636333,18.63108796,18.86637666,18.90742725,23.1006421,23.49421651,24.60260732,28.50240029,32.69403414,36.59394738,40.11302356,43.86544268,46.98014631,48.64909342
Historical,GCP+CEDS+PRIMAP+GFED,World,Emissions|HFC-152a,kt HFC152a/yr,0,0,0,0,0,0,0,0,0,0,0,0,0,0,0,0,0,0,0,0,0,0,0,0,0,0,0,0,0,0,0,0,0,0,0,0,0,0,0,0,0,0,0,0,0,0,0,0,0,0,0,0,0,0,0,0,0,0,0,0,0,0,0,0,0,0,0,0,0,0,0,0,0,0,0,0,0,0,0,0,0,0,0,0,0,0,0,0,0,0,0,0,0,0,0,0,0,0,0,0,0,0,0,0,0,0,0,0,0,0,0,0,0,0,0,0,0,0,0,0,0,0,0,0,0,0,0,0,0,0,0,0,0,0,0,0,0,0,0,0,0,0,0,0,0,0,0,0,0,0,0,0,0,0,0,0,0,0,0,0,0,0,0,0,0,0,0,0,0,0,0,0,0,0,0,0,0,0,0,0,0,0,0,0,0,0,0,0,0,0,0,0,0,0,0,0,0,0,0,0,0,0,0,0,0,0,0,0,0,0,0,0,0,0,0,0,0,0,0,0,0,0,0,3.53E-05,0.000317849,0.000754801,0.001116749,0.001154321,0.001161807,0.001348027,0.001624234,0.002233999,0.003160312,0.035194052,0.264615834,0.666710765,1.087810186,1.454755451,2.081319306,2.827265611,3.368907855,3.669987751,4.986218784,6.057677734,6.294100601,7.21145175,9.00685657,10.84374859,14.67772161,16.16615854,20.63362382,27.98483295,29.23014458,32.21433495,41.43853912,48.69614321,59.19292498,66.01139927,62.10993408,61.72492774,66.16440274,61.93997151,60.43628026,61.50703007,62.78600443,51.5213882,51.20399674,51.75686579,52.05747816,52.04583218,52.51756983,52.54825385,50.77837443
Historical,GCP+CEDS+PRIMAP+GFED,World,Emissions|HFC-227ea,kt HFC227ea/yr,0,0,0,0,0,0,0,0,0,0,0,0,0,0,0,0,0,0,0,0,0,0,0,0,0,0,0,0,0,0,0,0,0,0,0,0,0,0,0,0,0,0,0,0,0,0,0,0,0,0,0,0,0,0,0,0,0,0,0,0,0,0,0,0,0,0,0,0,0,0,0,0,0,0,0,0,0,0,0,0,0,0,0,0,0,0,0,0,0,0,0,0,0,0,0,0,0,0,0,0,4.87E-06,9.72E-06,1.45E-05,1.93E-05,2.41E-05,2.89E-05,3.36E-05,3.83E-05,4.30E-05,4.77E-05,5.24E-05,5.70E-05,6.16E-05,6.62E-05,7.08E-05,7.54E-05,7.99E-05,8.45E-05,8.90E-05,9.35E-05,9.80E-05,0.000102494,0.000106951,0.000111414,0.00011588,0.000120285,0.000124718,0.000129109,0.000133504,0.000137912,0.000142283,0.000146614,0.000150964,0.000155283,0.000159628,0.000163945,0.000168256,0.000172547,0.000176863,0.000181113,0.000185406,0.000189639,0.000193882,0.000198138,0.000202416,0.000206619,0.000210844,0.000215036,0.00021923,0.000223464,0.000227652,0.000231791,0.000235965,0.000240097,0.000244279,0.000248431,0.000252569,0.00025668,0.000260843,0.000264939,0.00026909,0.000273158,0.000277244,0.000281337,0.000285501,0.000289529,0.000293599,0.000297613,0.000301699,0.000305819,0.000309827,0.006494137,0.023248655,0.047892509,0.077775382,0.110229735,0.142615803,0.00133265,0.000252467,0.002462424,0.219415355,0.214353947,0.010070939,0.008410551,0.006768044,0.005230138,0.003883463,0.002772665,0.001935505,0.001396407,0.001160532,0.001096433,0.001070858,0.001073093,0.001092674,0.001120472,0.001151428,0.001182229,0.00102483,0.000153522,3.93E-05,1.92E-05,1.35E-05,1.12E-05,9.82E-06,9.04E-06,8.53E-06,8.22E-06,8.04E-06,7.96E-06,7.94E-06,7.99E-06,8.19E-06,8.43E-06,8.80E-06,9.21E-06,9.68E-06,1.02E-05,1.08E-05,0.012826906,0.049454789,0.092411118,0.125899572,0.147492308,0.151812568,0.133680043,0.091231464,0.034617981,0,0,0,0.192008214,0.465112001,0.201888282,0.046226221,0.139183268,0.069442165,0,0,0.080125448,0.255376111,0.301241191,0.19626071,0.14237744,0.174084505,0.263057812,0.33828439,0.38917302,0.497139829,0.636024562,0.808623886,0.942931124,1.159508472,1.409334959,1.952745451,2.487015603,2.651618956,2.779452085,2.846061297,3.028465523,3.416829885,3.423660875,3.410024703,3.430467914,3.882870038,3.281533925,3.523588221,3.813062032,4.075382044,4.302812355,4.561193562,4.738028505,4.761762768
Historical,GCP+CEDS+PRIMAP+GFED,World,Emissions|HFC-23,kt HFC23/yr,0,0,0,0,0,0,0,0,0,0,0,0,0,0,0,0,0,0,0,0,0,0,0,0,0,0,0,0,0,0,0,0,0,0,0,0,0,0,0,0,0,0,0,0,0,0,0,0,0,0,0,0,0,0,0,0,0,0,0,0,0,0,0,0,0,0,0,0,0,0,0,0,0,0,0,0,0,0,0,0,0,0,0,0,0,0,0,0,0,0,0,0,0,0,0,0,0,0,0,0,0,0,0,0,0,0,0,0,0,0,0,0,0,0,0,0,0,0,0,0,0,0,0,0,0,0,0,0,0,0,0,0,0,0,0,0,0,0,0,0,0,0,0,0,0,0,0,0,0,0,0,0,0,0,0,0,0,0,0,0,0,0,0,0,0,0,0,0,0,0,0,0,0,0,0,0,0,0.964907347,1.109671779,1.191290782,0,0,1.078944163,0.976306558,0.849554174,0.710224692,0.569818797,0.440095876,0.33283782,0.259898452,0.233248589,0.238416288,0.252182197,0.273479522,0.30124285,0.334400138,0.37185358,0.412495232,0.45628056,0.505096633,0.549392029,0.595484217,0.647102828,0.704312517,0.767128151,0.835554034,0.909593412,0.989248372,1.074520848,1.165412762,1.261925848,1.372100592,1.503177437,1.653959641,1.823249369,2.009849611,2.21256305,2.430153326,2.661252031,2.901078575,3.145059277,3.428901878,3.780902232,4.189439673,4.604999656,4.98344756,5.369705873,5.884850548,6.421065438,6.913438054,7.375168608,7.70341869,7.949973036,8.408769021,8.783348116,9.101316646,9.519067348,9.859763723,10.21528929,10.46698026,9.801367262,9.143155426,9.108096925,8.077830986,7.963029649,8.832293333,9.036216546,9.516874446,9.846445429,9.211924728,9.297227759,9.591506797,9.936900521,10.60933052,12.91936885,16.4145111,15.20330553,11.45550684,10.21943638,10.82420398,12.88913619,13.39189252,13.9856422,14.1705494,15.21298089,13.85096901,11.21947711,8.899704884,6.619749904,4.401481527,2.311584052,2.221030006,2.049492749
Historical,GCP+CEDS+PRIMAP+GFED,World,Emissions|HFC-236fa,kt HFC236fa/yr,0,0,0,0,0,0,0,0,0,0,0,0,0,0,0,0,0,0,0,0,0,0,0,0,0,0,0,0,0,0,0,0,0,0,0,0,0,0,0,0,0,0,0,0,0,0,0,0,0,0,0,0,0,0,0,0,0,0,0,0,0,0,0,0,0,0,0,0,0,0,0,0,0,0,0,0,0,0,0,0,0,0,0,0,0,0,0,0,0,0,0,0,0,0,0,0,0,0,0,0,0,0,0,0,0,0,0,0,0,0,0,0,0,0,0,0,0,0,0,0,0,0,0,0,0,0,0,0,0,0,0,0,0,0,0,0,0,0,0,0,0,0,0,0,0,0,0,0,0,0,0,0,0,0,0,0,0,0,0,0,0,0,0,0,0,0,0,0,0,0,0,0,0,0,0,0,0,0,0,0,0,0,0,0,0,0,0,0,0,0,0,0,0,0,0,0,0,0,0,0,0,0,0,0,0,0,0,0,0,0,0,0,0,0,0,0,0,0,4.67E-07,0.000879882,0.003339561,0.006156142,0.008269851,0.009509303,0.009545376,0.008061637,0.004955685,0.001263957,0.000179881,0.000177456,0.00018591,0.000226227,0.000286936,0.000280588,0.000228855,0.000221428,0.000214336,0.000193625,0.000199837,0.000205069,0.000191139,0.019203314,0.017140422,0.028665418,0.053910735,0.056346037,0.068797742,0.086842753,0.102632393,0.109434587,0.134916765,0.160389793,0.154223398,0.146117991,0.214372427,0.228957843,0.210123727,0.275867496,0.235993424,0.180454452,0.307603348,0.342730712,0.275118839,0.282251497,0.287463772,0.238755326,0.269947308,0.304174647,0.335852253,0.364214595,0.394837275,0.422184146,0.436504644
Historical,GCP+CEDS+PRIMAP+GFED,World,Emissions|HFC-245fa,kt HFC245fa/yr,0,0,0,0,0,0,0,0,0,0,0,0,0,0,0,0,0,0,0,0,0,0,0,0,0,0,0,0,0,0,0,0,0,0,0,0,0,0,0,0,0,0,0,0,0,0,0,0,0,0,0,0,0,0,0,0,0,0,0,0,0,0,0,0,0,0,0,0,0,0,0,0,0,0,0,0,0,0,0,0,0,0,0,0,0,0,0,0,0,0,0,0,0,0,0,0,0,0,0,0,0,0,0,0,0,0,0,0,0,0,0,0,0,0,0,0,0,0,0,0,0,0,0,0,0,0,0,0,0,0,0,0,0,0,0,0,0,0,0,0,0,0,0,0,0,0,0,0,0,0,0,0,0,0,0,0,0,0,0,0,0,0,0,0,0,0,0,0,0,0,0,0,0,0,0,0,0,0,0,0,0,0,0,0,0,0,0,0,0,0,0,0,0,0,0,0,0,0,0,0,0,0,0,0,0,0,0,0,0,0,0,0,0,0,0,0,0,0,0,0,0,0,0,0,0,0,0,0,0,0,0,0,0,0,0,0,0,0,0,0,0,0,0,0,0,0,0,4.11E-05,0.000300459,0.002426376,0.029029178,0.734776531,2.545578586,4.301220715,5.770364423,6.782137739,7.059765782,7.0234895,7.005233731,7.304311387,8.587144894,8.658312019,8.585196428,10.20158559,10.09942164,9.573683166,10.82412938,12.19629742,13.46623809,14.60325948,15.83091637,16.92770306,17.50220614
Historical,GCP+CEDS+PRIMAP+GFED,World,Emissions|HFC-32,kt HFC32/yr,0,0,0,0,0,0,0,0,0,0,0,0,0,0,0,0,0,0,0,0,0,0,0,0,0,0,0,0,0,0,0,0,0,0,0,0,0,0,0,0,0,0,0,0,0,0,0,0,0,0,0,0,0,0,0,0,0,0,0,0,0,0,0,0,0,0,0,0,0,0,0,0,0,0,0,0,0,0,0,0,0,0,0,0,0,0,0,0,0,0,0,0,0,0,0,0,0,0,0,0,0.000728717,0.001457652,0.002186791,0.002916106,0.003645569,0.004375284,0.005105117,0.00583518,0.006565362,0.007295673,0.008026135,0.008756909,0.009487701,0.010218704,0.010949786,0.011680977,0.012412321,0.013143834,0.013875319,0.014607185,0.015338905,0.016071006,0.016803176,0.017535296,0.018267396,0.018999993,0.019732366,0.020465088,0.02119777,0.021930345,0.022663231,0.023396442,0.024129496,0.024862812,0.025595914,0.026329242,0.027062621,0.027796169,0.028529509,0.029263395,0.029996922,0.030730945,0.031464893,0.032198728,0.032932373,0.03366665,0.034400748,0.035135109,0.035869461,0.036603471,0.03733787,0.038072679,0.038807194,0.039542057,0.040276504,0.041011201,0.041746011,0.042481048,0.043215653,0.043950809,0.044685517,0.045420909,0.04615615,0.046891334,0.047625928,0.048361651,0.049097034,0.049832867,0.050568112,0.051303071,0.052038966,1.091940419,3.913472243,8.071543957,13.12081255,18.61607712,24.11190655,0.225513515,0.042752872,0.417239619,37.18619576,36.34783526,1.70853222,1.427556072,1.14983073,0.889290008,0.661025662,0.472342646,0.329894869,0.238183797,0.198189358,0.18739126,0.183125986,0.183642399,0.187144179,0.192031967,0.197483146,0.202979812,0.176082092,0.026383947,0.00676472,0.003314351,0.00233084,0.001922487,0.001691564,0.001558544,0.001472526,0.001419239,0.001389948,0.001376171,0.001375145,0.001382157,0.001417681,0.001459179,0.001524266,0.001596149,0.001679132,0.001767604,0.001871779,0.001956287,0.002056547,0.002178502,0.002334685,0.00254203,0.002714359,0.002855006,0.003004195,0.00245587,0.002047524,0.002029321,0.002135079,0.00260879,0.003319635,0.003257516,0.00266915,0.002595279,0.002523674,0.002290185,0.002375598,0.015842092,0.065698329,0.125130157,0.169765324,0.190850285,0.224177301,0.280043787,0.31567677,0.416735993,0.98728122,1.625244376,2.344578385,2.933429009,4.761058957,7.663775768,9.263612058,11.85784962,16.75632333,17.14562669,20.55367608,29.36591444,30.29509542,36.33832668,44.40589094,43.51827832,59.30403124,61.27859106,49.63651174,39.37352304,29.2866912,19.47276922,10.22677777,9.826156719,9.067254448
Historical,GCP+CEDS+PRIMAP+GFED,World,Emissions|HFC-365mfc,kt HFC365mfc/yr,0,0,0,0,0,0,0,0,0,0,0,0,0,0,0,0,0,0,0,0,0,0,0,0,0,0,0,0,0,0,0,0,0,0,0,0,0,0,0,0,0,0,0,0,0,0,0,0,0,0,0,0,0,0,0,0,0,0,0,0,0,0,0,0,0,0,0,0,0,0,0,0,0,0,0,0,0,0,0,0,0,0,0,0,0,0,0,0,0,0,0,0,0,0,0,0,0,0,0,0,0,0,0,0,0,0,0,0,0,0,0,0,0,0,0,0,0,0,0,0,0,0,0,0,0,0,0,0,0,0,0,0,0,0,0,0,0,0,0,0,0,0,0,0,0,0,0,0,0,0,0,0,0,0,0,0,0,0,0,0,0,0,0,0,0,0,0,0,0,0,0,0,0,0,0,0,0,0,0,0,0,0,0,0,0,0,0,0,0,0,0,0,0,0,0,0,0,0,0,0,0,0,0,0,0,0,0,0,0,0,0,0,0,0,0,0,0,0,0,0.001322898,0.005163202,0.009945718,0.01417685,0.017563725,0.019375563,0.018900763,0.015820322,0,0,0,0.003746771,0.056053625,0.125270613,0.044777363,0,0,0.044739569,0.01055543,0.044963155,0.101818066,0.022592091,0,0,0.03478996,0.006361027,0.00674725,0.088299566,0.090971838,0.057114265,0.107312758,0.227034784,0.54831543,1.129329455,1.812378262,2.665245681,3.225744153,2.588629188,2.880210879,2.719283558,2.746614868,3.189548484,3.229532035,3.667883744,4.3391294,4.402027518,3.738373395,3.850595625,4.021833063,4.169049354,4.285872233,4.437853267,4.536149347,4.484095895
Historical,GCP+CEDS+PRIMAP+GFED,World,Emissions|HFC-4310mee,kt HFC4310mee/yr,0,0,0,0,0,0,0,0,0,0,0,0,0,0,0,0,0,0,0,0,0,0,0,0,0,0,0,0,0,0,0,0,0,0,0,0,0,0,0,0,0,0,0,0,0,0,0,0,0,0,0,0,0,0,0,0,0,0,0,0,0,0,0,0,0,0,0,0,0,0,0,0,0,0,0,0,0,0,0,0,0,0,0,0,0,0,0,0,0,0,0,0,0,0,0,0,0,0,0,0,0,0,0,0,0,0,0,0,0,0,0,0,0,0,0,0,0,0,0,0,0,0,0,0,0,0,0,0,0,0,0,0,0,0,0,0,0,0,0,0,0,0,0,0,0,0,0,0,0,0,0,0,0,0,0,0,0,0,0,0,0,0,0,0,0,0,0,0,0,0,0,0,0,0,0,0,0,0,0,0,0,0,0,0,0,0,0,0,0,0,0,0,0,0,0,0,0,0,0,0,0,0,0,0,0,0,0,0,0,0,0,0,0,0,0,0,0,0,0,0,0,0,0,0,0,0,0,0,0,0,0.000104845,0.001091657,0.003176377,0.004016547,0.00698008,0.020220098,0.042337953,0.060810208,0.084061278,0.107810973,0.121178195,0.12501028,0.127258103,0.120387352,0.126035824,0.14499321,0.19854766,0.275604319,0.34196661,0.407074306,0.517054712,0.614006434,0.674972115,0.741046449,0.891438156,1.096050134,1.283760615,1.399109173,1.374766865,1.406579923,1.380232345,1.089477951,0.985699258,0.959157424,1.214368407,0.991560902,0.985452478,0.996092755,1.001878198,1.001654038,1.010732894,1.01132337,0.977260897
Historical,GCP+CEDS+PRIMAP+GFED,World,Emissions|Halon-1211,kt Halon1211/yr,0.008275908,0.008275908,0.008275908,0.008275908,0.008275908,0.008275908,0.008275908,0.008275908,0.008275908,0.008275908,0.008275908,0.008275908,0.008275908,0.008275908,0.008275908,0.008275908,0.008275908,0.008275908,0.008275908,0.008275908,0.008275908,0.008275908,0.008275908,0.008275908,0.008275908,0.008275908,0.008275908,0.008275908,0.008275908,0.008275908,0.008275908,0.008275908,0.008275908,0.008275908,0.008275908,0.008275908,0.008275908,0.008275908,0.008275908,0.008275908,0.008275908,0.008275908,0.008275908,0.008275908,0.008275908,0.008275908,0.008275908,0.008275908,0.008275908,0.008275908,0.008275908,0.008275908,0.008275908,0.008275908,0.008275908,0.008275908,0.008275908,0.008275908,0.008275908,0.008275908,0.008275908,0.008275908,0.008275908,0.008275908,0.008275908,0.008275908,0.008275908,0.008275908,0.008275908,0.008275908,0.008275908,0.008275908,0.008275908,0.008275908,0.008275908,0.008275908,0.008275908,0.008275908,0.008275908,0.008275908,0.008275908,0.008275908,0.008275908,0.008275908,0.008275908,0.008275908,0.008275908,0.008275908,0.008275908,0.008275908,0.008275908,0.008275908,0.008275908,0.008275908,0.008275908,0.008275908,0.008275908,0.008275908,0.008275908,0.008275908,0.008275908,0.008275908,0.008275908,0.008275908,0.008275908,0.008275908,0.008275908,0.008275908,0.008275908,0.008275908,0.008275908,0.008275908,0.008275908,0.008275908,0.008275908,0.008275908,0.008275908,0.008275908,0.008275908,0.008275908,0.008275908,0.008275908,0.008275908,0.008275908,0.008275908,0.008275908,0.008275908,0.008275908,0.008275908,0.008275908,0.008275908,0.008275908,0.008275908,0.008275908,0.008275908,0.008275908,0.008275908,0.008275908,0.008275908,0.008275908,0.008275908,0.008275908,0.008275908,0.008275908,0.008275908,0.008275908,0.008275908,0.008275908,0.008275908,0.008275868,0.008275865,0.008275903,0.008275903,0.008275903,0.008275903,0.008275903,0.008275903,0.008275903,0.008275903,0.008275903,0.008275903,0.008275903,0.008275903,0.008275903,0.008275903,0.008275903,0.008275903,0.008275903,0.008275903,0.008275903,0.008275903,0.008275903,0.008275903,0.008275903,0.008275903,0.008275903,0.008275903,0.008275903,0.008275902,0.008275904,0.008275901,0.008275907,0.008275893,0.008275925,0.008275853,0.008276016,0.00827564,0.008276523,0.008274382,0.008281567,0.126629459,0.233828107,0.2091348,0.181116258,0.157386461,0.122599343,0.086588807,0.068904037,0.050071582,0.021600341,-0.001710242,0.000243581,0.001234139,-0.002191205,-0.000258831,-0.004376848,0.001112325,0.007105804,0.004643391,0.002782022,0.000920911,-0.00094033,-0.002801439,-0.004662941,-0.008443359,-0.000821338,0.017088669,0.074796781,0.261577932,0.474900409,0.596098068,0.689980812,0.844461255,1.173867075,1.707522573,2.337325157,3.003126737,3.655720472,4.161491724,4.576798844,5.603679908,6.095119729,6.209398075,6.809502757,7.107062612,7.643162301,8.447585679,9.044178825,9.510675417,10.29134441,10.87488986,10.95086495,10.94601407,11.54267911,11.79312684,10.99710387,11.18055206,11.79267611,11.52099356,11.09921638,10.53572477,9.763031264,9.193754938,9.004352205,8.755106301,8.116988032,7.446456899,6.774775044,6.313621699,5.932803575,5.5419644,5.194009491,4.57703214,4.188150685,3.978915267,3.656364079,3.481865384,3.537198563,3.443895203,3.096031172,3.80967336,3.591128994,3.591128994
Historical,GCP+CEDS+PRIMAP+GFED,World,Emissions|Halon-1301,kt Halon1301/yr,0,0,0,0,0,0,0,0,0,0,0,0,0,0,0,0,0,0,0,0,0,0,0,0,0,0,0,0,0,0,0,0,0,0,0,0,0,0,0,0,0,0,0,0,0,0,0,0,0,0,0,0,0,0,0,0,0,0,0,0,0,0,0,0,0,0,0,0,0,0,0,0,0,0,0,0,0,0,0,0,0,0,0,0,0,0,0,0,0,0,0,0,0,0,0,0,0,0,0,0,0,0,0,0,0,0,0,0,0,0,0,0,0,0,0,0,0,0,0,0,0,0,0,0,0,0,0,0,0,0,0,0,0,0,0,0,0,0,0,0,0,0,0,0,0,0,0,0,0,0,0,0,0,0,0,0,0,0,0,0,0,0,0,0,0,0,0,0,0,0,0,0,0,0,0,0,0,0,0,0,0,0,0,0,0,0,0,0,0,0,0,0,0,0,0,0,0,0,0,0,0,0,0,0,0,0,0,0,0,1.61E-05,0.000128977,0.000243414,0.000262838,0.00026639,0.00037146,0.001087041,0.002258426,0.003273767,0.003960731,0.005848052,0.038496432,0.124631394,0.235489578,0.336359337,0.419112352,0.709393205,1.338025485,1.94495238,2.259901662,2.057945555,1.928885709,2.331800188,2.797193096,3.338375337,3.979571095,4.758617769,5.451332629,5.654292255,5.496868191,5.276465843,5.06869131,4.830573564,4.408883666,3.870931468,3.457790174,3.144708444,2.916537536,2.734637885,2.6063432,2.595571438,2.524525659,2.459839612,2.36257238,2.425528656,2.391407075,2.097357786,1.991247786,1.959365006,1.733585512,1.72109132,1.839022787,1.862658613,2.07369394,1.918646648,1.503752651,1.322262075,1.15482784,1.212141652,1.340042521,1.216599152,1.959310347,1.881714003,1.881714003
Historical,GCP+CEDS+PRIMAP+GFED,World,Emissions|Halon-2402,kt Halon2402/yr,0,0,0,0,0,0,0,0,0,0,0,0,0,0,0,0,0,0,0,0,0,0,0,0,0,0,0,0,0,0,0,0,0,0,0,0,0,0,0,0,0,0,0,0,0,0,0,0,0,0,0,0,0,0,0,0,0,0,0,0,0,0,0,0,0,0,0,0,0,0,0,0,0,0,0,0,0,0,0,0,0,0,0,0,0,0,0,0,0,0,0,0,0,0,0,0,0,0,0,0,0,0,0,0,0,0,0,0,0,0,0,0,0,0,0,0,0,0,0,0,0,0,0,0,0,0,0,0,0,0,0,0,0,0,0,0,0,0,0,0,0,0,0,0,0,0,0,0,0,0,0,0,0,0,0,0,0,0,0,0,0,0,0,0,0,0,0,0,0,0,0,0,0,0,0,0,0,0,0,0,0,0,0,0,0,0,0,0,0,0,0,0,0,0,0,0,0,0,0,0,0,0,0,0,0,0,0,0,0,0.000164634,0.001322851,0.0025215,0.003765029,0.005223997,0.00634092,0.035650081,0.120227607,0.215255805,0.277630582,0.308272656,0.327648037,0.369339185,0.431939953,0.501247146,0.577428379,0.698655167,0.879821209,1.047966831,1.152185118,0.862161834,0.860829474,1.22550641,1.153278762,1.195285616,1.367461373,1.426644172,1.40408327,1.50920818,1.73477532,1.837208982,1.752977264,1.617009556,1.59279326,1.554711808,1.384392212,1.20703719,1.164197712,1.013125766,0.85625994,0.835151203,0.825010683,0.779068573,0.707879241,0.942866566,0.968958421,0.616339278,0.52440425,0.55430891,0.560035251,0.51217981,0.434403594,0.42302276,0.429335797,0.396949894,0.380516146,0.426821503,0.40045416,0.377432503,0.445380843,0.439414732,0.351929192,0.361129163,0.361129163
Historical,GCP+CEDS+PRIMAP+GFED,World,Emissions|N2O,kt N2O/yr,1000.46404,989.6214066,987.3211876,990.4193853,1011.872389,1007.412776,994.3221694,1030.890861,1025.351555,1019.81226,1032.627686,1033.602432,1016.212697,1023.655888,1004.106781,1035.303195,1026.563909,1027.528948,1070.601974,1047.81378,1052.017895,1030.553025,1023.110568,1024.305647,1063.289944,1053.688114,1035.463065,1059.334406,1081.046461,1055.252156,1073.725361,1069.458354,1056.535791,1055.490033,1049.045957,1066.429235,1058.928993,1074.079273,1116.221982,1092.503677,1099.016918,1076.528814,1074.582431,1070.427831,1111.615325,1100.982109,1079.570975,1106.739901,1126.350756,1110.337812,1118.298673,1117.763566,1110.910373,1101.781858,1107.81237,1120.265051,1120.817076,1130.229668,1171.633868,1150.603542,1157.653034,1144.560949,1134.716501,1136.722309,1176.54177,1169.962289,1160.302728,1173.251409,1203.366231,1181.564907,1197.643518,1200.497867,1186.086959,1179.27122,1189.67416,1199.193599,1194.56971,1207.347929,1252.386772,1233.649981,1243.578969,1223.823348,1223.981502,1226.32723,1263.823441,1254.599579,1254.876056,1270.234836,1296.802589,1280.784031,1282.10363,1307.101468,1294.675833,1281.00175,1297.327135,1317.322426,1316.701074,1344.629336,1384.525725,1376.04455,1434.335445,1416.598374,1412.669375,1425.646505,1470.504445,1458.567414,1452.316548,1487.240642,1508.134388,1494.342629,1495.390168,1497.744749,1486.925696,1469.467066,1478.895196,1503.38939,1490.100638,1511.424187,1545.822104,1517.771858,1538.537606,1521.253185,1517.458769,1577.184769,1639.253323,1647.885007,1696.297919,1749.226794,1800.558059,1825.82338,1828.62639,1848.073294,1835.775106,1819.028479,1852.122398,1860.862461,1863.907797,1882.07694,1911.355454,1907.780367,1956.722382,1936.262112,1935.833042,1958.502794,2011.658297,2006.593462,1987.404636,2034.897478,2046.330013,2058.240742,2057.502125,2060.647268,2060.295936,2051.717783,2106.8407,2124.841972,2131.222628,2170.918366,2203.569007,2202.850472,2239.611068,2223.322835,2222.81322,2257.526396,2325.312696,2325.770378,2338.806363,2394.661743,2440.441221,2466.437396,2485.616072,2489.637169,2486.633466,2559.08803,2541.154563,2562.822685,2582.410672,2615.460799,2637.566304,2659.950693,2720.829556,2661.896838,2710.941197,2693.367051,2749.848545,2746.818065,2793.638691,2781.575941,2766.008186,2822.828271,2814.149707,2877.465219,3059.983688,3268.161901,3544.49772,3839.715192,4092.661969,4379.306254,4653.611281,4834.990244,5013.447237,4971.671796,5062.16337,5171.003552,5249.055887,5329.240182,5468.229467,5619.046346,5617.027214,5696.994275,5805.49198,6150.096181,6303.946562,6573.12208,6664.485505,6891.629803,7137.044324,7436.353721,7580.700977,7700.993993,7779.820143,7737.627509,8097.454071,8188.142257,8285.397561,8440.074231,8686.852727,8851.520757,9012.731075,9277.847167,9336.931798,9124.704308,9374.639823,9228.387126,9369.410443,9426.81259,9441.242025,9625.584418,9611.285302,9668.776847,9742.698821,10027.68351,9683.62002,9707.889444,10053.12105,10169.63634,10290.07306,10645.12642,10728.67489,10411.34091,10253.04537,10317.82871,10691.17805,10727.25237,10972.63137,11066.0393,11205.29359,11487.8859,11265.99773,11131.66363,11492.71955,11776.03543,12021.64317,11808.65176,12067.64203,12201.71858,12081.33871,12317.98168,12304.58115,12497.91238,12442.97341,12900.14676,12605.84537
Historical,GCP+CEDS+PRIMAP+GFED,World,Emissions|NF3,kt NF3/yr,0,0,0,0,0,0,0,0,0,0,0,0,0,0,0,0,0,0,0,0,0,0,0,0,0,0,0,0,0,0,0,0,0,0,0,0,0,0,0,0,0,0,0,0,0,0,0,0,0,0,0,0,0,0,0,0,0,0,0,0,0,0,0,0,0,0,0,0,0,0,0,0,0,0,0,0,0,0,0,0,0,0,0,0,0,0,0,0,0,0,0,0,0,0,0,0,0,0,0,0,0,0,0,0,0,0,0,0,0,0,0,0,0,0,0,0,0,0,0,0,0,0,0,0,0,0,0,0,0,0,0,0,0,0,0,0,0,0,0,0,0,0,0,0,0,0,0,0,0,0,0,0,0,0,0,0,0,0,0,0,0,0,0,0,0,0,0,0,0,0,0,0,0,0,0,0,0,0,0,0,0,0,0,0,0,0,0,0,0,0,0,0,0,0,0,0,0,0,0,0,0,0,0,0,0,0,0,0,0,0,1.27E-17,0.003191332,0.006382665,0.009573997,0.01276533,0.015956663,0.019147995,0.022339327,0.02553066,0.028721992,0.031913325,0.035104658,0.03829599,0.041487323,0.044678655,0.047869987,0.05106132,0.054252652,0.057443985,0.060635318,0.06382665,0.067017982,0.070209315,0.073400647,0.07659198,0.07978331,0.082974647,0.086165977,0.089357307,0.092548644,0.085770419,0.075389227,0.09232447,0.119326993,0.139294564,0.2558927,0.274892583,0.292504426,0.320258901,0.401375984,0.341537771,0.429962864,0.745384067,0.873879615,1.000277175,1.603644814,1.67008392,1.641197274,1.153440546,1.318273204,1.232692097,1.477476169,1.318688918,1.626069369,1.380307471,1.156776769,1.062381138,1.059140104,1.0849667,1.076774965,1.145684204,1.229050406,1.309618347
Historical,GCP+CEDS+PRIMAP+GFED,World,Emissions|NH3,Mt NH3/yr,6.656462698,6.588428808,6.55439358,6.607356993,6.740319069,6.668279797,6.653240986,6.769199019,6.716155704,6.766111041,6.855065019,6.798603515,6.78913796,6.783671049,6.621202781,6.825733157,6.748265776,6.756793442,6.94231975,6.866844703,6.864368299,6.775431656,6.755488556,6.808542797,7.049594377,6.969643298,6.96769358,7.053737184,7.130778128,7.112816412,7.269852047,7.196998214,7.210137371,7.185274638,7.076409997,7.224543528,7.175681643,7.238811319,7.420939086,7.345064964,7.360188944,7.235924245,7.184657446,7.195383582,7.407107694,7.300830885,7.263556474,7.309280193,7.343002178,7.345723947,7.410450084,7.368903635,7.427607124,7.382142495,7.353937646,7.491803619,7.496796901,7.55677436,7.750970837,7.708278149,7.749712614,7.666932268,7.609193456,7.667492105,7.886837647,7.808228099,7.821535952,7.845011479,7.927524744,7.921081047,8.039684492,8.007963654,8.055354257,7.998857549,8.002468727,8.112186873,8.11487124,8.173822421,8.392858201,8.346999555,8.394421111,8.302332873,8.286400955,8.353542817,8.55975955,8.479085902,8.549394112,8.571878665,8.662432376,8.675092499,8.750852013,8.776690494,8.784613532,8.704574323,8.701663126,8.818696585,8.808927547,8.904260022,9.079534118,9.037937886,9.094461415,8.966221113,8.915818359,8.973612949,9.185590423,9.082347812,9.126341793,9.183366203,9.235571642,9.272770645,9.329051729,9.30257911,9.357320359,9.285933581,9.303978289,9.475149596,9.456842092,9.589886815,9.772733053,9.69663442,9.814958341,9.734299029,9.693042802,9.910575889,10.08832232,9.990353492,10.15610145,10.20404386,10.2961596,10.46958013,10.49607091,10.54179653,10.59903143,10.5457905,10.70520311,10.82607665,10.88799689,11.02599277,11.23999403,11.25455743,11.39032644,11.31732487,11.35425791,11.51663571,11.78901386,11.78853796,11.83302061,11.98384838,12.04129499,12.27808172,12.33607564,12.34674695,12.44353067,12.45246231,12.73944307,12.84175391,12.93439457,13.17852976,13.36368271,13.40008869,13.65199622,13.59729416,13.63592701,13.83196337,14.14737399,14.13421384,14.24835531,14.39467789,14.59615637,14.80498384,14.92831811,14.88415572,14.93951779,15.33577056,15.28314544,15.67400334,15.9540611,16.22287075,16.4147371,16.6517028,16.883721,16.71996735,16.85513306,16.88553312,17.06934059,17.06314858,17.40560909,17.48586746,17.47454501,17.74969942,17.71402078,17.81413847,17.99356233,18.0156804,18.25766532,18.32415412,18.47387529,18.71467699,19.13527156,19.66318995,20.33108881,20.44328053,21.14293308,21.84431034,22.29353587,22.59414027,23.23215946,23.95098209,24.11428379,24.64116003,25.01042398,25.83137501,26.38184544,27.80299243,27.79815222,29.26479057,30.96598977,32.68245127,34.01927697,34.59482705,37.44680624,38.31909781,39.60171343,39.83976557,40.48820864,41.20030255,42.14762181,42.83103944,43.84496294,44.68032569,45.346372,45.69292015,46.92921845,46.58972626,47.607643,48.23084079,48.98461586,49.97375865,50.40982193,50.74227544,51.16842749,52.92788628,50.99736939,51.45527883,53.05023131,52.20963136,52.14023316,54.69494169,55.07692151,53.07194056,52.85658475,52.9942739,55.35772888,55.93602822,56.27049756,56.94304629,58.35695394,59.10973824,59.23322739,59.33275377,60.71370343,60.63675393,62.04528544,61.80531748,62.90654885,64.07354865,63.43014635,64.10420896,64.65970649,66.27951633,64.16396813,66.40023212,65.2320561
Historical,GCP+CEDS+PRIMAP+GFED,World,Emissions|NOx,Mt NO2/yr,19.41683292,19.19807705,19.25223943,19.11627712,19.26549886,19.46378353,18.97745675,20.02514832,19.78952882,19.4404502,19.43327655,19.76909426,19.05201684,19.25640831,19.22161608,19.41680751,19.44940898,19.42688155,20.27982622,19.59801064,19.66134289,19.23629452,19.13628095,18.99640292,19.48054758,19.61204954,18.95249946,19.70955679,20.12777045,19.34393383,19.42484072,19.61925134,18.97905627,18.95368888,19.23956179,19.11761,19.13933567,19.435944,20.26151083,19.56612055,19.69713899,19.24631518,19.31687789,18.99381969,19.51698196,19.60174319,18.79855177,19.71104439,20.08675597,19.41569154,19.33799558,19.6100256,19.06536716,18.86227402,19.40067454,19.2095738,19.37768777,19.51891592,20.40411974,19.6927796,19.79880732,19.58070698,19.41352233,19.20223679,19.71856359,19.87319156,19.3508875,19.87590164,20.51876754,19.78437431,19.81106604,20.11319127,19.31280019,19.18258452,19.79084319,19.54439267,19.50574812,19.7579051,20.58400169,19.94796242,20.1217009,19.66495844,19.71030219,19.44956578,19.86794253,19.91146908,19.54551166,20.10826108,20.61681613,19.9738839,19.55665892,20.33101931,19.55076251,19.09665075,19.73989419,19.63834756,19.59933752,20.0528618,20.69374008,20.29558358,20.34216081,19.900975,19.68240473,19.67611971,20.24289635,20.16214344,19.54412481,20.58330411,20.99110002,20.36929537,20.10115825,20.54180984,19.94222535,19.56750584,20.17610868,20.46291915,20.32992748,20.79863363,21.51075838,20.84001,21.22284076,20.93495037,20.49516958,21.09436038,21.46303583,21.09595724,20.96135455,21.60311253,22.05169835,21.74253664,21.4272407,22.07075507,21.41867453,21.04626475,21.90677932,21.77446005,21.96572995,22.34652533,22.9195831,22.81320541,23.1420545,22.77459098,22.55514991,22.60796415,23.45557423,23.53919133,22.62743533,23.99308703,24.27054198,24.10090761,24.00527725,24.47466573,24.24955148,24.08318894,25.14642957,25.7534368,25.88352157,27.11020306,27.57719656,27.64278008,28.37383669,28.20745649,28.15765936,28.96041742,29.25901135,29.06551983,29.32115184,30.91459302,31.35961782,30.76332678,32.2291367,31.81817087,32.1314579,34.72999311,33.84389537,34.66542863,35.00950219,36.79241112,37.24117958,38.46034739,38.44216172,35.78021532,35.97750957,35.63937132,37.77613656,38.45607143,40.8876932,41.67195388,40.06444256,42.15161998,43.33727213,44.00854208,44.39102056,45.54692413,46.79012799,45.9639763,45.56737091,48.08165973,51.04777009,49.11291556,53.61997934,53.17097931,54.45274808,56.47190897,57.64059819,61.01737548,64.48548071,67.03706572,65.37320438,66.17365761,68.79216289,71.16537816,73.23753931,77.65653698,79.37095061,82.0139986,84.2420318,89.23263234,92.45629026,94.18435632,99.26087624,101.7745897,107.7728994,110.2465147,110.1273386,108.3298334,113.678186,116.1046885,119.6436154,121.4486007,120.3314148,117.4627784,119.0093963,114.1933324,117.6271756,119.1191238,121.8020874,125.6598148,130.0751305,130.8304453,131.8358595,137.8295762,132.4050285,135.3645702,138.3393598,138.0743053,138.8502524,145.4406487,146.38338,139.9879437,139.9055852,140.7758479,142.5985087,144.1824604,150.4738686,153.6677823,154.9224169,159.6311754,155.898345,148.2079194,149.9870481,152.5846939,152.4461404,147.6715401,147.0295581,146.4950064,142.705214,142.3775168,140.5896213,142.3970702,118.0911127,122.8983734,131.6782327
Historical,GCP+CEDS+PRIMAP+GFED,World,Emissions|OC,Mt OC/yr,15.44571911,15.18652207,15.06331815,15.18110152,15.55687801,15.3566447,15.224911,15.70265811,15.51239542,15.57212293,15.84983774,15.69016847,15.52373214,15.52528558,14.98782879,15.67836176,15.35689165,15.39840415,16.09490642,15.73339846,15.74088026,15.31953257,15.14310849,15.20266756,15.87320978,15.58673515,15.39836145,15.67085313,15.89732797,15.62478596,16.04347702,15.79989258,15.70589109,15.59987731,15.25183199,15.72579705,15.45955208,15.70247532,16.36818721,15.9932612,16.04933567,15.6077056,15.46870601,15.47027658,16.15773509,15.8752362,15.65052989,15.93102069,16.1183808,16.02800772,16.23227141,16.05392467,16.06705506,15.82169522,15.69740877,16.08480216,15.94253128,16.10809021,16.75481576,16.43186945,16.51709918,16.18048053,15.9512798,16.0570481,16.71224681,16.47975792,16.41706046,16.50828854,16.8407378,16.65612601,16.98600851,16.85006527,16.7860126,16.52282585,16.49208848,16.79805641,16.61021396,16.78838594,17.5020597,17.18299055,17.30115674,16.86495044,16.75793957,16.85372519,17.44416036,17.15985452,17.25445956,17.34239318,17.63078818,17.49447442,17.59421063,17.73456759,17.57850278,17.20623478,17.19777545,17.58662467,17.38689656,17.75055486,18.32390928,18.06675743,18.2193431,17.71928277,17.50244531,17.65208167,18.33075513,17.98077391,17.97484299,18.28511628,18.47509774,18.44802036,18.55158125,18.43818984,18.41805854,18.06127741,18.09474162,18.63975887,18.36840989,18.77973672,19.34793159,18.90591697,19.27540068,18.7839216,18.42438288,18.97169467,19.34940715,18.79080778,19.06837161,19.12646422,19.2674499,19.53377318,19.41190613,19.3815025,19.21893374,18.77602449,19.10935285,19.27773955,19.13843683,19.40013762,19.89826555,19.62762464,19.86243726,19.29316768,19.07947516,19.2860739,19.94035647,19.64350384,19.32497778,19.70188916,19.62681977,20.00049056,19.8883608,19.6277286,19.48826209,19.16893662,19.81291824,19.87735625,19.75611502,20.29515292,20.50424796,20.24521646,20.74322558,20.16320882,19.90298394,20.2099357,20.76511937,20.24084094,20.14292945,20.39606626,20.58503185,20.4978098,20.61407016,20.04202036,19.68929143,20.73662942,20.15223091,20.13844336,19.98904471,20.2349615,20.27114456,20.58786436,21.16334158,19.96060369,20.34099262,20.18606268,20.88862917,20.74852588,21.41208584,21.06221736,20.44422021,21.17611437,20.7526167,20.66874991,21.23848975,21.02655089,21.19785432,20.7499186,20.37393239,20.23930143,20.71392692,21.28958279,22.30001984,20.53934225,21.09418808,21.64120148,21.6582277,21.56559731,22.58794017,23.49363742,21.80734341,21.54128939,21.44208972,22.79586812,22.02749011,24.13462748,21.97142096,22.25243773,21.9937041,23.08467755,22.3034415,21.51201916,22.12892164,22.45191071,24.79839715,22.66129916,22.76491799,22.25724907,23.53216317,23.47379922,24.06899324,24.22204584,24.20089913,23.74375305,27.07427523,23.20054817,24.06037766,24.49664661,24.57589289,25.92732243,25.81534501,24.94714117,25.87697877,32.86597321,25.04142624,26.26066848,31.24114766,27.67563436,26.62734207,36.1670707,35.56276436,28.15600254,25.53444589,25.27190424,31.05496214,31.29828128,29.00933461,29.10277266,30.37473436,29.04166536,27.32101633,27.25209296,29.92796375,27.50685994,30.51323839,27.61377276,30.42356831,32.69157901,28.06889635,28.4608572,28.46653331,33.71891376,28.73543668,33.61962366,25.61281002
Historical,GCP+CEDS+PRIMAP+GFED,World,Emissions|SF6,kt SF6/yr,0,0,0,0,0,0,0,0,0,0,0,0,0,0,0,0,0,0,0,0,0,0,0,0,0,0,0,0,0,0,0,0,0,0,0,0,0,0,0,0,0,0,0,0,0,0,0,0,0,0,0,0,0,0,0,0,0,0,0,0,0,0,0,0,0,0,0,0,0,0,0,0,0,0,0,0,0,0,0,0,0,0,0,0,0,0,0,0,0,0,0,0,0,0,0,0,0,0,0,0,0,0,0,0,0,0,0,0,0,0,0,0,0,0,0,0,0,0,0,0,0,0,0,0,0,0,0,0,0,0,0,0,0,0,0,0,0,0,0,0,0,0,0,0,0,0,0,0,0,0,0,0,0,0,0,0,0,0,0,0,0,0,0,0,0,0,0,0,0,0,0,0,0,0,0,0,0,0,0,0,0,0,0,0,0,0,0,0,0,0,0,0.004411343,0.016717424,0.035526319,0.059446107,0.087084863,0.117050665,0.147951593,0.178395718,0.206991118,0.232345877,0.255618553,0.278896275,0.302179968,0.325470557,0.348768945,0.372076068,0.395392851,0.418720209,0.442059057,0.465410329,0.487094561,0.506177783,0.523779148,0.541017768,0.559012805,0.57888338,0.601748625,0.628727694,0.660939718,0.699503828,0.773386644,0.904128641,1.081709822,1.296110077,1.537309431,1.795287773,2.060025202,2.321501501,2.569696874,2.794590999,3.023220645,3.280997374,3.555463426,3.834161252,4.104633303,4.354445156,4.571111089,4.742204983,4.855286213,4.872463802,5.081098951,5.144415891,5.149817295,5.124750724,5.261406293,5.269756316,5.077731443,4.847959183,4.81092133,4.683148513,4.632103907,6.842594234,7.096112909,7.359276326,6.987995484,6.467899949,6.809972109,6.996576868,6.909724901,6.832965156,7.041869928,7.404401199,7.687602421,7.806662038,7.998412347,8.184724041,8.489636729,8.984266041,9.280083537,9.645990725,10.04516083,10.28978424
Historical,GCP+CEDS+PRIMAP+GFED,World,Emissions|SO2F2,kt SO2F2/yr,1.06E-05,1.06E-05,1.06E-05,1.06E-05,1.06E-05,1.06E-05,1.06E-05,1.06E-05,1.06E-05,1.06E-05,1.06E-05,1.06E-05,1.06E-05,1.06E-05,1.06E-05,1.06E-05,1.06E-05,1.06E-05,1.06E-05,1.06E-05,1.06E-05,1.06E-05,1.06E-05,1.06E-05,1.06E-05,1.06E-05,1.06E-05,1.06E-05,1.06E-05,1.06E-05,1.06E-05,1.06E-05,1.06E-05,1.06E-05,1.06E-05,1.06E-05,1.06E-05,1.06E-05,1.06E-05,1.06E-05,1.06E-05,1.06E-05,1.06E-05,1.06E-05,1.06E-05,1.06E-05,1.06E-05,1.06E-05,1.06E-05,1.06E-05,1.06E-05,1.06E-05,1.06E-05,1.06E-05,1.06E-05,1.06E-05,1.06E-05,1.06E-05,1.06E-05,1.06E-05,1.06E-05,1.06E-05,1.06E-05,1.06E-05,1.06E-05,1.06E-05,1.06E-05,1.06E-05,1.06E-05,1.06E-05,1.06E-05,1.06E-05,1.06E-05,1.06E-05,1.06E-05,1.06E-05,1.06E-05,1.06E-05,1.06E-05,1.06E-05,1.06E-05,1.06E-05,1.06E-05,1.06E-05,1.06E-05,1.06E-05,1.06E-05,1.06E-05,1.06E-05,1.06E-05,1.06E-05,1.06E-05,1.06E-05,1.06E-05,1.06E-05,1.06E-05,1.06E-05,1.06E-05,1.06E-05,1.06E-05,1.28E-05,1.51E-05,1.53E-05,1.54E-05,1.55E-05,1.56E-05,1.58E-05,1.59E-05,1.60E-05,1.61E-05,1.63E-05,1.64E-05,1.65E-05,1.66E-05,1.68E-05,1.69E-05,1.70E-05,1.71E-05,1.73E-05,1.74E-05,1.75E-05,1.76E-05,1.78E-05,1.79E-05,1.80E-05,1.81E-05,1.83E-05,1.84E-05,1.85E-05,1.86E-05,1.87E-05,1.89E-05,1.90E-05,1.91E-05,1.92E-05,1.94E-05,1.95E-05,1.96E-05,1.97E-05,1.99E-05,2.00E-05,2.01E-05,2.02E-05,2.04E-05,2.05E-05,2.06E-05,2.07E-05,2.09E-05,2.10E-05,2.11E-05,2.12E-05,2.14E-05,2.15E-05,2.16E-05,2.17E-05,2.19E-05,2.20E-05,2.21E-05,2.22E-05,2.24E-05,2.25E-05,2.26E-05,2.27E-05,2.28E-05,2.30E-05,2.31E-05,2.32E-05,2.33E-05,2.35E-05,2.36E-05,2.37E-05,2.38E-05,2.40E-05,2.41E-05,2.42E-05,2.43E-05,2.45E-05,2.46E-05,2.47E-05,2.48E-05,2.50E-05,2.51E-05,2.52E-05,2.53E-05,2.55E-05,2.56E-05,2.57E-05,2.58E-05,2.60E-05,2.61E-05,2.62E-05,2.63E-05,2.64E-05,2.66E-05,2.67E-05,2.68E-05,2.69E-05,2.71E-05,2.72E-05,2.73E-05,2.74E-05,2.76E-05,2.77E-05,2.78E-05,2.79E-05,2.81E-05,2.82E-05,2.83E-05,2.84E-05,0.000105178,0.003215695,0.008024865,0.010855162,0.013290927,0.016734519,0.021055439,0.026575202,0.033456007,0.041796667,0.052123456,0.063962126,0.076982016,0.090724088,0.105007227,0.120195436,0.13648261,0.153913201,0.172505744,1.413098433,2.679907891,1.78389785,0.732974797,0.60130265,0.759106353,1.141052363,1.367957421,1.196833185,0.946807097,0.75344533,0.508445705,0.467360975,0.828577044,1.098703166,1.064025111,1.156244006,1.351362301,1.285273799,1.262531412,1.330250228,1.215790312,1.198450703,1.372712843,1.661307521,1.911330119,1.76306164,1.776367099,1.861036364,1.580322167,1.570018171,1.839295643,2.141322964,2.359107889,2.610899181,2.951758716,2.877229476,2.667678859,3.060124438,3.067711778,2.8187414,2.824423798,2.975709893,3.148595528,3.148595528
Historical,GCP+CEDS+PRIMAP+GFED,World,Emissions|Sulfur,Mt SO2/yr,2.293964929,2.262804817,2.257382334,2.266406137,2.318721965,2.298963957,2.280606877,2.364918987,2.33519875,2.330580764,2.357932413,2.365625295,2.321963728,2.337295637,2.285289432,2.352779477,2.341965658,2.338375781,2.449768928,2.404202267,2.415743097,2.297635366,2.277581769,2.278008125,2.369468829,2.33815042,2.310742045,2.361161211,2.399801265,2.343289126,2.388664326,2.38912768,2.355810534,2.35211663,2.321314172,2.366320154,2.360633502,2.395653826,2.489638116,2.433654999,2.441670163,2.400141518,2.396539629,2.385196028,2.477223643,2.444786127,2.407416023,2.474077758,2.51794928,2.494166533,2.529801265,2.521143838,2.542952467,2.509854123,2.523650015,2.563415529,2.570974424,2.603109685,2.686339195,2.636296438,2.652218313,2.630838507,2.616325987,2.623240294,2.719741192,2.705453002,2.717808876,2.753063072,2.816524123,2.769591108,2.813203582,2.819486578,2.805592953,2.80365453,2.836083806,2.876734623,2.864843844,2.928696668,3.035607921,2.993698465,3.192212881,3.108562428,3.116620947,3.13746392,3.227647552,3.222073322,3.351404766,3.375938445,3.461873485,3.466993383,3.523028587,3.600994045,3.627305218,3.633616105,3.762887187,3.929200538,3.918721874,4.098582663,4.243069616,4.304843129,4.435297885,4.39358234,4.437078354,4.521070778,4.908616954,4.905258029,5.053351346,5.167370649,5.269287314,5.452098842,5.723728816,5.866212206,5.892747046,6.107204299,6.403090116,6.69290526,6.80889573,7.20458526,7.450110132,7.717382717,7.917821734,8.282216126,8.844900481,9.362109959,9.26730457,9.65567473,9.889801531,10.16887214,10.29538714,10.8772902,11.82860416,12.24952831,12.77674983,13.39541384,13.64978407,13.77213379,13.87804041,14.40759322,15.6820643,15.69937319,16.87080168,17.54921536,17.84093682,17.73527253,18.42555594,19.37857291,19.97213486,20.93680249,22.03686052,23.86009174,24.98852395,25.98506128,26.71754102,28.8060811,29.39010486,31.18957885,33.05055789,36.30685549,34.95771352,36.62054098,38.24875916,38.57835297,39.90504024,41.60877611,38.0558241,37.89017603,41.16715618,42.87220577,42.35184436,36.30824089,40.2921372,34.38154801,36.16789485,39.57100759,39.61698926,39.94047952,40.9683447,43.39826694,43.59311732,46.58525524,43.23902734,38.31213913,34.06753015,35.90908226,39.63465854,42.83255414,45.95374212,49.43629448,46.11896626,49.17978586,54.26576053,56.27482602,57.34910542,58.4110965,56.98449428,49.23254214,48.39949489,53.93873727,56.58560587,53.6957199,57.87234846,61.31493364,62.94256836,64.134899,65.83361736,71.71050784,76.61972193,79.18324955,80.96872125,84.61748103,89.68110084,91.00422749,93.58089856,96.8940325,101.4498003,104.1699329,107.0226102,107.774912,112.7101521,117.2003688,124.9318134,125.4989404,129.1643352,135.224631,133.3970874,131.7570899,137.9791626,138.8190719,139.3856956,142.0239343,141.4750378,137.0943086,134.4623992,132.300611,133.5608106,133.9626272,133.5521093,135.9238481,137.0572217,136.6594642,137.2244139,135.1604265,129.8670526,128.0245807,125.0463463,122.3321836,119.5536552,120.0052099,117.1993677,110.9458472,110.2168331,111.1873664,110.8012524,115.1814988,120.6954535,125.791319,126.9964955,125.5055218,122.0711626,113.6290234,109.5939471,111.5619174,108.9551183,103.8440417,99.2711876,94.40598623,90.23043277,87.05714658,86.56840083,85.78534351,70.63867348,72.31511845,76.86122332
Historical,GCP+CEDS+PRIMAP+GFED,World,Emissions|VOC,Mt VOC/yr,60.62284009,59.69173298,59.36659532,59.63441601,60.88020615,60.43696018,59.68964917,61.88033094,61.05397661,61.06658618,61.8111541,61.60943877,60.65524496,60.75701505,59.19874905,61.26344695,60.4950276,60.52965321,63.14524273,61.59379615,61.61131348,60.07364773,59.50790378,59.57509982,61.97623583,61.20831184,60.18045617,61.57041202,62.46430785,61.18614367,62.44292501,61.88763973,61.18360568,60.80252704,60.04439271,61.20321785,60.62742875,61.46914934,63.97981425,62.35543456,62.57300473,60.94799985,60.56325386,60.31977687,62.77516909,61.98257133,60.7314989,62.21650128,62.94523219,62.2464107,62.75541801,62.42330004,62.08802543,61.17289852,61.2652674,62.09803631,62.00791131,62.49390973,65.01108897,63.50893179,63.77815704,62.63960925,61.79896673,61.95821394,64.31943917,63.70421386,63.10971253,63.78291636,65.11444047,64.10971298,65.06734608,64.85189853,64.10020995,63.14153157,63.58050238,64.08145766,63.71899627,64.30065629,66.96085182,65.5002466,65.87550771,64.27995773,63.94900192,64.02783071,66.07251442,65.20884876,65.19177961,65.81285961,66.94602613,66.11784674,66.06715638,66.96351054,65.94403973,64.45263621,64.92115446,65.72053754,65.28530389,66.4926934,68.59053712,67.49066446,67.85518471,66.01887834,65.15283629,65.51484785,67.86807564,66.71789437,66.23881356,67.79835223,68.54235821,68.03281646,68.06067445,67.97499624,67.45021782,66.00691167,66.51960038,68.10775061,67.3839374,68.74502645,70.85728983,68.99795028,70.1852257,68.50245644,67.03474571,69.06463406,70.44596902,68.57425606,69.29476996,69.8687997,70.57368161,71.16989894,70.40172524,70.79075671,69.81774392,68.11426927,69.76242371,69.98512043,69.89429087,70.80459255,72.50683015,71.67978945,72.45856382,70.51809072,69.74709411,70.43093288,72.91129061,72.12913397,70.54189425,72.5333177,72.39992062,73.34766144,72.80770537,72.44711909,71.99137751,70.82720048,73.57107438,74.1186522,73.81974334,76.17604042,77.28797023,76.57445211,78.4571683,76.68763051,75.75305997,77.22010719,79.42013287,77.89294978,77.74061983,79.56342566,80.55297922,80.8335948,81.97123354,80.27559729,79.57844671,84.65265139,81.88894197,82.46947362,82.24940541,84.54493861,85.10029492,86.99644587,89.29539178,84.33616402,85.91102071,85.43134645,88.84427854,88.95711866,92.62145366,92.31710441,89.86506825,93.27944533,92.25929361,92.50020244,93.80638513,94.14849282,96.38227275,95.66006075,94.16331496,95.62235579,99.99003795,101.2436943,106.8530015,102.024988,105.6184368,109.3338331,111.052354,113.890198,121.080252,126.0838898,119.2201791,120.1794557,122.6520854,132.7670783,129.2922823,144.5508834,135.1107874,141.5752831,142.8835458,151.1873199,150.9869558,152.8433638,162.4245525,165.3916867,180.7685618,172.0678235,171.432505,167.4929864,176.0285799,178.378429,182.3671459,184.3494836,182.5134394,177.9280978,196.3387858,173.1506194,177.6195076,178.62603,181.0094,188.8791791,187.9975203,185.2076596,189.366856,231.4318495,185.4299375,191.8199845,219.7415082,196.3569335,191.3857969,256.0833188,223.6316519,196.5586307,187.3291164,187.9896322,210.0686518,204.8470839,205.7104478,207.6552274,217.5327631,204.9318416,196.4979335,199.6027638,206.7710298,201.5102274,213.5207063,203.4182354,219.0879959,232.3323808,204.6707461,204.6332488,203.7546481,222.4707839,188.4430938,205.0763957,188.408051
Historical,GCP+CEDS+PRIMAP+GFED,World,Emissions|c-C4F8,kt cC4F8/yr,0,0,0,0,0,0,0,0,0,0,0,0,0,0,0,0,0,0,0,0,0,0,0,0,0,0,0,0,0,0,0,0,0,0,0,0,0,0,0,0,0,0,0,0,0,0,0,0,0,0,0,0,0,0,0,0,0,0,0,0,0,0,0,0,0,0,0,0,0,0,0,0,0,0,0,0,0,0,0,0,0,0,0,0,0,0,0,0,0,0,0,0,0,0,0,0,0,0,0,0,0,0,0,0,0,0,0,0,0,0,0,0,0,0,0,0,0,0,0,0,0,0,0,0,0,0,0,0,0,0,0,0,0,0,0,0,0,0,0,0,0,0,0,0,0,0,0,0,0,0,0,0,0,0,0,0,0,0,0,0,0,0,0,0,0,0,0,0,0,0,0,0,0,0,0,0,0,0,0,0,0,0,0,0,0,0,0,0,0,0,0,0,0,0,0,0,0,0,0,0,0,0,0,0,0,0,0,0,0.000703083,0.104552115,0.4069613,0.777854777,1.094401545,1.325722827,1.490876232,1.612789462,1.644803931,1.654577904,1.5951697,1.499629721,1.41480187,1.313141235,1.187256064,1.055929731,1.046259301,1.048356387,0.936180965,0.942381788,1.011584414,0.993205646,1.046942158,1.225556801,1.359137954,1.415228412,1.61196652,1.841259036,1.81194993,1.561722377,1.242774324,1.034510729,0.853563632,0.733522111,0.557525269,0.536675169,0.559692543,0.585138594,0.65553618,0.717172775,0.696054035,0.70201992,0.729325842,0.58191466,0.67129626,0.697326152,1.00442573,0.980986762,1.035463311,1.411182857,1.174511954,0.804975008,0.844767848,0.800683763,0.809643682,0.872954625,0.886231802,0.840849625,0.882270225,0.897604279,0.897405992,0.956655454,0.996241869,1.044893376,1.050797404