Case,Model,Scenario,Region,Variable,Unit,1750,1751,1752,1753,1754,1755,1756,1757,1758,1759,1760,1761,1762,1763,1764,1765,1766,1767,1768,1769,1770,1771,1772,1773,1774,1775,1776,1777,1778,1779,1780,1781,1782,1783,1784,1785,1786,1787,1788,1789,1790,1791,1792,1793,1794,1795,1796,1797,1798,1799,1800,1801,1802,1803,1804,1805,1806,1807,1808,1809,1810,1811,1812,1813,1814,1815,1816,1817,1818,1819,1820,1821,1822,1823,1824,1825,1826,1827,1828,1829,1830,1831,1832,1833,1834,1835,1836,1837,1838,1839,1840,1841,1842,1843,1844,1845,1846,1847,1848,1849,1850,1851,1852,1853,1854,1855,1856,1857,1858,1859,1860,1861,1862,1863,1864,1865,1866,1867,1868,1869,1870,1871,1872,1873,1874,1875,1876,1877,1878,1879,1880,1881,1882,1883,1884,1885,1886,1887,1888,1889,1890,1891,1892,1893,1894,1895,1896,1897,1898,1899,1900,1901,1902,1903,1904,1905,1906,1907,1908,1909,1910,1911,1912,1913,1914,1915,1916,1917,1918,1919,1920,1921,1922,1923,1924,1925,1926,1927,1928,1929,1930,1931,1932,1933,1934,1935,1936,1937,1938,1939,1940,1941,1942,1943,1944,1945,1946,1947,1948,1949,1950,1951,1952,1953,1954,1955,1956,1957,1958,1959,1960,1961,1962,1963,1964,1965,1966,1967,1968,1969,1970,1971,1972,1973,1974,1975,1976,1977,1978,1979,1980,1981,1982,1983,1984,1985,1986,1987,1988,1989,1990,1991,1992,1993,1994,1995,1996,1997,1998,1999,2000,2001,2002,2003,2004,2005,2006,2007,2008,2009,2010,2011,2012,2013,2014,2015,2019,2020,2030,2040,2045,2050,2053,2060,2070,2080,2090,2100
A,Current policies,Median|Harmonized|KyotoFromPrice_incrate2_MESSAGEix-GLOBIOM_1.1_EN_NPi,World,BC,Mt BC/yr,2.0967656094612304,2.071971538271485,2.067178349365188,2.0703817893270706,2.0985861115724007,2.0977891893935445,2.07136319662617,2.1465637855989463,2.119763130147536,2.11596123027194,2.1311559592645266,2.136703326295822,2.100696515026073,2.10568846943969,2.0746791895366785,2.1226686753170334,2.109392767621556,2.111379784768649,2.186365567599111,2.136350116112941,2.1383334303101407,2.099110917701551,2.090110985485277,2.0911077552394994,2.1531012269642167,2.147091400659433,2.114894932055974,2.168878509692181,2.196858789298888,2.157835770876088,2.1889596057196807,2.1848584302997804,2.156728921455819,2.146599492801231,2.1404578288333806,2.161329955461797,2.1535191020186453,2.1803801449125784,2.254321061069895,2.203286692747988,2.211259668625768,2.167613842016425,2.1608385706833646,2.14790232610409,2.208918949759636,2.197965574385673,2.1525836274977657,2.2083615114765163,2.229054543470697,2.201946385524731,2.2097300783783584,2.212946586119244,2.197216204814192,2.1742665963305807,2.196124970711811,2.2095929096204165,2.216691103853465,2.234134369658822,2.310787210777329,2.261846680025805,2.274035725513972,2.246966990425418,2.226481787144761,2.226265248328221,2.2863837502151947,2.2817584680037,2.259806004613241,2.291075044192348,2.330717119279797,2.298800178856345,2.320366226287178,2.3280583573567504,2.2964849746114884,2.276689219594342,2.3099750747314305,2.316517521292834,2.3155641872407946,2.3396845264040023,2.41890677912337,2.37260739478434,2.396191032601622,2.353843980678467,2.3515912297434407,2.3510595531165905,2.406306997785964,2.399201792619178,2.402120864778317,2.433656249734132,2.471501778305861,2.446908058428376,2.4422170333943383,2.484904110266705,2.4436115438378314,2.4055468035772902,2.4419346069135903,2.4657001707394204,2.465543112646614,2.516519271895681,2.577188536789053,2.5488513757488565,2.5678371555067923,2.523565166304164,2.5084661191399173,2.5244503655444044,2.6053535563753907,2.588395791145352,2.5737082531933275,2.634357731701831,2.6602984102436955,2.649542163681698,2.6564779946858623,2.67539234411094,2.65509444774139,2.627532080645409,2.672052097334157,2.7226349714148945,2.7129834195428906,2.776919539816383,2.8476388399267565,2.804600920407938,2.850641052383301,2.8214816093559723,2.8048487254210963,2.8759823039047774,2.90294587065074,2.870447548194408,2.884455128218679,2.92093759347938,2.9454807103928395,2.9767040151898305,2.979011862872781,3.0197487015461366,3.0078597159913647,2.987262144804004,3.0541693442937783,3.060324715238832,3.0746066403729806,3.121666504836311,3.2163852578666496,3.189220373940735,3.254897977304661,3.229514916272789,3.2242606907923133,3.240576043493044,3.318657700220226,3.3436411670542405,3.301338889508308,3.397703715194779,3.4315414312356847,3.500216553847437,3.5108566256510274,3.5367648318670755,3.534385760121188,3.5592225931183643,3.6315893545297824,3.696618265817381,3.734784888880154,3.880250388136069,3.865180699470456,3.885499787063385,3.9729637342528,3.943317932590152,3.957312012286773,4.045041467162073,3.994319528759224,3.964232768853323,4.020565681254354,4.123371130489197,4.127514993005597,3.9380751617822938,4.078428451148834,3.902840965689001,3.903819160731535,4.239619937635342,4.1379193396697564,4.168811856781872,4.131512745965076,4.214826666569674,4.166145204963687,4.224178755369573,4.173963708844665,3.93098047972776,3.908341302957665,3.895097315581966,4.056482796422021,4.081845109564061,4.249397247106342,4.25158119443724,4.106962966422042,4.245341558997884,4.275042315818044,4.333352610801654,4.423154663560002,4.4412120131836135,4.44293054163848,4.210853695666977,4.161869879441373,4.153796872121993,4.238231099153874,4.30758045079744,4.485656388020499,4.318932192191574,4.367243287060872,4.433921416531317,4.487770554351322,4.56676655933338,4.800663590712143,4.9787629951318095,4.946343168358697,5.029655309577164,5.141081489845094,5.147694357012168,5.154658661109372,5.338068542427597,5.180871108610841,5.195661311137665,5.211114335587503,5.314084838081458,5.298081870693366,5.316066298949716,5.459856444597341,5.577047869667343,5.872700064964517,5.779569979014145,5.84123330849879,5.86063301256892,6.103687648571628,6.236698225213448,6.476835746542289,6.539956612732321,6.440528700817964,6.352058506648234,6.675773036593816,6.360345525449008,6.553494000364888,6.638687766673304,6.775036169548928,6.97407441025641,7.158724884402355,7.095501861065952,7.294464475554437,7.787367911287963,7.127610460956472,7.316642330893157,7.781741303129326,7.781096533309196,7.635056325092877,8.209142997568044,8.247757290588599,7.478531603674823,7.113418899499503,7.204673758199151,7.588355871885799,7.668078438485093,7.85600389984557,8.028732937562364,7.96052174986425,8.168771954321528,7.936498963006227,7.861838906737685,8.306296219725624,7.973211128150686,8.162565730833903,7.842259345935568,7.934828048081975,9.727423576882977,9.002700022803444,8.8373366385135,6.892077407337947,5.664298389776697,5.043576398472187,4.422854407167676,4.232209945086175,3.787372866896004,3.1260101749621234,2.475662576217916,1.924835392284872,1.8483978700937185
A,Current policies,Median|Harmonized|KyotoFromPrice_incrate2_MESSAGEix-GLOBIOM_1.1_EN_NPi,World,CH4,Mt CH4/yr,38.246272000000005,38.106144,38.070994,38.237775,38.585534,38.536248,38.486099,38.975721,38.839298,38.998828,39.253289,39.211753,39.147955,39.180111,38.85922,39.425283,39.300568,39.376538,39.995461,39.730337,39.793167,39.675569,39.746205,39.994775,40.733277,40.745712,40.791254,41.257554,41.609788,41.635954000000005,42.150077,42.088699000000005,42.130624,42.116507,42.0023,42.426057,42.411573,42.693193,43.335724,43.100213,43.255637,42.95581,42.871773,42.902279,43.479549,43.324898,43.159712,43.464262,43.616775,43.612303,43.793132,43.843523,44.075984,44.016999000000006,44.186449,44.599492,44.759671,45.051418,45.760542,45.63137999999999,45.90274,45.795348,45.740241,45.96237599999999,46.622999,46.61087500000001,46.69318499999999,46.947908,47.306059000000005,47.333118000000006,47.715634,47.847937,48.037837,48.035784,48.329572,48.738418,48.911177,49.293893,50.109381,50.030188,50.458158000000005,50.341223,50.491235,50.817617,51.534549,51.576848,51.96851,52.293309,52.753405,52.927779,53.251009,53.585087,53.690507,53.574114,53.856064,54.352226,54.455356,54.985109,55.633324,55.635374,56.006018,55.747822,55.766516,56.109117,57.030418,56.972204,57.230187,57.670408,57.967338,58.259523,58.654846000000006,58.836455,59.020612,59.047924,59.449913,60.144933,60.327989,60.862704,61.537904000000005,61.468841,61.939188,62.010174000000006,62.315168,63.274071,63.740415,63.880714000000005,64.463432,64.905498,65.353551,66.105333,66.66126200000001,67.270763,67.74754300000001,68.017385,68.743014,69.242357,69.66134,70.480253,71.68807100000001,71.895303,72.92557,73.12366,73.400688,73.848839,75.032418,75.609712,75.921352,76.96440700000001,77.649802,79.00918399999999,79.763318,80.279163,80.784894,81.629711,82.68630800000001,83.616537,84.60206600000001,86.673339,86.899633,87.658263,88.949517,89.256641,89.84919500000001,91.500046,91.207873,91.222773,92.618233,93.918991,93.858809,93.061605,95.232432,93.460501,94.849139,98.332608,98.721948,99.550263,99.728457,102.434994,103.104406,105.306349,106.07097,104.763816,105.108175,106.416628,109.184347,110.753121,113.96882,115.7332,115.66284,118.15214,119.9927,121.78269,123.46607,125.50281,127.35182,126.35691,129.39088,133.37181,135.75227,138.27887,141.41637,144.20284,147.96745,151.90604,155.82484,162.52719,168.78112,174.34383,175.60208,182.51956,187.61464000000004,192.73004,193.33175,202.30453,202.03502,208.72377,215.057,219.33546,221.36909,227.10628,233.25097,234.48299,243.10197,245.03529,246.27738,249.44602,254.01744,257.46025,258.69927,265.17915,264.4543,258.54708,268.20999,261.58913,265.99195000000003,270.237,273.86648,278.99061,281.73679000000004,286.97351000000003,291.75191,305.24483000000004,289.11581,291.23085999999995,303.80032,298.66624,300.53934,323.9287374569756,306.3032193977038,301.8969494986439,304.78053184966853,305.08007056730924,311.8377963534251,316.8591076895892,323.4496863713733,328.6400357973078,338.6915168245732,335.5126328889401,337.1140572401039,337.8155488609667,343.17600678741104,350.39231677232726,356.14077202353855,352.7283537870203,360.61993138588247,365.7112915258411,379.21681178583617,381.04072636707815,344.7953129405054,314.7974663188755,290.90088050256054,267.00429468624554,258.1660991417696,237.5436428713257,213.78505093865647,194.1104078067201,165.21272802174292,169.749300054328
A,Current policies,Median|Harmonized|KyotoFromPrice_incrate2_MESSAGEix-GLOBIOM_1.1_EN_NPi,World,CO,Mt CO/yr,348.4549731849569,343.853051472552,342.4238604059472,343.6011634862167,349.7411971581965,348.069843185946,343.93077392761575,355.8636399340545,351.761118296263,351.42920901424134,355.063794068408,354.6247906706158,349.16571540954,349.97525337634784,342.64540457103953,352.8471689936149,349.29032527411044,349.5253067949312,363.2979015436357,354.93310952022387,355.2679307246957,347.7641800514892,345.1989224536411,345.67701861549017,358.00346853703616,354.9472722182793,349.46758301485335,357.438083830264,362.6479384053716,355.8181467401764,362.2175823832264,359.9716731378132,355.9273166844743,354.16653988158544,351.1268486950836,356.68419424563217,354.0747871357951,358.6617991811911,371.9488561893258,363.3070133707674,364.74493490103055,356.5122045678039,354.7774694257974,353.2264852452193,365.57593076456726,362.0452504743569,354.9940273653143,363.3915769309464,367.4879094707558,363.3174123982342,365.66750682252825,364.7398265471246,362.7793707791722,358.45768561251805,360.0291243914408,364.1068425513644,364.1368593430047,367.0121021279135,380.5460481268483,372.6395284367811,374.5222306176834,369.06292809588007,365.0373138949561,365.700815937917,377.7679824273595,375.35967014498766,372.086396622072,376.2156269774233,383.6837409677249,378.1019958067444,382.9006023640485,382.66308483526177,378.4295514445469,374.1228278158811,377.4491433650887,380.03039464852856,378.5351177746513,382.1855940292229,396.4131476213273,388.8882688522333,391.7198357890122,383.8133076849341,382.6535650661125,383.0834256473796,393.77575138926,390.1693769642325,390.2370549093755,394.342336714034,400.88625151868825,396.4927587161413,396.1285740749223,401.92935619556033,396.5334323011719,389.2681503753454,392.87086294062846,397.2875959577792,395.3669659405794,402.43884649754045,413.7361941456009,408.415896029276,410.9764287487393,401.7666013490305,397.6605045801185,399.80018221315066,412.69866750347103,407.37028133536097,404.781881544942,413.9899387017472,418.3853266773859,415.6986139169386,416.1716739561812,416.6765385875779,413.6000795021018,406.8157742839148,410.6419748349246,419.180458477768,415.8074106444868,423.6793290434391,435.0192580312962,425.70812181340193,432.43907550346864,424.4334402737337,417.7097325269359,428.67777436401184,435.3991281472737,426.42999851158777,429.640037027459,433.579004056342,437.5681887654498,440.5898920317183,437.696728381263,440.711374801454,435.923599424743,428.0896459071601,437.1628150587892,438.1580090558806,437.902746137773,443.280362521347,453.6136124088803,449.0923710899031,454.7131597201184,445.52016182639136,441.8178995277467,444.94352456791023,458.142971933813,455.4696739508447,446.4454276984831,457.9447541435623,458.1455362586295,463.6917630557393,461.19043048214,459.8151325226077,457.38751491667546,453.1134963844663,466.4288378250181,471.1681019815717,470.3587865692667,485.0253280562813,487.4579700434228,485.0024151111468,495.9392790752821,487.1597777278829,484.26325882613287,493.9459718536515,500.0326739973304,491.0497352130593,491.5196146262008,502.270465987132,506.0591995698821,498.8768453751173,508.73472779791007,494.881522320432,492.3121840772167,526.4697640691863,511.3905788356258,514.4791341202026,511.89318604305225,525.0820964358743,525.2821397530529,535.3578338674242,541.130945351334,510.3460740921445,515.5468311949554,513.12054001977,532.6633294892717,533.9364224712212,554.8714833283648,554.1843787840817,537.344661892203,556.3498584988156,553.0533202077968,556.2434438938719,564.2586951329373,565.6947131174502,574.8386596360062,564.8341902368531,556.2423080534037,562.2886227595822,584.136103701544,588.0016246710268,617.6107910836586,591.1969177443217,606.2277735165969,623.564673808876,629.4653302855627,641.8956820005696,675.4736788771766,697.4749175258452,663.284167366922,666.8363736923128,672.2368311640078,709.3950731758207,691.7570475276038,758.266860255332,709.3510259121194,730.6410580747736,732.4024531055795,767.5772792422499,762.145232711247,767.9742119205669,802.5131466078152,814.7563817854918,886.7152517275345,842.0370530919374,840.8848176493934,833.8698427241653,871.1305104573489,883.5919772242157,909.762403576013,910.19850958734,905.0629411433764,890.8021453744932,984.7065767586964,879.0101622670202,903.6820244872788,924.2292428532572,930.690484338132,967.6539272936822,965.1513719796736,945.2244210207956,954.2151757976516,1148.572422183351,932.3410091080444,960.2380218604528,1081.3153501726963,977.3439963769316,942.1202315447332,1223.2338579068305,1098.675748892164,951.7034593945712,900.240434008397,895.7549032326314,985.387726686647,960.9676886942268,960.9738425983422,967.9322511565651,996.7825680501536,944.6736976144492,888.557731757935,891.1349347531929,926.5620168063364,883.8705764043774,927.863738261658,873.0171358681735,927.4582396926074,934.3498846847745,892.8851464316411,884.2520875537838,799.6406082593485,701.3816783718386,640.8157912907498,580.2499042096609,551.8288483164831,485.5130512324015,416.118401222841,347.72111144890727,284.0227253107145,268.117939795255
A,Current policies,Median|Harmonized|KyotoFromPrice_incrate2_MESSAGEix-GLOBIOM_1.1_EN_NPi,World,CO2 AFOLU,Mt CO2/yr,0.0109921738406461,0.0329765215219382,0.0549608692032304,0.0769452168845225,0.0989295645658147,0.120913912247107,0.142898259928399,0.164882607609691,0.186866955290983,0.208851302972275,0.230835650653568,0.25281999833486,0.274804346016152,0.296788693697444,0.318773041378736,0.340757389060028,0.36274173674132,0.384726084422613,0.406710432103905,0.428694779785197,0.450679127466489,0.472663475147781,0.494647822829073,0.516632170510365,0.538616518191658,0.56060086587295,0.582585213554242,0.604569561235534,0.626553908916826,0.648538256598118,0.670522604279411,0.692506951960703,0.714491299641995,0.736475647323287,0.758459995004579,0.780444342685871,0.802428690367163,0.824413038048456,0.846397385729748,0.86838173341104,0.890366081092332,0.912350428773624,0.934334776454916,0.956319124136209,0.978303471817501,1.00028781949879,1.02227216718008,1.04425651486138,1.06624086254267,1.08822521022396,1.11020955790525,1.13219390558655,1.15417825326784,1.17616260094913,1.19814694863042,1.22013129631171,1.24211564399301,1.2640999916743,1.28608433935559,1.30806868703688,1.33005303471817,1.35203738239947,1.37402173008076,1.39600607776205,1.41799042544334,1.43997477312464,1.46195912080593,1.48394346848722,1.50592781616851,1.5279121638498,1.5498965115311,1.57188085921239,1.59386520689368,1.61584955457497,1.63783390225627,1.65981824993756,1.68180259761885,1.70378694530014,1.72577129298143,1.74775564066273,1.76973998834402,1.79172433602531,1.8137086837066,1.83569303138789,1.85767737906919,1.87966172675048,1.90164607443177,1.92363042211306,1.94561476979436,1.96759911747565,1.98958346515694,2.01156781283823,2.03355216051952,2.05553650820082,2.07752085588211,2.0995052035634,2.12148955124469,2.14347389892598,2.16545824660728,2.18744259428857,2.64328804346016,2.73294754142036,2.7802627430411,2.83958384120112,2.87522291149779,2.8853234979047,2.90127436350013,2.94052863763772,2.96019241528599,3.0094129270391,2.85510723336941,2.75203728332362,2.7272682516027,2.713979934782,2.68751322287903,2.64025908889074,2.6584083892543,2.6708539727472,2.64188348791386,2.62639673632504,2.85338512613438,2.95448869841534,3.00399012127772,3.07133550634141,3.12942303832598,3.15238446812644,3.18264958676768,3.24111573807343,3.30004600338578,3.33066531429523,3.37369356811811,3.3395201210002,3.40547316404407,3.47561544667388,3.48365194710404,3.47781388144201,3.5258863217051,3.58361966142148,3.59302407681847,3.58510971165321,3.84898295146116,3.95594901645712,3.998427661588,4.07560493547581,4.11148827630227,4.1515120026087295,4.193721950156809,4.20780414619932,4.239082987539209,4.29858728859658,4.3773889615074895,4.41803557766493,4.48638247190076,4.49612886603946,4.58335787222825,4.598038531068729,4.62404112896512,4.66654420114895,4.70532214775344,4.7459321233314,4.64277667860016,4.608517736796809,4.549868382593751,4.538705219382231,4.53644571698164,4.49026637332445,4.442951171703729,4.42844150223408,4.45549446340854,4.41338222407239,4.60848109621734,4.73189878139484,4.79413891238586,4.78805657619403,4.80703639635888,4.87480925484972,4.858382061721209,4.86690710321093,4.87515123359142,4.88916014847502,4.9640290658563,5.0353804876085695,5.091697058252151,5.11241119917854,5.161472935087289,5.16457517081563,5.19038235228819,5.176483359143,5.203756163794311,5.206382071989551,5.34206213776259,5.514736975272671,5.55015620209254,5.53902967946049,5.539750277523391,5.50550354924652,5.48983359476035,5.44364203757668,5.36867541198347,5.31671907029668,6.06716699192407,6.16293325312909,6.30495213915024,6.41730436932812,6.57235508811369,6.79352983931396,6.992708029306471,7.17300410734606,7.3819653320567395,7.77339664252215,6.83128184969333,6.54944251241916,6.074116488496671,5.8773565767491,5.735178914883569,5.2056370468737,5.03462324896624,5.170730788166391,5.23243352399188,4.911608610162889,5.11426765520494,4.81939648516639,4.8223033044709,4.69536812366443,4.56423148974552,4.6128779657536,4.59089361807231,4.59129666444647,4.456508186107191,4.22969078566868,4.40657928981767,4.65499020508979,4.67673028224128,5.15976304137874,5.96704050176226,5.50439211833598,5.69290789970306,5.51465148058725,5.29877739988344,5.240934138428649,5.16698123553409,4.94661257708213,5.22318788443926,5.12914373046928,5.776521702050911,5.63957142952294,5.99740332861544,7.481114740099369,6.16522939610911,6.00409634113175,5.37574704382095,5.03624764798934,5.3852613809563294,5.83363215191629,5.3938963441845,4.89198147309412,5.2347907346044,4.55610949462992,4.74086350983819,5.23623193073016,5.177594790053569,5.21808263036662,5.34527429522937,4.85885838925431,5.21436971831376,3517.44,3311.008799470016,3264.3303192841777,2678.58630750084,1669.9254697402398,913.8900270358114,157.85458433138288,-329.34299755998666,-1466.1373553065157,-2969.495386734082,-4086.403237441153,-5112.456959492988,-5111.914763093491
A,Current policies,Median|Harmonized|KyotoFromPrice_incrate2_MESSAGEix-GLOBIOM_1.1_EN_NPi,World,CO2 FFI,Mt CO2/yr,0.0093060841752274,0.0094073777771804,0.0095053183261049,0.0096106419917932,0.0097337339384858,0.0097936228856263,0.0099100707272427,0.0100940956375869,0.010216519573715,0.0103390175110134,0.0105144972862167,0.0107480549799193,0.0109523712111696,0.0111917689972329,0.0113971622455162,0.0116436701440255,0.0118762678225455,0.0121527011943246,0.0124671331670496,0.0127802761193888,0.013097423135052,0.0133696994410873,0.0136237224584478,0.0138083563784235,0.0140126366091045,0.0143391467728454,0.0146543557578588,0.0149597735880256,0.0152437240786875,0.0155354806928029,0.0158789771251807,0.0162346397499663,0.016581216231055,0.0170630208507694,0.0174713693087786,0.0179654111220237,0.0184477887508003,0.0188594282608573,0.0192865340155122,0.0198637391439806,0.0203984165998762,0.0209320800397352,0.0219295618148566,0.0222976136355766,0.0225200121527974,0.0223155989200129,0.0221217248539049,0.0220904273589366,0.0231062944248204,0.0274856416839649,0.0327988707124001,0.0319865558656839,0.040311110518074,0.0295389731572932,0.0317696794357947,0.0312523112536443,0.0327051392300417,0.0362012265204767,0.0354983504045282,0.0363343876264125,0.0394929365786966,0.0401773164021271,0.0408151684897243,0.0412067906832082,0.0422273138227278,0.0435879543411852,0.0454972965373307,0.0492767013084168,0.0513928227747655,0.0509309724706274,0.0507338763535628,0.0520601723288632,0.0540225663640208,0.0563586543091277,0.0575845476965666,0.0607318274706292,0.061383100770482,0.0657396076684072,0.0666828445856492,0.066308456664724,0.0889896623667888,0.0832519316248815,0.0820928552941508,0.083250019594643,0.088764514806092,0.0974011343937724,0.106896185557503,0.106201101564786,0.105846934963661,0.109654768184341,0.11881039098003,0.1221674790722,0.129390835309195,0.132371482447972,0.141944521845082,0.155039809946368,0.157658621362732,0.170743605301059,0.173582630200087,0.184934922735991,0.196755077671114,0.198671240975135,0.207417496296699,0.217123872802529,0.255037202399824,0.260108507602247,0.277300831497937,0.279936443179996,0.284229650076836,0.301486032985616,0.330967814238422,0.347791313301167,0.354494511311888,0.378186123993487,0.407732422266627,0.432865974752424,0.446560649332975,0.478168310206455,0.491559728991032,0.521962458808592,0.533346681849475,0.566900339498791,0.627311170892882,0.666491761531845,0.624242397360394,0.677124532688558,0.686791086564596,0.700415478033623,0.705984725110968,0.756002437138431,0.853929916856328,0.88355803542345,0.933374897274476,0.992769305593896,1.00414996157837,1.0116531312406,1.02743376081041,1.07876389059369,1.19437153392244,1.194642958215,1.3003828704861,1.36177171634744,1.37241818472078,1.35549877814126,1.40304135402457,1.48745590103615,1.53638990792488,1.60925701331428,1.69719325302125,1.85373853577659,1.95224035857769,2.01677637421135,2.0677166488291,2.25413579903806,2.27978346965461,2.42735676651847,2.53477332430564,2.88836366931818,2.77648484696054,2.89054049474456,3.03413780072834,3.07955070993108,3.23601479240225,3.50633121144207,3.18040587595018,3.13490363733469,3.38591194801781,3.54048268954589,3.49331938566074,3.02905445433548,3.52148308606817,3.09014556348813,3.24036512120246,3.67629128135158,3.68727851811414,3.72709272677374,3.6610885059204703,3.996191792561192,3.9788261079238096,4.2709754162496,3.93866079871157,3.51995889996325,3.17352650315327,3.34157104776883,3.6342992332495503,3.8148586837876897,4.18557997172516,4.47430358287375,4.20696749496773,4.45131770735338,4.861422359136671,4.970893055409929,4.959664504831,5.04177404038893,5.11798961173415,4.25720366245005,4.64619708336036,5.14586320155351,5.42503848969587,5.1810876706266304,5.92943544270692,6.38150671919018,6.46753934479158,6.65096650968246,6.78960472123842,7.44397850612513,7.926105780942369,8.18574307509243,8.41729279203892,8.85480226722804,9.38656976310276,9.41453130431306,9.746710102703153,10.2662095745597,10.8237892156522,11.3098681349645,11.8618960782571,12.2365219999462,12.9045398126124,13.7610570313868,14.8983919862788,15.503030891611,16.2236962848959,17.0837707759284,17.0096511337302,17.0502489997833,17.9855294421939,18.4949440675591,19.0642565232054,19.6033122363429,19.4827487326375,19.0172497187953,18.8656715505946,18.9862015797706,19.6420392928092,20.3054516496405,20.6078387538765,21.2461189302436,22.0777340301923,22.3793234298127,22.7530601124385,23.2298425067267,22.5675558716987,22.7987108604026,23.0351393785071,23.5248639674755,24.2505463951046,24.3963363387648,24.3313304577002,24.8338873746112,25.5016910828914,25.6753363970828,26.2487045808703,27.6490865738372,28.620645243986,29.5925708699382,30.606251211239,31.5002321895007,32.0424092740026,31.4937646482169,33.3068547281404,34.4370151665677,34.9360058820794,35.2330243164102,35.4667557438603,36244.21494644059,37771.44993201156,37927.693432381486,39888.86245237052,42457.53919183118,44923.71424612439,47389.88930041759,49207.68785840667,53449.21782704784,58211.399953913,65075.25003009512,74013.89284504308,81837.41854094836
A,Current policies,Median|Harmonized|KyotoFromPrice_incrate2_MESSAGEix-GLOBIOM_1.1_EN_NPi,World,HFC-134a,kt HFC134a/yr,0.0,0.0,0.0,0.0,0.0,0.0,0.0,0.0,0.0,0.0,0.0,0.0,0.0,0.0,0.0,0.0,0.0,0.0,0.0,0.0,0.0,0.0,0.0,0.0,0.0,0.0,0.0,0.0,0.0,0.0,0.0,0.0,0.0,0.0,0.0,0.0,0.0,0.0,0.0,0.0,0.0,0.0,0.0,0.0,0.0,0.0,0.0,0.0,0.0,0.0,0.0,0.0,0.0,0.0,0.0,0.0,0.0,0.0,0.0,0.0,0.0,0.0,0.0,0.0,0.0,0.0,0.0,0.0,0.0,0.0,0.0,0.0,0.0,0.0,0.0,0.0,0.0,0.0,0.0,0.0,0.0,0.0,0.0,0.0,0.0,0.0,0.0,0.0,0.0,0.0,0.0,0.0,0.0,0.0,0.0,0.0,0.0,0.0,0.0,0.0,0.0,0.0,0.0,0.0,0.0,0.0,0.0,0.0,0.0,0.0,0.0,0.0,0.0,0.0,0.0,0.0,0.0,0.0,0.0,0.0,0.0,0.0,0.0,0.0,0.0,0.0,0.0,0.0,0.0,0.0,0.0,0.0,0.0,0.0,0.0,0.0,0.0,0.0,0.0,0.0,0.0,0.0,0.0,0.0,0.0,0.0,0.0,0.0,0.0,0.0,0.0,0.0,0.0,0.0,0.0,0.0,0.0,0.0,0.0,0.0,0.0,0.0,0.0,0.0,0.0,0.0,0.0,0.0,0.0,0.0,0.0,0.0,0.0,0.0,0.0,0.0,0.0,0.0,0.0,0.0,0.0,0.0,0.0,0.0,0.0,0.0,0.0,0.0,0.0,0.0,0.0,0.0,0.0,0.0,0.0,0.0,0.0,0.0,0.0,0.0,0.0,0.0,0.0,0.0,0.0,0.0,0.0,0.0,0.0,0.0,0.0,0.0,0.0,0.0,0.0,0.0,0.0,0.0,0.0,0.0,0.0,0.0,0.0,0.0,0.0,0.0,0.0,0.0,0.0,0.0,0.0,0.0,0.0,0.0,0.0,0.0,0.0010677496393288,0.0068678586816997,0.0985548287485412,0.9879161076307896,2.3558870794918225,3.2960489578809846,4.326632090653599,10.803528749835223,20.893488365798,32.05291295145093,41.90745582568763,53.29627859530237,64.2296288026336,78.52207687240056,93.03088197255772,95.92535028662468,98.0391238998443,105.66225517052268,119.21130615055918,132.52436396110778,149.80700183569112,145.92624829027767,149.71387631478646,162.87320748144205,176.56696336304745,190.5387209583401,212.5757794042065,230.3072603811096,218.6763553891428,260.2853408508978,280.4115670707505,297.12984197757834,270.8916356881215,279.0811546159405,276.0089907269123,272.9368268378841,278.0288080611833,289.91009758221463,302.18940807175,303.7099310279928,286.97881875678235,406.48036461653066
A,Current policies,Median|Harmonized|KyotoFromPrice_incrate2_MESSAGEix-GLOBIOM_1.1_EN_NPi,World,HFC-143a,kt HFC143a/yr,0.0,0.0,0.0,0.0,0.0,0.0,0.0,0.0,0.0,0.0,0.0,0.0,0.0,0.0,0.0,0.0,0.0,0.0,0.0,0.0,0.0,0.0,0.0,0.0,0.0,0.0,0.0,0.0,0.0,0.0,0.0,0.0,0.0,0.0,0.0,0.0,0.0,0.0,0.0,0.0,0.0,0.0,0.0,0.0,0.0,0.0,0.0,0.0,0.0,0.0,0.0,0.0,0.0,0.0,0.0,0.0,0.0,0.0,0.0,0.0,0.0,0.0,0.0,0.0,0.0,0.0,0.0,0.0,0.0,0.0,0.0,0.0,0.0,0.0,0.0,0.0,0.0,0.0,0.0,0.0,0.0,0.0,0.0,0.0,0.0,0.0,0.0,0.0,0.0,0.0,0.0,0.0,0.0,0.0,0.0,0.0,0.0,0.0,0.0,0.0,0.0,0.0,0.0,0.0,0.0,0.0,0.0,0.0,0.0,0.0,0.0,0.0,0.0,0.0,0.0,0.0,0.0,0.0,0.0,0.0,0.0,0.0,0.0,0.0,0.0,0.0,0.0,0.0,0.0,0.0,0.0,0.0,0.0,0.0,0.0,0.0,0.0,0.0,0.0,0.0,0.0,0.0,0.0,0.0,0.0,0.0,0.0,0.0,0.0,0.0,0.0,0.0,0.0,0.0,0.0,0.0,0.0,0.0,0.0,0.0,0.0,0.0,0.0,0.0,0.0,0.0,0.0,0.0,0.0,0.0,0.0,0.0,0.0,0.0,0.0,0.0,0.0,0.0,0.0,0.0,0.0,0.0,0.0,0.0,0.0,0.0,0.0,0.0,0.0,0.0,0.0,0.0,0.0,0.0,0.0,0.0,0.0,0.0,0.0,0.0,0.0,0.0,0.0,0.0,0.0,0.0,0.0,0.0,0.0,0.0,0.0,0.0,0.0,0.0,0.0,0.0,0.0,6.972894137886617e-05,0.0005140176058609,0.0005579776973103,0.0001252851453492,5.169175815922583e-05,5.565647896561663e-05,7.623148381701395e-05,0.0775220844797609,0.2989381901077754,0.5509780576616221,0.5620292448491016,0.4952789582318369,0.4531366883574967,0.4033422792652647,0.4507303401926292,0.5874585627806406,0.5894586772380569,0.6915048047627886,0.7750273917511281,0.7613995307285167,0.9539743228273516,1.0800934184884738,1.032320820831489,0.8125054184651522,0.7269405922524591,0.9166333442517718,1.1653558270748048,1.6838367225109008,2.5913615779431804,3.3079853888584263,4.301480858457523,5.378505378708557,5.775687226483908,6.832148559791512,8.357900771166067,9.436491346850918,10.046072540787575,10.576576599685785,11.088113564072694,13.493836909218846,16.00635896978677,16.166530396707834,18.30636333089619,18.63108796135285,18.866376664188536,18.9074272459389,23.100642099712434,23.494216506064767,44.32648432982334,58.15389352362546,63.81440163755581,67.07470056781443,72.82099052163302,72.15549968477126,71.49000884790951,72.69656465299879,75.51186153154039,78.39711721424362,79.18667066701148,74.3582665971297,103.39658265291811
A,Current policies,Median|Harmonized|KyotoFromPrice_incrate2_MESSAGEix-GLOBIOM_1.1_EN_NPi,World,HFC-227ea,kt HFC227ea/yr,0.0,0.0,0.0,0.0,0.0,0.0,0.0,0.0,0.0,0.0,0.0,0.0,0.0,0.0,0.0,0.0,0.0,0.0,0.0,0.0,0.0,0.0,0.0,0.0,0.0,0.0,0.0,0.0,0.0,0.0,0.0,0.0,0.0,0.0,0.0,0.0,0.0,0.0,0.0,0.0,0.0,0.0,0.0,0.0,0.0,0.0,0.0,0.0,0.0,0.0,0.0,0.0,0.0,0.0,0.0,0.0,0.0,0.0,0.0,0.0,0.0,0.0,0.0,0.0,0.0,0.0,0.0,0.0,0.0,0.0,0.0,0.0,0.0,0.0,0.0,0.0,0.0,0.0,0.0,0.0,0.0,0.0,0.0,0.0,0.0,0.0,0.0,0.0,0.0,0.0,0.0,0.0,0.0,0.0,0.0,0.0,0.0,0.0,0.0,0.0,4.874221629564548e-06,9.722034381556709e-06,1.4545298334638542e-05,1.9347326424763064e-05,2.4131407208802597e-05,2.888507041266215e-05,3.362440144646526e-05,3.833611028323333e-05,4.303328723831681e-05,4.771501065085459e-05,5.2378390771210026e-05,5.700413366162852e-05,6.162775364041772e-05,6.622589817500845e-05,7.081446149425694e-05,7.538978188958917e-05,7.994667563348031e-05,8.448323008724578e-05,8.90230911787749e-05,9.351696104745638e-05,9.80283486150315e-05,0.0001024938793484,0.0001069510463992,0.0001114142388895,0.0001158798464974,0.0001202853617374,0.0001247179912796,0.0001291085091716,0.0001335037749815,0.0001379119560383,0.0001422826440716,0.0001466139572216,0.0001509644061355,0.0001552831893881,0.0001596275680747,0.0001639449857071,0.0001682561352129,0.0001725469422871,0.0001768626418399,0.0001811126020467,0.0001854059017844,0.0001896389929359,0.0001938815011322,0.0001981375918916,0.0002024163904068,0.0002066192035881,0.0002108435083417,0.0002150357800883,0.0002192295120193,0.0002234644826741,0.0002276524502301,0.0002317907085265,0.0002359646503537,0.0002400966265381,0.0002442785367163,0.0002484305367263,0.0002525689081243,0.0002566795460437,0.0002608427657486,0.000264939270909,0.0002690899894187,0.0002731577614904,0.0002772440298158,0.0002813372816967,0.0002855014875494,0.0002895294958453,0.0002935986329053,0.0002976131609717,0.0003016990287282,0.0003058193582483,0.000309826684484,0.0064941368704004,0.0232486545993391,0.0478925093854881,0.0777753824775254,0.1102297351068565,0.1426158025623078,0.0013326502573966,0.0002524666504527,0.0024624239464455,0.2194153546773013,0.2143539466009121,0.0100709390238765,0.0084105514715359,0.0067680438160479,0.0052301379740642,0.0038834633339581,0.0027726654111315,0.0019355052807092,0.0013964073859754,0.0011605319630263,0.001096433317255,0.0010708577110493,0.0010730933346154,0.0010926743137806,0.0011204719210585,0.001151428426944,0.0011822289466653,0.0010248302571889,0.0001535221420857,3.931904760391613e-05,1.9248771415100105e-05,1.3533736069236902e-05,1.1157649319865052e-05,9.815854930041623e-06,9.035220624594302e-06,8.531863409327712e-06,8.218448540206335e-06,8.042487770316103e-06,7.956718243524594e-06,7.943903314187084e-06,7.98591974891992e-06,8.185451716225508e-06,8.428341790618941e-06,8.797125945870451e-06,9.207568555575108e-06,9.678680402160028e-06,1.0181720830425122e-05,1.0765046243291024e-05,0.0128269063680261,0.0494547887341475,0.0924111178157676,0.1258995722515165,0.147492308280472,0.1518125680209341,0.1336800431893306,0.0912314637717142,0.0346179812345239,0.0,0.0,0.0,0.1920082140833486,0.4651120008532752,0.2018882822902651,0.0462262206104722,0.1391832675301894,0.069442164681153,0.0,0.0,0.0801254484964489,0.2553761105425118,0.3012411912838936,0.1962607099138925,0.1423774397467669,0.1740845051670545,0.2630578117595767,0.3382843899162279,0.3891730203785321,0.4971398287574212,0.6360245624225377,0.8086238862180954,0.9429311241088282,1.1595084723121023,1.409334959030771,1.9527454509017497,2.487015603315322,2.65161895619667,2.7794520849814406,2.846061297081761,3.028465523045166,3.4168298848772505,3.423660874842684,3.4100247031428816,3.4304679136354963,3.882870037584361,5.095969649126493,4.511353612633312,4.573924221526519,3.455228352113155,3.776290145395729,3.627744175937828,3.4791982064799267,3.475519877781199,3.4669371108175,3.146967574288844,2.9219510615224173,2.5078238493545304,3.1173186513054683
A,Current policies,Median|Harmonized|KyotoFromPrice_incrate2_MESSAGEix-GLOBIOM_1.1_EN_NPi,World,HFC-23,kt HFC23/yr,0.0,0.0,0.0,0.0,0.0,0.0,0.0,0.0,0.0,0.0,0.0,0.0,0.0,0.0,0.0,0.0,0.0,0.0,0.0,0.0,0.0,0.0,0.0,0.0,0.0,0.0,0.0,0.0,0.0,0.0,0.0,0.0,0.0,0.0,0.0,0.0,0.0,0.0,0.0,0.0,0.0,0.0,0.0,0.0,0.0,0.0,0.0,0.0,0.0,0.0,0.0,0.0,0.0,0.0,0.0,0.0,0.0,0.0,0.0,0.0,0.0,0.0,0.0,0.0,0.0,0.0,0.0,0.0,0.0,0.0,0.0,0.0,0.0,0.0,0.0,0.0,0.0,0.0,0.0,0.0,0.0,0.0,0.0,0.0,0.0,0.0,0.0,0.0,0.0,0.0,0.0,0.0,0.0,0.0,0.0,0.0,0.0,0.0,0.0,0.0,0.0,0.0,0.0,0.0,0.0,0.0,0.0,0.0,0.0,0.0,0.0,0.0,0.0,0.0,0.0,0.0,0.0,0.0,0.0,0.0,0.0,0.0,0.0,0.0,0.0,0.0,0.0,0.0,0.0,0.0,0.0,0.0,0.0,0.0,0.0,0.0,0.0,0.0,0.0,0.0,0.0,0.0,0.0,0.0,0.0,0.0,0.0,0.0,0.0,0.0,0.0,0.0,0.0,0.0,0.0,0.0,0.0,0.0,0.0,0.0,0.0,0.0,0.0,0.0,0.0,0.0,0.0,0.0,0.0,0.0,0.0,0.0,0.0,0.0,0.0,0.0,0.0,0.9649073473114556,1.109671778725672,1.1912907823186594,0.0,0.0,1.0789441626498597,0.9763065581267149,0.8495541736229758,0.7102246916234628,0.5698187972863462,0.4400958756465827,0.3328378202053855,0.2598984523502656,0.2332485891365529,0.238416288023389,0.2521821966386926,0.2734795217848728,0.3012428498404861,0.3344001381869249,0.3718535803093601,0.4124952320819129,0.4562805601992081,0.5050966332348859,0.5493920293503282,0.595484216563998,0.6471028276835533,0.7043125166016804,0.7671281513860612,0.8355540337653568,0.9095934118493708,0.989248372330262,1.0745208479141122,1.165412761934871,1.2619258480072588,1.3721005921555791,1.5031774368197912,1.653959640727365,1.8232493687264772,2.0098496109098614,2.21256305017098,2.4301533256185457,2.661252030566532,2.9010785751920527,3.1450592765113536,3.428901877506437,3.780902232422575,4.189439672844656,4.604999656073479,4.983447560276135,5.369705873486406,5.884850548273231,6.421065438364305,6.913438053746444,7.3751686083608945,7.7034186898545425,7.949973036058619,8.408769020548077,8.783348115925643,9.101316645877825,9.51906734770022,9.859763723204871,10.2152892934755,10.466980263407986,9.801367262163676,9.14315542617998,9.108096924831717,8.077830986107415,7.96302964928746,8.832293332729673,9.036216545838018,9.51687444638723,9.846445429152846,9.211924728093726,9.297227759072378,9.591506797255558,9.936900520573692,10.609330516876476,12.91936885454728,16.4145111037203,15.203305531960702,11.455506840194706,10.219436384250027,10.824203977235332,12.889136193482427,13.391892520458349,13.985642199682308,14.17054939893636,15.212980893720212,7.634785430572478,5.442305251708949,5.179879000284647,2.016195674513937,1.5472479062710718,1.3635445812402864,1.179841256209501,1.1303165442407233,1.014758882980241,0.8689142773653922,0.768614157616693,0.6056498899526773,0.7690375270354792
A,Current policies,Median|Harmonized|KyotoFromPrice_incrate2_MESSAGEix-GLOBIOM_1.1_EN_NPi,World,HFC-32,kt HFC32/yr,0.0,0.0,0.0,0.0,0.0,0.0,0.0,0.0,0.0,0.0,0.0,0.0,0.0,0.0,0.0,0.0,0.0,0.0,0.0,0.0,0.0,0.0,0.0,0.0,0.0,0.0,0.0,0.0,0.0,0.0,0.0,0.0,0.0,0.0,0.0,0.0,0.0,0.0,0.0,0.0,0.0,0.0,0.0,0.0,0.0,0.0,0.0,0.0,0.0,0.0,0.0,0.0,0.0,0.0,0.0,0.0,0.0,0.0,0.0,0.0,0.0,0.0,0.0,0.0,0.0,0.0,0.0,0.0,0.0,0.0,0.0,0.0,0.0,0.0,0.0,0.0,0.0,0.0,0.0,0.0,0.0,0.0,0.0,0.0,0.0,0.0,0.0,0.0,0.0,0.0,0.0,0.0,0.0,0.0,0.0,0.0,0.0,0.0,0.0,0.0,0.0007287168237594,0.0014576522727959,0.0021867909959296,0.0029161055640135,0.0036455687005748,0.004375283676681,0.0051051173146649,0.0058351796480769,0.0065653622968606,0.0072956728918221,0.0080261353583764,0.0087569094388985,0.009487701095871,0.0102187036744302,0.0109497855797765,0.0116809771286878,0.0124123212393571,0.0131438337472999,0.0138753188782406,0.0146071845434123,0.015338905418264,0.0160710059605374,0.0168031757491468,0.0175352956506884,0.0182673955564859,0.0189999929914912,0.0197323659361371,0.0204650875403,0.0211977698345154,0.0219303451981369,0.0226632309817828,0.0233964420285888,0.0241294961177015,0.024862812379731,0.0255959142682364,0.0263292418367921,0.0270626213017228,0.027796169189937,0.0285295085246815,0.0292633946007592,0.029996921851197,0.0307309451345661,0.0314648929088774,0.0321987282276111,0.0329323730810865,0.0336666495066064,0.0344007479946399,0.0351351092385003,0.0358694608513935,0.0366034710320823,0.0373378703705857,0.0380726788138177,0.0388071942770463,0.0395420571909369,0.0402765042224464,0.0410112013509229,0.0417460113162328,0.042481048439824,0.0432156526758738,0.0439508092688305,0.0446855170073708,0.0454209090347871,0.046156150382673,0.0468913339108571,0.0476259275236933,0.0483616512301108,0.0490970344147269,0.0498328672709648,0.0505681119353245,0.0513030712766954,0.0520389662183197,1.0919404186922623,3.913472243359867,8.071543957430327,13.120812550710792,18.61607711743667,24.1119065532518,0.2255135150409965,0.0427528716271358,0.4172396188349024,37.18619575825889,36.34783525785617,1.7085322198735189,1.4275560722248848,1.1498307300254702,0.8892900077821209,0.6610256624902442,0.47234264647289,0.3298948687439006,0.238183796896448,0.1981893578812839,0.1873912601457683,0.183125985626835,0.1836423993573404,0.187144179085242,0.192031966548474,0.1974831455606673,0.2029798119991411,0.1760820923944974,0.0263839471535018,0.0067647204551973,0.0033143511835149,0.0023308400702278,0.0019224872568393,0.0016915641817261,0.0015585440568304,0.0014725264178248,0.001419238825849,0.001389947626997,0.0013761707207268,0.0013751453509142,0.0013821568543932,0.0014176811476796,0.0014591785717229,0.0015242662908878,0.001596148784351,0.0016791316580289,0.0017676035811939,0.0018717788976772,0.0019562872099147,0.0020565466970955,0.0021785024834584,0.0023346846014925,0.0025420300858161,0.0027143592022521,0.0028550059069853,0.0030041950868986,0.0024558700966412,0.0020475239283424,0.0020293205081769,0.0021350794661972,0.002608789691487,0.0033196347199058,0.0032575160990559,0.0026691504619017,0.0025952786627497,0.0025236737609473,0.0022901849952512,0.0023755981955225,0.0158420917180091,0.0656983293613576,0.1251301566818884,0.1697653238090949,0.1908502849698764,0.2241773007666578,0.28004378690067,0.31567677015032,0.4167359934304241,0.9872812202322208,1.625244376453108,2.3445783852241577,2.93342900917628,4.761058957402828,7.663775767873879,9.263612057869071,11.85784961971456,16.756323332660692,17.14562668617919,20.553676078113888,29.36591443614569,30.29509541844847,36.3383266775974,44.40589094056257,43.51827832181416,59.30403124269657,46.514791056351726,70.1517020867519,78.56066442199962,65.874760166561,56.31396745040943,56.72932356310796,57.14467967580649,59.02338965448601,63.40704627140485,68.39960116116583,70.47983828055587,68.33978309703153,98.53174658945888
A,Current policies,Median|Harmonized|KyotoFromPrice_incrate2_MESSAGEix-GLOBIOM_1.1_EN_NPi,World,HFC-4310mee,kt HFC4310mee/yr,0.0,0.0,0.0,0.0,0.0,0.0,0.0,0.0,0.0,0.0,0.0,0.0,0.0,0.0,0.0,0.0,0.0,0.0,0.0,0.0,0.0,0.0,0.0,0.0,0.0,0.0,0.0,0.0,0.0,0.0,0.0,0.0,0.0,0.0,0.0,0.0,0.0,0.0,0.0,0.0,0.0,0.0,0.0,0.0,0.0,0.0,0.0,0.0,0.0,0.0,0.0,0.0,0.0,0.0,0.0,0.0,0.0,0.0,0.0,0.0,0.0,0.0,0.0,0.0,0.0,0.0,0.0,0.0,0.0,0.0,0.0,0.0,0.0,0.0,0.0,0.0,0.0,0.0,0.0,0.0,0.0,0.0,0.0,0.0,0.0,0.0,0.0,0.0,0.0,0.0,0.0,0.0,0.0,0.0,0.0,0.0,0.0,0.0,0.0,0.0,0.0,0.0,0.0,0.0,0.0,0.0,0.0,0.0,0.0,0.0,0.0,0.0,0.0,0.0,0.0,0.0,0.0,0.0,0.0,0.0,0.0,0.0,0.0,0.0,0.0,0.0,0.0,0.0,0.0,0.0,0.0,0.0,0.0,0.0,0.0,0.0,0.0,0.0,0.0,0.0,0.0,0.0,0.0,0.0,0.0,0.0,0.0,0.0,0.0,0.0,0.0,0.0,0.0,0.0,0.0,0.0,0.0,0.0,0.0,0.0,0.0,0.0,0.0,0.0,0.0,0.0,0.0,0.0,0.0,0.0,0.0,0.0,0.0,0.0,0.0,0.0,0.0,0.0,0.0,0.0,0.0,0.0,0.0,0.0,0.0,0.0,0.0,0.0,0.0,0.0,0.0,0.0,0.0,0.0,0.0,0.0,0.0,0.0,0.0,0.0,0.0,0.0,0.0,0.0,0.0,0.0,0.0,0.0,0.0,0.0,0.0,0.0,0.0,0.0,0.0,0.0,0.0,0.0,0.0,0.0,0.0,0.0,0.0,0.0,0.0,0.0,0.0,0.0,0.0,0.0,0.0001048449005399,0.0010916566114024,0.0031763767271765,0.0040165471840153,0.0069800802573746,0.0202200980681847,0.0423379528606933,0.0608102080460136,0.0840612782306151,0.1078109732705077,0.1211781951771517,0.1250102804409569,0.1272581032086882,0.1203873522474561,0.1260358243303801,0.1449932104956957,0.1985476596569948,0.2756043194745723,0.3419666100644137,0.4070743060295084,0.5170547122482285,0.6140064343106342,0.6749721148932832,0.7410464493472951,0.8914381556533448,1.096050133573392,1.283760615423318,1.3991091734320351,1.37476686543575,1.406579923002962,1.380232344527543,1.0894779507206418,0.9856992583195806,0.959157424492024,1.2143684069275955,2.3044478120615848,2.2789857969117806,2.3719101438491785,2.2762102055561195,2.38083552586914,2.549338469990426,2.717841414111711,2.688274517331116,2.619285091509726,2.4138324628235543,2.291797018078679,2.062394876856729,2.9033567422605966
A,Current policies,Median|Harmonized|KyotoFromPrice_incrate2_MESSAGEix-GLOBIOM_1.1_EN_NPi,World,N2O,kt N2O/yr,1.000464040255241,0.9896214065513425,0.9873211876234697,0.990419385281188,1.0118723893557,1.0074127757216,0.9943221693835144,1.0308908608231804,1.0253515552344266,1.019812260442592,1.0326276856921952,1.0336024315888568,1.0162126970288108,1.0236558882227231,1.004106780550289,1.035303194746586,1.0265639089395486,1.027528948405538,1.0706019741030277,1.0478137797697122,1.052017895099663,1.0305530252105692,1.0231105682071862,1.024305646841034,1.0632899438877663,1.0536881137719951,1.0354630647343115,1.0593344060365355,1.0810464606017278,1.0552521555375067,1.0737253609740478,1.0694583535877384,1.0565357905054749,1.055490033268956,1.049045956619122,1.066429234621279,1.0589289925044827,1.0740792731998638,1.116221982324626,1.0925036765600546,1.0990169182765035,1.0765288135250652,1.0745824312445715,1.0704278305876611,1.1116153254432213,1.1009821087908471,1.0795709751703368,1.1067399008435452,1.126350756098866,1.1103378123286358,1.1182986726271265,1.1177635664974803,1.110910372972189,1.1017818582154988,1.1078123696590223,1.1202650508026202,1.1208170757051956,1.130229668212075,1.1716338680398537,1.1506035417717495,1.1576530340913167,1.1445609485752537,1.134716500880352,1.1367223094060297,1.176541769773526,1.1699622889556585,1.160302727711072,1.1732514085417185,1.2033662305255215,1.1815649070295184,1.1976435176644304,1.2004978668941904,1.186086959249356,1.1792712202379716,1.1896741601902567,1.1991935990129683,1.194569710247968,1.2073479293128135,1.2523867717459805,1.2336499811125496,1.2435789686875007,1.2238233483349,1.2239815016124176,1.2263272295561791,1.26382344116641,1.2545995788132045,1.2548760555320326,1.2702348355407769,1.296802588733634,1.2807840305652398,1.2821036300722175,1.3071014679753297,1.2946758331151955,1.2810017504478957,1.2973271354759632,1.3173224258486582,1.3167010739256744,1.344629336153671,1.3845257245729368,1.3760445499245788,1.434335445033811,1.4165983735719527,1.4126693745489676,1.425646505262619,1.470504445308784,1.4585674142458087,1.45231654847126,1.4872406423286777,1.508134387564518,1.4943426292710802,1.495390167999325,1.497744749417114,1.4869256961855049,1.4694670664818326,1.4788951957559393,1.503389389752964,1.49010063834736,1.5114241873565093,1.545822104136746,1.5177718583117126,1.5385376060663287,1.5212531846595396,1.5174587692387018,1.5771847693002206,1.6392533230111543,1.6478850067179909,1.6962979189002096,1.7492267938396422,1.8005580593906925,1.8258233801786503,1.8286263900559665,1.848073294087973,1.8357751060661665,1.8190284792219904,1.852122398043994,1.8608624612292388,1.8639077971688571,1.8820769397571289,1.911355453946696,1.9077803671495268,1.9567223823741235,1.9362621118642376,1.935833042281458,1.958502794407348,2.011658296688062,2.0065934617287806,1.9874046364646951,2.034897478350836,2.0463300125510795,2.0582407423180387,2.0575021250518604,2.060647267715767,2.0602959359537225,2.0517177833739977,2.106840700334482,2.124841972417644,2.1312226279620616,2.1709183664284746,2.203569006921575,2.2028504719257533,2.23961106781344,2.2233228349855314,2.2228132203829345,2.2575263964170107,2.325312696406044,2.325770377825622,2.3388063625477216,2.394661742530243,2.440441221253544,2.4664373963225263,2.4856160724822387,2.489637169228956,2.4866334662111087,2.5590880303044785,2.541154562876069,2.562822684775626,2.582410672155348,2.6154607986716703,2.637566303782058,2.659950693324333,2.720829556064272,2.661896838072596,2.7109411972975748,2.693367051351674,2.7498485446986995,2.746818065320377,2.79363869099555,2.781575940601376,2.766008186214808,2.8228282709588126,2.814149707027305,2.8774652185705074,3.059983688490487,3.268161901466379,3.5444977204945096,3.8397151924256265,4.092661968547677,4.379306254482061,4.653611280912683,4.834990243943721,5.013447236637879,4.971671795528412,5.062163369508643,5.171003552473848,5.249055887475316,5.329240182210444,5.468229467379011,5.61904634603403,5.617027214109633,5.696994274823485,5.805491979500673,6.15009618097559,6.303946562146404,6.573122080069663,6.664485505303276,6.891629803093007,7.137044324231806,7.436353720701867,7.580700977195405,7.700993992569601,7.77982014279497,7.737627508714224,8.097454071119413,8.18814225700459,8.285397561234747,8.440074230658459,8.686852726643568,8.851520757446455,9.012731074764558,9.277847166876706,9.336931797526402,9.124704307843778,9.374639823104298,9.228387126249189,9.369410443091128,9.426812589767886,9.441242024926662,9.625584418465635,9.61128530212579,9.668776847296394,9.742698820725336,10.027683512156218,9.68362002041219,9.707889444138097,10.053121054607862,10.16963633580192,10.29007305817528,10.64512642434515,10.72867488914474,10.411340911718876,10.253045366475664,10.317828710503184,10.691178053121892,10.727252365117875,10.972631366466166,11.06603929681353,11.205293588233785,11.487885904009202,11.265997730557666,11.131663633300668,11.49271954501614,11.77603543226815,12.02164316780762,11.808651760818677,12.067642028913648,9485.690366472503,9739.022990806052,9822.90264240012,10137.554087996155,10342.48182493119,10182.277630609296,10022.073436287405,9841.476121379415,9420.082386594107,8963.434466849005,8205.87877001511,7474.658746006079,7565.425712777338
A,Current policies,Median|Harmonized|KyotoFromPrice_incrate2_MESSAGEix-GLOBIOM_1.1_EN_NPi,World,NH3,Mt NH3/yr,6.656462697955738,6.5884288076809465,6.554393579669506,6.607356993307596,6.740319069222378,6.668279797103617,6.653240985917009,6.7691990188996085,6.716155703848672,6.766111040764182,6.855065019282494,6.798603515350084,6.789137960446034,6.783671049120446,6.621202781373306,6.825733157204617,6.748265776299868,6.756793441598274,6.942319750475146,6.866844702930455,6.8643682989642345,6.775431655760334,6.75548855607882,6.808542796593528,7.0495943773044605,6.969643298211617,6.967693579980747,7.05373718384425,7.130778127903998,7.11281641215996,7.269852047109337,7.196998214372675,7.210137370567175,7.185274638342095,7.076409996669666,7.224543527680408,7.175681642522532,7.238811318953973,7.420939085911357,7.345064964489212,7.360188944143627,7.235924244646162,7.184657445557355,7.195383581949203,7.407107693822375,7.300830884626746,7.263556473778982,7.309280193109656,7.343002178187717,7.3457239471842914,7.41045008389993,7.368903634840263,7.4276071237176495,7.382142494512675,7.353937646074863,7.4918036191822655,7.496796901261747,7.556774360240409,7.750970836534603,7.708278148967148,7.749712614223574,7.666932267843975,7.609193455827636,7.667492104748105,7.8868376467868035,7.808228099333146,7.821535952233891,7.845011479267394,7.927524744062965,7.921081047462684,8.039684491507504,8.007963654455356,8.055354256904412,7.998857549467475,8.002468726611506,8.11218687336573,8.11487123997526,8.17382242070698,8.392858200835812,8.346999555436456,8.394421111485821,8.302332873459882,8.286400954701799,8.353542817049146,8.559759549505749,8.479085902337877,8.549394112340924,8.57187866511649,8.662432376129537,8.675092498986874,8.75085201280147,8.77669049392996,8.784613531753518,8.704574323121404,8.70166312628245,8.81869658505543,8.808927547432967,8.9042600216976,9.07953411805846,9.0379378864672,9.094461414688794,8.966221113262392,8.915818358681054,8.973612948689224,9.185590423348136,9.082347812308978,9.126341792551395,9.183366202745615,9.235571641932337,9.27277064524008,9.329051729435268,9.302579110017769,9.357320359370682,9.285933580523222,9.303978288853877,9.475149596351711,9.45684209247052,9.589886814520064,9.77273305250472,9.696634419887994,9.814958340829447,9.734299028561283,9.693042802448868,9.910575888609776,10.088322321785611,9.990353491686532,10.156101452224265,10.204043860481704,10.29615959958861,10.46958012996751,10.496070906573069,10.54179653212101,10.599031430803592,10.545790503662204,10.705203114610969,10.826076649706836,10.887996885096833,11.025992769371006,11.239994030969786,11.25455743165095,11.390326440155016,11.317324866030852,11.35425790591983,11.516635712928798,11.789013858832092,11.78853795662481,11.833020608229798,11.983848375790345,12.041294985057329,12.27808171777444,12.33607563972206,12.34674695059441,12.443530668676663,12.452462311352413,12.739443070197437,12.841753910537332,12.93439456527074,13.178529757096957,13.363682710801548,13.400088687519744,13.65199622464072,13.597294155986589,13.635927007899632,13.83196336632188,14.147373986462762,14.134213843803732,14.248355311886026,14.394677889570632,14.596156371206522,14.804983837463164,14.928318106815516,14.88415572114081,14.939517788048912,15.335770555196037,15.283145441502782,15.674003335548203,15.954061098084622,16.22287074737531,16.41473710048654,16.65170280407829,16.883720998336273,16.71996734682265,16.855133061954675,16.885533122930518,17.06934058770173,17.06314858014353,17.405609090653844,17.48586746405887,17.47454501262614,17.749699421133844,17.714020775632427,17.814138470766114,17.993562326570927,18.0156804014991,18.257665316031776,18.32415411863573,18.473875291296352,18.71467699095924,19.13527155718612,19.66318995086301,20.33108881405325,20.44328052853197,21.14293308005036,21.84431034308012,22.29353587075293,22.59414026991781,23.232159464465905,23.950982092802967,24.11428378677741,24.641160030381386,25.01042398400634,25.8313750086612,26.38184544148804,27.80299242937487,27.79815222360789,29.26479056980417,30.96598976848797,32.68245126565243,34.01927696854872,34.594827051236464,37.44680624384212,38.31909781374456,39.60171342635133,39.83976557323325,40.488208644711264,41.2003025532154,42.14762181382079,42.83103943580322,43.844962941789696,44.68032568800625,45.34637200185158,45.69292014546752,46.92921845159368,46.58972626002262,47.60764299553831,48.23084079253046,48.984615861131765,49.9737586471445,50.40982193011802,50.74227544004026,51.16842748677142,52.92788628231399,50.99736938517646,51.45527883472885,53.0502313067132,52.20963135854013,52.140233161574415,54.69494169279502,55.07692151037607,53.07194055811031,52.8565847538851,52.99427390457218,55.35772887816213,55.9360282204925,56.27049756463061,56.94304628920719,58.356953938344766,59.10973823990614,59.23322738549707,59.33275377448474,60.71370343385325,60.63675393266754,62.04528544118963,61.80531747991054,62.90654884951788,65.27970313424439,66.69838187349615,65.61204318061874,57.27707345035914,50.95327953651879,47.66295157718562,44.37262361785245,43.1010141687019,40.13392545401728,36.012368786343686,33.84567763447628,30.588557812274136,30.12496263350376
A,Current policies,Median|Harmonized|KyotoFromPrice_incrate2_MESSAGEix-GLOBIOM_1.1_EN_NPi,World,NOx,Mt NO2/yr,19.41683291941058,19.19807704960792,19.2522394251644,19.11627711537673,19.26549886451586,19.46378352715022,18.97745675105488,20.02514832336978,19.78952881731163,19.44045019582117,19.433276549498213,19.769094263383863,19.05201683778848,19.25640831124568,19.2216160809427,19.416807513406223,19.449408980210546,19.42688155312991,20.279826224462,19.598010640677497,19.66134288682607,19.2362945205107,19.13628094920649,18.99640291789961,19.48054758249222,19.61204954273104,18.952499457006724,19.709556785945143,20.127770450721737,19.3439338259949,19.424840723554627,19.61925133753817,18.97905627394009,18.953688875739203,19.23956178580965,19.11761000301245,19.13933566555111,19.435943999999928,20.26151083228812,19.56612055378648,19.69713898722185,19.24631517927828,19.31687789472739,18.993819689385013,19.5169819641821,19.601743190392742,18.79855176930691,19.71104439442768,20.086755974504904,19.415691539561703,19.33799557732205,19.61002559915122,19.065367158137818,18.86227402342584,19.400674538456773,19.20957380312049,19.37768777259176,19.51891592289237,20.40411974324904,19.692779602506587,19.798807321877103,19.58070698156968,19.41352233304336,19.2022367891243,19.71856359494737,19.87319156474789,19.350887503082888,19.875901639262363,20.518767544922817,19.784374313952803,19.8110660351328,20.11319126619724,19.312800192379704,19.18258452257664,19.790843188075577,19.54439266727993,19.505748124527383,19.75790510318285,20.584001686243933,19.947962419404927,20.121700903394306,19.664958435786584,19.71030218665733,19.44956577536664,19.86794252729208,19.91146907680058,19.54551166051096,20.108261084434755,20.61681612695466,19.97388389645191,19.55665892228896,20.33101930729966,19.550762510741134,19.09665074945873,19.73989418758156,19.638347560433186,19.599337521988755,20.052861801481008,20.69374007777952,20.29558357975776,20.34216080637102,19.900975003972786,19.68240472955218,19.67611971417323,20.24289634582368,20.16214344246284,19.54412480955856,20.583304111751875,20.99110001909603,20.369295370790788,20.101158246984426,20.541809842121104,19.94222534973737,19.56750583862189,20.17610867682789,20.46291915382308,20.32992748154061,20.79863363231897,21.510758376216582,20.84001000376094,21.222840759744106,20.93495036689568,20.495169584590865,21.09436037561247,21.46303582625483,21.09595724014959,20.961354550009773,21.60311252552792,22.05169834667432,21.74253664127029,21.427240701066705,22.07075506783101,21.418674528199947,21.046264746190992,21.90677931583692,21.774460051612312,21.965729947509672,22.34652533004704,22.91958310214058,22.81320541473711,23.142054497981707,22.774590976209574,22.555149905582976,22.60796414948559,23.455574231284466,23.53919133084036,22.627435325757325,23.993087034993124,24.27054198266532,24.10090761004428,24.005277246050184,24.474665732612973,24.24955148205709,24.08318894018345,25.146429572808664,25.753436795427728,25.88352156889177,27.11020306032936,27.577196564689,27.64278007934304,28.37383668972928,28.207456485117216,28.157659362281247,28.960417419867767,29.259011347092454,29.06551982765258,29.321151838749223,30.914593020647565,31.35961782258134,30.76332677560844,32.22913669790249,31.818170874723165,32.1314579021195,34.72999311426137,33.84389537432302,34.66542862716225,35.0095021913264,36.792411120159855,37.24117958354736,38.460347387313774,38.442161715940045,35.78021532217277,35.97750957230843,35.63937131990138,37.77613656275744,38.45607142864647,40.887693203532336,41.67195387958813,40.06444255781118,42.151619977347366,43.33727212687947,44.00854208389371,44.39102056115512,45.546924132927714,46.79012799150766,45.963976300366525,45.56737090820441,48.08165972999478,51.04777009300214,49.112915555380255,53.61997933610192,53.17097931295042,54.4527480752369,56.47190897113347,57.640598186962606,61.01737547781853,64.4854807087279,67.0370657189766,65.37320438384249,66.17365760799815,68.79216289088467,71.1653781561577,73.23753930888,77.65653697876735,79.37095061242988,82.01399860370915,84.24203180075887,89.23263234253884,92.45629026436404,94.18435631732486,99.26087624123402,101.77458972734004,107.77289944270214,110.24651465965782,110.1273385533934,108.32983337400408,113.6781860221585,116.104688451433,119.6436153615282,121.44860069003916,120.33141479426024,117.46277838179176,119.00939625044175,114.19333236481744,117.62717562541778,119.11912381518168,121.80208741417782,125.65981476827488,130.0751305079961,130.83044530275964,131.83585949724443,137.82957615320527,132.40502848150024,135.3645701697274,138.3393597766688,138.07430528306082,138.85025236392042,145.44064869061094,146.38337998685702,139.98794368333012,139.90558517676337,140.77584785506107,142.5985087013838,144.18246040178775,150.47386861544638,153.66778230791442,154.9224169392946,159.63117535612318,155.89834499754403,148.20791938040855,149.98704814295175,152.58469385496565,152.4461403598061,147.67154009371814,147.02955807133984,155.5204500219448,149.55938604543087,148.07776288408138,123.77807246012657,99.26781814894711,89.3053487905425,79.34287943213786,76.99339551097842,71.51126636160635,67.15987839377206,62.72134477334386,56.437942600235885,53.6194814085467
A,Current policies,Median|Harmonized|KyotoFromPrice_incrate2_MESSAGEix-GLOBIOM_1.1_EN_NPi,World,OC,Mt OC/yr,15.445719109031868,15.186522070437114,15.063318148067374,15.181101520195766,15.556878008549177,15.356644702264154,15.22491100244332,15.702658106881456,15.51239541668117,15.572122931842443,15.849837741501862,15.690168471684988,15.523732143526576,15.525285581521944,14.987828785671098,15.678361755974016,15.35689165118215,15.398404153792622,16.09490642255687,15.733398457474886,15.740880258546689,15.319532574489743,15.143108489379047,15.202667557507995,15.873209778876603,15.586735153484875,15.3983614528951,15.670853133982678,15.89732796830992,15.624785955876812,16.043477021471276,15.79989258447803,15.705891088105592,15.599877314705472,15.2518319890591,15.725797048775735,15.459552081780714,15.702475316741705,16.36818721460732,15.993261201192702,16.049335670509397,15.607705596983385,15.468706009887065,15.470276584771254,16.157735087427692,15.875236203675694,15.6505298878915,15.931020687901656,16.11838079581499,16.028007715663158,16.232271409036905,16.053924671544042,16.067055063328667,15.821695222213345,15.697408772787428,16.08480216156502,15.9425312825901,16.108090206343928,16.75481575521971,16.43186944885659,16.517099180614842,16.180480533073197,15.951279801152172,16.05704809518966,16.712246811584905,16.47975792233995,16.417060462392985,16.508288541996304,16.840737804691027,16.65612600999763,16.986008511344775,16.850065268412997,16.786012596579912,16.522825854519347,16.492088482826276,16.798056407071098,16.610213955154375,16.788385940403213,17.502059701598228,17.182990545936864,17.301156741283588,16.864950439963202,16.7579395706456,16.853725191630247,17.44416036197701,17.15985451740626,17.25445955952268,17.342393180618608,17.630788182811017,17.49447441759936,17.59421063096804,17.734567591381914,17.57850277916481,17.206234780736857,17.197775448223673,17.58662466862884,17.386896560681407,17.750554859895672,18.323909280219105,18.0667574293204,18.21934309961519,17.71928277011328,17.502445313272464,17.652081674453346,18.33075512743272,17.98077390595264,17.97484298573939,18.285116275900613,18.47509774124436,18.448020356899303,18.55158124861567,18.43818984139937,18.418058540894265,18.06127741233301,18.094741622825264,18.639758869902604,18.368409890399096,18.779736720806884,19.34793158587491,18.90591696872034,19.27540067699248,18.783921599353988,18.42438287591885,18.971694670269898,19.349407147758143,18.79080777594461,19.06837160717568,19.1264642198492,19.2674499016094,19.533773181444555,19.411906133315444,19.381502496830684,19.218933741822887,18.77602448968205,19.109352845592284,19.27773954666624,19.138436826947405,19.40013762335293,19.89826554537316,19.62762463884996,19.86243726273152,19.293167681486164,19.079475156999795,19.286073901247043,19.940356471934034,19.64350384204264,19.324977775586643,19.70188916366581,19.626819769039464,20.00049055855032,19.888360804936408,19.62772860226164,19.488262087980186,19.168936616105142,19.81291824135489,19.877356245147016,19.7561150222611,20.29515292219603,20.50424795784395,20.24521645572669,20.74322557953851,20.16320881514031,19.90298393973801,20.209935695198325,20.765119369544948,20.24084093898027,20.14292944725429,20.39606626065477,20.58503184771144,20.49780979919463,20.6140701582986,20.042020364535706,19.68929143458292,20.736629417840856,20.15223091076107,20.13844335901129,19.98904470633413,20.23496150123681,20.27114456370273,20.587864364883707,21.16334158012433,19.960603690464843,20.340992621612745,20.18606268124663,20.88862916584405,20.74852588387556,21.412085844578247,21.062217363552968,20.444220211084563,21.17611436565068,20.75261670331434,20.668749911008,21.23848974749209,21.02655088922379,21.19785431896603,20.74991859552766,20.37393238503732,20.239301427447938,20.713926918702665,21.289582785003475,22.30001984441085,20.539342253798328,21.094188077726304,21.64120147927804,21.6582276984931,21.56559730895282,22.587940167315622,23.493637417145425,21.807343408073407,21.54128939272951,21.44208971583265,22.79586812143081,22.027490113078724,24.13462747582024,21.97142096481405,22.25243772743514,21.993704099025635,23.084677554339656,22.303441502758293,21.51201916453674,22.12892164357394,22.45191071496683,24.79839715166472,22.66129915702093,22.76491799279817,22.257249069057337,23.53216316554853,23.473799218885016,24.06899323736205,24.22204583792177,24.20089912582879,23.74375304529927,27.074275227656805,23.20054817436875,24.06037765580251,24.49664660592169,24.575892891240773,25.927322425323087,25.8153450139864,24.947141167240964,25.87697876552521,32.86597321263009,25.04142623612474,26.26066847771232,31.24114765513252,27.67563436063861,26.62734207407192,36.167070697903256,35.5627643552987,28.15600253691064,25.5344458860868,25.271904241709976,31.05496214249178,31.29828128104131,29.00933461047297,29.1027726550451,30.37473435669241,29.04166536385668,27.321016333419664,27.25209295988732,29.92796374520753,27.50685993748404,30.513238388459456,27.61377276424153,30.42356831167762,34.746024228000806,33.68101531660636,33.524630897953124,29.181851870195334,25.012227603793622,22.963574457245898,20.91492131069817,20.028728439698185,17.96094507403155,15.291966521791942,12.895379190320986,10.84375293190636,10.616668704704326
A,Current policies,Median|Harmonized|KyotoFromPrice_incrate2_MESSAGEix-GLOBIOM_1.1_EN_NPi,World,C2F6,kt C2F6/yr,0.0,0.0,0.0,0.0,0.0,0.0,0.0,0.0,0.0,0.0,0.0,0.0,0.0,0.0,0.0,0.0,0.0,0.0,0.0,0.0,0.0,0.0,0.0,0.0,0.0,0.0,0.0,0.0,0.0,0.0,0.0,0.0,0.0,0.0,0.0,0.0,0.0,0.0,0.0,0.0,0.0,0.0,0.0,0.0,0.0,0.0,0.0,0.0,0.0,0.0,0.0,0.0,0.0,0.0,0.0,0.0,0.0,0.0,0.0,0.0,0.0,0.0,0.0,0.0,0.0,0.0,0.0,0.0,0.0,0.0,0.0,0.0,0.0,0.0,0.0,0.0,0.0,0.0,0.0,0.0,0.0,0.0,0.0,0.0,0.0,0.0,0.0,0.0,0.0,0.0,0.0,0.0,0.0,0.0,0.0,0.0,0.0,0.0,0.0,0.0,0.0003234106691491,0.0003486336358162,0.0003529585719714,0.0003573196399505,0.000362123630442,0.0003671929975695,0.0003724284261046,0.0003779913052723,0.0003837818794295,0.0003898311100391,0.0003700796636985,0.0003762451912759,0.0004096135745066,0.0004167853186536,0.0004242476841304,0.0004036337641897,0.0004111647607128,0.000448417554494,0.0004569850826056,0.0004354011791121,0.0004440258474946,0.0004846640829746,0.0004621396378782,0.0004716460042379,0.0004814577489616,0.0004915785575413,0.000502011322406,0.0005127607246646,0.0005238312762488,0.0005352247741603,0.0005469803222569,0.0005248406246503,0.0005365485631334,0.0005841756331531,0.0005972844897875,0.0005735709843147,0.0005865729870355,0.0005999172241052,0.0006135953749243,0.0006275740052443,0.0006416444986803,0.0007379309221716,0.0009846247834804,0.0012821060763427,0.0017341779705483,0.0023966733407658,0.0028361732791231,0.0034329049560374,0.0040217155214745,0.0048814893466492,0.0105269552284937,0.0131601387890095,0.0153842609728532,0.0173679804777023,0.0197547486304053,0.0223702539167462,0.024506091107755,0.02548985346965,0.0271086303040205,0.0290685097870731,0.0304284577294327,0.0319163728019965,0.0336288394190582,0.0353129082538607,0.0370894609632935,0.0392027442651456,0.0412835134866747,0.0431958312159111,0.0451671826294955,0.0473555638671916,0.0490248289783942,0.0575549660563901,0.0799383721929541,0.110903653501021,0.1485145158853492,0.1911444940989973,0.2364813565180774,0.2820097207378517,0.3250341144288489,0.3628430046816417,0.3924800753167085,0.4143546551548487,0.4371768382907459,0.4652847097641518,0.4911459645641483,0.5136873304090966,0.534324553686264,0.5538590202502551,0.5724569366843905,0.5903819510714231,0.6080401890421142,0.6260180161780842,0.6417641250394294,0.6547169461708816,0.6570519145341257,0.6531617556663596,0.68637855394821,0.7028036819677554,0.709252418684916,0.7125330994962826,0.7157795221642782,0.7142937664751033,0.7072020425655292,0.6964124890750021,0.6784992787535942,0.6584414433856461,0.6361691955800053,0.6132145276876704,0.5973917748706211,0.5804553180943004,0.5536577961136836,0.5327916977203194,0.5265316410750471,0.5329036446125426,0.549733875045834,0.5791399133000815,0.6298112694888789,0.698338726368635,0.7947072876155893,0.914509066090174,1.050358022323488,1.1979998998453782,1.3578786016935271,1.515631561647697,1.6113475828627442,1.6201223152965551,1.6524397519162723,1.7336773793905964,1.8026103995832976,1.855063340943972,1.9081673075409205,1.8351018081339363,1.729512771884996,1.8718082946704224,2.064809734638956,2.107353117901383,2.09751428703683,2.1665283372568216,2.214539462652166,2.212201392190055,2.138366685909669,2.307575127364065,2.211065318700021,2.370121930725117,2.549154367069999,2.681883387986788,3.023517431940017,3.322846258749294,3.18478339951982,3.036504731237691,2.8350913468245644,2.2416689004990387,2.58261004817954,2.1118498604297677,1.871463676485288,1.5420224322749203,1.710035616060904,1.9748753792981164,1.5490359232557336,1.0430637440071442,1.0562173386538474,1.0415683487357126,1.023517814770206,1.003457808342834,1.0355651989679566,0.8525566481000001,0.7634158622558673,0.8016964429271222,0.9658153948886355,1.2196800029363977,1.4418102290192805,1.6639404551021633,1.4918178050052937,1.0901982881125971,0.8094335634029699,0.563358445743976,0.323096513032357,0.4315076863093794
A,Current policies,Median|Harmonized|KyotoFromPrice_incrate2_MESSAGEix-GLOBIOM_1.1_EN_NPi,World,C6F14,kt C6F14/yr,0.0,0.0,0.0,0.0,0.0,0.0,0.0,0.0,0.0,0.0,0.0,0.0,0.0,0.0,0.0,0.0,0.0,0.0,0.0,0.0,0.0,0.0,0.0,0.0,0.0,0.0,0.0,0.0,0.0,0.0,0.0,0.0,0.0,0.0,0.0,0.0,0.0,0.0,0.0,0.0,0.0,0.0,0.0,0.0,0.0,0.0,0.0,0.0,0.0,0.0,0.0,0.0,0.0,0.0,0.0,0.0,0.0,0.0,0.0,0.0,0.0,0.0,0.0,0.0,0.0,0.0,0.0,0.0,0.0,0.0,0.0,0.0,0.0,0.0,0.0,0.0,0.0,0.0,0.0,0.0,0.0,0.0,0.0,0.0,0.0,0.0,0.0,0.0,0.0,0.0,0.0,0.0,0.0,0.0,0.0,0.0,0.0,0.0,0.0,0.0,0.0,0.0,0.0,0.0,0.0,0.0,0.0,0.0,0.0,0.0,0.0,0.0,0.0,0.0,0.0,0.0,0.0,0.0,0.0,0.0,0.0,0.0,0.0,0.0,0.0,0.0,0.0,0.0,0.0,0.0,0.0,0.0,0.0,0.0,0.0,0.0,0.0,0.0,0.0,0.0,0.0,0.0,0.0,0.0,0.0,0.0,0.0,0.0,0.0,0.0,0.0,0.0,0.0,0.0,0.0,0.0,0.0,0.0,0.0,0.0,0.0,0.0,0.0,0.0,0.0,0.0,0.0,0.0,0.0,0.0,0.0,0.0,0.0,0.0,0.0,0.0,0.0,0.0,0.0,0.0,0.0,0.0,0.0,0.0,0.0,0.0,0.0,0.0,0.0,0.0,0.0,0.0,0.0,0.0,0.0,0.0,0.0,0.0,0.0,0.0,0.0,0.0,0.0,0.0,0.0,0.0,0.0,0.0,0.0,0.0,0.0,0.0,0.0,0.0006956364369296,0.0062091020738632,0.0131758078740849,0.0165991718867054,0.0189971396769643,0.0207283095108121,0.0219383791463153,0.0227333702902867,0.0233378191657009,0.0232953062478054,0.0225868864917006,0.0245942702831469,0.0270518403168219,0.0265222348305168,0.0270790446231331,0.0281077464018224,0.0361164819662282,0.0586053739423318,0.082977834953748,0.09364275779325,0.1116566022543685,0.1474670486122565,0.2074761656822589,0.2471860217104573,0.2845950485276711,0.3183469577131348,0.3570575403652735,0.4198193103946053,0.5351243928781916,0.5605834410922855,0.6409712320017616,0.7386351808136891,0.7620242030366916,0.8094801251795604,0.8649814529493355,0.7968387861570188,0.7556987741561486,0.6729066944397922,0.4240873298757858,0.3884673709309262,0.3086002023403175,0.3343237370873315,0.2661994092531167,0.2428657273436542,0.2607083020292717,0.1967878592577912,0.1219584785626201,0.1116367762582907,0.1057977375331422,0.1069964617206219,0.1153791417213944,0.1518123297288092,0.0,0.0,0.0,0.0,0.0,0.0,0.0,0.0,0.0,0.0,0.0,0.0,0.0
A,Current policies,Median|Harmonized|KyotoFromPrice_incrate2_MESSAGEix-GLOBIOM_1.1_EN_NPi,World,CF4,kt CF4/yr,0.0,0.0,0.0,0.0,0.0,0.0,0.0,0.0,0.0,0.0,0.0,0.0,0.0,0.0,0.0,0.0,0.0,0.0,0.0,0.0,0.0,0.0,0.0,0.0,0.0,0.0,0.0,0.0,0.0,0.0,0.0,0.0,0.0,0.0,0.0,0.0,0.0,0.0,0.0,0.0,0.0,0.0,0.0,0.0,0.0,0.0,0.0,0.0,0.0,0.0,0.0,0.0,0.0,0.0,0.0,0.0,0.0,0.0,0.0,0.0,0.0,0.0,0.0,0.0,0.0,0.0,0.0,0.0,0.0,0.0,0.0,0.0,0.0,0.0,0.0,0.0,0.0,0.0,0.0,0.0,0.0,0.0,0.0,0.0,0.0,0.0,0.0,0.0,0.0,0.0,0.0,0.0,0.0,0.0,0.0,0.0,0.0,0.0,0.0,0.0,0.0129209645478078,0.0129980382901802,0.0131064164352064,0.0132147404565395,0.0133224008198751,0.0134296638439574,0.0135366779343462,0.0136432017016911,0.0137493843931521,0.0138551794481016,0.013999622828683,0.0141056032561453,0.0141714515414629,0.0142770034449807,0.0143824283011289,0.0145300639221844,0.0146355400260004,0.014696340105427,0.0147998011932888,0.0149479654803726,0.0150502622359871,0.0151042448465445,0.0152528418608494,0.0153534584785418,0.0154536174725993,0.0155533136860989,0.0156525426044429,0.0157512970336795,0.01584957057892,0.0159473601845812,0.0160446076387723,0.016192872405199,0.0162908715947862,0.0163354254553706,0.0164319681800934,0.0165838745163179,0.0166809114191831,0.016777486780534,0.0168735363102428,0.0169680747159117,0.0170552613841407,0.0192817356524897,0.0252891862432177,0.0344378407468719,0.0457804080003542,0.0584384641374778,0.0723101829426394,0.0860097506422554,0.0990145375945543,0.1101299832641727,0.1120174603722382,0.1163117254453503,0.1204476503418489,0.1244481071455239,0.1278313338696984,0.1304288634123109,0.1337322959908173,0.1392847158673415,0.1441335041451216,0.1490880846660847,0.1556935441133451,0.1629371981797593,0.1705584419980738,0.1787436963382856,0.1874021088040266,0.1961915308698454,0.2056290857559435,0.2159298648476313,0.2267688962123734,0.2378605443307951,0.2503486474074247,0.2973100290970005,0.4018947305092152,0.5569980777875604,0.7504973410637287,0.969603718625074,1.202547329153495,1.4379271624551395,1.6646377079617791,1.8719060678508,2.048814394358625,2.206751733254279,2.356791336115776,2.4931561337272004,2.6282918513729707,2.7657067798260093,2.90411698733602,3.043564123074256,3.1851406522039096,3.329857363354046,3.4780202983016046,3.6292990217007497,3.788505465231445,3.9584328804122175,4.152569672681835,4.365302848671726,4.534458546422833,4.742457334250286,4.980772707665703,5.241022671181108,5.520357460637426,5.833013991136172,6.184688770239551,6.57022836153405,6.991769418493373,7.439642279774147,7.911966130684241,8.403295435474892,8.898385319814802,9.295016541055205,9.497456402283053,9.663910874459306,9.943957793030474,10.345868393873056,10.791626844730642,11.26259333632048,11.819134166940644,12.343234677096715,12.851660367292654,13.284341892332629,13.56158930173696,13.784863668139687,14.036567834198085,14.30159233128071,14.48644137477416,14.770660998378531,15.164638152667075,15.309105471412824,15.349853915745523,15.414343831856806,15.305679715060146,15.22764343374441,15.198526275526127,14.813912035771652,14.06149864961798,13.48885380120966,13.347475339933563,13.357167391346522,13.490719518420008,13.590461038341491,13.031845133444389,13.40948949771916,12.03685663812984,12.033617453068809,11.67213667556307,10.6959181938197,10.630730308826143,10.74269058413476,9.814757082525496,9.341287059187804,8.908599049159498,6.945591689182943,7.988676912329101,7.487430665011282,9.236043399801815,7.805680122483041,7.6153962675219375,9.295719756636396,7.146372466423871,5.00495825032356,5.567140349142605,5.559573749963727,4.911183854465354,4.549975171291069,5.518863141001037,4.804570972999999,5.228342453234631,5.380350419694986,5.6106827907045,6.451292108990598,6.714266970783473,6.977241832576347,6.513560260802057,5.431636593328712,4.634603361880213,3.859632969372492,3.065117981580314,3.8933935415636327
A,Current policies,Median|Harmonized|KyotoFromPrice_incrate2_MESSAGEix-GLOBIOM_1.1_EN_NPi,World,SF6,kt SF6/yr,0.0,0.0,0.0,0.0,0.0,0.0,0.0,0.0,0.0,0.0,0.0,0.0,0.0,0.0,0.0,0.0,0.0,0.0,0.0,0.0,0.0,0.0,0.0,0.0,0.0,0.0,0.0,0.0,0.0,0.0,0.0,0.0,0.0,0.0,0.0,0.0,0.0,0.0,0.0,0.0,0.0,0.0,0.0,0.0,0.0,0.0,0.0,0.0,0.0,0.0,0.0,0.0,0.0,0.0,0.0,0.0,0.0,0.0,0.0,0.0,0.0,0.0,0.0,0.0,0.0,0.0,0.0,0.0,0.0,0.0,0.0,0.0,0.0,0.0,0.0,0.0,0.0,0.0,0.0,0.0,0.0,0.0,0.0,0.0,0.0,0.0,0.0,0.0,0.0,0.0,0.0,0.0,0.0,0.0,0.0,0.0,0.0,0.0,0.0,0.0,0.0,0.0,0.0,0.0,0.0,0.0,0.0,0.0,0.0,0.0,0.0,0.0,0.0,0.0,0.0,0.0,0.0,0.0,0.0,0.0,0.0,0.0,0.0,0.0,0.0,0.0,0.0,0.0,0.0,0.0,0.0,0.0,0.0,0.0,0.0,0.0,0.0,0.0,0.0,0.0,0.0,0.0,0.0,0.0,0.0,0.0,0.0,0.0,0.0,0.0,0.0,0.0,0.0,0.0,0.0,0.0,0.0,0.0,0.0,0.0,0.0,0.0,0.0,0.0,0.0,0.0,0.0,0.0,0.0,0.0,0.0,0.0,0.0,0.0,0.0,0.0,0.0,0.0,0.0,0.0,0.0,0.0,0.0,0.0,0.0,0.0,0.0,0.0,0.0,0.0,0.0,0.0044113431663388,0.0167174242069797,0.0355263190678462,0.0594461066381198,0.0870848634944225,0.1170506651622123,0.1479515934739287,0.1783957176480488,0.2069911184658485,0.2323458767086038,0.2556185532901708,0.278896275456708,0.3021799682321265,0.3254705566403374,0.3487689446819814,0.3720760678926048,0.3953928512961189,0.4187202094047996,0.4420590567309227,0.4654103288100347,0.4870945606382916,0.5061777829028197,0.5237791483965314,0.5410177678657979,0.5590128046151674,0.5788833799026463,0.6017486254978768,0.6287276941937712,0.6609397177599717,0.6995038279661201,0.7733866440325572,0.9041286406624328,1.0817098221985044,1.2961100773555398,1.537309431499567,1.7952877733453538,2.060025201840376,2.321501500583048,2.5696968736371986,2.794590999484889,3.0232206451884736,3.2809973738681637,3.5554634260000397,3.8341612522928914,4.1046333034555085,4.354445155794459,4.571111088835783,4.742204983077979,4.8552862129627545,4.872463801877154,5.0810989506240665,5.144415891297671,5.149817295124531,5.124750723876652,5.261406293254396,5.26975631591452,5.077731443121929,4.8479591826553206,4.810921330367727,4.683148513329867,4.632103906932529,6.842594233981143,7.096112909411471,7.3592763256285245,6.987995483973752,6.467899948977735,6.809972109473226,6.996576867728026,6.909724901077679,6.832965155531095,7.041869927724849,7.404401199459677,7.6876024205710625,7.806662037947302,7.605914928076517,8.833536565027606,8.934708479206693,8.510283298959958,7.5288607652164705,6.321656910782925,5.114453056349379,5.00401316134018,4.746320072985382,4.441987107197158,4.060780086941527,3.4371498194081687,4.136395793073551
A,Current policies,Median|Harmonized|KyotoFromPrice_incrate2_MESSAGEix-GLOBIOM_1.1_EN_NPi,World,Sulfur,Mt SO2/yr,2.293964928907041,2.2628048173151023,2.257382334014476,2.2664061371574933,2.318721965217317,2.2989639568563045,2.280606877255993,2.364918987362071,2.335198750059919,2.3305807640068203,2.357932413432714,2.3656252952721664,2.321963728089442,2.33729563748005,2.2852894321880566,2.3527794770079544,2.3419656577089145,2.338375780693629,2.4497689277872943,2.4042022666990914,2.4157430967576627,2.297635365659521,2.277581768588519,2.278008124874392,2.3694688286877623,2.338150420162905,2.3107420448962457,2.3611612111218,2.399801265009124,2.343289126289676,2.3886643256175564,2.389127680459045,2.3558105339791098,2.35211663026124,2.321314171817562,2.366320154111941,2.360633501821772,2.395653825963296,2.489638116034101,2.433654999274548,2.4416701626776725,2.4001415184009414,2.3965396291661984,2.385196027623784,2.477223642703513,2.4447861271265863,2.4074160227666432,2.4740777575424096,2.51794927953522,2.494166533222455,2.52980126509169,2.521143838175218,2.5429524668263763,2.5098541233023903,2.5236500149810497,2.563415529064816,2.5709744237235705,2.603109685046265,2.68633919468262,2.636296437768711,2.6522183128675225,2.630838507467033,2.616325987363092,2.623240293634012,2.7197411917198835,2.7054530023303096,2.717808876058472,2.7530630723638314,2.816524123475269,2.769591108361741,2.8132035824966986,2.819486577653791,2.805592952710837,2.8036545298730084,2.836083806340331,2.8767346232743374,2.864843844277905,2.928696667739809,3.035607921479159,2.993698464988558,3.1922128806712142,3.108562428073516,3.116620946733377,3.1374639200125354,3.2276475522863706,3.222073321753749,3.3514047658455137,3.3759384446693907,3.4618734854881565,3.4669933830857707,3.523028587219825,3.6009940445474027,3.627305218411945,3.633616104908014,3.762887186507929,3.9292005376890136,3.9187218738280793,4.098582662797082,4.2430696164199535,4.304843128983007,4.43529788519302,4.393582339752874,4.437078354104087,4.521070777616839,4.908616954421401,4.905258029170934,5.053351345609184,5.167370649401468,5.26928731380882,5.452098842070001,5.723728815691518,5.866212205600544,5.892747046189393,6.107204299278992,6.403090115646104,6.692905259513108,6.808895730319699,7.204585259612246,7.4501101321052,7.717382716979255,7.917821734250346,8.282216126473733,8.844900481344002,9.36210995864222,9.267304569705034,9.655674730035544,9.889801531387016,10.16887214181783,10.295387135573725,10.877290201672857,11.828604159664316,12.24952830656721,12.776749830212626,13.395413839529992,13.649784074064444,13.77213379310228,13.878040411212528,14.40759322087184,15.682064304116295,15.699373194674644,16.87080167830507,17.549215360141392,17.840936820598913,17.735272526761356,18.42555593606896,19.378572908238024,19.97213486328112,20.93680248926569,22.036860517409707,23.86009173762787,24.9885239465602,25.98506128006877,26.71754101588943,28.80608110312509,29.390104856508373,31.189578852764864,33.050557890036835,36.30685549299776,34.957713522007666,36.620540978291935,38.24875916169091,38.57835297194932,39.90504024262709,41.608776110743975,38.055824103339006,37.89017603242058,41.16715617911659,42.87220576533999,42.35184435966062,36.30824088701438,40.2921371952728,34.381548012652146,36.16789484841536,39.57100759105087,39.61698926223415,39.9404795161816,40.96834470021005,43.39826693519901,43.59311732171828,46.58525523523693,43.23902733911279,38.31213913235312,34.06753015394212,35.909082255120474,39.63465854344549,42.83255413809528,45.95374212198672,49.436294478222784,46.11896625593704,49.1797858618675,54.26576053391427,56.27482601687022,57.34910541625426,58.41109650348088,56.98449427983895,49.23254214411747,48.39949488715106,53.93873726849987,56.58560586844603,53.69571990196174,57.87234845976541,61.31493363536356,62.9425683607404,64.13489900029305,65.83361736309493,71.71050783934642,76.61972192833178,79.18324955312143,80.96872124535929,84.61748103167217,89.68110083635717,91.00422749247656,93.58089856082546,96.89403249621948,101.44980032268022,104.1699329337609,107.02261016417512,107.77491204026153,112.71015212107532,117.20036877930028,124.93181339724636,125.49894038874024,129.16433522355788,135.22463103410894,133.3970873801387,131.75708991626018,137.97916260582463,138.81907190373246,139.3856956116422,142.02393426610269,141.4750378251566,137.09430859755116,134.4623992355159,132.3006110471813,133.5608106181119,133.96262721943728,133.55210929341447,135.92384807154042,137.0572216688115,136.6594641713533,137.22441388722083,135.1604265120214,129.86705263493042,128.02458074809093,125.04634629873289,122.3321836110715,119.55365517123865,120.0052098960085,117.19936774090596,110.94584721902817,110.21683307479412,111.18736636353114,110.80125239441196,115.18149884813916,120.69545348152616,125.7913190127618,126.9964955092897,125.50552182202516,122.07116262855294,113.6290233978227,109.59394709578172,111.56191737889668,108.95511828787949,103.84404168432596,99.27118759809436,100.77116698064656,84.21911851851395,82.19990293107759,68.29407193018454,59.61320786398522,54.46361185136424,49.31401583874324,47.59040427136938,43.56864394749704,34.07839754538362,26.360785593673885,19.52321118114492,19.854446721478983
A,Current policies,Median|Harmonized|KyotoFromPrice_incrate2_MESSAGEix-GLOBIOM_1.1_EN_NPi,World,VOC,Mt VOC/yr,60.62284009096265,59.69173298282395,59.36659532295644,59.63441601062681,60.8802061459323,60.43696017866529,59.68964917254196,61.88033094447502,61.05397661383557,61.06658618062361,61.81115409717575,61.60943876913123,60.655244955331774,60.75701504826363,59.1987490479268,61.26344695432127,60.49502759876011,60.52965320857949,63.14524272513017,61.59379614841215,61.61131347842545,60.07364773449579,59.50790378315516,59.57509981626201,61.976235833816325,61.20831183581812,60.18045617105164,61.570412019825575,62.46430785304701,61.18614367071593,62.44292501413517,61.88763972571658,61.18360568205033,60.80252703797142,60.04439271246434,61.20321785184259,60.62742874798427,61.46914934113806,63.97981425413576,62.35543456481265,62.57300473409207,60.94799985196505,60.56325386451463,60.3197768703141,62.77516908837093,61.98257133437449,60.73149890404996,62.21650127939524,62.945232186180014,62.24641070044768,62.75541801119743,62.42330003732428,62.0880254260063,61.1728985196531,61.26526740320351,62.09803631400734,62.00791131152936,62.49390972783527,65.01108897104669,63.50893178588582,63.7781570392134,62.63960925433802,61.79896673010069,61.95821393693294,64.319439171835,63.704213855328064,63.109712530848334,63.78291635564258,65.11444046826232,64.10971298358473,65.06734608246182,64.85189853252514,64.10020995297806,63.14153156639756,63.58050238175113,64.08145766317607,63.71899626569596,64.30065628543984,66.96085182338737,65.5002465986271,65.8755077138521,64.27995773160117,63.94900191924015,64.02783070683066,66.07251442282843,65.2088487628634,65.19177960830714,65.81285961014231,66.94602612721083,66.11784673658282,66.06715638487945,66.96351053862777,65.9440397256422,64.45263621206925,64.92115446006747,65.72053753666938,65.28530389467001,66.49269340188258,68.5905371169533,67.49066445712248,67.85518470927914,66.01887833954686,65.15283628628885,65.51484785260196,67.8680756423216,66.71789436773662,66.2388135562634,67.7983522298778,68.542358207945,68.0328164586406,68.06067445129493,67.97499624375935,67.45021782352948,66.00691166854752,66.51960037667406,68.10775061115905,67.3839374016041,68.74502644916105,70.8572898322391,68.99795028076454,70.18522570106867,68.50245643523527,67.0347457149485,69.0646340613562,70.44596901841274,68.57425606411121,69.29476996230474,69.8687997019301,70.57368161377022,71.16989893947189,70.40172523734373,70.79075670594042,69.81774391916277,68.11426926769252,69.76242370508041,69.98512042858927,69.89429086681925,70.80459255245547,72.50683015425267,71.67978945361857,72.45856382163734,70.51809071924922,69.74709410752463,70.43093288472681,72.91129061012171,72.12913397076409,70.54189425115422,72.53331769622442,72.39992062011977,73.34766144287416,72.80770536716967,72.44711908973566,71.99137750633011,70.82720047809964,73.57107438280029,74.1186522036804,73.8197433382293,76.17604042322043,77.28797023202424,76.57445211349557,78.45716830044452,76.68763051173966,75.75305997325097,77.22010719463938,79.42013287450305,77.89294978388968,77.74061983308452,79.56342565674852,80.55297922278456,80.83359479534212,81.97123354076048,80.27559729463034,79.57844670840464,84.65265139465491,81.88894197176657,82.46947362430944,82.24940541001706,84.54493861366309,85.10029492138167,86.99644587309524,89.29539177910476,84.33616402319541,85.91102070746784,85.43134644932752,88.84427853748498,88.95711866348631,92.62145366448922,92.31710440559787,89.86506825232885,93.27944532593796,92.2592936094957,92.5002024392826,93.80638513346165,94.1484928202428,96.3822727494215,95.66006075263522,94.16331496271042,95.62235578668712,99.99003795123912,101.2436943291178,106.85300146053544,102.02498801160615,105.61843675365066,109.33383308236182,111.0523539605797,113.89019801983576,121.08025196522772,126.08388981190284,119.2201791016847,120.1794556858108,122.65208540884126,132.76707832145226,129.2922822817633,144.55088341990984,135.11078738678032,141.57528311006325,142.88354583394266,151.18731990839535,150.98695578222978,152.8433637889837,162.42455249805047,165.39168670833084,180.768561838064,172.06782346957144,171.43250503187977,167.49298644771352,176.02857990438707,178.37842900948257,182.36714593956464,184.3494835660252,182.51343944084965,177.92809779521778,196.33878576301188,173.15061935667407,177.61950758770524,178.62602997500764,181.0093999569804,188.87917907901624,187.99752028462416,185.20765958330577,189.3668560093154,231.43184947499253,185.42993753842345,191.8199844625449,219.7415082213077,196.3569334923857,191.38579687483693,256.0833187500461,223.631651874307,196.5586306857041,187.32911644541605,187.9896321950928,210.06865181970576,204.8470839110516,205.71044775952453,207.6552274177385,217.532763062634,204.9318415979919,196.4979334942796,199.6027637904372,206.7710297871344,201.5102274040188,213.5207062868236,203.41823540873256,219.08799589264663,227.2448193195333,220.5330716303503,218.6165099752288,196.44962846147945,173.7099163935542,160.10095461573138,146.49199283790858,140.86805718900862,127.74554067490868,114.65352139933762,102.80008296849633,89.94724477988147,87.18276198820912
A,Current policies,Median|Harmonized|KyotoFromPrice_incrate2_REMIND-MAgPIE 2.1-4.2_EN_NPi,World,BC,Mt BC/yr,2.0967656094612304,2.071971538271485,2.067178349365188,2.0703817893270706,2.0985861115724007,2.0977891893935445,2.07136319662617,2.1465637855989463,2.119763130147536,2.11596123027194,2.1311559592645266,2.136703326295822,2.100696515026073,2.10568846943969,2.0746791895366785,2.1226686753170334,2.109392767621556,2.111379784768649,2.186365567599111,2.136350116112941,2.1383334303101407,2.099110917701551,2.090110985485277,2.0911077552394994,2.1531012269642167,2.147091400659433,2.114894932055974,2.168878509692181,2.196858789298888,2.157835770876088,2.1889596057196807,2.1848584302997804,2.156728921455819,2.146599492801231,2.1404578288333806,2.161329955461797,2.1535191020186453,2.1803801449125784,2.254321061069895,2.203286692747988,2.211259668625768,2.167613842016425,2.1608385706833646,2.14790232610409,2.208918949759636,2.197965574385673,2.1525836274977657,2.2083615114765163,2.229054543470697,2.201946385524731,2.2097300783783584,2.212946586119244,2.197216204814192,2.1742665963305807,2.196124970711811,2.2095929096204165,2.216691103853465,2.234134369658822,2.310787210777329,2.261846680025805,2.274035725513972,2.246966990425418,2.226481787144761,2.226265248328221,2.2863837502151947,2.2817584680037,2.259806004613241,2.291075044192348,2.330717119279797,2.298800178856345,2.320366226287178,2.3280583573567504,2.2964849746114884,2.276689219594342,2.3099750747314305,2.316517521292834,2.3155641872407946,2.3396845264040023,2.41890677912337,2.37260739478434,2.396191032601622,2.353843980678467,2.3515912297434407,2.3510595531165905,2.406306997785964,2.399201792619178,2.402120864778317,2.433656249734132,2.471501778305861,2.446908058428376,2.4422170333943383,2.484904110266705,2.4436115438378314,2.4055468035772902,2.4419346069135903,2.4657001707394204,2.465543112646614,2.516519271895681,2.577188536789053,2.5488513757488565,2.5678371555067923,2.523565166304164,2.5084661191399173,2.5244503655444044,2.6053535563753907,2.588395791145352,2.5737082531933275,2.634357731701831,2.6602984102436955,2.649542163681698,2.6564779946858623,2.67539234411094,2.65509444774139,2.627532080645409,2.672052097334157,2.7226349714148945,2.7129834195428906,2.776919539816383,2.8476388399267565,2.804600920407938,2.850641052383301,2.8214816093559723,2.8048487254210963,2.8759823039047774,2.90294587065074,2.870447548194408,2.884455128218679,2.92093759347938,2.9454807103928395,2.9767040151898305,2.979011862872781,3.0197487015461366,3.0078597159913647,2.987262144804004,3.0541693442937783,3.060324715238832,3.0746066403729806,3.121666504836311,3.2163852578666496,3.189220373940735,3.254897977304661,3.229514916272789,3.2242606907923133,3.240576043493044,3.318657700220226,3.3436411670542405,3.301338889508308,3.397703715194779,3.4315414312356847,3.500216553847437,3.5108566256510274,3.5367648318670755,3.534385760121188,3.5592225931183643,3.6315893545297824,3.696618265817381,3.734784888880154,3.880250388136069,3.865180699470456,3.885499787063385,3.9729637342528,3.943317932590152,3.957312012286773,4.045041467162073,3.994319528759224,3.964232768853323,4.020565681254354,4.123371130489197,4.127514993005597,3.9380751617822938,4.078428451148834,3.902840965689001,3.903819160731535,4.239619937635342,4.1379193396697564,4.168811856781872,4.131512745965076,4.214826666569674,4.166145204963687,4.224178755369573,4.173963708844665,3.93098047972776,3.908341302957665,3.895097315581966,4.056482796422021,4.081845109564061,4.249397247106342,4.25158119443724,4.106962966422042,4.245341558997884,4.275042315818044,4.333352610801654,4.423154663560002,4.4412120131836135,4.44293054163848,4.210853695666977,4.161869879441373,4.153796872121993,4.238231099153874,4.30758045079744,4.485656388020499,4.318932192191574,4.367243287060872,4.433921416531317,4.487770554351322,4.56676655933338,4.800663590712143,4.9787629951318095,4.946343168358697,5.029655309577164,5.141081489845094,5.147694357012168,5.154658661109372,5.338068542427597,5.180871108610841,5.195661311137665,5.211114335587503,5.314084838081458,5.298081870693366,5.316066298949716,5.459856444597341,5.577047869667343,5.872700064964517,5.779569979014145,5.84123330849879,5.86063301256892,6.103687648571628,6.236698225213448,6.476835746542289,6.539956612732321,6.440528700817964,6.352058506648234,6.675773036593816,6.360345525449008,6.553494000364888,6.638687766673304,6.775036169548928,6.97407441025641,7.158724884402355,7.095501861065952,7.294464475554437,7.787367911287963,7.127610460956472,7.316642330893157,7.781741303129326,7.781096533309196,7.635056325092877,8.209142997568044,8.247757290588599,7.478531603674823,7.113418899499503,7.204673758199151,7.588355871885799,7.668078438485093,7.85600389984557,8.028732937562364,7.96052174986425,8.168771954321528,7.936498963006227,7.861838906737685,8.306296219725624,7.973211128150686,8.162565730833903,7.842259345935568,7.934828048081975,9.727423576882977,9.002700022803444,8.911974516464658,8.73624229015378,6.556410211698261,5.271514837831857,3.986619463965453,3.882562754186284,3.6397637647015553,3.339455570879453,3.1764091146558946,3.079506663907131,3.015533258519997
A,Current policies,Median|Harmonized|KyotoFromPrice_incrate2_REMIND-MAgPIE 2.1-4.2_EN_NPi,World,CH4,Mt CH4/yr,38.246272000000005,38.106144,38.070994,38.237775,38.585534,38.536248,38.486099,38.975721,38.839298,38.998828,39.253289,39.211753,39.147955,39.180111,38.85922,39.425283,39.300568,39.376538,39.995461,39.730337,39.793167,39.675569,39.746205,39.994775,40.733277,40.745712,40.791254,41.257554,41.609788,41.635954000000005,42.150077,42.088699000000005,42.130624,42.116507,42.0023,42.426057,42.411573,42.693193,43.335724,43.100213,43.255637,42.95581,42.871773,42.902279,43.479549,43.324898,43.159712,43.464262,43.616775,43.612303,43.793132,43.843523,44.075984,44.016999000000006,44.186449,44.599492,44.759671,45.051418,45.760542,45.63137999999999,45.90274,45.795348,45.740241,45.96237599999999,46.622999,46.61087500000001,46.69318499999999,46.947908,47.306059000000005,47.333118000000006,47.715634,47.847937,48.037837,48.035784,48.329572,48.738418,48.911177,49.293893,50.109381,50.030188,50.458158000000005,50.341223,50.491235,50.817617,51.534549,51.576848,51.96851,52.293309,52.753405,52.927779,53.251009,53.585087,53.690507,53.574114,53.856064,54.352226,54.455356,54.985109,55.633324,55.635374,56.006018,55.747822,55.766516,56.109117,57.030418,56.972204,57.230187,57.670408,57.967338,58.259523,58.654846000000006,58.836455,59.020612,59.047924,59.449913,60.144933,60.327989,60.862704,61.537904000000005,61.468841,61.939188,62.010174000000006,62.315168,63.274071,63.740415,63.880714000000005,64.463432,64.905498,65.353551,66.105333,66.66126200000001,67.270763,67.74754300000001,68.017385,68.743014,69.242357,69.66134,70.480253,71.68807100000001,71.895303,72.92557,73.12366,73.400688,73.848839,75.032418,75.609712,75.921352,76.96440700000001,77.649802,79.00918399999999,79.763318,80.279163,80.784894,81.629711,82.68630800000001,83.616537,84.60206600000001,86.673339,86.899633,87.658263,88.949517,89.256641,89.84919500000001,91.500046,91.207873,91.222773,92.618233,93.918991,93.858809,93.061605,95.232432,93.460501,94.849139,98.332608,98.721948,99.550263,99.728457,102.434994,103.104406,105.306349,106.07097,104.763816,105.108175,106.416628,109.184347,110.753121,113.96882,115.7332,115.66284,118.15214,119.9927,121.78269,123.46607,125.50281,127.35182,126.35691,129.39088,133.37181,135.75227,138.27887,141.41637,144.20284,147.96745,151.90604,155.82484,162.52719,168.78112,174.34383,175.60208,182.51956,187.61464000000004,192.73004,193.33175,202.30453,202.03502,208.72377,215.057,219.33546,221.36909,227.10628,233.25097,234.48299,243.10197,245.03529,246.27738,249.44602,254.01744,257.46025,258.69927,265.17915,264.4543,258.54708,268.20999,261.58913,265.99195000000003,270.237,273.86648,278.99061,281.73679000000004,286.97351000000003,291.75191,305.24483000000004,289.11581,291.23085999999995,303.80032,298.66624,300.53934,323.9287374569756,306.3032193977038,301.8969494986439,304.78053184966853,305.08007056730924,311.8377963534251,316.8591076895892,323.4496863713733,328.6400357973078,338.6915168245732,335.5126328889401,337.1140572401039,337.8155488609667,343.17600678741104,350.39231677232726,356.14077202353855,352.7283537870203,360.61993138588247,365.7112915258411,379.21681178583617,375.8786113250565,359.4438538610072,363.3292618920299,354.52241690679153,345.7155719215532,340.687598814736,328.9556615654959,301.0317487592149,302.1095056421069,274.95814911322714,248.301434932732
A,Current policies,Median|Harmonized|KyotoFromPrice_incrate2_REMIND-MAgPIE 2.1-4.2_EN_NPi,World,CO,Mt CO/yr,348.4549731849569,343.853051472552,342.4238604059472,343.6011634862167,349.7411971581965,348.069843185946,343.93077392761575,355.8636399340545,351.761118296263,351.42920901424134,355.063794068408,354.6247906706158,349.16571540954,349.97525337634784,342.64540457103953,352.8471689936149,349.29032527411044,349.5253067949312,363.2979015436357,354.93310952022387,355.2679307246957,347.7641800514892,345.1989224536411,345.67701861549017,358.00346853703616,354.9472722182793,349.46758301485335,357.438083830264,362.6479384053716,355.8181467401764,362.2175823832264,359.9716731378132,355.9273166844743,354.16653988158544,351.1268486950836,356.68419424563217,354.0747871357951,358.6617991811911,371.9488561893258,363.3070133707674,364.74493490103055,356.5122045678039,354.7774694257974,353.2264852452193,365.57593076456726,362.0452504743569,354.9940273653143,363.3915769309464,367.4879094707558,363.3174123982342,365.66750682252825,364.7398265471246,362.7793707791722,358.45768561251805,360.0291243914408,364.1068425513644,364.1368593430047,367.0121021279135,380.5460481268483,372.6395284367811,374.5222306176834,369.06292809588007,365.0373138949561,365.700815937917,377.7679824273595,375.35967014498766,372.086396622072,376.2156269774233,383.6837409677249,378.1019958067444,382.9006023640485,382.66308483526177,378.4295514445469,374.1228278158811,377.4491433650887,380.03039464852856,378.5351177746513,382.1855940292229,396.4131476213273,388.8882688522333,391.7198357890122,383.8133076849341,382.6535650661125,383.0834256473796,393.77575138926,390.1693769642325,390.2370549093755,394.342336714034,400.88625151868825,396.4927587161413,396.1285740749223,401.92935619556033,396.5334323011719,389.2681503753454,392.87086294062846,397.2875959577792,395.3669659405794,402.43884649754045,413.7361941456009,408.415896029276,410.9764287487393,401.7666013490305,397.6605045801185,399.80018221315066,412.69866750347103,407.37028133536097,404.781881544942,413.9899387017472,418.3853266773859,415.6986139169386,416.1716739561812,416.6765385875779,413.6000795021018,406.8157742839148,410.6419748349246,419.180458477768,415.8074106444868,423.6793290434391,435.0192580312962,425.70812181340193,432.43907550346864,424.4334402737337,417.7097325269359,428.67777436401184,435.3991281472737,426.42999851158777,429.640037027459,433.579004056342,437.5681887654498,440.5898920317183,437.696728381263,440.711374801454,435.923599424743,428.0896459071601,437.1628150587892,438.1580090558806,437.902746137773,443.280362521347,453.6136124088803,449.0923710899031,454.7131597201184,445.52016182639136,441.8178995277467,444.94352456791023,458.142971933813,455.4696739508447,446.4454276984831,457.9447541435623,458.1455362586295,463.6917630557393,461.19043048214,459.8151325226077,457.38751491667546,453.1134963844663,466.4288378250181,471.1681019815717,470.3587865692667,485.0253280562813,487.4579700434228,485.0024151111468,495.9392790752821,487.1597777278829,484.26325882613287,493.9459718536515,500.0326739973304,491.0497352130593,491.5196146262008,502.270465987132,506.0591995698821,498.8768453751173,508.73472779791007,494.881522320432,492.3121840772167,526.4697640691863,511.3905788356258,514.4791341202026,511.89318604305225,525.0820964358743,525.2821397530529,535.3578338674242,541.130945351334,510.3460740921445,515.5468311949554,513.12054001977,532.6633294892717,533.9364224712212,554.8714833283648,554.1843787840817,537.344661892203,556.3498584988156,553.0533202077968,556.2434438938719,564.2586951329373,565.6947131174502,574.8386596360062,564.8341902368531,556.2423080534037,562.2886227595822,584.136103701544,588.0016246710268,617.6107910836586,591.1969177443217,606.2277735165969,623.564673808876,629.4653302855627,641.8956820005696,675.4736788771766,697.4749175258452,663.284167366922,666.8363736923128,672.2368311640078,709.3950731758207,691.7570475276038,758.266860255332,709.3510259121194,730.6410580747736,732.4024531055795,767.5772792422499,762.145232711247,767.9742119205669,802.5131466078152,814.7563817854918,886.7152517275345,842.0370530919374,840.8848176493934,833.8698427241653,871.1305104573489,883.5919772242157,909.762403576013,910.19850958734,905.0629411433764,890.8021453744932,984.7065767586964,879.0101622670202,903.6820244872788,924.2292428532572,930.690484338132,967.6539272936822,965.1513719796736,945.2244210207956,954.2151757976516,1148.572422183351,932.3410091080444,960.2380218604528,1081.3153501726963,977.3439963769316,942.1202315447332,1223.2338579068305,1098.675748892164,951.7034593945712,900.240434008397,895.7549032326314,985.387726686647,960.9676886942268,960.9738425983422,967.9322511565651,996.7825680501536,944.6736976144492,888.557731757935,891.1349347531929,926.5620168063364,883.8705764043774,927.863738261658,873.0171358681735,927.4582396926074,934.3498846847745,892.8851464316411,879.6733898456583,792.4170119964818,618.6987288788439,539.2959394519269,459.89315002501,456.1904816353335,447.5509220594216,433.2246085416105,423.6260808991088,425.037724094106,441.3934191555725
A,Current policies,Median|Harmonized|KyotoFromPrice_incrate2_REMIND-MAgPIE 2.1-4.2_EN_NPi,World,CO2 AFOLU,Mt CO2/yr,0.0109921738406461,0.0329765215219382,0.0549608692032304,0.0769452168845225,0.0989295645658147,0.120913912247107,0.142898259928399,0.164882607609691,0.186866955290983,0.208851302972275,0.230835650653568,0.25281999833486,0.274804346016152,0.296788693697444,0.318773041378736,0.340757389060028,0.36274173674132,0.384726084422613,0.406710432103905,0.428694779785197,0.450679127466489,0.472663475147781,0.494647822829073,0.516632170510365,0.538616518191658,0.56060086587295,0.582585213554242,0.604569561235534,0.626553908916826,0.648538256598118,0.670522604279411,0.692506951960703,0.714491299641995,0.736475647323287,0.758459995004579,0.780444342685871,0.802428690367163,0.824413038048456,0.846397385729748,0.86838173341104,0.890366081092332,0.912350428773624,0.934334776454916,0.956319124136209,0.978303471817501,1.00028781949879,1.02227216718008,1.04425651486138,1.06624086254267,1.08822521022396,1.11020955790525,1.13219390558655,1.15417825326784,1.17616260094913,1.19814694863042,1.22013129631171,1.24211564399301,1.2640999916743,1.28608433935559,1.30806868703688,1.33005303471817,1.35203738239947,1.37402173008076,1.39600607776205,1.41799042544334,1.43997477312464,1.46195912080593,1.48394346848722,1.50592781616851,1.5279121638498,1.5498965115311,1.57188085921239,1.59386520689368,1.61584955457497,1.63783390225627,1.65981824993756,1.68180259761885,1.70378694530014,1.72577129298143,1.74775564066273,1.76973998834402,1.79172433602531,1.8137086837066,1.83569303138789,1.85767737906919,1.87966172675048,1.90164607443177,1.92363042211306,1.94561476979436,1.96759911747565,1.98958346515694,2.01156781283823,2.03355216051952,2.05553650820082,2.07752085588211,2.0995052035634,2.12148955124469,2.14347389892598,2.16545824660728,2.18744259428857,2.64328804346016,2.73294754142036,2.7802627430411,2.83958384120112,2.87522291149779,2.8853234979047,2.90127436350013,2.94052863763772,2.96019241528599,3.0094129270391,2.85510723336941,2.75203728332362,2.7272682516027,2.713979934782,2.68751322287903,2.64025908889074,2.6584083892543,2.6708539727472,2.64188348791386,2.62639673632504,2.85338512613438,2.95448869841534,3.00399012127772,3.07133550634141,3.12942303832598,3.15238446812644,3.18264958676768,3.24111573807343,3.30004600338578,3.33066531429523,3.37369356811811,3.3395201210002,3.40547316404407,3.47561544667388,3.48365194710404,3.47781388144201,3.5258863217051,3.58361966142148,3.59302407681847,3.58510971165321,3.84898295146116,3.95594901645712,3.998427661588,4.07560493547581,4.11148827630227,4.1515120026087295,4.193721950156809,4.20780414619932,4.239082987539209,4.29858728859658,4.3773889615074895,4.41803557766493,4.48638247190076,4.49612886603946,4.58335787222825,4.598038531068729,4.62404112896512,4.66654420114895,4.70532214775344,4.7459321233314,4.64277667860016,4.608517736796809,4.549868382593751,4.538705219382231,4.53644571698164,4.49026637332445,4.442951171703729,4.42844150223408,4.45549446340854,4.41338222407239,4.60848109621734,4.73189878139484,4.79413891238586,4.78805657619403,4.80703639635888,4.87480925484972,4.858382061721209,4.86690710321093,4.87515123359142,4.88916014847502,4.9640290658563,5.0353804876085695,5.091697058252151,5.11241119917854,5.161472935087289,5.16457517081563,5.19038235228819,5.176483359143,5.203756163794311,5.206382071989551,5.34206213776259,5.514736975272671,5.55015620209254,5.53902967946049,5.539750277523391,5.50550354924652,5.48983359476035,5.44364203757668,5.36867541198347,5.31671907029668,6.06716699192407,6.16293325312909,6.30495213915024,6.41730436932812,6.57235508811369,6.79352983931396,6.992708029306471,7.17300410734606,7.3819653320567395,7.77339664252215,6.83128184969333,6.54944251241916,6.074116488496671,5.8773565767491,5.735178914883569,5.2056370468737,5.03462324896624,5.170730788166391,5.23243352399188,4.911608610162889,5.11426765520494,4.81939648516639,4.8223033044709,4.69536812366443,4.56423148974552,4.6128779657536,4.59089361807231,4.59129666444647,4.456508186107191,4.22969078566868,4.40657928981767,4.65499020508979,4.67673028224128,5.15976304137874,5.96704050176226,5.50439211833598,5.69290789970306,5.51465148058725,5.29877739988344,5.240934138428649,5.16698123553409,4.94661257708213,5.22318788443926,5.12914373046928,5.776521702050911,5.63957142952294,5.99740332861544,7.481114740099369,6.16522939610911,6.00409634113175,5.37574704382095,5.03624764798934,5.3852613809563294,5.83363215191629,5.3938963441845,4.89198147309412,5.2347907346044,4.55610949462992,4.74086350983819,5.23623193073016,5.177594790053569,5.21808263036662,5.34527429522937,4.85885838925431,5.21436971831376,3517.44,3311.008799470016,3283.4043034128526,799.4949408088163,788.4688195660103,643.7865001543486,499.1041807426868,502.6053928346926,510.7748877160394,305.16840657777425,280.42891254346506,8.379003873411108,-206.70481202165024
A,Current policies,Median|Harmonized|KyotoFromPrice_incrate2_REMIND-MAgPIE 2.1-4.2_EN_NPi,World,CO2 FFI,Mt CO2/yr,0.0093060841752274,0.0094073777771804,0.0095053183261049,0.0096106419917932,0.0097337339384858,0.0097936228856263,0.0099100707272427,0.0100940956375869,0.010216519573715,0.0103390175110134,0.0105144972862167,0.0107480549799193,0.0109523712111696,0.0111917689972329,0.0113971622455162,0.0116436701440255,0.0118762678225455,0.0121527011943246,0.0124671331670496,0.0127802761193888,0.013097423135052,0.0133696994410873,0.0136237224584478,0.0138083563784235,0.0140126366091045,0.0143391467728454,0.0146543557578588,0.0149597735880256,0.0152437240786875,0.0155354806928029,0.0158789771251807,0.0162346397499663,0.016581216231055,0.0170630208507694,0.0174713693087786,0.0179654111220237,0.0184477887508003,0.0188594282608573,0.0192865340155122,0.0198637391439806,0.0203984165998762,0.0209320800397352,0.0219295618148566,0.0222976136355766,0.0225200121527974,0.0223155989200129,0.0221217248539049,0.0220904273589366,0.0231062944248204,0.0274856416839649,0.0327988707124001,0.0319865558656839,0.040311110518074,0.0295389731572932,0.0317696794357947,0.0312523112536443,0.0327051392300417,0.0362012265204767,0.0354983504045282,0.0363343876264125,0.0394929365786966,0.0401773164021271,0.0408151684897243,0.0412067906832082,0.0422273138227278,0.0435879543411852,0.0454972965373307,0.0492767013084168,0.0513928227747655,0.0509309724706274,0.0507338763535628,0.0520601723288632,0.0540225663640208,0.0563586543091277,0.0575845476965666,0.0607318274706292,0.061383100770482,0.0657396076684072,0.0666828445856492,0.066308456664724,0.0889896623667888,0.0832519316248815,0.0820928552941508,0.083250019594643,0.088764514806092,0.0974011343937724,0.106896185557503,0.106201101564786,0.105846934963661,0.109654768184341,0.11881039098003,0.1221674790722,0.129390835309195,0.132371482447972,0.141944521845082,0.155039809946368,0.157658621362732,0.170743605301059,0.173582630200087,0.184934922735991,0.196755077671114,0.198671240975135,0.207417496296699,0.217123872802529,0.255037202399824,0.260108507602247,0.277300831497937,0.279936443179996,0.284229650076836,0.301486032985616,0.330967814238422,0.347791313301167,0.354494511311888,0.378186123993487,0.407732422266627,0.432865974752424,0.446560649332975,0.478168310206455,0.491559728991032,0.521962458808592,0.533346681849475,0.566900339498791,0.627311170892882,0.666491761531845,0.624242397360394,0.677124532688558,0.686791086564596,0.700415478033623,0.705984725110968,0.756002437138431,0.853929916856328,0.88355803542345,0.933374897274476,0.992769305593896,1.00414996157837,1.0116531312406,1.02743376081041,1.07876389059369,1.19437153392244,1.194642958215,1.3003828704861,1.36177171634744,1.37241818472078,1.35549877814126,1.40304135402457,1.48745590103615,1.53638990792488,1.60925701331428,1.69719325302125,1.85373853577659,1.95224035857769,2.01677637421135,2.0677166488291,2.25413579903806,2.27978346965461,2.42735676651847,2.53477332430564,2.88836366931818,2.77648484696054,2.89054049474456,3.03413780072834,3.07955070993108,3.23601479240225,3.50633121144207,3.18040587595018,3.13490363733469,3.38591194801781,3.54048268954589,3.49331938566074,3.02905445433548,3.52148308606817,3.09014556348813,3.24036512120246,3.67629128135158,3.68727851811414,3.72709272677374,3.6610885059204703,3.996191792561192,3.9788261079238096,4.2709754162496,3.93866079871157,3.51995889996325,3.17352650315327,3.34157104776883,3.6342992332495503,3.8148586837876897,4.18557997172516,4.47430358287375,4.20696749496773,4.45131770735338,4.861422359136671,4.970893055409929,4.959664504831,5.04177404038893,5.11798961173415,4.25720366245005,4.64619708336036,5.14586320155351,5.42503848969587,5.1810876706266304,5.92943544270692,6.38150671919018,6.46753934479158,6.65096650968246,6.78960472123842,7.44397850612513,7.926105780942369,8.18574307509243,8.41729279203892,8.85480226722804,9.38656976310276,9.41453130431306,9.746710102703153,10.2662095745597,10.8237892156522,11.3098681349645,11.8618960782571,12.2365219999462,12.9045398126124,13.7610570313868,14.8983919862788,15.503030891611,16.2236962848959,17.0837707759284,17.0096511337302,17.0502489997833,17.9855294421939,18.4949440675591,19.0642565232054,19.6033122363429,19.4827487326375,19.0172497187953,18.8656715505946,18.9862015797706,19.6420392928092,20.3054516496405,20.6078387538765,21.2461189302436,22.0777340301923,22.3793234298127,22.7530601124385,23.2298425067267,22.5675558716987,22.7987108604026,23.0351393785071,23.5248639674755,24.2505463951046,24.3963363387648,24.3313304577002,24.8338873746112,25.5016910828914,25.6753363970828,26.2487045808703,27.6490865738372,28.620645243986,29.5925708699382,30.606251211239,31.5002321895007,32.0424092740026,31.4937646482169,33.3068547281404,34.4370151665677,34.9360058820794,35.2330243164102,35.4667557438603,36244.21494644059,37771.44993201156,38067.268276447154,40779.1910060094,40760.48371647998,42618.60307992008,44476.722443360166,45409.09934795125,47584.64545866376,49848.37447320616,49846.11851023667,47662.14670552047,45355.76052533675
A,Current policies,Median|Harmonized|KyotoFromPrice_incrate2_REMIND-MAgPIE 2.1-4.2_EN_NPi,World,HFC-134a,kt HFC134a/yr,0.0,0.0,0.0,0.0,0.0,0.0,0.0,0.0,0.0,0.0,0.0,0.0,0.0,0.0,0.0,0.0,0.0,0.0,0.0,0.0,0.0,0.0,0.0,0.0,0.0,0.0,0.0,0.0,0.0,0.0,0.0,0.0,0.0,0.0,0.0,0.0,0.0,0.0,0.0,0.0,0.0,0.0,0.0,0.0,0.0,0.0,0.0,0.0,0.0,0.0,0.0,0.0,0.0,0.0,0.0,0.0,0.0,0.0,0.0,0.0,0.0,0.0,0.0,0.0,0.0,0.0,0.0,0.0,0.0,0.0,0.0,0.0,0.0,0.0,0.0,0.0,0.0,0.0,0.0,0.0,0.0,0.0,0.0,0.0,0.0,0.0,0.0,0.0,0.0,0.0,0.0,0.0,0.0,0.0,0.0,0.0,0.0,0.0,0.0,0.0,0.0,0.0,0.0,0.0,0.0,0.0,0.0,0.0,0.0,0.0,0.0,0.0,0.0,0.0,0.0,0.0,0.0,0.0,0.0,0.0,0.0,0.0,0.0,0.0,0.0,0.0,0.0,0.0,0.0,0.0,0.0,0.0,0.0,0.0,0.0,0.0,0.0,0.0,0.0,0.0,0.0,0.0,0.0,0.0,0.0,0.0,0.0,0.0,0.0,0.0,0.0,0.0,0.0,0.0,0.0,0.0,0.0,0.0,0.0,0.0,0.0,0.0,0.0,0.0,0.0,0.0,0.0,0.0,0.0,0.0,0.0,0.0,0.0,0.0,0.0,0.0,0.0,0.0,0.0,0.0,0.0,0.0,0.0,0.0,0.0,0.0,0.0,0.0,0.0,0.0,0.0,0.0,0.0,0.0,0.0,0.0,0.0,0.0,0.0,0.0,0.0,0.0,0.0,0.0,0.0,0.0,0.0,0.0,0.0,0.0,0.0,0.0,0.0,0.0,0.0,0.0,0.0,0.0,0.0,0.0,0.0,0.0,0.0,0.0,0.0,0.0,0.0,0.0,0.0,0.0,0.0,0.0,0.0,0.0,0.0,0.0,0.0010677496393288,0.0068678586816997,0.0985548287485412,0.9879161076307896,2.3558870794918225,3.2960489578809846,4.326632090653599,10.803528749835223,20.893488365798,32.05291295145093,41.90745582568763,53.29627859530237,64.2296288026336,78.52207687240056,93.03088197255772,95.92535028662468,98.0391238998443,105.66225517052268,119.21130615055918,132.52436396110778,149.80700183569112,145.92624829027767,149.71387631478646,162.87320748144205,176.56696336304745,190.5387209583401,212.5757794042065,230.3072603811096,218.6763553891428,260.2853408508978,280.4115670707505,290.6103824159534,333.56571740071803,373.4292448092492,329.25188067584145,285.0745165424337,229.46998483039857,99.72607750231654,47.32724648438124,143.33615894567168,162.34449396551005,136.20421706409118
A,Current policies,Median|Harmonized|KyotoFromPrice_incrate2_REMIND-MAgPIE 2.1-4.2_EN_NPi,World,HFC-143a,kt HFC143a/yr,0.0,0.0,0.0,0.0,0.0,0.0,0.0,0.0,0.0,0.0,0.0,0.0,0.0,0.0,0.0,0.0,0.0,0.0,0.0,0.0,0.0,0.0,0.0,0.0,0.0,0.0,0.0,0.0,0.0,0.0,0.0,0.0,0.0,0.0,0.0,0.0,0.0,0.0,0.0,0.0,0.0,0.0,0.0,0.0,0.0,0.0,0.0,0.0,0.0,0.0,0.0,0.0,0.0,0.0,0.0,0.0,0.0,0.0,0.0,0.0,0.0,0.0,0.0,0.0,0.0,0.0,0.0,0.0,0.0,0.0,0.0,0.0,0.0,0.0,0.0,0.0,0.0,0.0,0.0,0.0,0.0,0.0,0.0,0.0,0.0,0.0,0.0,0.0,0.0,0.0,0.0,0.0,0.0,0.0,0.0,0.0,0.0,0.0,0.0,0.0,0.0,0.0,0.0,0.0,0.0,0.0,0.0,0.0,0.0,0.0,0.0,0.0,0.0,0.0,0.0,0.0,0.0,0.0,0.0,0.0,0.0,0.0,0.0,0.0,0.0,0.0,0.0,0.0,0.0,0.0,0.0,0.0,0.0,0.0,0.0,0.0,0.0,0.0,0.0,0.0,0.0,0.0,0.0,0.0,0.0,0.0,0.0,0.0,0.0,0.0,0.0,0.0,0.0,0.0,0.0,0.0,0.0,0.0,0.0,0.0,0.0,0.0,0.0,0.0,0.0,0.0,0.0,0.0,0.0,0.0,0.0,0.0,0.0,0.0,0.0,0.0,0.0,0.0,0.0,0.0,0.0,0.0,0.0,0.0,0.0,0.0,0.0,0.0,0.0,0.0,0.0,0.0,0.0,0.0,0.0,0.0,0.0,0.0,0.0,0.0,0.0,0.0,0.0,0.0,0.0,0.0,0.0,0.0,0.0,0.0,0.0,0.0,0.0,0.0,0.0,0.0,0.0,6.972894137886617e-05,0.0005140176058609,0.0005579776973103,0.0001252851453492,5.169175815922583e-05,5.565647896561663e-05,7.623148381701395e-05,0.0775220844797609,0.2989381901077754,0.5509780576616221,0.5620292448491016,0.4952789582318369,0.4531366883574967,0.4033422792652647,0.4507303401926292,0.5874585627806406,0.5894586772380569,0.6915048047627886,0.7750273917511281,0.7613995307285167,0.9539743228273516,1.0800934184884738,1.032320820831489,0.8125054184651522,0.7269405922524591,0.9166333442517718,1.1653558270748048,1.6838367225109008,2.5913615779431804,3.3079853888584263,4.301480858457523,5.378505378708557,5.775687226483908,6.832148559791512,8.357900771166067,9.436491346850918,10.046072540787575,10.576576599685785,11.088113564072694,13.493836909218846,16.00635896978677,16.166530396707834,18.30636333089619,18.63108796135285,18.866376664188536,18.9074272459389,23.100642099712434,23.494216506064767,44.32648432982334,58.15389352362546,62.41422113681455,82.59325009244814,97.4393542773514,86.05428666360649,74.66921904986157,60.06104333253474,25.97529999210546,12.27812620481549,37.37221622844845,42.06462071019384,34.64632443101922
A,Current policies,Median|Harmonized|KyotoFromPrice_incrate2_REMIND-MAgPIE 2.1-4.2_EN_NPi,World,HFC-227ea,kt HFC227ea/yr,0.0,0.0,0.0,0.0,0.0,0.0,0.0,0.0,0.0,0.0,0.0,0.0,0.0,0.0,0.0,0.0,0.0,0.0,0.0,0.0,0.0,0.0,0.0,0.0,0.0,0.0,0.0,0.0,0.0,0.0,0.0,0.0,0.0,0.0,0.0,0.0,0.0,0.0,0.0,0.0,0.0,0.0,0.0,0.0,0.0,0.0,0.0,0.0,0.0,0.0,0.0,0.0,0.0,0.0,0.0,0.0,0.0,0.0,0.0,0.0,0.0,0.0,0.0,0.0,0.0,0.0,0.0,0.0,0.0,0.0,0.0,0.0,0.0,0.0,0.0,0.0,0.0,0.0,0.0,0.0,0.0,0.0,0.0,0.0,0.0,0.0,0.0,0.0,0.0,0.0,0.0,0.0,0.0,0.0,0.0,0.0,0.0,0.0,0.0,0.0,4.874221629564548e-06,9.722034381556709e-06,1.4545298334638542e-05,1.9347326424763064e-05,2.4131407208802597e-05,2.888507041266215e-05,3.362440144646526e-05,3.833611028323333e-05,4.303328723831681e-05,4.771501065085459e-05,5.2378390771210026e-05,5.700413366162852e-05,6.162775364041772e-05,6.622589817500845e-05,7.081446149425694e-05,7.538978188958917e-05,7.994667563348031e-05,8.448323008724578e-05,8.90230911787749e-05,9.351696104745638e-05,9.80283486150315e-05,0.0001024938793484,0.0001069510463992,0.0001114142388895,0.0001158798464974,0.0001202853617374,0.0001247179912796,0.0001291085091716,0.0001335037749815,0.0001379119560383,0.0001422826440716,0.0001466139572216,0.0001509644061355,0.0001552831893881,0.0001596275680747,0.0001639449857071,0.0001682561352129,0.0001725469422871,0.0001768626418399,0.0001811126020467,0.0001854059017844,0.0001896389929359,0.0001938815011322,0.0001981375918916,0.0002024163904068,0.0002066192035881,0.0002108435083417,0.0002150357800883,0.0002192295120193,0.0002234644826741,0.0002276524502301,0.0002317907085265,0.0002359646503537,0.0002400966265381,0.0002442785367163,0.0002484305367263,0.0002525689081243,0.0002566795460437,0.0002608427657486,0.000264939270909,0.0002690899894187,0.0002731577614904,0.0002772440298158,0.0002813372816967,0.0002855014875494,0.0002895294958453,0.0002935986329053,0.0002976131609717,0.0003016990287282,0.0003058193582483,0.000309826684484,0.0064941368704004,0.0232486545993391,0.0478925093854881,0.0777753824775254,0.1102297351068565,0.1426158025623078,0.0013326502573966,0.0002524666504527,0.0024624239464455,0.2194153546773013,0.2143539466009121,0.0100709390238765,0.0084105514715359,0.0067680438160479,0.0052301379740642,0.0038834633339581,0.0027726654111315,0.0019355052807092,0.0013964073859754,0.0011605319630263,0.001096433317255,0.0010708577110493,0.0010730933346154,0.0010926743137806,0.0011204719210585,0.001151428426944,0.0011822289466653,0.0010248302571889,0.0001535221420857,3.931904760391613e-05,1.9248771415100105e-05,1.3533736069236902e-05,1.1157649319865052e-05,9.815854930041623e-06,9.035220624594302e-06,8.531863409327712e-06,8.218448540206335e-06,8.042487770316103e-06,7.956718243524594e-06,7.943903314187084e-06,7.98591974891992e-06,8.185451716225508e-06,8.428341790618941e-06,8.797125945870451e-06,9.207568555575108e-06,9.678680402160028e-06,1.0181720830425122e-05,1.0765046243291024e-05,0.0128269063680261,0.0494547887341475,0.0924111178157676,0.1258995722515165,0.147492308280472,0.1518125680209341,0.1336800431893306,0.0912314637717142,0.0346179812345239,0.0,0.0,0.0,0.1920082140833486,0.4651120008532752,0.2018882822902651,0.0462262206104722,0.1391832675301894,0.069442164681153,0.0,0.0,0.0801254484964489,0.2553761105425118,0.3012411912838936,0.1962607099138925,0.1423774397467669,0.1740845051670545,0.2630578117595767,0.3382843899162279,0.3891730203785321,0.4971398287574212,0.6360245624225377,0.8086238862180954,0.9429311241088282,1.1595084723121023,1.409334959030771,1.9527454509017497,2.487015603315322,2.65161895619667,2.7794520849814406,2.846061297081761,3.028465523045166,3.4168298848772505,3.423660874842684,3.4100247031428816,3.4304679136354963,3.882870037584361,5.095969649126493,4.511353612633312,4.473565692064408,4.254637545851934,5.052928704972437,4.343424632559899,3.633920560147361,2.901521553256702,1.1925905371784955,0.4928607889240138,1.379017276018046,1.4186809867774492,1.0445570886084636
A,Current policies,Median|Harmonized|KyotoFromPrice_incrate2_REMIND-MAgPIE 2.1-4.2_EN_NPi,World,HFC-23,kt HFC23/yr,0.0,0.0,0.0,0.0,0.0,0.0,0.0,0.0,0.0,0.0,0.0,0.0,0.0,0.0,0.0,0.0,0.0,0.0,0.0,0.0,0.0,0.0,0.0,0.0,0.0,0.0,0.0,0.0,0.0,0.0,0.0,0.0,0.0,0.0,0.0,0.0,0.0,0.0,0.0,0.0,0.0,0.0,0.0,0.0,0.0,0.0,0.0,0.0,0.0,0.0,0.0,0.0,0.0,0.0,0.0,0.0,0.0,0.0,0.0,0.0,0.0,0.0,0.0,0.0,0.0,0.0,0.0,0.0,0.0,0.0,0.0,0.0,0.0,0.0,0.0,0.0,0.0,0.0,0.0,0.0,0.0,0.0,0.0,0.0,0.0,0.0,0.0,0.0,0.0,0.0,0.0,0.0,0.0,0.0,0.0,0.0,0.0,0.0,0.0,0.0,0.0,0.0,0.0,0.0,0.0,0.0,0.0,0.0,0.0,0.0,0.0,0.0,0.0,0.0,0.0,0.0,0.0,0.0,0.0,0.0,0.0,0.0,0.0,0.0,0.0,0.0,0.0,0.0,0.0,0.0,0.0,0.0,0.0,0.0,0.0,0.0,0.0,0.0,0.0,0.0,0.0,0.0,0.0,0.0,0.0,0.0,0.0,0.0,0.0,0.0,0.0,0.0,0.0,0.0,0.0,0.0,0.0,0.0,0.0,0.0,0.0,0.0,0.0,0.0,0.0,0.0,0.0,0.0,0.0,0.0,0.0,0.0,0.0,0.0,0.0,0.0,0.0,0.9649073473114556,1.109671778725672,1.1912907823186594,0.0,0.0,1.0789441626498597,0.9763065581267149,0.8495541736229758,0.7102246916234628,0.5698187972863462,0.4400958756465827,0.3328378202053855,0.2598984523502656,0.2332485891365529,0.238416288023389,0.2521821966386926,0.2734795217848728,0.3012428498404861,0.3344001381869249,0.3718535803093601,0.4124952320819129,0.4562805601992081,0.5050966332348859,0.5493920293503282,0.595484216563998,0.6471028276835533,0.7043125166016804,0.7671281513860612,0.8355540337653568,0.9095934118493708,0.989248372330262,1.0745208479141122,1.165412761934871,1.2619258480072588,1.3721005921555791,1.5031774368197912,1.653959640727365,1.8232493687264772,2.0098496109098614,2.21256305017098,2.4301533256185457,2.661252030566532,2.9010785751920527,3.1450592765113536,3.428901877506437,3.780902232422575,4.189439672844656,4.604999656073479,4.983447560276135,5.369705873486406,5.884850548273231,6.421065438364305,6.913438053746444,7.3751686083608945,7.7034186898545425,7.949973036058619,8.408769020548077,8.783348115925643,9.101316645877825,9.51906734770022,9.859763723204871,10.2152892934755,10.466980263407986,9.801367262163676,9.14315542617998,9.108096924831717,8.077830986107415,7.96302964928746,8.832293332729673,9.036216545838018,9.51687444638723,9.846445429152846,9.211924728093726,9.297227759072378,9.591506797255558,9.936900520573692,10.609330516876476,12.91936885454728,16.4145111037203,15.203305531960702,11.455506840194706,10.219436384250027,10.824203977235332,12.889136193482427,13.391892520458349,13.985642199682308,14.17054939893636,15.212980893720212,7.634785430572478,5.442305251708949,5.066224944361801,2.4826671184626625,2.0703211507298827,1.6513153823351967,1.232309613940511,0.9673367003846516,0.3490665687543128,0.1360845849663461,0.3627481020825938,0.3426173587673898,0.2576905636305182
A,Current policies,Median|Harmonized|KyotoFromPrice_incrate2_REMIND-MAgPIE 2.1-4.2_EN_NPi,World,HFC-32,kt HFC32/yr,0.0,0.0,0.0,0.0,0.0,0.0,0.0,0.0,0.0,0.0,0.0,0.0,0.0,0.0,0.0,0.0,0.0,0.0,0.0,0.0,0.0,0.0,0.0,0.0,0.0,0.0,0.0,0.0,0.0,0.0,0.0,0.0,0.0,0.0,0.0,0.0,0.0,0.0,0.0,0.0,0.0,0.0,0.0,0.0,0.0,0.0,0.0,0.0,0.0,0.0,0.0,0.0,0.0,0.0,0.0,0.0,0.0,0.0,0.0,0.0,0.0,0.0,0.0,0.0,0.0,0.0,0.0,0.0,0.0,0.0,0.0,0.0,0.0,0.0,0.0,0.0,0.0,0.0,0.0,0.0,0.0,0.0,0.0,0.0,0.0,0.0,0.0,0.0,0.0,0.0,0.0,0.0,0.0,0.0,0.0,0.0,0.0,0.0,0.0,0.0,0.0007287168237594,0.0014576522727959,0.0021867909959296,0.0029161055640135,0.0036455687005748,0.004375283676681,0.0051051173146649,0.0058351796480769,0.0065653622968606,0.0072956728918221,0.0080261353583764,0.0087569094388985,0.009487701095871,0.0102187036744302,0.0109497855797765,0.0116809771286878,0.0124123212393571,0.0131438337472999,0.0138753188782406,0.0146071845434123,0.015338905418264,0.0160710059605374,0.0168031757491468,0.0175352956506884,0.0182673955564859,0.0189999929914912,0.0197323659361371,0.0204650875403,0.0211977698345154,0.0219303451981369,0.0226632309817828,0.0233964420285888,0.0241294961177015,0.024862812379731,0.0255959142682364,0.0263292418367921,0.0270626213017228,0.027796169189937,0.0285295085246815,0.0292633946007592,0.029996921851197,0.0307309451345661,0.0314648929088774,0.0321987282276111,0.0329323730810865,0.0336666495066064,0.0344007479946399,0.0351351092385003,0.0358694608513935,0.0366034710320823,0.0373378703705857,0.0380726788138177,0.0388071942770463,0.0395420571909369,0.0402765042224464,0.0410112013509229,0.0417460113162328,0.042481048439824,0.0432156526758738,0.0439508092688305,0.0446855170073708,0.0454209090347871,0.046156150382673,0.0468913339108571,0.0476259275236933,0.0483616512301108,0.0490970344147269,0.0498328672709648,0.0505681119353245,0.0513030712766954,0.0520389662183197,1.0919404186922623,3.913472243359867,8.071543957430327,13.120812550710792,18.61607711743667,24.1119065532518,0.2255135150409965,0.0427528716271358,0.4172396188349024,37.18619575825889,36.34783525785617,1.7085322198735189,1.4275560722248848,1.1498307300254702,0.8892900077821209,0.6610256624902442,0.47234264647289,0.3298948687439006,0.238183796896448,0.1981893578812839,0.1873912601457683,0.183125985626835,0.1836423993573404,0.187144179085242,0.192031966548474,0.1974831455606673,0.2029798119991411,0.1760820923944974,0.0263839471535018,0.0067647204551973,0.0033143511835149,0.0023308400702278,0.0019224872568393,0.0016915641817261,0.0015585440568304,0.0014725264178248,0.001419238825849,0.001389947626997,0.0013761707207268,0.0013751453509142,0.0013821568543932,0.0014176811476796,0.0014591785717229,0.0015242662908878,0.001596148784351,0.0016791316580289,0.0017676035811939,0.0018717788976772,0.0019562872099147,0.0020565466970955,0.0021785024834584,0.0023346846014925,0.0025420300858161,0.0027143592022521,0.0028550059069853,0.0030041950868986,0.0024558700966412,0.0020475239283424,0.0020293205081769,0.0021350794661972,0.002608789691487,0.0033196347199058,0.0032575160990559,0.0026691504619017,0.0025952786627497,0.0025236737609473,0.0022901849952512,0.0023755981955225,0.0158420917180091,0.0656983293613576,0.1251301566818884,0.1697653238090949,0.1908502849698764,0.2241773007666578,0.28004378690067,0.31567677015032,0.4167359934304241,0.9872812202322208,1.625244376453108,2.3445783852241577,2.93342900917628,4.761058957402828,7.663775767873879,9.263612057869071,11.85784961971456,16.756323332660692,17.14562668617919,20.553676078113888,29.36591443614569,30.29509541844847,36.3383266775974,44.40589094056257,43.51827832181416,59.30403124269657,46.514791056351726,70.1517020867519,76.83692953416475,81.115688853743,75.35185371494764,67.51889843497517,59.685943155002704,48.323570800327055,21.811368639417186,10.712370113314003,33.26301931600605,38.65995251030384,33.016205869711285
A,Current policies,Median|Harmonized|KyotoFromPrice_incrate2_REMIND-MAgPIE 2.1-4.2_EN_NPi,World,HFC-4310mee,kt HFC4310mee/yr,0.0,0.0,0.0,0.0,0.0,0.0,0.0,0.0,0.0,0.0,0.0,0.0,0.0,0.0,0.0,0.0,0.0,0.0,0.0,0.0,0.0,0.0,0.0,0.0,0.0,0.0,0.0,0.0,0.0,0.0,0.0,0.0,0.0,0.0,0.0,0.0,0.0,0.0,0.0,0.0,0.0,0.0,0.0,0.0,0.0,0.0,0.0,0.0,0.0,0.0,0.0,0.0,0.0,0.0,0.0,0.0,0.0,0.0,0.0,0.0,0.0,0.0,0.0,0.0,0.0,0.0,0.0,0.0,0.0,0.0,0.0,0.0,0.0,0.0,0.0,0.0,0.0,0.0,0.0,0.0,0.0,0.0,0.0,0.0,0.0,0.0,0.0,0.0,0.0,0.0,0.0,0.0,0.0,0.0,0.0,0.0,0.0,0.0,0.0,0.0,0.0,0.0,0.0,0.0,0.0,0.0,0.0,0.0,0.0,0.0,0.0,0.0,0.0,0.0,0.0,0.0,0.0,0.0,0.0,0.0,0.0,0.0,0.0,0.0,0.0,0.0,0.0,0.0,0.0,0.0,0.0,0.0,0.0,0.0,0.0,0.0,0.0,0.0,0.0,0.0,0.0,0.0,0.0,0.0,0.0,0.0,0.0,0.0,0.0,0.0,0.0,0.0,0.0,0.0,0.0,0.0,0.0,0.0,0.0,0.0,0.0,0.0,0.0,0.0,0.0,0.0,0.0,0.0,0.0,0.0,0.0,0.0,0.0,0.0,0.0,0.0,0.0,0.0,0.0,0.0,0.0,0.0,0.0,0.0,0.0,0.0,0.0,0.0,0.0,0.0,0.0,0.0,0.0,0.0,0.0,0.0,0.0,0.0,0.0,0.0,0.0,0.0,0.0,0.0,0.0,0.0,0.0,0.0,0.0,0.0,0.0,0.0,0.0,0.0,0.0,0.0,0.0,0.0,0.0,0.0,0.0,0.0,0.0,0.0,0.0,0.0,0.0,0.0,0.0,0.0,0.0001048449005399,0.0010916566114024,0.0031763767271765,0.0040165471840153,0.0069800802573746,0.0202200980681847,0.0423379528606933,0.0608102080460136,0.0840612782306151,0.1078109732705077,0.1211781951771517,0.1250102804409569,0.1272581032086882,0.1203873522474561,0.1260358243303801,0.1449932104956957,0.1985476596569948,0.2756043194745723,0.3419666100644137,0.4070743060295084,0.5170547122482285,0.6140064343106342,0.6749721148932832,0.7410464493472951,0.8914381556533448,1.096050133573392,1.283760615423318,1.3991091734320351,1.37476686543575,1.406579923002962,1.380232344527543,1.0894779507206418,0.9856992583195806,0.959157424492024,1.2143684069275955,2.3044478120615848,2.2789857969117806,2.3198669961003247,2.802839180480671,3.1857171211142847,3.012211412539809,2.8387057039653336,2.2573960935459407,0.9010070025673572,0.3780411916784552,1.0816155419832632,1.1667009227051293,0.972862323400093
A,Current policies,Median|Harmonized|KyotoFromPrice_incrate2_REMIND-MAgPIE 2.1-4.2_EN_NPi,World,N2O,kt N2O/yr,1.000464040255241,0.9896214065513425,0.9873211876234697,0.990419385281188,1.0118723893557,1.0074127757216,0.9943221693835144,1.0308908608231804,1.0253515552344266,1.019812260442592,1.0326276856921952,1.0336024315888568,1.0162126970288108,1.0236558882227231,1.004106780550289,1.035303194746586,1.0265639089395486,1.027528948405538,1.0706019741030277,1.0478137797697122,1.052017895099663,1.0305530252105692,1.0231105682071862,1.024305646841034,1.0632899438877663,1.0536881137719951,1.0354630647343115,1.0593344060365355,1.0810464606017278,1.0552521555375067,1.0737253609740478,1.0694583535877384,1.0565357905054749,1.055490033268956,1.049045956619122,1.066429234621279,1.0589289925044827,1.0740792731998638,1.116221982324626,1.0925036765600546,1.0990169182765035,1.0765288135250652,1.0745824312445715,1.0704278305876611,1.1116153254432213,1.1009821087908471,1.0795709751703368,1.1067399008435452,1.126350756098866,1.1103378123286358,1.1182986726271265,1.1177635664974803,1.110910372972189,1.1017818582154988,1.1078123696590223,1.1202650508026202,1.1208170757051956,1.130229668212075,1.1716338680398537,1.1506035417717495,1.1576530340913167,1.1445609485752537,1.134716500880352,1.1367223094060297,1.176541769773526,1.1699622889556585,1.160302727711072,1.1732514085417185,1.2033662305255215,1.1815649070295184,1.1976435176644304,1.2004978668941904,1.186086959249356,1.1792712202379716,1.1896741601902567,1.1991935990129683,1.194569710247968,1.2073479293128135,1.2523867717459805,1.2336499811125496,1.2435789686875007,1.2238233483349,1.2239815016124176,1.2263272295561791,1.26382344116641,1.2545995788132045,1.2548760555320326,1.2702348355407769,1.296802588733634,1.2807840305652398,1.2821036300722175,1.3071014679753297,1.2946758331151955,1.2810017504478957,1.2973271354759632,1.3173224258486582,1.3167010739256744,1.344629336153671,1.3845257245729368,1.3760445499245788,1.434335445033811,1.4165983735719527,1.4126693745489676,1.425646505262619,1.470504445308784,1.4585674142458087,1.45231654847126,1.4872406423286777,1.508134387564518,1.4943426292710802,1.495390167999325,1.497744749417114,1.4869256961855049,1.4694670664818326,1.4788951957559393,1.503389389752964,1.49010063834736,1.5114241873565093,1.545822104136746,1.5177718583117126,1.5385376060663287,1.5212531846595396,1.5174587692387018,1.5771847693002206,1.6392533230111543,1.6478850067179909,1.6962979189002096,1.7492267938396422,1.8005580593906925,1.8258233801786503,1.8286263900559665,1.848073294087973,1.8357751060661665,1.8190284792219904,1.852122398043994,1.8608624612292388,1.8639077971688571,1.8820769397571289,1.911355453946696,1.9077803671495268,1.9567223823741235,1.9362621118642376,1.935833042281458,1.958502794407348,2.011658296688062,2.0065934617287806,1.9874046364646951,2.034897478350836,2.0463300125510795,2.0582407423180387,2.0575021250518604,2.060647267715767,2.0602959359537225,2.0517177833739977,2.106840700334482,2.124841972417644,2.1312226279620616,2.1709183664284746,2.203569006921575,2.2028504719257533,2.23961106781344,2.2233228349855314,2.2228132203829345,2.2575263964170107,2.325312696406044,2.325770377825622,2.3388063625477216,2.394661742530243,2.440441221253544,2.4664373963225263,2.4856160724822387,2.489637169228956,2.4866334662111087,2.5590880303044785,2.541154562876069,2.562822684775626,2.582410672155348,2.6154607986716703,2.637566303782058,2.659950693324333,2.720829556064272,2.661896838072596,2.7109411972975748,2.693367051351674,2.7498485446986995,2.746818065320377,2.79363869099555,2.781575940601376,2.766008186214808,2.8228282709588126,2.814149707027305,2.8774652185705074,3.059983688490487,3.268161901466379,3.5444977204945096,3.8397151924256265,4.092661968547677,4.379306254482061,4.653611280912683,4.834990243943721,5.013447236637879,4.971671795528412,5.062163369508643,5.171003552473848,5.249055887475316,5.329240182210444,5.468229467379011,5.61904634603403,5.617027214109633,5.696994274823485,5.805491979500673,6.15009618097559,6.303946562146404,6.573122080069663,6.664485505303276,6.891629803093007,7.137044324231806,7.436353720701867,7.580700977195405,7.700993992569601,7.77982014279497,7.737627508714224,8.097454071119413,8.18814225700459,8.285397561234747,8.440074230658459,8.686852726643568,8.851520757446455,9.012731074764558,9.277847166876706,9.336931797526402,9.124704307843778,9.374639823104298,9.228387126249189,9.369410443091128,9.426812589767886,9.441242024926662,9.625584418465635,9.61128530212579,9.668776847296394,9.742698820725336,10.027683512156218,9.68362002041219,9.707889444138097,10.053121054607862,10.16963633580192,10.29007305817528,10.64512642434515,10.72867488914474,10.411340911718876,10.253045366475664,10.317828710503184,10.691178053121892,10.727252365117875,10.972631366466166,11.06603929681353,11.205293588233785,11.487885904009202,11.265997730557666,11.131663633300668,11.49271954501614,11.77603543226815,12.02164316780762,11.808651760818677,12.067642028913648,9485.690366472503,9739.022990806052,9883.610122504995,11139.98653787036,12784.465181692396,13695.390350630114,14606.315519567834,14644.12274912907,14732.33961810528,14552.62229629858,14531.770567700283,13927.62932814354,13186.70443038306
A,Current policies,Median|Harmonized|KyotoFromPrice_incrate2_REMIND-MAgPIE 2.1-4.2_EN_NPi,World,NH3,Mt NH3/yr,6.656462697955738,6.5884288076809465,6.554393579669506,6.607356993307596,6.740319069222378,6.668279797103617,6.653240985917009,6.7691990188996085,6.716155703848672,6.766111040764182,6.855065019282494,6.798603515350084,6.789137960446034,6.783671049120446,6.621202781373306,6.825733157204617,6.748265776299868,6.756793441598274,6.942319750475146,6.866844702930455,6.8643682989642345,6.775431655760334,6.75548855607882,6.808542796593528,7.0495943773044605,6.969643298211617,6.967693579980747,7.05373718384425,7.130778127903998,7.11281641215996,7.269852047109337,7.196998214372675,7.210137370567175,7.185274638342095,7.076409996669666,7.224543527680408,7.175681642522532,7.238811318953973,7.420939085911357,7.345064964489212,7.360188944143627,7.235924244646162,7.184657445557355,7.195383581949203,7.407107693822375,7.300830884626746,7.263556473778982,7.309280193109656,7.343002178187717,7.3457239471842914,7.41045008389993,7.368903634840263,7.4276071237176495,7.382142494512675,7.353937646074863,7.4918036191822655,7.496796901261747,7.556774360240409,7.750970836534603,7.708278148967148,7.749712614223574,7.666932267843975,7.609193455827636,7.667492104748105,7.8868376467868035,7.808228099333146,7.821535952233891,7.845011479267394,7.927524744062965,7.921081047462684,8.039684491507504,8.007963654455356,8.055354256904412,7.998857549467475,8.002468726611506,8.11218687336573,8.11487123997526,8.17382242070698,8.392858200835812,8.346999555436456,8.394421111485821,8.302332873459882,8.286400954701799,8.353542817049146,8.559759549505749,8.479085902337877,8.549394112340924,8.57187866511649,8.662432376129537,8.675092498986874,8.75085201280147,8.77669049392996,8.784613531753518,8.704574323121404,8.70166312628245,8.81869658505543,8.808927547432967,8.9042600216976,9.07953411805846,9.0379378864672,9.094461414688794,8.966221113262392,8.915818358681054,8.973612948689224,9.185590423348136,9.082347812308978,9.126341792551395,9.183366202745615,9.235571641932337,9.27277064524008,9.329051729435268,9.302579110017769,9.357320359370682,9.285933580523222,9.303978288853877,9.475149596351711,9.45684209247052,9.589886814520064,9.77273305250472,9.696634419887994,9.814958340829447,9.734299028561283,9.693042802448868,9.910575888609776,10.088322321785611,9.990353491686532,10.156101452224265,10.204043860481704,10.29615959958861,10.46958012996751,10.496070906573069,10.54179653212101,10.599031430803592,10.545790503662204,10.705203114610969,10.826076649706836,10.887996885096833,11.025992769371006,11.239994030969786,11.25455743165095,11.390326440155016,11.317324866030852,11.35425790591983,11.516635712928798,11.789013858832092,11.78853795662481,11.833020608229798,11.983848375790345,12.041294985057329,12.27808171777444,12.33607563972206,12.34674695059441,12.443530668676663,12.452462311352413,12.739443070197437,12.841753910537332,12.93439456527074,13.178529757096957,13.363682710801548,13.400088687519744,13.65199622464072,13.597294155986589,13.635927007899632,13.83196336632188,14.147373986462762,14.134213843803732,14.248355311886026,14.394677889570632,14.596156371206522,14.804983837463164,14.928318106815516,14.88415572114081,14.939517788048912,15.335770555196037,15.283145441502782,15.674003335548203,15.954061098084622,16.22287074737531,16.41473710048654,16.65170280407829,16.883720998336273,16.71996734682265,16.855133061954675,16.885533122930518,17.06934058770173,17.06314858014353,17.405609090653844,17.48586746405887,17.47454501262614,17.749699421133844,17.714020775632427,17.814138470766114,17.993562326570927,18.0156804014991,18.257665316031776,18.32415411863573,18.473875291296352,18.71467699095924,19.13527155718612,19.66318995086301,20.33108881405325,20.44328052853197,21.14293308005036,21.84431034308012,22.29353587075293,22.59414026991781,23.232159464465905,23.950982092802967,24.11428378677741,24.641160030381386,25.01042398400634,25.8313750086612,26.38184544148804,27.80299242937487,27.79815222360789,29.26479056980417,30.96598976848797,32.68245126565243,34.01927696854872,34.594827051236464,37.44680624384212,38.31909781374456,39.60171342635133,39.83976557323325,40.488208644711264,41.2003025532154,42.14762181382079,42.83103943580322,43.844962941789696,44.68032568800625,45.34637200185158,45.69292014546752,46.92921845159368,46.58972626002262,47.60764299553831,48.23084079253046,48.984615861131765,49.9737586471445,50.40982193011802,50.74227544004026,51.16842748677142,52.92788628231399,50.99736938517646,51.45527883472885,53.0502313067132,52.20963135854013,52.140233161574415,54.69494169279502,55.07692151037607,53.07194055811031,52.8565847538851,52.99427390457218,55.35772887816213,55.9360282204925,56.27049756463061,56.94304628920719,58.356953938344766,59.10973823990614,59.23322738549707,59.33275377448474,60.71370343385325,60.63675393266754,62.04528544118963,61.80531747991054,62.90654884951788,65.27970313424439,66.69838187349615,66.93592892954688,3.761055668265705,1.5960911303742564,1.222243813309381,0.8483964962445052,0.8307151264060614,0.7894585967830253,0.7276,0.6895598667920747,0.6550010964823997,0.6169892985113362
A,Current policies,Median|Harmonized|KyotoFromPrice_incrate2_REMIND-MAgPIE 2.1-4.2_EN_NPi,World,NOx,Mt NO2/yr,19.41683291941058,19.19807704960792,19.2522394251644,19.11627711537673,19.26549886451586,19.46378352715022,18.97745675105488,20.02514832336978,19.78952881731163,19.44045019582117,19.433276549498213,19.769094263383863,19.05201683778848,19.25640831124568,19.2216160809427,19.416807513406223,19.449408980210546,19.42688155312991,20.279826224462,19.598010640677497,19.66134288682607,19.2362945205107,19.13628094920649,18.99640291789961,19.48054758249222,19.61204954273104,18.952499457006724,19.709556785945143,20.127770450721737,19.3439338259949,19.424840723554627,19.61925133753817,18.97905627394009,18.953688875739203,19.23956178580965,19.11761000301245,19.13933566555111,19.435943999999928,20.26151083228812,19.56612055378648,19.69713898722185,19.24631517927828,19.31687789472739,18.993819689385013,19.5169819641821,19.601743190392742,18.79855176930691,19.71104439442768,20.086755974504904,19.415691539561703,19.33799557732205,19.61002559915122,19.065367158137818,18.86227402342584,19.400674538456773,19.20957380312049,19.37768777259176,19.51891592289237,20.40411974324904,19.692779602506587,19.798807321877103,19.58070698156968,19.41352233304336,19.2022367891243,19.71856359494737,19.87319156474789,19.350887503082888,19.875901639262363,20.518767544922817,19.784374313952803,19.8110660351328,20.11319126619724,19.312800192379704,19.18258452257664,19.790843188075577,19.54439266727993,19.505748124527383,19.75790510318285,20.584001686243933,19.947962419404927,20.121700903394306,19.664958435786584,19.71030218665733,19.44956577536664,19.86794252729208,19.91146907680058,19.54551166051096,20.108261084434755,20.61681612695466,19.97388389645191,19.55665892228896,20.33101930729966,19.550762510741134,19.09665074945873,19.73989418758156,19.638347560433186,19.599337521988755,20.052861801481008,20.69374007777952,20.29558357975776,20.34216080637102,19.900975003972786,19.68240472955218,19.67611971417323,20.24289634582368,20.16214344246284,19.54412480955856,20.583304111751875,20.99110001909603,20.369295370790788,20.101158246984426,20.541809842121104,19.94222534973737,19.56750583862189,20.17610867682789,20.46291915382308,20.32992748154061,20.79863363231897,21.510758376216582,20.84001000376094,21.222840759744106,20.93495036689568,20.495169584590865,21.09436037561247,21.46303582625483,21.09595724014959,20.961354550009773,21.60311252552792,22.05169834667432,21.74253664127029,21.427240701066705,22.07075506783101,21.418674528199947,21.046264746190992,21.90677931583692,21.774460051612312,21.965729947509672,22.34652533004704,22.91958310214058,22.81320541473711,23.142054497981707,22.774590976209574,22.555149905582976,22.60796414948559,23.455574231284466,23.53919133084036,22.627435325757325,23.993087034993124,24.27054198266532,24.10090761004428,24.005277246050184,24.474665732612973,24.24955148205709,24.08318894018345,25.146429572808664,25.753436795427728,25.88352156889177,27.11020306032936,27.577196564689,27.64278007934304,28.37383668972928,28.207456485117216,28.157659362281247,28.960417419867767,29.259011347092454,29.06551982765258,29.321151838749223,30.914593020647565,31.35961782258134,30.76332677560844,32.22913669790249,31.818170874723165,32.1314579021195,34.72999311426137,33.84389537432302,34.66542862716225,35.0095021913264,36.792411120159855,37.24117958354736,38.460347387313774,38.442161715940045,35.78021532217277,35.97750957230843,35.63937131990138,37.77613656275744,38.45607142864647,40.887693203532336,41.67195387958813,40.06444255781118,42.151619977347366,43.33727212687947,44.00854208389371,44.39102056115512,45.546924132927714,46.79012799150766,45.963976300366525,45.56737090820441,48.08165972999478,51.04777009300214,49.112915555380255,53.61997933610192,53.17097931295042,54.4527480752369,56.47190897113347,57.640598186962606,61.01737547781853,64.4854807087279,67.0370657189766,65.37320438384249,66.17365760799815,68.79216289088467,71.1653781561577,73.23753930888,77.65653697876735,79.37095061242988,82.01399860370915,84.24203180075887,89.23263234253884,92.45629026436404,94.18435631732486,99.26087624123402,101.77458972734004,107.77289944270214,110.24651465965782,110.1273385533934,108.32983337400408,113.6781860221585,116.104688451433,119.6436153615282,121.44860069003916,120.33141479426024,117.46277838179176,119.00939625044175,114.19333236481744,117.62717562541778,119.11912381518168,121.80208741417782,125.65981476827488,130.0751305079961,130.83044530275964,131.83585949724443,137.82957615320527,132.40502848150024,135.3645701697274,138.3393597766688,138.07430528306082,138.85025236392042,145.44064869061094,146.38337998685702,139.98794368333012,139.90558517676337,140.77584785506107,142.5985087013838,144.18246040178775,150.47386861544638,153.66778230791442,154.9224169392946,159.63117535612318,155.89834499754403,148.20791938040855,149.98704814295175,152.58469385496565,152.4461403598061,147.67154009371814,147.02955807133984,155.5204500219448,149.55938604543087,148.11738751381836,131.73447031456087,97.8788324798627,80.33327787128857,62.78772326271445,61.43705776188147,58.28550492660449,55.36513596001913,53.7904844199248,52.15486867027977,50.39401435675287
A,Current policies,Median|Harmonized|KyotoFromPrice_incrate2_REMIND-MAgPIE 2.1-4.2_EN_NPi,World,OC,Mt OC/yr,15.445719109031868,15.186522070437114,15.063318148067374,15.181101520195766,15.556878008549177,15.356644702264154,15.22491100244332,15.702658106881456,15.51239541668117,15.572122931842443,15.849837741501862,15.690168471684988,15.523732143526576,15.525285581521944,14.987828785671098,15.678361755974016,15.35689165118215,15.398404153792622,16.09490642255687,15.733398457474886,15.740880258546689,15.319532574489743,15.143108489379047,15.202667557507995,15.873209778876603,15.586735153484875,15.3983614528951,15.670853133982678,15.89732796830992,15.624785955876812,16.043477021471276,15.79989258447803,15.705891088105592,15.599877314705472,15.2518319890591,15.725797048775735,15.459552081780714,15.702475316741705,16.36818721460732,15.993261201192702,16.049335670509397,15.607705596983385,15.468706009887065,15.470276584771254,16.157735087427692,15.875236203675694,15.6505298878915,15.931020687901656,16.11838079581499,16.028007715663158,16.232271409036905,16.053924671544042,16.067055063328667,15.821695222213345,15.697408772787428,16.08480216156502,15.9425312825901,16.108090206343928,16.75481575521971,16.43186944885659,16.517099180614842,16.180480533073197,15.951279801152172,16.05704809518966,16.712246811584905,16.47975792233995,16.417060462392985,16.508288541996304,16.840737804691027,16.65612600999763,16.986008511344775,16.850065268412997,16.786012596579912,16.522825854519347,16.492088482826276,16.798056407071098,16.610213955154375,16.788385940403213,17.502059701598228,17.182990545936864,17.301156741283588,16.864950439963202,16.7579395706456,16.853725191630247,17.44416036197701,17.15985451740626,17.25445955952268,17.342393180618608,17.630788182811017,17.49447441759936,17.59421063096804,17.734567591381914,17.57850277916481,17.206234780736857,17.197775448223673,17.58662466862884,17.386896560681407,17.750554859895672,18.323909280219105,18.0667574293204,18.21934309961519,17.71928277011328,17.502445313272464,17.652081674453346,18.33075512743272,17.98077390595264,17.97484298573939,18.285116275900613,18.47509774124436,18.448020356899303,18.55158124861567,18.43818984139937,18.418058540894265,18.06127741233301,18.094741622825264,18.639758869902604,18.368409890399096,18.779736720806884,19.34793158587491,18.90591696872034,19.27540067699248,18.783921599353988,18.42438287591885,18.971694670269898,19.349407147758143,18.79080777594461,19.06837160717568,19.1264642198492,19.2674499016094,19.533773181444555,19.411906133315444,19.381502496830684,19.218933741822887,18.77602448968205,19.109352845592284,19.27773954666624,19.138436826947405,19.40013762335293,19.89826554537316,19.62762463884996,19.86243726273152,19.293167681486164,19.079475156999795,19.286073901247043,19.940356471934034,19.64350384204264,19.324977775586643,19.70188916366581,19.626819769039464,20.00049055855032,19.888360804936408,19.62772860226164,19.488262087980186,19.168936616105142,19.81291824135489,19.877356245147016,19.7561150222611,20.29515292219603,20.50424795784395,20.24521645572669,20.74322557953851,20.16320881514031,19.90298393973801,20.209935695198325,20.765119369544948,20.24084093898027,20.14292944725429,20.39606626065477,20.58503184771144,20.49780979919463,20.6140701582986,20.042020364535706,19.68929143458292,20.736629417840856,20.15223091076107,20.13844335901129,19.98904470633413,20.23496150123681,20.27114456370273,20.587864364883707,21.16334158012433,19.960603690464843,20.340992621612745,20.18606268124663,20.88862916584405,20.74852588387556,21.412085844578247,21.062217363552968,20.444220211084563,21.17611436565068,20.75261670331434,20.668749911008,21.23848974749209,21.02655088922379,21.19785431896603,20.74991859552766,20.37393238503732,20.239301427447938,20.713926918702665,21.289582785003475,22.30001984441085,20.539342253798328,21.094188077726304,21.64120147927804,21.6582276984931,21.56559730895282,22.587940167315622,23.493637417145425,21.807343408073407,21.54128939272951,21.44208971583265,22.79586812143081,22.027490113078724,24.13462747582024,21.97142096481405,22.25243772743514,21.993704099025635,23.084677554339656,22.303441502758293,21.51201916453674,22.12892164357394,22.45191071496683,24.79839715166472,22.66129915702093,22.76491799279817,22.257249069057337,23.53216316554853,23.473799218885016,24.06899323736205,24.22204583792177,24.20089912582879,23.74375304529927,27.074275227656805,23.20054817436875,24.06037765580251,24.49664660592169,24.575892891240773,25.927322425323087,25.8153450139864,24.947141167240964,25.87697876552521,32.86597321263009,25.04142623612474,26.26066847771232,31.24114765513252,27.67563436063861,26.62734207407192,36.167070697903256,35.5627643552987,28.15600253691064,25.5344458860868,25.271904241709976,31.05496214249178,31.29828128104131,29.00933461047297,29.1027726550451,30.37473435669241,29.04166536385668,27.321016333419664,27.25209295988732,29.92796374520753,27.50685993748404,30.513238388459456,27.61377276424153,30.42356831167762,34.746024228000806,33.68101531660636,33.058447183580924,29.204702368251677,24.286018283726897,22.3463782499637,20.406738216200495,20.086141715265075,19.338083213082417,18.55371824400233,18.11099713365804,18.12143073121532,18.663871079795687
A,Current policies,Median|Harmonized|KyotoFromPrice_incrate2_REMIND-MAgPIE 2.1-4.2_EN_NPi,World,C2F6,kt C2F6/yr,0.0,0.0,0.0,0.0,0.0,0.0,0.0,0.0,0.0,0.0,0.0,0.0,0.0,0.0,0.0,0.0,0.0,0.0,0.0,0.0,0.0,0.0,0.0,0.0,0.0,0.0,0.0,0.0,0.0,0.0,0.0,0.0,0.0,0.0,0.0,0.0,0.0,0.0,0.0,0.0,0.0,0.0,0.0,0.0,0.0,0.0,0.0,0.0,0.0,0.0,0.0,0.0,0.0,0.0,0.0,0.0,0.0,0.0,0.0,0.0,0.0,0.0,0.0,0.0,0.0,0.0,0.0,0.0,0.0,0.0,0.0,0.0,0.0,0.0,0.0,0.0,0.0,0.0,0.0,0.0,0.0,0.0,0.0,0.0,0.0,0.0,0.0,0.0,0.0,0.0,0.0,0.0,0.0,0.0,0.0,0.0,0.0,0.0,0.0,0.0,0.0003234106691491,0.0003486336358162,0.0003529585719714,0.0003573196399505,0.000362123630442,0.0003671929975695,0.0003724284261046,0.0003779913052723,0.0003837818794295,0.0003898311100391,0.0003700796636985,0.0003762451912759,0.0004096135745066,0.0004167853186536,0.0004242476841304,0.0004036337641897,0.0004111647607128,0.000448417554494,0.0004569850826056,0.0004354011791121,0.0004440258474946,0.0004846640829746,0.0004621396378782,0.0004716460042379,0.0004814577489616,0.0004915785575413,0.000502011322406,0.0005127607246646,0.0005238312762488,0.0005352247741603,0.0005469803222569,0.0005248406246503,0.0005365485631334,0.0005841756331531,0.0005972844897875,0.0005735709843147,0.0005865729870355,0.0005999172241052,0.0006135953749243,0.0006275740052443,0.0006416444986803,0.0007379309221716,0.0009846247834804,0.0012821060763427,0.0017341779705483,0.0023966733407658,0.0028361732791231,0.0034329049560374,0.0040217155214745,0.0048814893466492,0.0105269552284937,0.0131601387890095,0.0153842609728532,0.0173679804777023,0.0197547486304053,0.0223702539167462,0.024506091107755,0.02548985346965,0.0271086303040205,0.0290685097870731,0.0304284577294327,0.0319163728019965,0.0336288394190582,0.0353129082538607,0.0370894609632935,0.0392027442651456,0.0412835134866747,0.0431958312159111,0.0451671826294955,0.0473555638671916,0.0490248289783942,0.0575549660563901,0.0799383721929541,0.110903653501021,0.1485145158853492,0.1911444940989973,0.2364813565180774,0.2820097207378517,0.3250341144288489,0.3628430046816417,0.3924800753167085,0.4143546551548487,0.4371768382907459,0.4652847097641518,0.4911459645641483,0.5136873304090966,0.534324553686264,0.5538590202502551,0.5724569366843905,0.5903819510714231,0.6080401890421142,0.6260180161780842,0.6417641250394294,0.6547169461708816,0.6570519145341257,0.6531617556663596,0.68637855394821,0.7028036819677554,0.709252418684916,0.7125330994962826,0.7157795221642782,0.7142937664751033,0.7072020425655292,0.6964124890750021,0.6784992787535942,0.6584414433856461,0.6361691955800053,0.6132145276876704,0.5973917748706211,0.5804553180943004,0.5536577961136836,0.5327916977203194,0.5265316410750471,0.5329036446125426,0.549733875045834,0.5791399133000815,0.6298112694888789,0.698338726368635,0.7947072876155893,0.914509066090174,1.050358022323488,1.1979998998453782,1.3578786016935271,1.515631561647697,1.6113475828627442,1.6201223152965551,1.6524397519162723,1.7336773793905964,1.8026103995832976,1.855063340943972,1.9081673075409205,1.8351018081339363,1.729512771884996,1.8718082946704224,2.064809734638956,2.107353117901383,2.09751428703683,2.1665283372568216,2.214539462652166,2.212201392190055,2.138366685909669,2.307575127364065,2.211065318700021,2.370121930725117,2.549154367069999,2.681883387986788,3.023517431940017,3.322846258749294,3.18478339951982,3.036504731237691,2.8350913468245644,2.2416689004990387,2.58261004817954,2.1118498604297677,1.871463676485288,1.5420224322749203,1.710035616060904,1.9748753792981164,1.5490359232557336,1.0430637440071442,1.0562173386538474,1.0415683487357126,1.023517814770206,1.003457808342834,1.0355651989679566,0.8525566481000001,0.7634158622558673,0.7841060605354526,1.189268558456315,1.6320133942124184,1.6849752168351233,1.737937039457828,1.3290610109686487,0.3750169444938973,0.1267690420135695,0.2658774951784584,0.1827763461341488,0.1445904198259428
A,Current policies,Median|Harmonized|KyotoFromPrice_incrate2_REMIND-MAgPIE 2.1-4.2_EN_NPi,World,C6F14,kt C6F14/yr,0.0,0.0,0.0,0.0,0.0,0.0,0.0,0.0,0.0,0.0,0.0,0.0,0.0,0.0,0.0,0.0,0.0,0.0,0.0,0.0,0.0,0.0,0.0,0.0,0.0,0.0,0.0,0.0,0.0,0.0,0.0,0.0,0.0,0.0,0.0,0.0,0.0,0.0,0.0,0.0,0.0,0.0,0.0,0.0,0.0,0.0,0.0,0.0,0.0,0.0,0.0,0.0,0.0,0.0,0.0,0.0,0.0,0.0,0.0,0.0,0.0,0.0,0.0,0.0,0.0,0.0,0.0,0.0,0.0,0.0,0.0,0.0,0.0,0.0,0.0,0.0,0.0,0.0,0.0,0.0,0.0,0.0,0.0,0.0,0.0,0.0,0.0,0.0,0.0,0.0,0.0,0.0,0.0,0.0,0.0,0.0,0.0,0.0,0.0,0.0,0.0,0.0,0.0,0.0,0.0,0.0,0.0,0.0,0.0,0.0,0.0,0.0,0.0,0.0,0.0,0.0,0.0,0.0,0.0,0.0,0.0,0.0,0.0,0.0,0.0,0.0,0.0,0.0,0.0,0.0,0.0,0.0,0.0,0.0,0.0,0.0,0.0,0.0,0.0,0.0,0.0,0.0,0.0,0.0,0.0,0.0,0.0,0.0,0.0,0.0,0.0,0.0,0.0,0.0,0.0,0.0,0.0,0.0,0.0,0.0,0.0,0.0,0.0,0.0,0.0,0.0,0.0,0.0,0.0,0.0,0.0,0.0,0.0,0.0,0.0,0.0,0.0,0.0,0.0,0.0,0.0,0.0,0.0,0.0,0.0,0.0,0.0,0.0,0.0,0.0,0.0,0.0,0.0,0.0,0.0,0.0,0.0,0.0,0.0,0.0,0.0,0.0,0.0,0.0,0.0,0.0,0.0,0.0,0.0,0.0,0.0,0.0,0.0,0.0006956364369296,0.0062091020738632,0.0131758078740849,0.0165991718867054,0.0189971396769643,0.0207283095108121,0.0219383791463153,0.0227333702902867,0.0233378191657009,0.0232953062478054,0.0225868864917006,0.0245942702831469,0.0270518403168219,0.0265222348305168,0.0270790446231331,0.0281077464018224,0.0361164819662282,0.0586053739423318,0.082977834953748,0.09364275779325,0.1116566022543685,0.1474670486122565,0.2074761656822589,0.2471860217104573,0.2845950485276711,0.3183469577131348,0.3570575403652735,0.4198193103946053,0.5351243928781916,0.5605834410922855,0.6409712320017616,0.7386351808136891,0.7620242030366916,0.8094801251795604,0.8649814529493355,0.7968387861570188,0.7556987741561486,0.6729066944397922,0.4240873298757858,0.3884673709309262,0.3086002023403175,0.3343237370873315,0.2661994092531167,0.2428657273436542,0.2607083020292717,0.1967878592577912,0.1219584785626201,0.1116367762582907,0.1057977375331422,0.1069964617206219,0.1153791417213944,0.1518123297288092,0.0,0.0,0.0,0.0,0.0,0.0,0.0,0.0,0.0,0.0,0.0,0.0,0.0
A,Current policies,Median|Harmonized|KyotoFromPrice_incrate2_REMIND-MAgPIE 2.1-4.2_EN_NPi,World,CF4,kt CF4/yr,0.0,0.0,0.0,0.0,0.0,0.0,0.0,0.0,0.0,0.0,0.0,0.0,0.0,0.0,0.0,0.0,0.0,0.0,0.0,0.0,0.0,0.0,0.0,0.0,0.0,0.0,0.0,0.0,0.0,0.0,0.0,0.0,0.0,0.0,0.0,0.0,0.0,0.0,0.0,0.0,0.0,0.0,0.0,0.0,0.0,0.0,0.0,0.0,0.0,0.0,0.0,0.0,0.0,0.0,0.0,0.0,0.0,0.0,0.0,0.0,0.0,0.0,0.0,0.0,0.0,0.0,0.0,0.0,0.0,0.0,0.0,0.0,0.0,0.0,0.0,0.0,0.0,0.0,0.0,0.0,0.0,0.0,0.0,0.0,0.0,0.0,0.0,0.0,0.0,0.0,0.0,0.0,0.0,0.0,0.0,0.0,0.0,0.0,0.0,0.0,0.0129209645478078,0.0129980382901802,0.0131064164352064,0.0132147404565395,0.0133224008198751,0.0134296638439574,0.0135366779343462,0.0136432017016911,0.0137493843931521,0.0138551794481016,0.013999622828683,0.0141056032561453,0.0141714515414629,0.0142770034449807,0.0143824283011289,0.0145300639221844,0.0146355400260004,0.014696340105427,0.0147998011932888,0.0149479654803726,0.0150502622359871,0.0151042448465445,0.0152528418608494,0.0153534584785418,0.0154536174725993,0.0155533136860989,0.0156525426044429,0.0157512970336795,0.01584957057892,0.0159473601845812,0.0160446076387723,0.016192872405199,0.0162908715947862,0.0163354254553706,0.0164319681800934,0.0165838745163179,0.0166809114191831,0.016777486780534,0.0168735363102428,0.0169680747159117,0.0170552613841407,0.0192817356524897,0.0252891862432177,0.0344378407468719,0.0457804080003542,0.0584384641374778,0.0723101829426394,0.0860097506422554,0.0990145375945543,0.1101299832641727,0.1120174603722382,0.1163117254453503,0.1204476503418489,0.1244481071455239,0.1278313338696984,0.1304288634123109,0.1337322959908173,0.1392847158673415,0.1441335041451216,0.1490880846660847,0.1556935441133451,0.1629371981797593,0.1705584419980738,0.1787436963382856,0.1874021088040266,0.1961915308698454,0.2056290857559435,0.2159298648476313,0.2267688962123734,0.2378605443307951,0.2503486474074247,0.2973100290970005,0.4018947305092152,0.5569980777875604,0.7504973410637287,0.969603718625074,1.202547329153495,1.4379271624551395,1.6646377079617791,1.8719060678508,2.048814394358625,2.206751733254279,2.356791336115776,2.4931561337272004,2.6282918513729707,2.7657067798260093,2.90411698733602,3.043564123074256,3.1851406522039096,3.329857363354046,3.4780202983016046,3.6292990217007497,3.788505465231445,3.9584328804122175,4.152569672681835,4.365302848671726,4.534458546422833,4.742457334250286,4.980772707665703,5.241022671181108,5.520357460637426,5.833013991136172,6.184688770239551,6.57022836153405,6.991769418493373,7.439642279774147,7.911966130684241,8.403295435474892,8.898385319814802,9.295016541055205,9.497456402283053,9.663910874459306,9.943957793030474,10.345868393873056,10.791626844730642,11.26259333632048,11.819134166940644,12.343234677096715,12.851660367292654,13.284341892332629,13.56158930173696,13.784863668139687,14.036567834198085,14.30159233128071,14.48644137477416,14.770660998378531,15.164638152667075,15.309105471412824,15.349853915745523,15.414343831856806,15.305679715060146,15.22764343374441,15.198526275526127,14.813912035771652,14.06149864961798,13.48885380120966,13.347475339933563,13.357167391346522,13.490719518420008,13.590461038341491,13.031845133444389,13.40948949771916,12.03685663812984,12.033617453068809,11.67213667556307,10.6959181938197,10.630730308826143,10.74269058413476,9.814757082525496,9.341287059187804,8.908599049159498,6.945591689182943,7.988676912329101,7.487430665011282,9.236043399801815,7.805680122483041,7.6153962675219375,9.295719756636396,7.146372466423871,5.00495825032356,5.567140349142605,5.559573749963727,4.911183854465354,4.549975171291069,5.518863141001037,4.804570972999999,5.228342453234631,5.262297730153219,6.9087826408339525,8.632260188329553,7.959892398551002,7.2875246087724515,5.661795282653587,1.8684268550429008,0.7258461408844856,1.821557045887116,1.7339433963102595,1.3046057453509226
A,Current policies,Median|Harmonized|KyotoFromPrice_incrate2_REMIND-MAgPIE 2.1-4.2_EN_NPi,World,SF6,kt SF6/yr,0.0,0.0,0.0,0.0,0.0,0.0,0.0,0.0,0.0,0.0,0.0,0.0,0.0,0.0,0.0,0.0,0.0,0.0,0.0,0.0,0.0,0.0,0.0,0.0,0.0,0.0,0.0,0.0,0.0,0.0,0.0,0.0,0.0,0.0,0.0,0.0,0.0,0.0,0.0,0.0,0.0,0.0,0.0,0.0,0.0,0.0,0.0,0.0,0.0,0.0,0.0,0.0,0.0,0.0,0.0,0.0,0.0,0.0,0.0,0.0,0.0,0.0,0.0,0.0,0.0,0.0,0.0,0.0,0.0,0.0,0.0,0.0,0.0,0.0,0.0,0.0,0.0,0.0,0.0,0.0,0.0,0.0,0.0,0.0,0.0,0.0,0.0,0.0,0.0,0.0,0.0,0.0,0.0,0.0,0.0,0.0,0.0,0.0,0.0,0.0,0.0,0.0,0.0,0.0,0.0,0.0,0.0,0.0,0.0,0.0,0.0,0.0,0.0,0.0,0.0,0.0,0.0,0.0,0.0,0.0,0.0,0.0,0.0,0.0,0.0,0.0,0.0,0.0,0.0,0.0,0.0,0.0,0.0,0.0,0.0,0.0,0.0,0.0,0.0,0.0,0.0,0.0,0.0,0.0,0.0,0.0,0.0,0.0,0.0,0.0,0.0,0.0,0.0,0.0,0.0,0.0,0.0,0.0,0.0,0.0,0.0,0.0,0.0,0.0,0.0,0.0,0.0,0.0,0.0,0.0,0.0,0.0,0.0,0.0,0.0,0.0,0.0,0.0,0.0,0.0,0.0,0.0,0.0,0.0,0.0,0.0,0.0,0.0,0.0,0.0,0.0,0.0044113431663388,0.0167174242069797,0.0355263190678462,0.0594461066381198,0.0870848634944225,0.1170506651622123,0.1479515934739287,0.1783957176480488,0.2069911184658485,0.2323458767086038,0.2556185532901708,0.278896275456708,0.3021799682321265,0.3254705566403374,0.3487689446819814,0.3720760678926048,0.3953928512961189,0.4187202094047996,0.4420590567309227,0.4654103288100347,0.4870945606382916,0.5061777829028197,0.5237791483965314,0.5410177678657979,0.5590128046151674,0.5788833799026463,0.6017486254978768,0.6287276941937712,0.6609397177599717,0.6995038279661201,0.7733866440325572,0.9041286406624328,1.0817098221985044,1.2961100773555398,1.537309431499567,1.7952877733453538,2.060025201840376,2.321501500583048,2.5696968736371986,2.794590999484889,3.0232206451884736,3.2809973738681637,3.5554634260000397,3.8341612522928914,4.1046333034555085,4.354445155794459,4.571111088835783,4.742204983077979,4.8552862129627545,4.872463801877154,5.0810989506240665,5.144415891297671,5.149817295124531,5.124750723876652,5.261406293254396,5.26975631591452,5.077731443121929,4.8479591826553206,4.810921330367727,4.683148513329867,4.632103906932529,6.842594233981143,7.096112909411471,7.3592763256285245,6.987995483973752,6.467899948977735,6.809972109473226,6.996576867728026,6.909724901077679,6.832965155531095,7.041869927724849,7.404401199459677,7.6876024205710625,7.806662037947302,7.605914928076517,8.833536565027606,8.738668020135297,10.47924106881313,10.07411909878986,7.708007712216098,5.341896325642335,4.229132944277099,1.6326850544248823,0.6956796402766322,1.9164885982329671,1.9444025539333487,1.3860314039874573
A,Current policies,Median|Harmonized|KyotoFromPrice_incrate2_REMIND-MAgPIE 2.1-4.2_EN_NPi,World,Sulfur,Mt SO2/yr,2.293964928907041,2.2628048173151023,2.257382334014476,2.2664061371574933,2.318721965217317,2.2989639568563045,2.280606877255993,2.364918987362071,2.335198750059919,2.3305807640068203,2.357932413432714,2.3656252952721664,2.321963728089442,2.33729563748005,2.2852894321880566,2.3527794770079544,2.3419656577089145,2.338375780693629,2.4497689277872943,2.4042022666990914,2.4157430967576627,2.297635365659521,2.277581768588519,2.278008124874392,2.3694688286877623,2.338150420162905,2.3107420448962457,2.3611612111218,2.399801265009124,2.343289126289676,2.3886643256175564,2.389127680459045,2.3558105339791098,2.35211663026124,2.321314171817562,2.366320154111941,2.360633501821772,2.395653825963296,2.489638116034101,2.433654999274548,2.4416701626776725,2.4001415184009414,2.3965396291661984,2.385196027623784,2.477223642703513,2.4447861271265863,2.4074160227666432,2.4740777575424096,2.51794927953522,2.494166533222455,2.52980126509169,2.521143838175218,2.5429524668263763,2.5098541233023903,2.5236500149810497,2.563415529064816,2.5709744237235705,2.603109685046265,2.68633919468262,2.636296437768711,2.6522183128675225,2.630838507467033,2.616325987363092,2.623240293634012,2.7197411917198835,2.7054530023303096,2.717808876058472,2.7530630723638314,2.816524123475269,2.769591108361741,2.8132035824966986,2.819486577653791,2.805592952710837,2.8036545298730084,2.836083806340331,2.8767346232743374,2.864843844277905,2.928696667739809,3.035607921479159,2.993698464988558,3.1922128806712142,3.108562428073516,3.116620946733377,3.1374639200125354,3.2276475522863706,3.222073321753749,3.3514047658455137,3.3759384446693907,3.4618734854881565,3.4669933830857707,3.523028587219825,3.6009940445474027,3.627305218411945,3.633616104908014,3.762887186507929,3.9292005376890136,3.9187218738280793,4.098582662797082,4.2430696164199535,4.304843128983007,4.43529788519302,4.393582339752874,4.437078354104087,4.521070777616839,4.908616954421401,4.905258029170934,5.053351345609184,5.167370649401468,5.26928731380882,5.452098842070001,5.723728815691518,5.866212205600544,5.892747046189393,6.107204299278992,6.403090115646104,6.692905259513108,6.808895730319699,7.204585259612246,7.4501101321052,7.717382716979255,7.917821734250346,8.282216126473733,8.844900481344002,9.36210995864222,9.267304569705034,9.655674730035544,9.889801531387016,10.16887214181783,10.295387135573725,10.877290201672857,11.828604159664316,12.24952830656721,12.776749830212626,13.395413839529992,13.649784074064444,13.77213379310228,13.878040411212528,14.40759322087184,15.682064304116295,15.699373194674644,16.87080167830507,17.549215360141392,17.840936820598913,17.735272526761356,18.42555593606896,19.378572908238024,19.97213486328112,20.93680248926569,22.036860517409707,23.86009173762787,24.9885239465602,25.98506128006877,26.71754101588943,28.80608110312509,29.390104856508373,31.189578852764864,33.050557890036835,36.30685549299776,34.957713522007666,36.620540978291935,38.24875916169091,38.57835297194932,39.90504024262709,41.608776110743975,38.055824103339006,37.89017603242058,41.16715617911659,42.87220576533999,42.35184435966062,36.30824088701438,40.2921371952728,34.381548012652146,36.16789484841536,39.57100759105087,39.61698926223415,39.9404795161816,40.96834470021005,43.39826693519901,43.59311732171828,46.58525523523693,43.23902733911279,38.31213913235312,34.06753015394212,35.909082255120474,39.63465854344549,42.83255413809528,45.95374212198672,49.436294478222784,46.11896625593704,49.1797858618675,54.26576053391427,56.27482601687022,57.34910541625426,58.41109650348088,56.98449427983895,49.23254214411747,48.39949488715106,53.93873726849987,56.58560586844603,53.69571990196174,57.87234845976541,61.31493363536356,62.9425683607404,64.13489900029305,65.83361736309493,71.71050783934642,76.61972192833178,79.18324955312143,80.96872124535929,84.61748103167217,89.68110083635717,91.00422749247656,93.58089856082546,96.89403249621948,101.44980032268022,104.1699329337609,107.02261016417512,107.77491204026153,112.71015212107532,117.20036877930028,124.93181339724636,125.49894038874024,129.16433522355788,135.22463103410894,133.3970873801387,131.75708991626018,137.97916260582463,138.81907190373246,139.3856956116422,142.02393426610269,141.4750378251566,137.09430859755116,134.4623992355159,132.3006110471813,133.5608106181119,133.96262721943728,133.55210929341447,135.92384807154042,137.0572216688115,136.6594641713533,137.22441388722083,135.1604265120214,129.86705263493042,128.02458074809093,125.04634629873289,122.3321836110715,119.55365517123865,120.0052098960085,117.19936774090596,110.94584721902817,110.21683307479412,111.18736636353114,110.80125239441196,115.18149884813916,120.69545348152616,125.7913190127618,126.9964955092897,125.50552182202516,122.07116262855294,113.6290233978227,109.59394709578172,111.56191737889668,108.95511828787949,103.84404168432596,99.27118759809436,100.77116698064656,84.21911851851395,82.80229897671636,74.18708972919369,51.3471149860765,40.23236537497364,29.117615763870777,27.97234933735242,25.300061008809585,21.976498780912884,21.021993500983235,19.67725423001881,18.338033398898023
A,Current policies,Median|Harmonized|KyotoFromPrice_incrate2_REMIND-MAgPIE 2.1-4.2_EN_NPi,World,VOC,Mt VOC/yr,60.62284009096265,59.69173298282395,59.36659532295644,59.63441601062681,60.8802061459323,60.43696017866529,59.68964917254196,61.88033094447502,61.05397661383557,61.06658618062361,61.81115409717575,61.60943876913123,60.655244955331774,60.75701504826363,59.1987490479268,61.26344695432127,60.49502759876011,60.52965320857949,63.14524272513017,61.59379614841215,61.61131347842545,60.07364773449579,59.50790378315516,59.57509981626201,61.976235833816325,61.20831183581812,60.18045617105164,61.570412019825575,62.46430785304701,61.18614367071593,62.44292501413517,61.88763972571658,61.18360568205033,60.80252703797142,60.04439271246434,61.20321785184259,60.62742874798427,61.46914934113806,63.97981425413576,62.35543456481265,62.57300473409207,60.94799985196505,60.56325386451463,60.3197768703141,62.77516908837093,61.98257133437449,60.73149890404996,62.21650127939524,62.945232186180014,62.24641070044768,62.75541801119743,62.42330003732428,62.0880254260063,61.1728985196531,61.26526740320351,62.09803631400734,62.00791131152936,62.49390972783527,65.01108897104669,63.50893178588582,63.7781570392134,62.63960925433802,61.79896673010069,61.95821393693294,64.319439171835,63.704213855328064,63.109712530848334,63.78291635564258,65.11444046826232,64.10971298358473,65.06734608246182,64.85189853252514,64.10020995297806,63.14153156639756,63.58050238175113,64.08145766317607,63.71899626569596,64.30065628543984,66.96085182338737,65.5002465986271,65.8755077138521,64.27995773160117,63.94900191924015,64.02783070683066,66.07251442282843,65.2088487628634,65.19177960830714,65.81285961014231,66.94602612721083,66.11784673658282,66.06715638487945,66.96351053862777,65.9440397256422,64.45263621206925,64.92115446006747,65.72053753666938,65.28530389467001,66.49269340188258,68.5905371169533,67.49066445712248,67.85518470927914,66.01887833954686,65.15283628628885,65.51484785260196,67.8680756423216,66.71789436773662,66.2388135562634,67.7983522298778,68.542358207945,68.0328164586406,68.06067445129493,67.97499624375935,67.45021782352948,66.00691166854752,66.51960037667406,68.10775061115905,67.3839374016041,68.74502644916105,70.8572898322391,68.99795028076454,70.18522570106867,68.50245643523527,67.0347457149485,69.0646340613562,70.44596901841274,68.57425606411121,69.29476996230474,69.8687997019301,70.57368161377022,71.16989893947189,70.40172523734373,70.79075670594042,69.81774391916277,68.11426926769252,69.76242370508041,69.98512042858927,69.89429086681925,70.80459255245547,72.50683015425267,71.67978945361857,72.45856382163734,70.51809071924922,69.74709410752463,70.43093288472681,72.91129061012171,72.12913397076409,70.54189425115422,72.53331769622442,72.39992062011977,73.34766144287416,72.80770536716967,72.44711908973566,71.99137750633011,70.82720047809964,73.57107438280029,74.1186522036804,73.8197433382293,76.17604042322043,77.28797023202424,76.57445211349557,78.45716830044452,76.68763051173966,75.75305997325097,77.22010719463938,79.42013287450305,77.89294978388968,77.74061983308452,79.56342565674852,80.55297922278456,80.83359479534212,81.97123354076048,80.27559729463034,79.57844670840464,84.65265139465491,81.88894197176657,82.46947362430944,82.24940541001706,84.54493861366309,85.10029492138167,86.99644587309524,89.29539177910476,84.33616402319541,85.91102070746784,85.43134644932752,88.84427853748498,88.95711866348631,92.62145366448922,92.31710440559787,89.86506825232885,93.27944532593796,92.2592936094957,92.5002024392826,93.80638513346165,94.1484928202428,96.3822727494215,95.66006075263522,94.16331496271042,95.62235578668712,99.99003795123912,101.2436943291178,106.85300146053544,102.02498801160615,105.61843675365066,109.33383308236182,111.0523539605797,113.89019801983576,121.08025196522772,126.08388981190284,119.2201791016847,120.1794556858108,122.65208540884126,132.76707832145226,129.2922822817633,144.55088341990984,135.11078738678032,141.57528311006325,142.88354583394266,151.18731990839535,150.98695578222978,152.8433637889837,162.42455249805047,165.39168670833084,180.768561838064,172.06782346957144,171.43250503187977,167.49298644771352,176.02857990438707,178.37842900948257,182.36714593956464,184.3494835660252,182.51343944084965,177.92809779521778,196.33878576301188,173.15061935667407,177.61950758770524,178.62602997500764,181.0093999569804,188.87917907901624,187.99752028462416,185.20765958330577,189.3668560093154,231.43184947499253,185.42993753842345,191.8199844625449,219.7415082213077,196.3569334923857,191.38579687483693,256.0833187500461,223.631651874307,196.5586306857041,187.32911644541605,187.9896321950928,210.06865181970576,204.8470839110516,205.71044775952453,207.6552274177385,217.532763062634,204.9318415979919,196.4979334942796,199.6027637904372,206.7710297871344,201.5102274040188,213.5207062868236,203.41823540873256,219.08799589264663,227.2448193195333,220.5330716303503,219.1479124477244,169.88429832820245,119.51345430326056,100.84294586247847,82.1724374216964,80.75265244593828,77.43982083583596,72.55948550224691,68.98700712012538,67.61762889685288,68.45065868620026
E,NDC case - unconditional,Median|Harmonized|KyotoFromPrice_incrate3_MESSAGEix-GLOBIOM_1.1_EN_NPi|nz_all_GHG|cert_allconf_0.1,World,BC,Mt BC/yr,2.0967656094612304,2.071971538271485,2.067178349365188,2.0703817893270706,2.0985861115724007,2.0977891893935445,2.07136319662617,2.1465637855989463,2.119763130147536,2.11596123027194,2.1311559592645266,2.136703326295822,2.100696515026073,2.10568846943969,2.0746791895366785,2.1226686753170334,2.109392767621556,2.111379784768649,2.186365567599111,2.136350116112941,2.1383334303101407,2.099110917701551,2.090110985485277,2.0911077552394994,2.1531012269642167,2.147091400659433,2.114894932055974,2.168878509692181,2.196858789298888,2.157835770876088,2.1889596057196807,2.1848584302997804,2.156728921455819,2.146599492801231,2.1404578288333806,2.161329955461797,2.1535191020186453,2.1803801449125784,2.254321061069895,2.203286692747988,2.211259668625768,2.167613842016425,2.1608385706833646,2.14790232610409,2.208918949759636,2.197965574385673,2.1525836274977657,2.2083615114765163,2.229054543470697,2.201946385524731,2.2097300783783584,2.212946586119244,2.197216204814192,2.1742665963305807,2.196124970711811,2.2095929096204165,2.216691103853465,2.234134369658822,2.310787210777329,2.261846680025805,2.274035725513972,2.246966990425418,2.226481787144761,2.226265248328221,2.2863837502151947,2.2817584680037,2.259806004613241,2.291075044192348,2.330717119279797,2.298800178856345,2.320366226287178,2.3280583573567504,2.2964849746114884,2.276689219594342,2.3099750747314305,2.316517521292834,2.3155641872407946,2.3396845264040023,2.41890677912337,2.37260739478434,2.396191032601622,2.353843980678467,2.3515912297434407,2.3510595531165905,2.406306997785964,2.399201792619178,2.402120864778317,2.433656249734132,2.471501778305861,2.446908058428376,2.4422170333943383,2.484904110266705,2.4436115438378314,2.4055468035772902,2.4419346069135903,2.4657001707394204,2.465543112646614,2.516519271895681,2.577188536789053,2.5488513757488565,2.5678371555067923,2.523565166304164,2.5084661191399173,2.5244503655444044,2.6053535563753907,2.588395791145352,2.5737082531933275,2.634357731701831,2.6602984102436955,2.649542163681698,2.6564779946858623,2.67539234411094,2.65509444774139,2.627532080645409,2.672052097334157,2.7226349714148945,2.7129834195428906,2.776919539816383,2.8476388399267565,2.804600920407938,2.850641052383301,2.8214816093559723,2.8048487254210963,2.8759823039047774,2.90294587065074,2.870447548194408,2.884455128218679,2.92093759347938,2.9454807103928395,2.9767040151898305,2.979011862872781,3.0197487015461366,3.0078597159913647,2.987262144804004,3.0541693442937783,3.060324715238832,3.0746066403729806,3.121666504836311,3.2163852578666496,3.189220373940735,3.254897977304661,3.229514916272789,3.2242606907923133,3.240576043493044,3.318657700220226,3.3436411670542405,3.301338889508308,3.397703715194779,3.4315414312356847,3.500216553847437,3.5108566256510274,3.5367648318670755,3.534385760121188,3.5592225931183643,3.6315893545297824,3.696618265817381,3.734784888880154,3.880250388136069,3.865180699470456,3.885499787063385,3.9729637342528,3.943317932590152,3.957312012286773,4.045041467162073,3.994319528759224,3.964232768853323,4.020565681254354,4.123371130489197,4.127514993005597,3.9380751617822938,4.078428451148834,3.902840965689001,3.903819160731535,4.239619937635342,4.1379193396697564,4.168811856781872,4.131512745965076,4.214826666569674,4.166145204963687,4.224178755369573,4.173963708844665,3.93098047972776,3.908341302957665,3.895097315581966,4.056482796422021,4.081845109564061,4.249397247106342,4.25158119443724,4.106962966422042,4.245341558997884,4.275042315818044,4.333352610801654,4.423154663560002,4.4412120131836135,4.44293054163848,4.210853695666977,4.161869879441373,4.153796872121993,4.238231099153874,4.30758045079744,4.485656388020499,4.318932192191574,4.367243287060872,4.433921416531317,4.487770554351322,4.56676655933338,4.800663590712143,4.9787629951318095,4.946343168358697,5.029655309577164,5.141081489845094,5.147694357012168,5.154658661109372,5.338068542427597,5.180871108610841,5.195661311137665,5.211114335587503,5.314084838081458,5.298081870693366,5.316066298949716,5.459856444597341,5.577047869667343,5.872700064964517,5.779569979014145,5.84123330849879,5.86063301256892,6.103687648571628,6.236698225213448,6.476835746542289,6.539956612732321,6.440528700817964,6.352058506648234,6.675773036593816,6.360345525449008,6.553494000364888,6.638687766673304,6.775036169548928,6.97407441025641,7.158724884402355,7.095501861065952,7.294464475554437,7.787367911287963,7.127610460956472,7.316642330893157,7.781741303129326,7.781096533309196,7.635056325092877,8.209142997568044,8.247757290588599,7.478531603674823,7.113418899499503,7.204673758199151,7.588355871885799,7.668078438485093,7.85600389984557,8.028732937562364,7.96052174986425,8.168771954321528,7.936498963006227,7.861838906737685,8.306296219725624,7.973211128150686,8.162565730833903,7.842259345935568,7.934828048081975,9.727423576882977,9.002700022803444,8.8373366385135,6.823204444324792,4.600218481986554,3.864242977584775,3.291100449548791,3.096550119389639,2.6726831632428936,2.2514878782924894,1.9098009466816124,1.5766858580570666,1.5392872447345778
E,NDC case - unconditional,Median|Harmonized|KyotoFromPrice_incrate3_MESSAGEix-GLOBIOM_1.1_EN_NPi|nz_all_GHG|cert_allconf_0.1,World,CH4,Mt CH4/yr,38.246272000000005,38.106144,38.070994,38.237775,38.585534,38.536248,38.486099,38.975721,38.839298,38.998828,39.253289,39.211753,39.147955,39.180111,38.85922,39.425283,39.300568,39.376538,39.995461,39.730337,39.793167,39.675569,39.746205,39.994775,40.733277,40.745712,40.791254,41.257554,41.609788,41.635954000000005,42.150077,42.088699000000005,42.130624,42.116507,42.0023,42.426057,42.411573,42.693193,43.335724,43.100213,43.255637,42.95581,42.871773,42.902279,43.479549,43.324898,43.159712,43.464262,43.616775,43.612303,43.793132,43.843523,44.075984,44.016999000000006,44.186449,44.599492,44.759671,45.051418,45.760542,45.63137999999999,45.90274,45.795348,45.740241,45.96237599999999,46.622999,46.61087500000001,46.69318499999999,46.947908,47.306059000000005,47.333118000000006,47.715634,47.847937,48.037837,48.035784,48.329572,48.738418,48.911177,49.293893,50.109381,50.030188,50.458158000000005,50.341223,50.491235,50.817617,51.534549,51.576848,51.96851,52.293309,52.753405,52.927779,53.251009,53.585087,53.690507,53.574114,53.856064,54.352226,54.455356,54.985109,55.633324,55.635374,56.006018,55.747822,55.766516,56.109117,57.030418,56.972204,57.230187,57.670408,57.967338,58.259523,58.654846000000006,58.836455,59.020612,59.047924,59.449913,60.144933,60.327989,60.862704,61.537904000000005,61.468841,61.939188,62.010174000000006,62.315168,63.274071,63.740415,63.880714000000005,64.463432,64.905498,65.353551,66.105333,66.66126200000001,67.270763,67.74754300000001,68.017385,68.743014,69.242357,69.66134,70.480253,71.68807100000001,71.895303,72.92557,73.12366,73.400688,73.848839,75.032418,75.609712,75.921352,76.96440700000001,77.649802,79.00918399999999,79.763318,80.279163,80.784894,81.629711,82.68630800000001,83.616537,84.60206600000001,86.673339,86.899633,87.658263,88.949517,89.256641,89.84919500000001,91.500046,91.207873,91.222773,92.618233,93.918991,93.858809,93.061605,95.232432,93.460501,94.849139,98.332608,98.721948,99.550263,99.728457,102.434994,103.104406,105.306349,106.07097,104.763816,105.108175,106.416628,109.184347,110.753121,113.96882,115.7332,115.66284,118.15214,119.9927,121.78269,123.46607,125.50281,127.35182,126.35691,129.39088,133.37181,135.75227,138.27887,141.41637,144.20284,147.96745,151.90604,155.82484,162.52719,168.78112,174.34383,175.60208,182.51956,187.61464000000004,192.73004,193.33175,202.30453,202.03502,208.72377,215.057,219.33546,221.36909,227.10628,233.25097,234.48299,243.10197,245.03529,246.27738,249.44602,254.01744,257.46025,258.69927,265.17915,264.4543,258.54708,268.20999,261.58913,265.99195000000003,270.237,273.86648,278.99061,281.73679000000004,286.97351000000003,291.75191,305.24483000000004,289.11581,291.23085999999995,303.80032,298.66624,300.53934,323.9287374569756,306.3032193977038,301.8969494986439,304.78053184966853,305.08007056730924,311.8377963534251,316.8591076895892,323.4496863713733,328.6400357973078,338.6915168245732,335.5126328889401,337.1140572401039,337.8155488609667,343.17600678741104,350.39231677232726,356.14077202353855,352.7283537870203,360.61993138588247,365.7112915258411,379.21681178583617,381.04072636707815,339.1222228045589,242.8442299158206,210.51390803157912,178.1764686255457,167.92480082012813,149.6837951730724,141.38326720815826,138.32176555030057,128.6910474658229,120.29366525966915
E,NDC case - unconditional,Median|Harmonized|KyotoFromPrice_incrate3_MESSAGEix-GLOBIOM_1.1_EN_NPi|nz_all_GHG|cert_allconf_0.1,World,CO,Mt CO/yr,348.4549731849569,343.853051472552,342.4238604059472,343.6011634862167,349.7411971581965,348.069843185946,343.93077392761575,355.8636399340545,351.761118296263,351.42920901424134,355.063794068408,354.6247906706158,349.16571540954,349.97525337634784,342.64540457103953,352.8471689936149,349.29032527411044,349.5253067949312,363.2979015436357,354.93310952022387,355.2679307246957,347.7641800514892,345.1989224536411,345.67701861549017,358.00346853703616,354.9472722182793,349.46758301485335,357.438083830264,362.6479384053716,355.8181467401764,362.2175823832264,359.9716731378132,355.9273166844743,354.16653988158544,351.1268486950836,356.68419424563217,354.0747871357951,358.6617991811911,371.9488561893258,363.3070133707674,364.74493490103055,356.5122045678039,354.7774694257974,353.2264852452193,365.57593076456726,362.0452504743569,354.9940273653143,363.3915769309464,367.4879094707558,363.3174123982342,365.66750682252825,364.7398265471246,362.7793707791722,358.45768561251805,360.0291243914408,364.1068425513644,364.1368593430047,367.0121021279135,380.5460481268483,372.6395284367811,374.5222306176834,369.06292809588007,365.0373138949561,365.700815937917,377.7679824273595,375.35967014498766,372.086396622072,376.2156269774233,383.6837409677249,378.1019958067444,382.9006023640485,382.66308483526177,378.4295514445469,374.1228278158811,377.4491433650887,380.03039464852856,378.5351177746513,382.1855940292229,396.4131476213273,388.8882688522333,391.7198357890122,383.8133076849341,382.6535650661125,383.0834256473796,393.77575138926,390.1693769642325,390.2370549093755,394.342336714034,400.88625151868825,396.4927587161413,396.1285740749223,401.92935619556033,396.5334323011719,389.2681503753454,392.87086294062846,397.2875959577792,395.3669659405794,402.43884649754045,413.7361941456009,408.415896029276,410.9764287487393,401.7666013490305,397.6605045801185,399.80018221315066,412.69866750347103,407.37028133536097,404.781881544942,413.9899387017472,418.3853266773859,415.6986139169386,416.1716739561812,416.6765385875779,413.6000795021018,406.8157742839148,410.6419748349246,419.180458477768,415.8074106444868,423.6793290434391,435.0192580312962,425.70812181340193,432.43907550346864,424.4334402737337,417.7097325269359,428.67777436401184,435.3991281472737,426.42999851158777,429.640037027459,433.579004056342,437.5681887654498,440.5898920317183,437.696728381263,440.711374801454,435.923599424743,428.0896459071601,437.1628150587892,438.1580090558806,437.902746137773,443.280362521347,453.6136124088803,449.0923710899031,454.7131597201184,445.52016182639136,441.8178995277467,444.94352456791023,458.142971933813,455.4696739508447,446.4454276984831,457.9447541435623,458.1455362586295,463.6917630557393,461.19043048214,459.8151325226077,457.38751491667546,453.1134963844663,466.4288378250181,471.1681019815717,470.3587865692667,485.0253280562813,487.4579700434228,485.0024151111468,495.9392790752821,487.1597777278829,484.26325882613287,493.9459718536515,500.0326739973304,491.0497352130593,491.5196146262008,502.270465987132,506.0591995698821,498.8768453751173,508.73472779791007,494.881522320432,492.3121840772167,526.4697640691863,511.3905788356258,514.4791341202026,511.89318604305225,525.0820964358743,525.2821397530529,535.3578338674242,541.130945351334,510.3460740921445,515.5468311949554,513.12054001977,532.6633294892717,533.9364224712212,554.8714833283648,554.1843787840817,537.344661892203,556.3498584988156,553.0533202077968,556.2434438938719,564.2586951329373,565.6947131174502,574.8386596360062,564.8341902368531,556.2423080534037,562.2886227595822,584.136103701544,588.0016246710268,617.6107910836586,591.1969177443217,606.2277735165969,623.564673808876,629.4653302855627,641.8956820005696,675.4736788771766,697.4749175258452,663.284167366922,666.8363736923128,672.2368311640078,709.3950731758207,691.7570475276038,758.266860255332,709.3510259121194,730.6410580747736,732.4024531055795,767.5772792422499,762.145232711247,767.9742119205669,802.5131466078152,814.7563817854918,886.7152517275345,842.0370530919374,840.8848176493934,833.8698427241653,871.1305104573489,883.5919772242157,909.762403576013,910.19850958734,905.0629411433764,890.8021453744932,984.7065767586964,879.0101622670202,903.6820244872788,924.2292428532572,930.690484338132,967.6539272936822,965.1513719796736,945.2244210207956,954.2151757976516,1148.572422183351,932.3410091080444,960.2380218604528,1081.3153501726963,977.3439963769316,942.1202315447332,1223.2338579068305,1098.675748892164,951.7034593945712,900.240434008397,895.7549032326314,985.387726686647,960.9676886942268,960.9738425983422,967.9322511565651,996.7825680501536,944.6736976144492,888.557731757935,891.1349347531929,926.5620168063364,883.8705764043774,927.863738261658,873.0171358681735,927.4582396926074,934.3498846847745,892.8851464316411,884.2520875537838,788.7762993709775,562.0411710639238,490.9658862366032,430.1236630281725,405.4179296741523,351.26176074998085,308.1017945995501,271.20700620426646,235.48999626268483,217.1975596515402
E,NDC case - unconditional,Median|Harmonized|KyotoFromPrice_incrate3_MESSAGEix-GLOBIOM_1.1_EN_NPi|nz_all_GHG|cert_allconf_0.1,World,CO2 AFOLU,Mt CO2/yr,0.0109921738406461,0.0329765215219382,0.0549608692032304,0.0769452168845225,0.0989295645658147,0.120913912247107,0.142898259928399,0.164882607609691,0.186866955290983,0.208851302972275,0.230835650653568,0.25281999833486,0.274804346016152,0.296788693697444,0.318773041378736,0.340757389060028,0.36274173674132,0.384726084422613,0.406710432103905,0.428694779785197,0.450679127466489,0.472663475147781,0.494647822829073,0.516632170510365,0.538616518191658,0.56060086587295,0.582585213554242,0.604569561235534,0.626553908916826,0.648538256598118,0.670522604279411,0.692506951960703,0.714491299641995,0.736475647323287,0.758459995004579,0.780444342685871,0.802428690367163,0.824413038048456,0.846397385729748,0.86838173341104,0.890366081092332,0.912350428773624,0.934334776454916,0.956319124136209,0.978303471817501,1.00028781949879,1.02227216718008,1.04425651486138,1.06624086254267,1.08822521022396,1.11020955790525,1.13219390558655,1.15417825326784,1.17616260094913,1.19814694863042,1.22013129631171,1.24211564399301,1.2640999916743,1.28608433935559,1.30806868703688,1.33005303471817,1.35203738239947,1.37402173008076,1.39600607776205,1.41799042544334,1.43997477312464,1.46195912080593,1.48394346848722,1.50592781616851,1.5279121638498,1.5498965115311,1.57188085921239,1.59386520689368,1.61584955457497,1.63783390225627,1.65981824993756,1.68180259761885,1.70378694530014,1.72577129298143,1.74775564066273,1.76973998834402,1.79172433602531,1.8137086837066,1.83569303138789,1.85767737906919,1.87966172675048,1.90164607443177,1.92363042211306,1.94561476979436,1.96759911747565,1.98958346515694,2.01156781283823,2.03355216051952,2.05553650820082,2.07752085588211,2.0995052035634,2.12148955124469,2.14347389892598,2.16545824660728,2.18744259428857,2.64328804346016,2.73294754142036,2.7802627430411,2.83958384120112,2.87522291149779,2.8853234979047,2.90127436350013,2.94052863763772,2.96019241528599,3.0094129270391,2.85510723336941,2.75203728332362,2.7272682516027,2.713979934782,2.68751322287903,2.64025908889074,2.6584083892543,2.6708539727472,2.64188348791386,2.62639673632504,2.85338512613438,2.95448869841534,3.00399012127772,3.07133550634141,3.12942303832598,3.15238446812644,3.18264958676768,3.24111573807343,3.30004600338578,3.33066531429523,3.37369356811811,3.3395201210002,3.40547316404407,3.47561544667388,3.48365194710404,3.47781388144201,3.5258863217051,3.58361966142148,3.59302407681847,3.58510971165321,3.84898295146116,3.95594901645712,3.998427661588,4.07560493547581,4.11148827630227,4.1515120026087295,4.193721950156809,4.20780414619932,4.239082987539209,4.29858728859658,4.3773889615074895,4.41803557766493,4.48638247190076,4.49612886603946,4.58335787222825,4.598038531068729,4.62404112896512,4.66654420114895,4.70532214775344,4.7459321233314,4.64277667860016,4.608517736796809,4.549868382593751,4.538705219382231,4.53644571698164,4.49026637332445,4.442951171703729,4.42844150223408,4.45549446340854,4.41338222407239,4.60848109621734,4.73189878139484,4.79413891238586,4.78805657619403,4.80703639635888,4.87480925484972,4.858382061721209,4.86690710321093,4.87515123359142,4.88916014847502,4.9640290658563,5.0353804876085695,5.091697058252151,5.11241119917854,5.161472935087289,5.16457517081563,5.19038235228819,5.176483359143,5.203756163794311,5.206382071989551,5.34206213776259,5.514736975272671,5.55015620209254,5.53902967946049,5.539750277523391,5.50550354924652,5.48983359476035,5.44364203757668,5.36867541198347,5.31671907029668,6.06716699192407,6.16293325312909,6.30495213915024,6.41730436932812,6.57235508811369,6.79352983931396,6.992708029306471,7.17300410734606,7.3819653320567395,7.77339664252215,6.83128184969333,6.54944251241916,6.074116488496671,5.8773565767491,5.735178914883569,5.2056370468737,5.03462324896624,5.170730788166391,5.23243352399188,4.911608610162889,5.11426765520494,4.81939648516639,4.8223033044709,4.69536812366443,4.56423148974552,4.6128779657536,4.59089361807231,4.59129666444647,4.456508186107191,4.22969078566868,4.40657928981767,4.65499020508979,4.67673028224128,5.15976304137874,5.96704050176226,5.50439211833598,5.69290789970306,5.51465148058725,5.29877739988344,5.240934138428649,5.16698123553409,4.94661257708213,5.22318788443926,5.12914373046928,5.776521702050911,5.63957142952294,5.99740332861544,7.481114740099369,6.16522939610911,6.00409634113175,5.37574704382095,5.03624764798934,5.3852613809563294,5.83363215191629,5.3938963441845,4.89198147309412,5.2347907346044,4.55610949462992,4.74086350983819,5.23623193073016,5.177594790053569,5.21808263036662,5.34527429522937,4.85885838925431,5.21436971831376,3517.44,3311.008799470016,3264.3303192841777,2409.333583877411,-460.4379809945208,-1235.258458575175,-2152.130152368524,-2535.1036760528045,-3361.259140362635,-4043.467666725689,-5009.12499811682,-5527.918073407056,-5636.932087569837
E,NDC case - unconditional,Median|Harmonized|KyotoFromPrice_incrate3_MESSAGEix-GLOBIOM_1.1_EN_NPi|nz_all_GHG|cert_allconf_0.1,World,CO2 FFI,Mt CO2/yr,0.0093060841752274,0.0094073777771804,0.0095053183261049,0.0096106419917932,0.0097337339384858,0.0097936228856263,0.0099100707272427,0.0100940956375869,0.010216519573715,0.0103390175110134,0.0105144972862167,0.0107480549799193,0.0109523712111696,0.0111917689972329,0.0113971622455162,0.0116436701440255,0.0118762678225455,0.0121527011943246,0.0124671331670496,0.0127802761193888,0.013097423135052,0.0133696994410873,0.0136237224584478,0.0138083563784235,0.0140126366091045,0.0143391467728454,0.0146543557578588,0.0149597735880256,0.0152437240786875,0.0155354806928029,0.0158789771251807,0.0162346397499663,0.016581216231055,0.0170630208507694,0.0174713693087786,0.0179654111220237,0.0184477887508003,0.0188594282608573,0.0192865340155122,0.0198637391439806,0.0203984165998762,0.0209320800397352,0.0219295618148566,0.0222976136355766,0.0225200121527974,0.0223155989200129,0.0221217248539049,0.0220904273589366,0.0231062944248204,0.0274856416839649,0.0327988707124001,0.0319865558656839,0.040311110518074,0.0295389731572932,0.0317696794357947,0.0312523112536443,0.0327051392300417,0.0362012265204767,0.0354983504045282,0.0363343876264125,0.0394929365786966,0.0401773164021271,0.0408151684897243,0.0412067906832082,0.0422273138227278,0.0435879543411852,0.0454972965373307,0.0492767013084168,0.0513928227747655,0.0509309724706274,0.0507338763535628,0.0520601723288632,0.0540225663640208,0.0563586543091277,0.0575845476965666,0.0607318274706292,0.061383100770482,0.0657396076684072,0.0666828445856492,0.066308456664724,0.0889896623667888,0.0832519316248815,0.0820928552941508,0.083250019594643,0.088764514806092,0.0974011343937724,0.106896185557503,0.106201101564786,0.105846934963661,0.109654768184341,0.11881039098003,0.1221674790722,0.129390835309195,0.132371482447972,0.141944521845082,0.155039809946368,0.157658621362732,0.170743605301059,0.173582630200087,0.184934922735991,0.196755077671114,0.198671240975135,0.207417496296699,0.217123872802529,0.255037202399824,0.260108507602247,0.277300831497937,0.279936443179996,0.284229650076836,0.301486032985616,0.330967814238422,0.347791313301167,0.354494511311888,0.378186123993487,0.407732422266627,0.432865974752424,0.446560649332975,0.478168310206455,0.491559728991032,0.521962458808592,0.533346681849475,0.566900339498791,0.627311170892882,0.666491761531845,0.624242397360394,0.677124532688558,0.686791086564596,0.700415478033623,0.705984725110968,0.756002437138431,0.853929916856328,0.88355803542345,0.933374897274476,0.992769305593896,1.00414996157837,1.0116531312406,1.02743376081041,1.07876389059369,1.19437153392244,1.194642958215,1.3003828704861,1.36177171634744,1.37241818472078,1.35549877814126,1.40304135402457,1.48745590103615,1.53638990792488,1.60925701331428,1.69719325302125,1.85373853577659,1.95224035857769,2.01677637421135,2.0677166488291,2.25413579903806,2.27978346965461,2.42735676651847,2.53477332430564,2.88836366931818,2.77648484696054,2.89054049474456,3.03413780072834,3.07955070993108,3.23601479240225,3.50633121144207,3.18040587595018,3.13490363733469,3.38591194801781,3.54048268954589,3.49331938566074,3.02905445433548,3.52148308606817,3.09014556348813,3.24036512120246,3.67629128135158,3.68727851811414,3.72709272677374,3.6610885059204703,3.996191792561192,3.9788261079238096,4.2709754162496,3.93866079871157,3.51995889996325,3.17352650315327,3.34157104776883,3.6342992332495503,3.8148586837876897,4.18557997172516,4.47430358287375,4.20696749496773,4.45131770735338,4.861422359136671,4.970893055409929,4.959664504831,5.04177404038893,5.11798961173415,4.25720366245005,4.64619708336036,5.14586320155351,5.42503848969587,5.1810876706266304,5.92943544270692,6.38150671919018,6.46753934479158,6.65096650968246,6.78960472123842,7.44397850612513,7.926105780942369,8.18574307509243,8.41729279203892,8.85480226722804,9.38656976310276,9.41453130431306,9.746710102703153,10.2662095745597,10.8237892156522,11.3098681349645,11.8618960782571,12.2365219999462,12.9045398126124,13.7610570313868,14.8983919862788,15.503030891611,16.2236962848959,17.0837707759284,17.0096511337302,17.0502489997833,17.9855294421939,18.4949440675591,19.0642565232054,19.6033122363429,19.4827487326375,19.0172497187953,18.8656715505946,18.9862015797706,19.6420392928092,20.3054516496405,20.6078387538765,21.2461189302436,22.0777340301923,22.3793234298127,22.7530601124385,23.2298425067267,22.5675558716987,22.7987108604026,23.0351393785071,23.5248639674755,24.2505463951046,24.3963363387648,24.3313304577002,24.8338873746112,25.5016910828914,25.6753363970828,26.2487045808703,27.6490865738372,28.620645243986,29.5925708699382,30.606251211239,31.5002321895007,32.0424092740026,31.4937646482169,33.3068547281404,34.4370151665677,34.9360058820794,35.2330243164102,35.4667557438603,36244.21494644059,37771.44993201156,37927.693432381486,39024.05272529831,27296.72710735589,21195.431938666487,15310.138932557353,13382.77533511366,8754.378487402493,6250.078651829941,7202.141184861515,8265.659238393075,10427.75379927605
E,NDC case - unconditional,Median|Harmonized|KyotoFromPrice_incrate3_MESSAGEix-GLOBIOM_1.1_EN_NPi|nz_all_GHG|cert_allconf_0.1,World,HFC-134a,kt HFC134a/yr,0.0,0.0,0.0,0.0,0.0,0.0,0.0,0.0,0.0,0.0,0.0,0.0,0.0,0.0,0.0,0.0,0.0,0.0,0.0,0.0,0.0,0.0,0.0,0.0,0.0,0.0,0.0,0.0,0.0,0.0,0.0,0.0,0.0,0.0,0.0,0.0,0.0,0.0,0.0,0.0,0.0,0.0,0.0,0.0,0.0,0.0,0.0,0.0,0.0,0.0,0.0,0.0,0.0,0.0,0.0,0.0,0.0,0.0,0.0,0.0,0.0,0.0,0.0,0.0,0.0,0.0,0.0,0.0,0.0,0.0,0.0,0.0,0.0,0.0,0.0,0.0,0.0,0.0,0.0,0.0,0.0,0.0,0.0,0.0,0.0,0.0,0.0,0.0,0.0,0.0,0.0,0.0,0.0,0.0,0.0,0.0,0.0,0.0,0.0,0.0,0.0,0.0,0.0,0.0,0.0,0.0,0.0,0.0,0.0,0.0,0.0,0.0,0.0,0.0,0.0,0.0,0.0,0.0,0.0,0.0,0.0,0.0,0.0,0.0,0.0,0.0,0.0,0.0,0.0,0.0,0.0,0.0,0.0,0.0,0.0,0.0,0.0,0.0,0.0,0.0,0.0,0.0,0.0,0.0,0.0,0.0,0.0,0.0,0.0,0.0,0.0,0.0,0.0,0.0,0.0,0.0,0.0,0.0,0.0,0.0,0.0,0.0,0.0,0.0,0.0,0.0,0.0,0.0,0.0,0.0,0.0,0.0,0.0,0.0,0.0,0.0,0.0,0.0,0.0,0.0,0.0,0.0,0.0,0.0,0.0,0.0,0.0,0.0,0.0,0.0,0.0,0.0,0.0,0.0,0.0,0.0,0.0,0.0,0.0,0.0,0.0,0.0,0.0,0.0,0.0,0.0,0.0,0.0,0.0,0.0,0.0,0.0,0.0,0.0,0.0,0.0,0.0,0.0,0.0,0.0,0.0,0.0,0.0,0.0,0.0,0.0,0.0,0.0,0.0,0.0,0.0,0.0,0.0,0.0,0.0,0.0,0.0010677496393288,0.0068678586816997,0.0985548287485412,0.9879161076307896,2.3558870794918225,3.2960489578809846,4.326632090653599,10.803528749835223,20.893488365798,32.05291295145093,41.90745582568763,53.29627859530237,64.2296288026336,78.52207687240056,93.03088197255772,95.92535028662468,98.0391238998443,105.66225517052268,119.21130615055918,132.52436396110778,149.80700183569112,145.92624829027767,149.71387631478646,162.87320748144205,176.56696336304745,190.5387209583401,212.5757794042065,230.3072603811096,218.6763553891428,260.2853408508978,280.4115670707505,297.12984197757834,262.12901417193086,223.80500010760468,222.08669018210455,224.64954333108355,228.91063691471427,235.89428362412204,247.8643319752514,260.17668827390145,269.1111760499901,280.18680858726907
E,NDC case - unconditional,Median|Harmonized|KyotoFromPrice_incrate3_MESSAGEix-GLOBIOM_1.1_EN_NPi|nz_all_GHG|cert_allconf_0.1,World,HFC-143a,kt HFC143a/yr,0.0,0.0,0.0,0.0,0.0,0.0,0.0,0.0,0.0,0.0,0.0,0.0,0.0,0.0,0.0,0.0,0.0,0.0,0.0,0.0,0.0,0.0,0.0,0.0,0.0,0.0,0.0,0.0,0.0,0.0,0.0,0.0,0.0,0.0,0.0,0.0,0.0,0.0,0.0,0.0,0.0,0.0,0.0,0.0,0.0,0.0,0.0,0.0,0.0,0.0,0.0,0.0,0.0,0.0,0.0,0.0,0.0,0.0,0.0,0.0,0.0,0.0,0.0,0.0,0.0,0.0,0.0,0.0,0.0,0.0,0.0,0.0,0.0,0.0,0.0,0.0,0.0,0.0,0.0,0.0,0.0,0.0,0.0,0.0,0.0,0.0,0.0,0.0,0.0,0.0,0.0,0.0,0.0,0.0,0.0,0.0,0.0,0.0,0.0,0.0,0.0,0.0,0.0,0.0,0.0,0.0,0.0,0.0,0.0,0.0,0.0,0.0,0.0,0.0,0.0,0.0,0.0,0.0,0.0,0.0,0.0,0.0,0.0,0.0,0.0,0.0,0.0,0.0,0.0,0.0,0.0,0.0,0.0,0.0,0.0,0.0,0.0,0.0,0.0,0.0,0.0,0.0,0.0,0.0,0.0,0.0,0.0,0.0,0.0,0.0,0.0,0.0,0.0,0.0,0.0,0.0,0.0,0.0,0.0,0.0,0.0,0.0,0.0,0.0,0.0,0.0,0.0,0.0,0.0,0.0,0.0,0.0,0.0,0.0,0.0,0.0,0.0,0.0,0.0,0.0,0.0,0.0,0.0,0.0,0.0,0.0,0.0,0.0,0.0,0.0,0.0,0.0,0.0,0.0,0.0,0.0,0.0,0.0,0.0,0.0,0.0,0.0,0.0,0.0,0.0,0.0,0.0,0.0,0.0,0.0,0.0,0.0,0.0,0.0,0.0,0.0,0.0,6.972894137886617e-05,0.0005140176058609,0.0005579776973103,0.0001252851453492,5.169175815922583e-05,5.565647896561663e-05,7.623148381701395e-05,0.0775220844797609,0.2989381901077754,0.5509780576616221,0.5620292448491016,0.4952789582318369,0.4531366883574967,0.4033422792652647,0.4507303401926292,0.5874585627806406,0.5894586772380569,0.6915048047627886,0.7750273917511281,0.7613995307285167,0.9539743228273516,1.0800934184884738,1.032320820831489,0.8125054184651522,0.7269405922524591,0.9166333442517718,1.1653558270748048,1.6838367225109008,2.5913615779431804,3.3079853888584263,4.301480858457523,5.378505378708557,5.775687226483908,6.832148559791512,8.357900771166067,9.436491346850918,10.046072540787575,10.576576599685785,11.088113564072694,13.493836909218846,16.00635896978677,16.166530396707834,18.30636333089619,18.63108796135285,18.866376664188536,18.9074272459389,23.100642099712434,23.494216506064767,44.32648432982334,58.15389352362546,63.81440163755581,64.90501299922425,58.39771522358132,58.03235767215884,58.84217980579528,59.68829810525524,61.44255281089388,64.30354131565126,67.83619376503107,69.72863244639498,71.27123727041834
E,NDC case - unconditional,Median|Harmonized|KyotoFromPrice_incrate3_MESSAGEix-GLOBIOM_1.1_EN_NPi|nz_all_GHG|cert_allconf_0.1,World,HFC-227ea,kt HFC227ea/yr,0.0,0.0,0.0,0.0,0.0,0.0,0.0,0.0,0.0,0.0,0.0,0.0,0.0,0.0,0.0,0.0,0.0,0.0,0.0,0.0,0.0,0.0,0.0,0.0,0.0,0.0,0.0,0.0,0.0,0.0,0.0,0.0,0.0,0.0,0.0,0.0,0.0,0.0,0.0,0.0,0.0,0.0,0.0,0.0,0.0,0.0,0.0,0.0,0.0,0.0,0.0,0.0,0.0,0.0,0.0,0.0,0.0,0.0,0.0,0.0,0.0,0.0,0.0,0.0,0.0,0.0,0.0,0.0,0.0,0.0,0.0,0.0,0.0,0.0,0.0,0.0,0.0,0.0,0.0,0.0,0.0,0.0,0.0,0.0,0.0,0.0,0.0,0.0,0.0,0.0,0.0,0.0,0.0,0.0,0.0,0.0,0.0,0.0,0.0,0.0,4.874221629564548e-06,9.722034381556709e-06,1.4545298334638542e-05,1.9347326424763064e-05,2.4131407208802597e-05,2.888507041266215e-05,3.362440144646526e-05,3.833611028323333e-05,4.303328723831681e-05,4.771501065085459e-05,5.2378390771210026e-05,5.700413366162852e-05,6.162775364041772e-05,6.622589817500845e-05,7.081446149425694e-05,7.538978188958917e-05,7.994667563348031e-05,8.448323008724578e-05,8.90230911787749e-05,9.351696104745638e-05,9.80283486150315e-05,0.0001024938793484,0.0001069510463992,0.0001114142388895,0.0001158798464974,0.0001202853617374,0.0001247179912796,0.0001291085091716,0.0001335037749815,0.0001379119560383,0.0001422826440716,0.0001466139572216,0.0001509644061355,0.0001552831893881,0.0001596275680747,0.0001639449857071,0.0001682561352129,0.0001725469422871,0.0001768626418399,0.0001811126020467,0.0001854059017844,0.0001896389929359,0.0001938815011322,0.0001981375918916,0.0002024163904068,0.0002066192035881,0.0002108435083417,0.0002150357800883,0.0002192295120193,0.0002234644826741,0.0002276524502301,0.0002317907085265,0.0002359646503537,0.0002400966265381,0.0002442785367163,0.0002484305367263,0.0002525689081243,0.0002566795460437,0.0002608427657486,0.000264939270909,0.0002690899894187,0.0002731577614904,0.0002772440298158,0.0002813372816967,0.0002855014875494,0.0002895294958453,0.0002935986329053,0.0002976131609717,0.0003016990287282,0.0003058193582483,0.000309826684484,0.0064941368704004,0.0232486545993391,0.0478925093854881,0.0777753824775254,0.1102297351068565,0.1426158025623078,0.0013326502573966,0.0002524666504527,0.0024624239464455,0.2194153546773013,0.2143539466009121,0.0100709390238765,0.0084105514715359,0.0067680438160479,0.0052301379740642,0.0038834633339581,0.0027726654111315,0.0019355052807092,0.0013964073859754,0.0011605319630263,0.001096433317255,0.0010708577110493,0.0010730933346154,0.0010926743137806,0.0011204719210585,0.001151428426944,0.0011822289466653,0.0010248302571889,0.0001535221420857,3.931904760391613e-05,1.9248771415100105e-05,1.3533736069236902e-05,1.1157649319865052e-05,9.815854930041623e-06,9.035220624594302e-06,8.531863409327712e-06,8.218448540206335e-06,8.042487770316103e-06,7.956718243524594e-06,7.943903314187084e-06,7.98591974891992e-06,8.185451716225508e-06,8.428341790618941e-06,8.797125945870451e-06,9.207568555575108e-06,9.678680402160028e-06,1.0181720830425122e-05,1.0765046243291024e-05,0.0128269063680261,0.0494547887341475,0.0924111178157676,0.1258995722515165,0.147492308280472,0.1518125680209341,0.1336800431893306,0.0912314637717142,0.0346179812345239,0.0,0.0,0.0,0.1920082140833486,0.4651120008532752,0.2018882822902651,0.0462262206104722,0.1391832675301894,0.069442164681153,0.0,0.0,0.0801254484964489,0.2553761105425118,0.3012411912838936,0.1962607099138925,0.1423774397467669,0.1740845051670545,0.2630578117595767,0.3382843899162279,0.3891730203785321,0.4971398287574212,0.6360245624225377,0.8086238862180954,0.9429311241088282,1.1595084723121023,1.409334959030771,1.9527454509017497,2.487015603315322,2.65161895619667,2.7794520849814406,2.846061297081761,3.028465523045166,3.4168298848772505,3.423660874842684,3.4100247031428816,3.4304679136354963,3.882870037584361,5.095969649126493,4.511353612633312,4.573924221526519,3.3434609355051483,3.028339973581163,2.9092564976235376,2.863667381566967,2.865464855264356,2.820980203679355,2.581232150147626,2.5031237796937367,2.351683752653474,2.1487669277280714
E,NDC case - unconditional,Median|Harmonized|KyotoFromPrice_incrate3_MESSAGEix-GLOBIOM_1.1_EN_NPi|nz_all_GHG|cert_allconf_0.1,World,HFC-23,kt HFC23/yr,0.0,0.0,0.0,0.0,0.0,0.0,0.0,0.0,0.0,0.0,0.0,0.0,0.0,0.0,0.0,0.0,0.0,0.0,0.0,0.0,0.0,0.0,0.0,0.0,0.0,0.0,0.0,0.0,0.0,0.0,0.0,0.0,0.0,0.0,0.0,0.0,0.0,0.0,0.0,0.0,0.0,0.0,0.0,0.0,0.0,0.0,0.0,0.0,0.0,0.0,0.0,0.0,0.0,0.0,0.0,0.0,0.0,0.0,0.0,0.0,0.0,0.0,0.0,0.0,0.0,0.0,0.0,0.0,0.0,0.0,0.0,0.0,0.0,0.0,0.0,0.0,0.0,0.0,0.0,0.0,0.0,0.0,0.0,0.0,0.0,0.0,0.0,0.0,0.0,0.0,0.0,0.0,0.0,0.0,0.0,0.0,0.0,0.0,0.0,0.0,0.0,0.0,0.0,0.0,0.0,0.0,0.0,0.0,0.0,0.0,0.0,0.0,0.0,0.0,0.0,0.0,0.0,0.0,0.0,0.0,0.0,0.0,0.0,0.0,0.0,0.0,0.0,0.0,0.0,0.0,0.0,0.0,0.0,0.0,0.0,0.0,0.0,0.0,0.0,0.0,0.0,0.0,0.0,0.0,0.0,0.0,0.0,0.0,0.0,0.0,0.0,0.0,0.0,0.0,0.0,0.0,0.0,0.0,0.0,0.0,0.0,0.0,0.0,0.0,0.0,0.0,0.0,0.0,0.0,0.0,0.0,0.0,0.0,0.0,0.0,0.0,0.0,0.9649073473114556,1.109671778725672,1.1912907823186594,0.0,0.0,1.0789441626498597,0.9763065581267149,0.8495541736229758,0.7102246916234628,0.5698187972863462,0.4400958756465827,0.3328378202053855,0.2598984523502656,0.2332485891365529,0.238416288023389,0.2521821966386926,0.2734795217848728,0.3012428498404861,0.3344001381869249,0.3718535803093601,0.4124952320819129,0.4562805601992081,0.5050966332348859,0.5493920293503282,0.595484216563998,0.6471028276835533,0.7043125166016804,0.7671281513860612,0.8355540337653568,0.9095934118493708,0.989248372330262,1.0745208479141122,1.165412761934871,1.2619258480072588,1.3721005921555791,1.5031774368197912,1.653959640727365,1.8232493687264772,2.0098496109098614,2.21256305017098,2.4301533256185457,2.661252030566532,2.9010785751920527,3.1450592765113536,3.428901877506437,3.780902232422575,4.189439672844656,4.604999656073479,4.983447560276135,5.369705873486406,5.884850548273231,6.421065438364305,6.913438053746444,7.3751686083608945,7.7034186898545425,7.949973036058619,8.408769020548077,8.783348115925643,9.101316645877825,9.51906734770022,9.859763723204871,10.2152892934755,10.466980263407986,9.801367262163676,9.14315542617998,9.108096924831717,8.077830986107415,7.96302964928746,8.832293332729673,9.036216545838018,9.51687444638723,9.846445429152846,9.211924728093726,9.297227759072378,9.591506797255558,9.936900520573692,10.609330516876476,12.91936885454728,16.4145111037203,15.203305531960702,11.455506840194706,10.219436384250027,10.824203977235332,12.889136193482427,13.391892520458349,13.985642199682308,14.17054939893636,15.212980893720212,7.634785430572478,5.442305251708949,5.179879000284647,1.9509771248401235,1.2407925512062128,1.0823378575353035,0.9711067666514204,0.9285176736548983,0.825689831945072,0.712708159684387,0.6584423677298654,0.5679414071943948,0.5300973654341032
E,NDC case - unconditional,Median|Harmonized|KyotoFromPrice_incrate3_MESSAGEix-GLOBIOM_1.1_EN_NPi|nz_all_GHG|cert_allconf_0.1,World,HFC-32,kt HFC32/yr,0.0,0.0,0.0,0.0,0.0,0.0,0.0,0.0,0.0,0.0,0.0,0.0,0.0,0.0,0.0,0.0,0.0,0.0,0.0,0.0,0.0,0.0,0.0,0.0,0.0,0.0,0.0,0.0,0.0,0.0,0.0,0.0,0.0,0.0,0.0,0.0,0.0,0.0,0.0,0.0,0.0,0.0,0.0,0.0,0.0,0.0,0.0,0.0,0.0,0.0,0.0,0.0,0.0,0.0,0.0,0.0,0.0,0.0,0.0,0.0,0.0,0.0,0.0,0.0,0.0,0.0,0.0,0.0,0.0,0.0,0.0,0.0,0.0,0.0,0.0,0.0,0.0,0.0,0.0,0.0,0.0,0.0,0.0,0.0,0.0,0.0,0.0,0.0,0.0,0.0,0.0,0.0,0.0,0.0,0.0,0.0,0.0,0.0,0.0,0.0,0.0007287168237594,0.0014576522727959,0.0021867909959296,0.0029161055640135,0.0036455687005748,0.004375283676681,0.0051051173146649,0.0058351796480769,0.0065653622968606,0.0072956728918221,0.0080261353583764,0.0087569094388985,0.009487701095871,0.0102187036744302,0.0109497855797765,0.0116809771286878,0.0124123212393571,0.0131438337472999,0.0138753188782406,0.0146071845434123,0.015338905418264,0.0160710059605374,0.0168031757491468,0.0175352956506884,0.0182673955564859,0.0189999929914912,0.0197323659361371,0.0204650875403,0.0211977698345154,0.0219303451981369,0.0226632309817828,0.0233964420285888,0.0241294961177015,0.024862812379731,0.0255959142682364,0.0263292418367921,0.0270626213017228,0.027796169189937,0.0285295085246815,0.0292633946007592,0.029996921851197,0.0307309451345661,0.0314648929088774,0.0321987282276111,0.0329323730810865,0.0336666495066064,0.0344007479946399,0.0351351092385003,0.0358694608513935,0.0366034710320823,0.0373378703705857,0.0380726788138177,0.0388071942770463,0.0395420571909369,0.0402765042224464,0.0410112013509229,0.0417460113162328,0.042481048439824,0.0432156526758738,0.0439508092688305,0.0446855170073708,0.0454209090347871,0.046156150382673,0.0468913339108571,0.0476259275236933,0.0483616512301108,0.0490970344147269,0.0498328672709648,0.0505681119353245,0.0513030712766954,0.0520389662183197,1.0919404186922623,3.913472243359867,8.071543957430327,13.120812550710792,18.61607711743667,24.1119065532518,0.2255135150409965,0.0427528716271358,0.4172396188349024,37.18619575825889,36.34783525785617,1.7085322198735189,1.4275560722248848,1.1498307300254702,0.8892900077821209,0.6610256624902442,0.47234264647289,0.3298948687439006,0.238183796896448,0.1981893578812839,0.1873912601457683,0.183125985626835,0.1836423993573404,0.187144179085242,0.192031966548474,0.1974831455606673,0.2029798119991411,0.1760820923944974,0.0263839471535018,0.0067647204551973,0.0033143511835149,0.0023308400702278,0.0019224872568393,0.0016915641817261,0.0015585440568304,0.0014725264178248,0.001419238825849,0.001389947626997,0.0013761707207268,0.0013751453509142,0.0013821568543932,0.0014176811476796,0.0014591785717229,0.0015242662908878,0.001596148784351,0.0016791316580289,0.0017676035811939,0.0018717788976772,0.0019562872099147,0.0020565466970955,0.0021785024834584,0.0023346846014925,0.0025420300858161,0.0027143592022521,0.0028550059069853,0.0030041950868986,0.0024558700966412,0.0020475239283424,0.0020293205081769,0.0021350794661972,0.002608789691487,0.0033196347199058,0.0032575160990559,0.0026691504619017,0.0025952786627497,0.0025236737609473,0.0022901849952512,0.0023755981955225,0.0158420917180091,0.0656983293613576,0.1251301566818884,0.1697653238090949,0.1908502849698764,0.2241773007666578,0.28004378690067,0.31567677015032,0.4167359934304241,0.9872812202322208,1.625244376453108,2.3445783852241577,2.93342900917628,4.761058957402828,7.663775767873879,9.263612057869071,11.85784961971456,16.756323332660692,17.14562668617919,20.553676078113888,29.36591443614569,30.29509541844847,36.3383266775974,44.40589094056257,43.51827832181416,59.30403124269657,46.514791056351726,70.1517020867519,78.56066442199962,63.74388746780415,45.160152460465184,45.78250861680276,47.03478948480655,48.64207834113424,51.59309690023093,56.10329480893184,60.3773832875588,64.08486688988,67.91790704939572
E,NDC case - unconditional,Median|Harmonized|KyotoFromPrice_incrate3_MESSAGEix-GLOBIOM_1.1_EN_NPi|nz_all_GHG|cert_allconf_0.1,World,HFC-4310mee,kt HFC4310mee/yr,0.0,0.0,0.0,0.0,0.0,0.0,0.0,0.0,0.0,0.0,0.0,0.0,0.0,0.0,0.0,0.0,0.0,0.0,0.0,0.0,0.0,0.0,0.0,0.0,0.0,0.0,0.0,0.0,0.0,0.0,0.0,0.0,0.0,0.0,0.0,0.0,0.0,0.0,0.0,0.0,0.0,0.0,0.0,0.0,0.0,0.0,0.0,0.0,0.0,0.0,0.0,0.0,0.0,0.0,0.0,0.0,0.0,0.0,0.0,0.0,0.0,0.0,0.0,0.0,0.0,0.0,0.0,0.0,0.0,0.0,0.0,0.0,0.0,0.0,0.0,0.0,0.0,0.0,0.0,0.0,0.0,0.0,0.0,0.0,0.0,0.0,0.0,0.0,0.0,0.0,0.0,0.0,0.0,0.0,0.0,0.0,0.0,0.0,0.0,0.0,0.0,0.0,0.0,0.0,0.0,0.0,0.0,0.0,0.0,0.0,0.0,0.0,0.0,0.0,0.0,0.0,0.0,0.0,0.0,0.0,0.0,0.0,0.0,0.0,0.0,0.0,0.0,0.0,0.0,0.0,0.0,0.0,0.0,0.0,0.0,0.0,0.0,0.0,0.0,0.0,0.0,0.0,0.0,0.0,0.0,0.0,0.0,0.0,0.0,0.0,0.0,0.0,0.0,0.0,0.0,0.0,0.0,0.0,0.0,0.0,0.0,0.0,0.0,0.0,0.0,0.0,0.0,0.0,0.0,0.0,0.0,0.0,0.0,0.0,0.0,0.0,0.0,0.0,0.0,0.0,0.0,0.0,0.0,0.0,0.0,0.0,0.0,0.0,0.0,0.0,0.0,0.0,0.0,0.0,0.0,0.0,0.0,0.0,0.0,0.0,0.0,0.0,0.0,0.0,0.0,0.0,0.0,0.0,0.0,0.0,0.0,0.0,0.0,0.0,0.0,0.0,0.0,0.0,0.0,0.0,0.0,0.0,0.0,0.0,0.0,0.0,0.0,0.0,0.0,0.0,0.0001048449005399,0.0010916566114024,0.0031763767271765,0.0040165471840153,0.0069800802573746,0.0202200980681847,0.0423379528606933,0.0608102080460136,0.0840612782306151,0.1078109732705077,0.1211781951771517,0.1250102804409569,0.1272581032086882,0.1203873522474561,0.1260358243303801,0.1449932104956957,0.1985476596569948,0.2756043194745723,0.3419666100644137,0.4070743060295084,0.5170547122482285,0.6140064343106342,0.6749721148932832,0.7410464493472951,0.8914381556533448,1.096050133573392,1.283760615423318,1.3991091734320351,1.37476686543575,1.406579923002962,1.380232344527543,1.0894779507206418,0.9856992583195806,0.959157424492024,1.2143684069275955,2.3044478120615848,2.2789857969117806,2.3719101438491785,2.2025808796748945,1.9092758013582376,2.04899203873802,2.237007880542103,2.199904975588121,2.131262020267538,1.9798939172476844,1.9632948989895072,1.933987717960359,2.0012830400104504
E,NDC case - unconditional,Median|Harmonized|KyotoFromPrice_incrate3_MESSAGEix-GLOBIOM_1.1_EN_NPi|nz_all_GHG|cert_allconf_0.1,World,N2O,kt N2O/yr,1.000464040255241,0.9896214065513425,0.9873211876234697,0.990419385281188,1.0118723893557,1.0074127757216,0.9943221693835144,1.0308908608231804,1.0253515552344266,1.019812260442592,1.0326276856921952,1.0336024315888568,1.0162126970288108,1.0236558882227231,1.004106780550289,1.035303194746586,1.0265639089395486,1.027528948405538,1.0706019741030277,1.0478137797697122,1.052017895099663,1.0305530252105692,1.0231105682071862,1.024305646841034,1.0632899438877663,1.0536881137719951,1.0354630647343115,1.0593344060365355,1.0810464606017278,1.0552521555375067,1.0737253609740478,1.0694583535877384,1.0565357905054749,1.055490033268956,1.049045956619122,1.066429234621279,1.0589289925044827,1.0740792731998638,1.116221982324626,1.0925036765600546,1.0990169182765035,1.0765288135250652,1.0745824312445715,1.0704278305876611,1.1116153254432213,1.1009821087908471,1.0795709751703368,1.1067399008435452,1.126350756098866,1.1103378123286358,1.1182986726271265,1.1177635664974803,1.110910372972189,1.1017818582154988,1.1078123696590223,1.1202650508026202,1.1208170757051956,1.130229668212075,1.1716338680398537,1.1506035417717495,1.1576530340913167,1.1445609485752537,1.134716500880352,1.1367223094060297,1.176541769773526,1.1699622889556585,1.160302727711072,1.1732514085417185,1.2033662305255215,1.1815649070295184,1.1976435176644304,1.2004978668941904,1.186086959249356,1.1792712202379716,1.1896741601902567,1.1991935990129683,1.194569710247968,1.2073479293128135,1.2523867717459805,1.2336499811125496,1.2435789686875007,1.2238233483349,1.2239815016124176,1.2263272295561791,1.26382344116641,1.2545995788132045,1.2548760555320326,1.2702348355407769,1.296802588733634,1.2807840305652398,1.2821036300722175,1.3071014679753297,1.2946758331151955,1.2810017504478957,1.2973271354759632,1.3173224258486582,1.3167010739256744,1.344629336153671,1.3845257245729368,1.3760445499245788,1.434335445033811,1.4165983735719527,1.4126693745489676,1.425646505262619,1.470504445308784,1.4585674142458087,1.45231654847126,1.4872406423286777,1.508134387564518,1.4943426292710802,1.495390167999325,1.497744749417114,1.4869256961855049,1.4694670664818326,1.4788951957559393,1.503389389752964,1.49010063834736,1.5114241873565093,1.545822104136746,1.5177718583117126,1.5385376060663287,1.5212531846595396,1.5174587692387018,1.5771847693002206,1.6392533230111543,1.6478850067179909,1.6962979189002096,1.7492267938396422,1.8005580593906925,1.8258233801786503,1.8286263900559665,1.848073294087973,1.8357751060661665,1.8190284792219904,1.852122398043994,1.8608624612292388,1.8639077971688571,1.8820769397571289,1.911355453946696,1.9077803671495268,1.9567223823741235,1.9362621118642376,1.935833042281458,1.958502794407348,2.011658296688062,2.0065934617287806,1.9874046364646951,2.034897478350836,2.0463300125510795,2.0582407423180387,2.0575021250518604,2.060647267715767,2.0602959359537225,2.0517177833739977,2.106840700334482,2.124841972417644,2.1312226279620616,2.1709183664284746,2.203569006921575,2.2028504719257533,2.23961106781344,2.2233228349855314,2.2228132203829345,2.2575263964170107,2.325312696406044,2.325770377825622,2.3388063625477216,2.394661742530243,2.440441221253544,2.4664373963225263,2.4856160724822387,2.489637169228956,2.4866334662111087,2.5590880303044785,2.541154562876069,2.562822684775626,2.582410672155348,2.6154607986716703,2.637566303782058,2.659950693324333,2.720829556064272,2.661896838072596,2.7109411972975748,2.693367051351674,2.7498485446986995,2.746818065320377,2.79363869099555,2.781575940601376,2.766008186214808,2.8228282709588126,2.814149707027305,2.8774652185705074,3.059983688490487,3.268161901466379,3.5444977204945096,3.8397151924256265,4.092661968547677,4.379306254482061,4.653611280912683,4.834990243943721,5.013447236637879,4.971671795528412,5.062163369508643,5.171003552473848,5.249055887475316,5.329240182210444,5.468229467379011,5.61904634603403,5.617027214109633,5.696994274823485,5.805491979500673,6.15009618097559,6.303946562146404,6.573122080069663,6.664485505303276,6.891629803093007,7.137044324231806,7.436353720701867,7.580700977195405,7.700993992569601,7.77982014279497,7.737627508714224,8.097454071119413,8.18814225700459,8.285397561234747,8.440074230658459,8.686852726643568,8.851520757446455,9.012731074764558,9.277847166876706,9.336931797526402,9.124704307843778,9.374639823104298,9.228387126249189,9.369410443091128,9.426812589767886,9.441242024926662,9.625584418465635,9.61128530212579,9.668776847296394,9.742698820725336,10.027683512156218,9.68362002041219,9.707889444138097,10.053121054607862,10.16963633580192,10.29007305817528,10.64512642434515,10.72867488914474,10.411340911718876,10.253045366475664,10.317828710503184,10.691178053121892,10.727252365117875,10.972631366466166,11.06603929681353,11.205293588233785,11.487885904009202,11.265997730557666,11.131663633300668,11.49271954501614,11.77603543226815,12.02164316780762,11.808651760818677,12.067642028913648,9485.690366472503,9739.022990806052,9822.90264240012,10097.696276198603,9184.218075560042,8730.160834410583,8266.52918350191,8025.042631488415,7510.892410876687,7281.120302098878,6837.455628222723,6638.722460492773,6408.829526210756
E,NDC case - unconditional,Median|Harmonized|KyotoFromPrice_incrate3_MESSAGEix-GLOBIOM_1.1_EN_NPi|nz_all_GHG|cert_allconf_0.1,World,NH3,Mt NH3/yr,6.656462697955738,6.5884288076809465,6.554393579669506,6.607356993307596,6.740319069222378,6.668279797103617,6.653240985917009,6.7691990188996085,6.716155703848672,6.766111040764182,6.855065019282494,6.798603515350084,6.789137960446034,6.783671049120446,6.621202781373306,6.825733157204617,6.748265776299868,6.756793441598274,6.942319750475146,6.866844702930455,6.8643682989642345,6.775431655760334,6.75548855607882,6.808542796593528,7.0495943773044605,6.969643298211617,6.967693579980747,7.05373718384425,7.130778127903998,7.11281641215996,7.269852047109337,7.196998214372675,7.210137370567175,7.185274638342095,7.076409996669666,7.224543527680408,7.175681642522532,7.238811318953973,7.420939085911357,7.345064964489212,7.360188944143627,7.235924244646162,7.184657445557355,7.195383581949203,7.407107693822375,7.300830884626746,7.263556473778982,7.309280193109656,7.343002178187717,7.3457239471842914,7.41045008389993,7.368903634840263,7.4276071237176495,7.382142494512675,7.353937646074863,7.4918036191822655,7.496796901261747,7.556774360240409,7.750970836534603,7.708278148967148,7.749712614223574,7.666932267843975,7.609193455827636,7.667492104748105,7.8868376467868035,7.808228099333146,7.821535952233891,7.845011479267394,7.927524744062965,7.921081047462684,8.039684491507504,8.007963654455356,8.055354256904412,7.998857549467475,8.002468726611506,8.11218687336573,8.11487123997526,8.17382242070698,8.392858200835812,8.346999555436456,8.394421111485821,8.302332873459882,8.286400954701799,8.353542817049146,8.559759549505749,8.479085902337877,8.549394112340924,8.57187866511649,8.662432376129537,8.675092498986874,8.75085201280147,8.77669049392996,8.784613531753518,8.704574323121404,8.70166312628245,8.81869658505543,8.808927547432967,8.9042600216976,9.07953411805846,9.0379378864672,9.094461414688794,8.966221113262392,8.915818358681054,8.973612948689224,9.185590423348136,9.082347812308978,9.126341792551395,9.183366202745615,9.235571641932337,9.27277064524008,9.329051729435268,9.302579110017769,9.357320359370682,9.285933580523222,9.303978288853877,9.475149596351711,9.45684209247052,9.589886814520064,9.77273305250472,9.696634419887994,9.814958340829447,9.734299028561283,9.693042802448868,9.910575888609776,10.088322321785611,9.990353491686532,10.156101452224265,10.204043860481704,10.29615959958861,10.46958012996751,10.496070906573069,10.54179653212101,10.599031430803592,10.545790503662204,10.705203114610969,10.826076649706836,10.887996885096833,11.025992769371006,11.239994030969786,11.25455743165095,11.390326440155016,11.317324866030852,11.35425790591983,11.516635712928798,11.789013858832092,11.78853795662481,11.833020608229798,11.983848375790345,12.041294985057329,12.27808171777444,12.33607563972206,12.34674695059441,12.443530668676663,12.452462311352413,12.739443070197437,12.841753910537332,12.93439456527074,13.178529757096957,13.363682710801548,13.400088687519744,13.65199622464072,13.597294155986589,13.635927007899632,13.83196336632188,14.147373986462762,14.134213843803732,14.248355311886026,14.394677889570632,14.596156371206522,14.804983837463164,14.928318106815516,14.88415572114081,14.939517788048912,15.335770555196037,15.283145441502782,15.674003335548203,15.954061098084622,16.22287074737531,16.41473710048654,16.65170280407829,16.883720998336273,16.71996734682265,16.855133061954675,16.885533122930518,17.06934058770173,17.06314858014353,17.405609090653844,17.48586746405887,17.47454501262614,17.749699421133844,17.714020775632427,17.814138470766114,17.993562326570927,18.0156804014991,18.257665316031776,18.32415411863573,18.473875291296352,18.71467699095924,19.13527155718612,19.66318995086301,20.33108881405325,20.44328052853197,21.14293308005036,21.84431034308012,22.29353587075293,22.59414026991781,23.232159464465905,23.950982092802967,24.11428378677741,24.641160030381386,25.01042398400634,25.8313750086612,26.38184544148804,27.80299242937487,27.79815222360789,29.26479056980417,30.96598976848797,32.68245126565243,34.01927696854872,34.594827051236464,37.44680624384212,38.31909781374456,39.60171342635133,39.83976557323325,40.488208644711264,41.2003025532154,42.14762181382079,42.83103943580322,43.844962941789696,44.68032568800625,45.34637200185158,45.69292014546752,46.92921845159368,46.58972626002262,47.60764299553831,48.23084079253046,48.984615861131765,49.9737586471445,50.40982193011802,50.74227544004026,51.16842748677142,52.92788628231399,50.99736938517646,51.45527883472885,53.0502313067132,52.20963135854013,52.140233161574415,54.69494169279502,55.07692151037607,53.07194055811031,52.8565847538851,52.99427390457218,55.35772887816213,55.9360282204925,56.27049756463061,56.94304628920719,58.356953938344766,59.10973823990614,59.23322738549707,59.33275377448474,60.71370343385325,60.63675393266754,62.04528544118963,61.80531747991054,62.90654884951788,65.27970313424439,66.69838187349615,65.61204318061874,56.79494007344791,39.97021893917901,35.19738024224786,31.237301036098568,30.44660918058736,28.657281463265974,27.95882654661314,27.662944479386045,26.48679464694835,25.249423585837008
E,NDC case - unconditional,Median|Harmonized|KyotoFromPrice_incrate3_MESSAGEix-GLOBIOM_1.1_EN_NPi|nz_all_GHG|cert_allconf_0.1,World,NOx,Mt NO2/yr,19.41683291941058,19.19807704960792,19.2522394251644,19.11627711537673,19.26549886451586,19.46378352715022,18.97745675105488,20.02514832336978,19.78952881731163,19.44045019582117,19.433276549498213,19.769094263383863,19.05201683778848,19.25640831124568,19.2216160809427,19.416807513406223,19.449408980210546,19.42688155312991,20.279826224462,19.598010640677497,19.66134288682607,19.2362945205107,19.13628094920649,18.99640291789961,19.48054758249222,19.61204954273104,18.952499457006724,19.709556785945143,20.127770450721737,19.3439338259949,19.424840723554627,19.61925133753817,18.97905627394009,18.953688875739203,19.23956178580965,19.11761000301245,19.13933566555111,19.435943999999928,20.26151083228812,19.56612055378648,19.69713898722185,19.24631517927828,19.31687789472739,18.993819689385013,19.5169819641821,19.601743190392742,18.79855176930691,19.71104439442768,20.086755974504904,19.415691539561703,19.33799557732205,19.61002559915122,19.065367158137818,18.86227402342584,19.400674538456773,19.20957380312049,19.37768777259176,19.51891592289237,20.40411974324904,19.692779602506587,19.798807321877103,19.58070698156968,19.41352233304336,19.2022367891243,19.71856359494737,19.87319156474789,19.350887503082888,19.875901639262363,20.518767544922817,19.784374313952803,19.8110660351328,20.11319126619724,19.312800192379704,19.18258452257664,19.790843188075577,19.54439266727993,19.505748124527383,19.75790510318285,20.584001686243933,19.947962419404927,20.121700903394306,19.664958435786584,19.71030218665733,19.44956577536664,19.86794252729208,19.91146907680058,19.54551166051096,20.108261084434755,20.61681612695466,19.97388389645191,19.55665892228896,20.33101930729966,19.550762510741134,19.09665074945873,19.73989418758156,19.638347560433186,19.599337521988755,20.052861801481008,20.69374007777952,20.29558357975776,20.34216080637102,19.900975003972786,19.68240472955218,19.67611971417323,20.24289634582368,20.16214344246284,19.54412480955856,20.583304111751875,20.99110001909603,20.369295370790788,20.101158246984426,20.541809842121104,19.94222534973737,19.56750583862189,20.17610867682789,20.46291915382308,20.32992748154061,20.79863363231897,21.510758376216582,20.84001000376094,21.222840759744106,20.93495036689568,20.495169584590865,21.09436037561247,21.46303582625483,21.09595724014959,20.961354550009773,21.60311252552792,22.05169834667432,21.74253664127029,21.427240701066705,22.07075506783101,21.418674528199947,21.046264746190992,21.90677931583692,21.774460051612312,21.965729947509672,22.34652533004704,22.91958310214058,22.81320541473711,23.142054497981707,22.774590976209574,22.555149905582976,22.60796414948559,23.455574231284466,23.53919133084036,22.627435325757325,23.993087034993124,24.27054198266532,24.10090761004428,24.005277246050184,24.474665732612973,24.24955148205709,24.08318894018345,25.146429572808664,25.753436795427728,25.88352156889177,27.11020306032936,27.577196564689,27.64278007934304,28.37383668972928,28.207456485117216,28.157659362281247,28.960417419867767,29.259011347092454,29.06551982765258,29.321151838749223,30.914593020647565,31.35961782258134,30.76332677560844,32.22913669790249,31.818170874723165,32.1314579021195,34.72999311426137,33.84389537432302,34.66542862716225,35.0095021913264,36.792411120159855,37.24117958354736,38.460347387313774,38.442161715940045,35.78021532217277,35.97750957230843,35.63937131990138,37.77613656275744,38.45607142864647,40.887693203532336,41.67195387958813,40.06444255781118,42.151619977347366,43.33727212687947,44.00854208389371,44.39102056115512,45.546924132927714,46.79012799150766,45.963976300366525,45.56737090820441,48.08165972999478,51.04777009300214,49.112915555380255,53.61997933610192,53.17097931295042,54.4527480752369,56.47190897113347,57.640598186962606,61.01737547781853,64.4854807087279,67.0370657189766,65.37320438384249,66.17365760799815,68.79216289088467,71.1653781561577,73.23753930888,77.65653697876735,79.37095061242988,82.01399860370915,84.24203180075887,89.23263234253884,92.45629026436404,94.18435631732486,99.26087624123402,101.77458972734004,107.77289944270214,110.24651465965782,110.1273385533934,108.32983337400408,113.6781860221585,116.104688451433,119.6436153615282,121.44860069003916,120.33141479426024,117.46277838179176,119.00939625044175,114.19333236481744,117.62717562541778,119.11912381518168,121.80208741417782,125.65981476827488,130.0751305079961,130.83044530275964,131.83585949724443,137.82957615320527,132.40502848150024,135.3645701697274,138.3393597766688,138.07430528306082,138.85025236392042,145.44064869061094,146.38337998685702,139.98794368333012,139.90558517676337,140.77584785506107,142.5985087013838,144.18246040178775,150.47386861544638,153.66778230791442,154.9224169392946,159.63117535612318,155.89834499754403,148.20791938040855,149.98704814295175,152.58469385496565,152.4461403598061,147.67154009371814,147.02955807133984,155.5204500219448,149.55938604543087,148.07776288408138,122.93587229057393,79.50656655201551,67.65309059389057,58.16363565252763,57.00509802632412,54.59026061834718,53.30198462064673,53.27108716156685,50.351631203071314,47.37569144893073
E,NDC case - unconditional,Median|Harmonized|KyotoFromPrice_incrate3_MESSAGEix-GLOBIOM_1.1_EN_NPi|nz_all_GHG|cert_allconf_0.1,World,OC,Mt OC/yr,15.445719109031868,15.186522070437114,15.063318148067374,15.181101520195766,15.556878008549177,15.356644702264154,15.22491100244332,15.702658106881456,15.51239541668117,15.572122931842443,15.849837741501862,15.690168471684988,15.523732143526576,15.525285581521944,14.987828785671098,15.678361755974016,15.35689165118215,15.398404153792622,16.09490642255687,15.733398457474886,15.740880258546689,15.319532574489743,15.143108489379047,15.202667557507995,15.873209778876603,15.586735153484875,15.3983614528951,15.670853133982678,15.89732796830992,15.624785955876812,16.043477021471276,15.79989258447803,15.705891088105592,15.599877314705472,15.2518319890591,15.725797048775735,15.459552081780714,15.702475316741705,16.36818721460732,15.993261201192702,16.049335670509397,15.607705596983385,15.468706009887065,15.470276584771254,16.157735087427692,15.875236203675694,15.6505298878915,15.931020687901656,16.11838079581499,16.028007715663158,16.232271409036905,16.053924671544042,16.067055063328667,15.821695222213345,15.697408772787428,16.08480216156502,15.9425312825901,16.108090206343928,16.75481575521971,16.43186944885659,16.517099180614842,16.180480533073197,15.951279801152172,16.05704809518966,16.712246811584905,16.47975792233995,16.417060462392985,16.508288541996304,16.840737804691027,16.65612600999763,16.986008511344775,16.850065268412997,16.786012596579912,16.522825854519347,16.492088482826276,16.798056407071098,16.610213955154375,16.788385940403213,17.502059701598228,17.182990545936864,17.301156741283588,16.864950439963202,16.7579395706456,16.853725191630247,17.44416036197701,17.15985451740626,17.25445955952268,17.342393180618608,17.630788182811017,17.49447441759936,17.59421063096804,17.734567591381914,17.57850277916481,17.206234780736857,17.197775448223673,17.58662466862884,17.386896560681407,17.750554859895672,18.323909280219105,18.0667574293204,18.21934309961519,17.71928277011328,17.502445313272464,17.652081674453346,18.33075512743272,17.98077390595264,17.97484298573939,18.285116275900613,18.47509774124436,18.448020356899303,18.55158124861567,18.43818984139937,18.418058540894265,18.06127741233301,18.094741622825264,18.639758869902604,18.368409890399096,18.779736720806884,19.34793158587491,18.90591696872034,19.27540067699248,18.783921599353988,18.42438287591885,18.971694670269898,19.349407147758143,18.79080777594461,19.06837160717568,19.1264642198492,19.2674499016094,19.533773181444555,19.411906133315444,19.381502496830684,19.218933741822887,18.77602448968205,19.109352845592284,19.27773954666624,19.138436826947405,19.40013762335293,19.89826554537316,19.62762463884996,19.86243726273152,19.293167681486164,19.079475156999795,19.286073901247043,19.940356471934034,19.64350384204264,19.324977775586643,19.70188916366581,19.626819769039464,20.00049055855032,19.888360804936408,19.62772860226164,19.488262087980186,19.168936616105142,19.81291824135489,19.877356245147016,19.7561150222611,20.29515292219603,20.50424795784395,20.24521645572669,20.74322557953851,20.16320881514031,19.90298393973801,20.209935695198325,20.765119369544948,20.24084093898027,20.14292944725429,20.39606626065477,20.58503184771144,20.49780979919463,20.6140701582986,20.042020364535706,19.68929143458292,20.736629417840856,20.15223091076107,20.13844335901129,19.98904470633413,20.23496150123681,20.27114456370273,20.587864364883707,21.16334158012433,19.960603690464843,20.340992621612745,20.18606268124663,20.88862916584405,20.74852588387556,21.412085844578247,21.062217363552968,20.444220211084563,21.17611436565068,20.75261670331434,20.668749911008,21.23848974749209,21.02655088922379,21.19785431896603,20.74991859552766,20.37393238503732,20.239301427447938,20.713926918702665,21.289582785003475,22.30001984441085,20.539342253798328,21.094188077726304,21.64120147927804,21.6582276984931,21.56559730895282,22.587940167315622,23.493637417145425,21.807343408073407,21.54128939272951,21.44208971583265,22.79586812143081,22.027490113078724,24.13462747582024,21.97142096481405,22.25243772743514,21.993704099025635,23.084677554339656,22.303441502758293,21.51201916453674,22.12892164357394,22.45191071496683,24.79839715166472,22.66129915702093,22.76491799279817,22.257249069057337,23.53216316554853,23.473799218885016,24.06899323736205,24.22204583792177,24.20089912582879,23.74375304529927,27.074275227656805,23.20054817436875,24.06037765580251,24.49664660592169,24.575892891240773,25.927322425323087,25.8153450139864,24.947141167240964,25.87697876552521,32.86597321263009,25.04142623612474,26.26066847771232,31.24114765513252,27.67563436063861,26.62734207407192,36.167070697903256,35.5627643552987,28.15600253691064,25.5344458860868,25.271904241709976,31.05496214249178,31.29828128104131,29.00933461047297,29.1027726550451,30.37473435669241,29.04166536385668,27.321016333419664,27.25209295988732,29.92796374520753,27.50685993748404,30.513238388459456,27.61377276424153,30.42356831167762,34.746024228000806,33.68101531660636,33.524630897953124,28.67156152656126,20.51334102291828,18.58587771946991,16.755660888970688,15.875302561789278,13.939441385739014,12.202939927526971,10.704955678808451,9.274253636074336,8.841055806680693
E,NDC case - unconditional,Median|Harmonized|KyotoFromPrice_incrate3_MESSAGEix-GLOBIOM_1.1_EN_NPi|nz_all_GHG|cert_allconf_0.1,World,C2F6,kt C2F6/yr,0.0,0.0,0.0,0.0,0.0,0.0,0.0,0.0,0.0,0.0,0.0,0.0,0.0,0.0,0.0,0.0,0.0,0.0,0.0,0.0,0.0,0.0,0.0,0.0,0.0,0.0,0.0,0.0,0.0,0.0,0.0,0.0,0.0,0.0,0.0,0.0,0.0,0.0,0.0,0.0,0.0,0.0,0.0,0.0,0.0,0.0,0.0,0.0,0.0,0.0,0.0,0.0,0.0,0.0,0.0,0.0,0.0,0.0,0.0,0.0,0.0,0.0,0.0,0.0,0.0,0.0,0.0,0.0,0.0,0.0,0.0,0.0,0.0,0.0,0.0,0.0,0.0,0.0,0.0,0.0,0.0,0.0,0.0,0.0,0.0,0.0,0.0,0.0,0.0,0.0,0.0,0.0,0.0,0.0,0.0,0.0,0.0,0.0,0.0,0.0,0.0003234106691491,0.0003486336358162,0.0003529585719714,0.0003573196399505,0.000362123630442,0.0003671929975695,0.0003724284261046,0.0003779913052723,0.0003837818794295,0.0003898311100391,0.0003700796636985,0.0003762451912759,0.0004096135745066,0.0004167853186536,0.0004242476841304,0.0004036337641897,0.0004111647607128,0.000448417554494,0.0004569850826056,0.0004354011791121,0.0004440258474946,0.0004846640829746,0.0004621396378782,0.0004716460042379,0.0004814577489616,0.0004915785575413,0.000502011322406,0.0005127607246646,0.0005238312762488,0.0005352247741603,0.0005469803222569,0.0005248406246503,0.0005365485631334,0.0005841756331531,0.0005972844897875,0.0005735709843147,0.0005865729870355,0.0005999172241052,0.0006135953749243,0.0006275740052443,0.0006416444986803,0.0007379309221716,0.0009846247834804,0.0012821060763427,0.0017341779705483,0.0023966733407658,0.0028361732791231,0.0034329049560374,0.0040217155214745,0.0048814893466492,0.0105269552284937,0.0131601387890095,0.0153842609728532,0.0173679804777023,0.0197547486304053,0.0223702539167462,0.024506091107755,0.02548985346965,0.0271086303040205,0.0290685097870731,0.0304284577294327,0.0319163728019965,0.0336288394190582,0.0353129082538607,0.0370894609632935,0.0392027442651456,0.0412835134866747,0.0431958312159111,0.0451671826294955,0.0473555638671916,0.0490248289783942,0.0575549660563901,0.0799383721929541,0.110903653501021,0.1485145158853492,0.1911444940989973,0.2364813565180774,0.2820097207378517,0.3250341144288489,0.3628430046816417,0.3924800753167085,0.4143546551548487,0.4371768382907459,0.4652847097641518,0.4911459645641483,0.5136873304090966,0.534324553686264,0.5538590202502551,0.5724569366843905,0.5903819510714231,0.6080401890421142,0.6260180161780842,0.6417641250394294,0.6547169461708816,0.6570519145341257,0.6531617556663596,0.68637855394821,0.7028036819677554,0.709252418684916,0.7125330994962826,0.7157795221642782,0.7142937664751033,0.7072020425655292,0.6964124890750021,0.6784992787535942,0.6584414433856461,0.6361691955800053,0.6132145276876704,0.5973917748706211,0.5804553180943004,0.5536577961136836,0.5327916977203194,0.5265316410750471,0.5329036446125426,0.549733875045834,0.5791399133000815,0.6298112694888789,0.698338726368635,0.7947072876155893,0.914509066090174,1.050358022323488,1.1979998998453782,1.3578786016935271,1.515631561647697,1.6113475828627442,1.6201223152965551,1.6524397519162723,1.7336773793905964,1.8026103995832976,1.855063340943972,1.9081673075409205,1.8351018081339363,1.729512771884996,1.8718082946704224,2.064809734638956,2.107353117901383,2.09751428703683,2.1665283372568216,2.214539462652166,2.212201392190055,2.138366685909669,2.307575127364065,2.211065318700021,2.370121930725117,2.549154367069999,2.681883387986788,3.023517431940017,3.322846258749294,3.18478339951982,3.036504731237691,2.8350913468245644,2.2416689004990387,2.58261004817954,2.1118498604297677,1.871463676485288,1.5420224322749203,1.710035616060904,1.9748753792981164,1.5490359232557336,1.0430637440071442,1.0562173386538474,1.0415683487357126,1.023517814770206,1.003457808342834,1.0355651989679566,0.8525566481000001,0.7634158622558673,0.8016964429271222,0.9345738442279024,0.9781043208169112,1.0379822330751425,1.36956037666124,1.204070073034916,0.8870734283742393,0.6639203893724432,0.4826076454881896,0.3029801397066823,0.2974381348579035
E,NDC case - unconditional,Median|Harmonized|KyotoFromPrice_incrate3_MESSAGEix-GLOBIOM_1.1_EN_NPi|nz_all_GHG|cert_allconf_0.1,World,C6F14,kt C6F14/yr,0.0,0.0,0.0,0.0,0.0,0.0,0.0,0.0,0.0,0.0,0.0,0.0,0.0,0.0,0.0,0.0,0.0,0.0,0.0,0.0,0.0,0.0,0.0,0.0,0.0,0.0,0.0,0.0,0.0,0.0,0.0,0.0,0.0,0.0,0.0,0.0,0.0,0.0,0.0,0.0,0.0,0.0,0.0,0.0,0.0,0.0,0.0,0.0,0.0,0.0,0.0,0.0,0.0,0.0,0.0,0.0,0.0,0.0,0.0,0.0,0.0,0.0,0.0,0.0,0.0,0.0,0.0,0.0,0.0,0.0,0.0,0.0,0.0,0.0,0.0,0.0,0.0,0.0,0.0,0.0,0.0,0.0,0.0,0.0,0.0,0.0,0.0,0.0,0.0,0.0,0.0,0.0,0.0,0.0,0.0,0.0,0.0,0.0,0.0,0.0,0.0,0.0,0.0,0.0,0.0,0.0,0.0,0.0,0.0,0.0,0.0,0.0,0.0,0.0,0.0,0.0,0.0,0.0,0.0,0.0,0.0,0.0,0.0,0.0,0.0,0.0,0.0,0.0,0.0,0.0,0.0,0.0,0.0,0.0,0.0,0.0,0.0,0.0,0.0,0.0,0.0,0.0,0.0,0.0,0.0,0.0,0.0,0.0,0.0,0.0,0.0,0.0,0.0,0.0,0.0,0.0,0.0,0.0,0.0,0.0,0.0,0.0,0.0,0.0,0.0,0.0,0.0,0.0,0.0,0.0,0.0,0.0,0.0,0.0,0.0,0.0,0.0,0.0,0.0,0.0,0.0,0.0,0.0,0.0,0.0,0.0,0.0,0.0,0.0,0.0,0.0,0.0,0.0,0.0,0.0,0.0,0.0,0.0,0.0,0.0,0.0,0.0,0.0,0.0,0.0,0.0,0.0,0.0,0.0,0.0,0.0,0.0,0.0,0.0006956364369296,0.0062091020738632,0.0131758078740849,0.0165991718867054,0.0189971396769643,0.0207283095108121,0.0219383791463153,0.0227333702902867,0.0233378191657009,0.0232953062478054,0.0225868864917006,0.0245942702831469,0.0270518403168219,0.0265222348305168,0.0270790446231331,0.0281077464018224,0.0361164819662282,0.0586053739423318,0.082977834953748,0.09364275779325,0.1116566022543685,0.1474670486122565,0.2074761656822589,0.2471860217104573,0.2845950485276711,0.3183469577131348,0.3570575403652735,0.4198193103946053,0.5351243928781916,0.5605834410922855,0.6409712320017616,0.7386351808136891,0.7620242030366916,0.8094801251795604,0.8649814529493355,0.7968387861570188,0.7556987741561486,0.6729066944397922,0.4240873298757858,0.3884673709309262,0.3086002023403175,0.3343237370873315,0.2661994092531167,0.2428657273436542,0.2607083020292717,0.1967878592577912,0.1219584785626201,0.1116367762582907,0.1057977375331422,0.1069964617206219,0.1153791417213944,0.1518123297288092,0.0,0.0,0.0,0.0,0.0,0.0,0.0,0.0,0.0,0.0,0.0,0.0,0.0
E,NDC case - unconditional,Median|Harmonized|KyotoFromPrice_incrate3_MESSAGEix-GLOBIOM_1.1_EN_NPi|nz_all_GHG|cert_allconf_0.1,World,CF4,kt CF4/yr,0.0,0.0,0.0,0.0,0.0,0.0,0.0,0.0,0.0,0.0,0.0,0.0,0.0,0.0,0.0,0.0,0.0,0.0,0.0,0.0,0.0,0.0,0.0,0.0,0.0,0.0,0.0,0.0,0.0,0.0,0.0,0.0,0.0,0.0,0.0,0.0,0.0,0.0,0.0,0.0,0.0,0.0,0.0,0.0,0.0,0.0,0.0,0.0,0.0,0.0,0.0,0.0,0.0,0.0,0.0,0.0,0.0,0.0,0.0,0.0,0.0,0.0,0.0,0.0,0.0,0.0,0.0,0.0,0.0,0.0,0.0,0.0,0.0,0.0,0.0,0.0,0.0,0.0,0.0,0.0,0.0,0.0,0.0,0.0,0.0,0.0,0.0,0.0,0.0,0.0,0.0,0.0,0.0,0.0,0.0,0.0,0.0,0.0,0.0,0.0,0.0129209645478078,0.0129980382901802,0.0131064164352064,0.0132147404565395,0.0133224008198751,0.0134296638439574,0.0135366779343462,0.0136432017016911,0.0137493843931521,0.0138551794481016,0.013999622828683,0.0141056032561453,0.0141714515414629,0.0142770034449807,0.0143824283011289,0.0145300639221844,0.0146355400260004,0.014696340105427,0.0147998011932888,0.0149479654803726,0.0150502622359871,0.0151042448465445,0.0152528418608494,0.0153534584785418,0.0154536174725993,0.0155533136860989,0.0156525426044429,0.0157512970336795,0.01584957057892,0.0159473601845812,0.0160446076387723,0.016192872405199,0.0162908715947862,0.0163354254553706,0.0164319681800934,0.0165838745163179,0.0166809114191831,0.016777486780534,0.0168735363102428,0.0169680747159117,0.0170552613841407,0.0192817356524897,0.0252891862432177,0.0344378407468719,0.0457804080003542,0.0584384641374778,0.0723101829426394,0.0860097506422554,0.0990145375945543,0.1101299832641727,0.1120174603722382,0.1163117254453503,0.1204476503418489,0.1244481071455239,0.1278313338696984,0.1304288634123109,0.1337322959908173,0.1392847158673415,0.1441335041451216,0.1490880846660847,0.1556935441133451,0.1629371981797593,0.1705584419980738,0.1787436963382856,0.1874021088040266,0.1961915308698454,0.2056290857559435,0.2159298648476313,0.2267688962123734,0.2378605443307951,0.2503486474074247,0.2973100290970005,0.4018947305092152,0.5569980777875604,0.7504973410637287,0.969603718625074,1.202547329153495,1.4379271624551395,1.6646377079617791,1.8719060678508,2.048814394358625,2.206751733254279,2.356791336115776,2.4931561337272004,2.6282918513729707,2.7657067798260093,2.90411698733602,3.043564123074256,3.1851406522039096,3.329857363354046,3.4780202983016046,3.6292990217007497,3.788505465231445,3.9584328804122175,4.152569672681835,4.365302848671726,4.534458546422833,4.742457334250286,4.980772707665703,5.241022671181108,5.520357460637426,5.833013991136172,6.184688770239551,6.57022836153405,6.991769418493373,7.439642279774147,7.911966130684241,8.403295435474892,8.898385319814802,9.295016541055205,9.497456402283053,9.663910874459306,9.943957793030474,10.345868393873056,10.791626844730642,11.26259333632048,11.819134166940644,12.343234677096715,12.851660367292654,13.284341892332629,13.56158930173696,13.784863668139687,14.036567834198085,14.30159233128071,14.48644137477416,14.770660998378531,15.164638152667075,15.309105471412824,15.349853915745523,15.414343831856806,15.305679715060146,15.22764343374441,15.198526275526127,14.813912035771652,14.06149864961798,13.48885380120966,13.347475339933563,13.357167391346522,13.490719518420008,13.590461038341491,13.031845133444389,13.40948949771916,12.03685663812984,12.033617453068809,11.67213667556307,10.6959181938197,10.630730308826143,10.74269058413476,9.814757082525496,9.341287059187804,8.908599049159498,6.945591689182943,7.988676912329101,7.487430665011282,9.236043399801815,7.805680122483041,7.6153962675219375,9.295719756636396,7.146372466423871,5.00495825032356,5.567140349142605,5.559573749963727,4.911183854465354,4.549975171291069,5.518863141001037,4.804570972999999,5.228342453234631,5.380350419694986,5.4291921750291205,5.173518194497114,5.196133198844949,5.742846099437564,5.262423630446052,4.419618474056379,3.801433258673118,3.306400026252497,2.874280089131338,2.68371514578354
E,NDC case - unconditional,Median|Harmonized|KyotoFromPrice_incrate3_MESSAGEix-GLOBIOM_1.1_EN_NPi|nz_all_GHG|cert_allconf_0.1,World,SF6,kt SF6/yr,0.0,0.0,0.0,0.0,0.0,0.0,0.0,0.0,0.0,0.0,0.0,0.0,0.0,0.0,0.0,0.0,0.0,0.0,0.0,0.0,0.0,0.0,0.0,0.0,0.0,0.0,0.0,0.0,0.0,0.0,0.0,0.0,0.0,0.0,0.0,0.0,0.0,0.0,0.0,0.0,0.0,0.0,0.0,0.0,0.0,0.0,0.0,0.0,0.0,0.0,0.0,0.0,0.0,0.0,0.0,0.0,0.0,0.0,0.0,0.0,0.0,0.0,0.0,0.0,0.0,0.0,0.0,0.0,0.0,0.0,0.0,0.0,0.0,0.0,0.0,0.0,0.0,0.0,0.0,0.0,0.0,0.0,0.0,0.0,0.0,0.0,0.0,0.0,0.0,0.0,0.0,0.0,0.0,0.0,0.0,0.0,0.0,0.0,0.0,0.0,0.0,0.0,0.0,0.0,0.0,0.0,0.0,0.0,0.0,0.0,0.0,0.0,0.0,0.0,0.0,0.0,0.0,0.0,0.0,0.0,0.0,0.0,0.0,0.0,0.0,0.0,0.0,0.0,0.0,0.0,0.0,0.0,0.0,0.0,0.0,0.0,0.0,0.0,0.0,0.0,0.0,0.0,0.0,0.0,0.0,0.0,0.0,0.0,0.0,0.0,0.0,0.0,0.0,0.0,0.0,0.0,0.0,0.0,0.0,0.0,0.0,0.0,0.0,0.0,0.0,0.0,0.0,0.0,0.0,0.0,0.0,0.0,0.0,0.0,0.0,0.0,0.0,0.0,0.0,0.0,0.0,0.0,0.0,0.0,0.0,0.0,0.0,0.0,0.0,0.0,0.0,0.0044113431663388,0.0167174242069797,0.0355263190678462,0.0594461066381198,0.0870848634944225,0.1170506651622123,0.1479515934739287,0.1783957176480488,0.2069911184658485,0.2323458767086038,0.2556185532901708,0.278896275456708,0.3021799682321265,0.3254705566403374,0.3487689446819814,0.3720760678926048,0.3953928512961189,0.4187202094047996,0.4420590567309227,0.4654103288100347,0.4870945606382916,0.5061777829028197,0.5237791483965314,0.5410177678657979,0.5590128046151674,0.5788833799026463,0.6017486254978768,0.6287276941937712,0.6609397177599717,0.6995038279661201,0.7733866440325572,0.9041286406624328,1.0817098221985044,1.2961100773555398,1.537309431499567,1.7952877733453538,2.060025201840376,2.321501500583048,2.5696968736371986,2.794590999484889,3.0232206451884736,3.2809973738681637,3.5554634260000397,3.8341612522928914,4.1046333034555085,4.354445155794459,4.571111088835783,4.742204983077979,4.8552862129627545,4.872463801877154,5.0810989506240665,5.144415891297671,5.149817295124531,5.124750723876652,5.261406293254396,5.26975631591452,5.077731443121929,4.8479591826553206,4.810921330367727,4.683148513329867,4.632103906932529,6.842594233981143,7.096112909411471,7.3592763256285245,6.987995483973752,6.467899948977735,6.809972109473226,6.996576867728026,6.909724901077679,6.832965155531095,7.041869927724849,7.404401199459677,7.6876024205710625,7.806662037947302,7.605914928076517,8.833536565027606,8.934708479206693,8.23499834468326,6.037658424798455,4.933973615337773,4.209617136714197,4.0903817563463205,3.8619895712675736,3.643443938004226,3.478715072809631,3.2231487820878875,2.851216533936241
E,NDC case - unconditional,Median|Harmonized|KyotoFromPrice_incrate3_MESSAGEix-GLOBIOM_1.1_EN_NPi|nz_all_GHG|cert_allconf_0.1,World,Sulfur,Mt SO2/yr,2.293964928907041,2.2628048173151023,2.257382334014476,2.2664061371574933,2.318721965217317,2.2989639568563045,2.280606877255993,2.364918987362071,2.335198750059919,2.3305807640068203,2.357932413432714,2.3656252952721664,2.321963728089442,2.33729563748005,2.2852894321880566,2.3527794770079544,2.3419656577089145,2.338375780693629,2.4497689277872943,2.4042022666990914,2.4157430967576627,2.297635365659521,2.277581768588519,2.278008124874392,2.3694688286877623,2.338150420162905,2.3107420448962457,2.3611612111218,2.399801265009124,2.343289126289676,2.3886643256175564,2.389127680459045,2.3558105339791098,2.35211663026124,2.321314171817562,2.366320154111941,2.360633501821772,2.395653825963296,2.489638116034101,2.433654999274548,2.4416701626776725,2.4001415184009414,2.3965396291661984,2.385196027623784,2.477223642703513,2.4447861271265863,2.4074160227666432,2.4740777575424096,2.51794927953522,2.494166533222455,2.52980126509169,2.521143838175218,2.5429524668263763,2.5098541233023903,2.5236500149810497,2.563415529064816,2.5709744237235705,2.603109685046265,2.68633919468262,2.636296437768711,2.6522183128675225,2.630838507467033,2.616325987363092,2.623240293634012,2.7197411917198835,2.7054530023303096,2.717808876058472,2.7530630723638314,2.816524123475269,2.769591108361741,2.8132035824966986,2.819486577653791,2.805592952710837,2.8036545298730084,2.836083806340331,2.8767346232743374,2.864843844277905,2.928696667739809,3.035607921479159,2.993698464988558,3.1922128806712142,3.108562428073516,3.116620946733377,3.1374639200125354,3.2276475522863706,3.222073321753749,3.3514047658455137,3.3759384446693907,3.4618734854881565,3.4669933830857707,3.523028587219825,3.6009940445474027,3.627305218411945,3.633616104908014,3.762887186507929,3.9292005376890136,3.9187218738280793,4.098582662797082,4.2430696164199535,4.304843128983007,4.43529788519302,4.393582339752874,4.437078354104087,4.521070777616839,4.908616954421401,4.905258029170934,5.053351345609184,5.167370649401468,5.26928731380882,5.452098842070001,5.723728815691518,5.866212205600544,5.892747046189393,6.107204299278992,6.403090115646104,6.692905259513108,6.808895730319699,7.204585259612246,7.4501101321052,7.717382716979255,7.917821734250346,8.282216126473733,8.844900481344002,9.36210995864222,9.267304569705034,9.655674730035544,9.889801531387016,10.16887214181783,10.295387135573725,10.877290201672857,11.828604159664316,12.24952830656721,12.776749830212626,13.395413839529992,13.649784074064444,13.77213379310228,13.878040411212528,14.40759322087184,15.682064304116295,15.699373194674644,16.87080167830507,17.549215360141392,17.840936820598913,17.735272526761356,18.42555593606896,19.378572908238024,19.97213486328112,20.93680248926569,22.036860517409707,23.86009173762787,24.9885239465602,25.98506128006877,26.71754101588943,28.80608110312509,29.390104856508373,31.189578852764864,33.050557890036835,36.30685549299776,34.957713522007666,36.620540978291935,38.24875916169091,38.57835297194932,39.90504024262709,41.608776110743975,38.055824103339006,37.89017603242058,41.16715617911659,42.87220576533999,42.35184435966062,36.30824088701438,40.2921371952728,34.381548012652146,36.16789484841536,39.57100759105087,39.61698926223415,39.9404795161816,40.96834470021005,43.39826693519901,43.59311732171828,46.58525523523693,43.23902733911279,38.31213913235312,34.06753015394212,35.909082255120474,39.63465854344549,42.83255413809528,45.95374212198672,49.436294478222784,46.11896625593704,49.1797858618675,54.26576053391427,56.27482601687022,57.34910541625426,58.41109650348088,56.98449427983895,49.23254214411747,48.39949488715106,53.93873726849987,56.58560586844603,53.69571990196174,57.87234845976541,61.31493363536356,62.9425683607404,64.13489900029305,65.83361736309493,71.71050783934642,76.61972192833178,79.18324955312143,80.96872124535929,84.61748103167217,89.68110083635717,91.00422749247656,93.58089856082546,96.89403249621948,101.44980032268022,104.1699329337609,107.02261016417512,107.77491204026153,112.71015212107532,117.20036877930028,124.93181339724636,125.49894038874024,129.16433522355788,135.22463103410894,133.3970873801387,131.75708991626018,137.97916260582463,138.81907190373246,139.3856956116422,142.02393426610269,141.4750378251566,137.09430859755116,134.4623992355159,132.3006110471813,133.5608106181119,133.96262721943728,133.55210929341447,135.92384807154042,137.0572216688115,136.6594641713533,137.22441388722083,135.1604265120214,129.86705263493042,128.02458074809093,125.04634629873289,122.3321836110715,119.55365517123865,120.0052098960085,117.19936774090596,110.94584721902817,110.21683307479412,111.18736636353114,110.80125239441196,115.18149884813916,120.69545348152616,125.7913190127618,126.9964955092897,125.50552182202516,122.07116262855294,113.6290233978227,109.59394709578172,111.56191737889668,108.95511828787949,103.84404168432596,99.27118759809436,100.77116698064656,84.21911851851395,82.19990293107759,66.81346562928383,33.907990326478405,27.12623692932321,22.509000682775422,21.460675741607147,19.413182029823727,17.842637050809838,17.386393866097883,16.39155664534376,15.621997749893223
E,NDC case - unconditional,Median|Harmonized|KyotoFromPrice_incrate3_MESSAGEix-GLOBIOM_1.1_EN_NPi|nz_all_GHG|cert_allconf_0.1,World,VOC,Mt VOC/yr,60.62284009096265,59.69173298282395,59.36659532295644,59.63441601062681,60.8802061459323,60.43696017866529,59.68964917254196,61.88033094447502,61.05397661383557,61.06658618062361,61.81115409717575,61.60943876913123,60.655244955331774,60.75701504826363,59.1987490479268,61.26344695432127,60.49502759876011,60.52965320857949,63.14524272513017,61.59379614841215,61.61131347842545,60.07364773449579,59.50790378315516,59.57509981626201,61.976235833816325,61.20831183581812,60.18045617105164,61.570412019825575,62.46430785304701,61.18614367071593,62.44292501413517,61.88763972571658,61.18360568205033,60.80252703797142,60.04439271246434,61.20321785184259,60.62742874798427,61.46914934113806,63.97981425413576,62.35543456481265,62.57300473409207,60.94799985196505,60.56325386451463,60.3197768703141,62.77516908837093,61.98257133437449,60.73149890404996,62.21650127939524,62.945232186180014,62.24641070044768,62.75541801119743,62.42330003732428,62.0880254260063,61.1728985196531,61.26526740320351,62.09803631400734,62.00791131152936,62.49390972783527,65.01108897104669,63.50893178588582,63.7781570392134,62.63960925433802,61.79896673010069,61.95821393693294,64.319439171835,63.704213855328064,63.109712530848334,63.78291635564258,65.11444046826232,64.10971298358473,65.06734608246182,64.85189853252514,64.10020995297806,63.14153156639756,63.58050238175113,64.08145766317607,63.71899626569596,64.30065628543984,66.96085182338737,65.5002465986271,65.8755077138521,64.27995773160117,63.94900191924015,64.02783070683066,66.07251442282843,65.2088487628634,65.19177960830714,65.81285961014231,66.94602612721083,66.11784673658282,66.06715638487945,66.96351053862777,65.9440397256422,64.45263621206925,64.92115446006747,65.72053753666938,65.28530389467001,66.49269340188258,68.5905371169533,67.49066445712248,67.85518470927914,66.01887833954686,65.15283628628885,65.51484785260196,67.8680756423216,66.71789436773662,66.2388135562634,67.7983522298778,68.542358207945,68.0328164586406,68.06067445129493,67.97499624375935,67.45021782352948,66.00691166854752,66.51960037667406,68.10775061115905,67.3839374016041,68.74502644916105,70.8572898322391,68.99795028076454,70.18522570106867,68.50245643523527,67.0347457149485,69.0646340613562,70.44596901841274,68.57425606411121,69.29476996230474,69.8687997019301,70.57368161377022,71.16989893947189,70.40172523734373,70.79075670594042,69.81774391916277,68.11426926769252,69.76242370508041,69.98512042858927,69.89429086681925,70.80459255245547,72.50683015425267,71.67978945361857,72.45856382163734,70.51809071924922,69.74709410752463,70.43093288472681,72.91129061012171,72.12913397076409,70.54189425115422,72.53331769622442,72.39992062011977,73.34766144287416,72.80770536716967,72.44711908973566,71.99137750633011,70.82720047809964,73.57107438280029,74.1186522036804,73.8197433382293,76.17604042322043,77.28797023202424,76.57445211349557,78.45716830044452,76.68763051173966,75.75305997325097,77.22010719463938,79.42013287450305,77.89294978388968,77.74061983308452,79.56342565674852,80.55297922278456,80.83359479534212,81.97123354076048,80.27559729463034,79.57844670840464,84.65265139465491,81.88894197176657,82.46947362430944,82.24940541001706,84.54493861366309,85.10029492138167,86.99644587309524,89.29539177910476,84.33616402319541,85.91102070746784,85.43134644932752,88.84427853748498,88.95711866348631,92.62145366448922,92.31710440559787,89.86506825232885,93.27944532593796,92.2592936094957,92.5002024392826,93.80638513346165,94.1484928202428,96.3822727494215,95.66006075263522,94.16331496271042,95.62235578668712,99.99003795123912,101.2436943291178,106.85300146053544,102.02498801160615,105.61843675365066,109.33383308236182,111.0523539605797,113.89019801983576,121.08025196522772,126.08388981190284,119.2201791016847,120.1794556858108,122.65208540884126,132.76707832145226,129.2922822817633,144.55088341990984,135.11078738678032,141.57528311006325,142.88354583394266,151.18731990839535,150.98695578222978,152.8433637889837,162.42455249805047,165.39168670833084,180.768561838064,172.06782346957144,171.43250503187977,167.49298644771352,176.02857990438707,178.37842900948257,182.36714593956464,184.3494835660252,182.51343944084965,177.92809779521778,196.33878576301188,173.15061935667407,177.61950758770524,178.62602997500764,181.0093999569804,188.87917907901624,187.99752028462416,185.20765958330577,189.3668560093154,231.43184947499253,185.42993753842345,191.8199844625449,219.7415082213077,196.3569334923857,191.38579687483693,256.0833187500461,223.631651874307,196.5586306857041,187.32911644541605,187.9896321950928,210.06865181970576,204.8470839110516,205.71044775952453,207.6552274177385,217.532763062634,204.9318415979919,196.4979334942796,199.6027637904372,206.7710297871344,201.5102274040188,213.5207062868236,203.41823540873256,219.08799589264663,227.2448193195333,220.5330716303503,218.6165099752288,194.5378735549052,148.8915513543247,131.8750396045319,117.58946574677309,112.85675884718944,102.9975162853764,94.96112945401684,88.34693892742817,80.32079069078557,76.7740579217315
E,NDC case - unconditional,Median|Harmonized|KyotoFromPrice_incrate3_REMIND-MAgPIE 2.1-4.2_EN_NPi|nz_all_GHG|cert_allconf_0.1,World,BC,Mt BC/yr,2.0967656094612304,2.071971538271485,2.067178349365188,2.0703817893270706,2.0985861115724007,2.0977891893935445,2.07136319662617,2.1465637855989463,2.119763130147536,2.11596123027194,2.1311559592645266,2.136703326295822,2.100696515026073,2.10568846943969,2.0746791895366785,2.1226686753170334,2.109392767621556,2.111379784768649,2.186365567599111,2.136350116112941,2.1383334303101407,2.099110917701551,2.090110985485277,2.0911077552394994,2.1531012269642167,2.147091400659433,2.114894932055974,2.168878509692181,2.196858789298888,2.157835770876088,2.1889596057196807,2.1848584302997804,2.156728921455819,2.146599492801231,2.1404578288333806,2.161329955461797,2.1535191020186453,2.1803801449125784,2.254321061069895,2.203286692747988,2.211259668625768,2.167613842016425,2.1608385706833646,2.14790232610409,2.208918949759636,2.197965574385673,2.1525836274977657,2.2083615114765163,2.229054543470697,2.201946385524731,2.2097300783783584,2.212946586119244,2.197216204814192,2.1742665963305807,2.196124970711811,2.2095929096204165,2.216691103853465,2.234134369658822,2.310787210777329,2.261846680025805,2.274035725513972,2.246966990425418,2.226481787144761,2.226265248328221,2.2863837502151947,2.2817584680037,2.259806004613241,2.291075044192348,2.330717119279797,2.298800178856345,2.320366226287178,2.3280583573567504,2.2964849746114884,2.276689219594342,2.3099750747314305,2.316517521292834,2.3155641872407946,2.3396845264040023,2.41890677912337,2.37260739478434,2.396191032601622,2.353843980678467,2.3515912297434407,2.3510595531165905,2.406306997785964,2.399201792619178,2.402120864778317,2.433656249734132,2.471501778305861,2.446908058428376,2.4422170333943383,2.484904110266705,2.4436115438378314,2.4055468035772902,2.4419346069135903,2.4657001707394204,2.465543112646614,2.516519271895681,2.577188536789053,2.5488513757488565,2.5678371555067923,2.523565166304164,2.5084661191399173,2.5244503655444044,2.6053535563753907,2.588395791145352,2.5737082531933275,2.634357731701831,2.6602984102436955,2.649542163681698,2.6564779946858623,2.67539234411094,2.65509444774139,2.627532080645409,2.672052097334157,2.7226349714148945,2.7129834195428906,2.776919539816383,2.8476388399267565,2.804600920407938,2.850641052383301,2.8214816093559723,2.8048487254210963,2.8759823039047774,2.90294587065074,2.870447548194408,2.884455128218679,2.92093759347938,2.9454807103928395,2.9767040151898305,2.979011862872781,3.0197487015461366,3.0078597159913647,2.987262144804004,3.0541693442937783,3.060324715238832,3.0746066403729806,3.121666504836311,3.2163852578666496,3.189220373940735,3.254897977304661,3.229514916272789,3.2242606907923133,3.240576043493044,3.318657700220226,3.3436411670542405,3.301338889508308,3.397703715194779,3.4315414312356847,3.500216553847437,3.5108566256510274,3.5367648318670755,3.534385760121188,3.5592225931183643,3.6315893545297824,3.696618265817381,3.734784888880154,3.880250388136069,3.865180699470456,3.885499787063385,3.9729637342528,3.943317932590152,3.957312012286773,4.045041467162073,3.994319528759224,3.964232768853323,4.020565681254354,4.123371130489197,4.127514993005597,3.9380751617822938,4.078428451148834,3.902840965689001,3.903819160731535,4.239619937635342,4.1379193396697564,4.168811856781872,4.131512745965076,4.214826666569674,4.166145204963687,4.224178755369573,4.173963708844665,3.93098047972776,3.908341302957665,3.895097315581966,4.056482796422021,4.081845109564061,4.249397247106342,4.25158119443724,4.106962966422042,4.245341558997884,4.275042315818044,4.333352610801654,4.423154663560002,4.4412120131836135,4.44293054163848,4.210853695666977,4.161869879441373,4.153796872121993,4.238231099153874,4.30758045079744,4.485656388020499,4.318932192191574,4.367243287060872,4.433921416531317,4.487770554351322,4.56676655933338,4.800663590712143,4.9787629951318095,4.946343168358697,5.029655309577164,5.141081489845094,5.147694357012168,5.154658661109372,5.338068542427597,5.180871108610841,5.195661311137665,5.211114335587503,5.314084838081458,5.298081870693366,5.316066298949716,5.459856444597341,5.577047869667343,5.872700064964517,5.779569979014145,5.84123330849879,5.86063301256892,6.103687648571628,6.236698225213448,6.476835746542289,6.539956612732321,6.440528700817964,6.352058506648234,6.675773036593816,6.360345525449008,6.553494000364888,6.638687766673304,6.775036169548928,6.97407441025641,7.158724884402355,7.095501861065952,7.294464475554437,7.787367911287963,7.127610460956472,7.316642330893157,7.781741303129326,7.781096533309196,7.635056325092877,8.209142997568044,8.247757290588599,7.478531603674823,7.113418899499503,7.204673758199151,7.588355871885799,7.668078438485093,7.85600389984557,8.028732937562364,7.96052174986425,8.168771954321528,7.936498963006227,7.861838906737685,8.306296219725624,7.973211128150686,8.162565730833903,7.842259345935568,7.934828048081975,9.727423576882977,9.002700022803444,8.911974516464658,8.726026359031247,6.06238311148218,4.669758641994851,3.6391507149647726,3.5405328552972666,3.3599751554101416,3.210084250275256,3.132939945931821,2.985074665810213,2.886839033747632
E,NDC case - unconditional,Median|Harmonized|KyotoFromPrice_incrate3_REMIND-MAgPIE 2.1-4.2_EN_NPi|nz_all_GHG|cert_allconf_0.1,World,CH4,Mt CH4/yr,38.246272000000005,38.106144,38.070994,38.237775,38.585534,38.536248,38.486099,38.975721,38.839298,38.998828,39.253289,39.211753,39.147955,39.180111,38.85922,39.425283,39.300568,39.376538,39.995461,39.730337,39.793167,39.675569,39.746205,39.994775,40.733277,40.745712,40.791254,41.257554,41.609788,41.635954000000005,42.150077,42.088699000000005,42.130624,42.116507,42.0023,42.426057,42.411573,42.693193,43.335724,43.100213,43.255637,42.95581,42.871773,42.902279,43.479549,43.324898,43.159712,43.464262,43.616775,43.612303,43.793132,43.843523,44.075984,44.016999000000006,44.186449,44.599492,44.759671,45.051418,45.760542,45.63137999999999,45.90274,45.795348,45.740241,45.96237599999999,46.622999,46.61087500000001,46.69318499999999,46.947908,47.306059000000005,47.333118000000006,47.715634,47.847937,48.037837,48.035784,48.329572,48.738418,48.911177,49.293893,50.109381,50.030188,50.458158000000005,50.341223,50.491235,50.817617,51.534549,51.576848,51.96851,52.293309,52.753405,52.927779,53.251009,53.585087,53.690507,53.574114,53.856064,54.352226,54.455356,54.985109,55.633324,55.635374,56.006018,55.747822,55.766516,56.109117,57.030418,56.972204,57.230187,57.670408,57.967338,58.259523,58.654846000000006,58.836455,59.020612,59.047924,59.449913,60.144933,60.327989,60.862704,61.537904000000005,61.468841,61.939188,62.010174000000006,62.315168,63.274071,63.740415,63.880714000000005,64.463432,64.905498,65.353551,66.105333,66.66126200000001,67.270763,67.74754300000001,68.017385,68.743014,69.242357,69.66134,70.480253,71.68807100000001,71.895303,72.92557,73.12366,73.400688,73.848839,75.032418,75.609712,75.921352,76.96440700000001,77.649802,79.00918399999999,79.763318,80.279163,80.784894,81.629711,82.68630800000001,83.616537,84.60206600000001,86.673339,86.899633,87.658263,88.949517,89.256641,89.84919500000001,91.500046,91.207873,91.222773,92.618233,93.918991,93.858809,93.061605,95.232432,93.460501,94.849139,98.332608,98.721948,99.550263,99.728457,102.434994,103.104406,105.306349,106.07097,104.763816,105.108175,106.416628,109.184347,110.753121,113.96882,115.7332,115.66284,118.15214,119.9927,121.78269,123.46607,125.50281,127.35182,126.35691,129.39088,133.37181,135.75227,138.27887,141.41637,144.20284,147.96745,151.90604,155.82484,162.52719,168.78112,174.34383,175.60208,182.51956,187.61464000000004,192.73004,193.33175,202.30453,202.03502,208.72377,215.057,219.33546,221.36909,227.10628,233.25097,234.48299,243.10197,245.03529,246.27738,249.44602,254.01744,257.46025,258.69927,265.17915,264.4543,258.54708,268.20999,261.58913,265.99195000000003,270.237,273.86648,278.99061,281.73679000000004,286.97351000000003,291.75191,305.24483000000004,289.11581,291.23085999999995,303.80032,298.66624,300.53934,323.9287374569756,306.3032193977038,301.8969494986439,304.78053184966853,305.08007056730924,311.8377963534251,316.8591076895892,323.4496863713733,328.6400357973078,338.6915168245732,335.5126328889401,337.1140572401039,337.8155488609667,343.17600678741104,350.39231677232726,356.14077202353855,352.7283537870203,360.61993138588247,365.7112915258411,379.21681178583617,375.8786113250565,356.8893693203573,285.18850743994466,235.0315422218364,208.09936911755597,204.89729069853013,199.77516801648417,195.28147685614945,186.6608046011992,173.38876764086152,165.36409787106908
E,NDC case - unconditional,Median|Harmonized|KyotoFromPrice_incrate3_REMIND-MAgPIE 2.1-4.2_EN_NPi|nz_all_GHG|cert_allconf_0.1,World,CO,Mt CO/yr,348.4549731849569,343.853051472552,342.4238604059472,343.6011634862167,349.7411971581965,348.069843185946,343.93077392761575,355.8636399340545,351.761118296263,351.42920901424134,355.063794068408,354.6247906706158,349.16571540954,349.97525337634784,342.64540457103953,352.8471689936149,349.29032527411044,349.5253067949312,363.2979015436357,354.93310952022387,355.2679307246957,347.7641800514892,345.1989224536411,345.67701861549017,358.00346853703616,354.9472722182793,349.46758301485335,357.438083830264,362.6479384053716,355.8181467401764,362.2175823832264,359.9716731378132,355.9273166844743,354.16653988158544,351.1268486950836,356.68419424563217,354.0747871357951,358.6617991811911,371.9488561893258,363.3070133707674,364.74493490103055,356.5122045678039,354.7774694257974,353.2264852452193,365.57593076456726,362.0452504743569,354.9940273653143,363.3915769309464,367.4879094707558,363.3174123982342,365.66750682252825,364.7398265471246,362.7793707791722,358.45768561251805,360.0291243914408,364.1068425513644,364.1368593430047,367.0121021279135,380.5460481268483,372.6395284367811,374.5222306176834,369.06292809588007,365.0373138949561,365.700815937917,377.7679824273595,375.35967014498766,372.086396622072,376.2156269774233,383.6837409677249,378.1019958067444,382.9006023640485,382.66308483526177,378.4295514445469,374.1228278158811,377.4491433650887,380.03039464852856,378.5351177746513,382.1855940292229,396.4131476213273,388.8882688522333,391.7198357890122,383.8133076849341,382.6535650661125,383.0834256473796,393.77575138926,390.1693769642325,390.2370549093755,394.342336714034,400.88625151868825,396.4927587161413,396.1285740749223,401.92935619556033,396.5334323011719,389.2681503753454,392.87086294062846,397.2875959577792,395.3669659405794,402.43884649754045,413.7361941456009,408.415896029276,410.9764287487393,401.7666013490305,397.6605045801185,399.80018221315066,412.69866750347103,407.37028133536097,404.781881544942,413.9899387017472,418.3853266773859,415.6986139169386,416.1716739561812,416.6765385875779,413.6000795021018,406.8157742839148,410.6419748349246,419.180458477768,415.8074106444868,423.6793290434391,435.0192580312962,425.70812181340193,432.43907550346864,424.4334402737337,417.7097325269359,428.67777436401184,435.3991281472737,426.42999851158777,429.640037027459,433.579004056342,437.5681887654498,440.5898920317183,437.696728381263,440.711374801454,435.923599424743,428.0896459071601,437.1628150587892,438.1580090558806,437.902746137773,443.280362521347,453.6136124088803,449.0923710899031,454.7131597201184,445.52016182639136,441.8178995277467,444.94352456791023,458.142971933813,455.4696739508447,446.4454276984831,457.9447541435623,458.1455362586295,463.6917630557393,461.19043048214,459.8151325226077,457.38751491667546,453.1134963844663,466.4288378250181,471.1681019815717,470.3587865692667,485.0253280562813,487.4579700434228,485.0024151111468,495.9392790752821,487.1597777278829,484.26325882613287,493.9459718536515,500.0326739973304,491.0497352130593,491.5196146262008,502.270465987132,506.0591995698821,498.8768453751173,508.73472779791007,494.881522320432,492.3121840772167,526.4697640691863,511.3905788356258,514.4791341202026,511.89318604305225,525.0820964358743,525.2821397530529,535.3578338674242,541.130945351334,510.3460740921445,515.5468311949554,513.12054001977,532.6633294892717,533.9364224712212,554.8714833283648,554.1843787840817,537.344661892203,556.3498584988156,553.0533202077968,556.2434438938719,564.2586951329373,565.6947131174502,574.8386596360062,564.8341902368531,556.2423080534037,562.2886227595822,584.136103701544,588.0016246710268,617.6107910836586,591.1969177443217,606.2277735165969,623.564673808876,629.4653302855627,641.8956820005696,675.4736788771766,697.4749175258452,663.284167366922,666.8363736923128,672.2368311640078,709.3950731758207,691.7570475276038,758.266860255332,709.3510259121194,730.6410580747736,732.4024531055795,767.5772792422499,762.145232711247,767.9742119205669,802.5131466078152,814.7563817854918,886.7152517275345,842.0370530919374,840.8848176493934,833.8698427241653,871.1305104573489,883.5919772242157,909.762403576013,910.19850958734,905.0629411433764,890.8021453744932,984.7065767586964,879.0101622670202,903.6820244872788,924.2292428532572,930.690484338132,967.6539272936822,965.1513719796736,945.2244210207956,954.2151757976516,1148.572422183351,932.3410091080444,960.2380218604528,1081.3153501726963,977.3439963769316,942.1202315447332,1223.2338579068305,1098.675748892164,951.7034593945712,900.240434008397,895.7549032326314,985.387726686647,960.9676886942268,960.9738425983422,967.9322511565651,996.7825680501536,944.6736976144492,888.557731757935,891.1349347531929,926.5620168063364,883.8705764043774,927.863738261658,873.0171358681735,927.4582396926074,934.3498846847745,892.8851464316411,879.6733898456583,792.0513877626632,598.4211883211326,516.3677624552906,449.6738204121711,451.0369551236206,458.1023285132201,469.02872829878913,477.4537441438829,471.2631325399021,466.7944912448153
E,NDC case - unconditional,Median|Harmonized|KyotoFromPrice_incrate3_REMIND-MAgPIE 2.1-4.2_EN_NPi|nz_all_GHG|cert_allconf_0.1,World,CO2 AFOLU,Mt CO2/yr,0.0109921738406461,0.0329765215219382,0.0549608692032304,0.0769452168845225,0.0989295645658147,0.120913912247107,0.142898259928399,0.164882607609691,0.186866955290983,0.208851302972275,0.230835650653568,0.25281999833486,0.274804346016152,0.296788693697444,0.318773041378736,0.340757389060028,0.36274173674132,0.384726084422613,0.406710432103905,0.428694779785197,0.450679127466489,0.472663475147781,0.494647822829073,0.516632170510365,0.538616518191658,0.56060086587295,0.582585213554242,0.604569561235534,0.626553908916826,0.648538256598118,0.670522604279411,0.692506951960703,0.714491299641995,0.736475647323287,0.758459995004579,0.780444342685871,0.802428690367163,0.824413038048456,0.846397385729748,0.86838173341104,0.890366081092332,0.912350428773624,0.934334776454916,0.956319124136209,0.978303471817501,1.00028781949879,1.02227216718008,1.04425651486138,1.06624086254267,1.08822521022396,1.11020955790525,1.13219390558655,1.15417825326784,1.17616260094913,1.19814694863042,1.22013129631171,1.24211564399301,1.2640999916743,1.28608433935559,1.30806868703688,1.33005303471817,1.35203738239947,1.37402173008076,1.39600607776205,1.41799042544334,1.43997477312464,1.46195912080593,1.48394346848722,1.50592781616851,1.5279121638498,1.5498965115311,1.57188085921239,1.59386520689368,1.61584955457497,1.63783390225627,1.65981824993756,1.68180259761885,1.70378694530014,1.72577129298143,1.74775564066273,1.76973998834402,1.79172433602531,1.8137086837066,1.83569303138789,1.85767737906919,1.87966172675048,1.90164607443177,1.92363042211306,1.94561476979436,1.96759911747565,1.98958346515694,2.01156781283823,2.03355216051952,2.05553650820082,2.07752085588211,2.0995052035634,2.12148955124469,2.14347389892598,2.16545824660728,2.18744259428857,2.64328804346016,2.73294754142036,2.7802627430411,2.83958384120112,2.87522291149779,2.8853234979047,2.90127436350013,2.94052863763772,2.96019241528599,3.0094129270391,2.85510723336941,2.75203728332362,2.7272682516027,2.713979934782,2.68751322287903,2.64025908889074,2.6584083892543,2.6708539727472,2.64188348791386,2.62639673632504,2.85338512613438,2.95448869841534,3.00399012127772,3.07133550634141,3.12942303832598,3.15238446812644,3.18264958676768,3.24111573807343,3.30004600338578,3.33066531429523,3.37369356811811,3.3395201210002,3.40547316404407,3.47561544667388,3.48365194710404,3.47781388144201,3.5258863217051,3.58361966142148,3.59302407681847,3.58510971165321,3.84898295146116,3.95594901645712,3.998427661588,4.07560493547581,4.11148827630227,4.1515120026087295,4.193721950156809,4.20780414619932,4.239082987539209,4.29858728859658,4.3773889615074895,4.41803557766493,4.48638247190076,4.49612886603946,4.58335787222825,4.598038531068729,4.62404112896512,4.66654420114895,4.70532214775344,4.7459321233314,4.64277667860016,4.608517736796809,4.549868382593751,4.538705219382231,4.53644571698164,4.49026637332445,4.442951171703729,4.42844150223408,4.45549446340854,4.41338222407239,4.60848109621734,4.73189878139484,4.79413891238586,4.78805657619403,4.80703639635888,4.87480925484972,4.858382061721209,4.86690710321093,4.87515123359142,4.88916014847502,4.9640290658563,5.0353804876085695,5.091697058252151,5.11241119917854,5.161472935087289,5.16457517081563,5.19038235228819,5.176483359143,5.203756163794311,5.206382071989551,5.34206213776259,5.514736975272671,5.55015620209254,5.53902967946049,5.539750277523391,5.50550354924652,5.48983359476035,5.44364203757668,5.36867541198347,5.31671907029668,6.06716699192407,6.16293325312909,6.30495213915024,6.41730436932812,6.57235508811369,6.79352983931396,6.992708029306471,7.17300410734606,7.3819653320567395,7.77339664252215,6.83128184969333,6.54944251241916,6.074116488496671,5.8773565767491,5.735178914883569,5.2056370468737,5.03462324896624,5.170730788166391,5.23243352399188,4.911608610162889,5.11426765520494,4.81939648516639,4.8223033044709,4.69536812366443,4.56423148974552,4.6128779657536,4.59089361807231,4.59129666444647,4.456508186107191,4.22969078566868,4.40657928981767,4.65499020508979,4.67673028224128,5.15976304137874,5.96704050176226,5.50439211833598,5.69290789970306,5.51465148058725,5.29877739988344,5.240934138428649,5.16698123553409,4.94661257708213,5.22318788443926,5.12914373046928,5.776521702050911,5.63957142952294,5.99740332861544,7.481114740099369,6.16522939610911,6.00409634113175,5.37574704382095,5.03624764798934,5.3852613809563294,5.83363215191629,5.3938963441845,4.89198147309412,5.2347907346044,4.55610949462992,4.74086350983819,5.23623193073016,5.177594790053569,5.21808263036662,5.34527429522937,4.85885838925431,5.21436971831376,3517.44,3311.008799470016,3283.4043034128526,599.5954941692606,-239.4163066338926,-128.1148591833268,-106.92625758931923,-117.39069811347794,-161.53393129750674,-241.79512689361545,-330.9402525420003,-415.4691638209938,-461.0031326438626
E,NDC case - unconditional,Median|Harmonized|KyotoFromPrice_incrate3_REMIND-MAgPIE 2.1-4.2_EN_NPi|nz_all_GHG|cert_allconf_0.1,World,CO2 FFI,Mt CO2/yr,0.0093060841752274,0.0094073777771804,0.0095053183261049,0.0096106419917932,0.0097337339384858,0.0097936228856263,0.0099100707272427,0.0100940956375869,0.010216519573715,0.0103390175110134,0.0105144972862167,0.0107480549799193,0.0109523712111696,0.0111917689972329,0.0113971622455162,0.0116436701440255,0.0118762678225455,0.0121527011943246,0.0124671331670496,0.0127802761193888,0.013097423135052,0.0133696994410873,0.0136237224584478,0.0138083563784235,0.0140126366091045,0.0143391467728454,0.0146543557578588,0.0149597735880256,0.0152437240786875,0.0155354806928029,0.0158789771251807,0.0162346397499663,0.016581216231055,0.0170630208507694,0.0174713693087786,0.0179654111220237,0.0184477887508003,0.0188594282608573,0.0192865340155122,0.0198637391439806,0.0203984165998762,0.0209320800397352,0.0219295618148566,0.0222976136355766,0.0225200121527974,0.0223155989200129,0.0221217248539049,0.0220904273589366,0.0231062944248204,0.0274856416839649,0.0327988707124001,0.0319865558656839,0.040311110518074,0.0295389731572932,0.0317696794357947,0.0312523112536443,0.0327051392300417,0.0362012265204767,0.0354983504045282,0.0363343876264125,0.0394929365786966,0.0401773164021271,0.0408151684897243,0.0412067906832082,0.0422273138227278,0.0435879543411852,0.0454972965373307,0.0492767013084168,0.0513928227747655,0.0509309724706274,0.0507338763535628,0.0520601723288632,0.0540225663640208,0.0563586543091277,0.0575845476965666,0.0607318274706292,0.061383100770482,0.0657396076684072,0.0666828445856492,0.066308456664724,0.0889896623667888,0.0832519316248815,0.0820928552941508,0.083250019594643,0.088764514806092,0.0974011343937724,0.106896185557503,0.106201101564786,0.105846934963661,0.109654768184341,0.11881039098003,0.1221674790722,0.129390835309195,0.132371482447972,0.141944521845082,0.155039809946368,0.157658621362732,0.170743605301059,0.173582630200087,0.184934922735991,0.196755077671114,0.198671240975135,0.207417496296699,0.217123872802529,0.255037202399824,0.260108507602247,0.277300831497937,0.279936443179996,0.284229650076836,0.301486032985616,0.330967814238422,0.347791313301167,0.354494511311888,0.378186123993487,0.407732422266627,0.432865974752424,0.446560649332975,0.478168310206455,0.491559728991032,0.521962458808592,0.533346681849475,0.566900339498791,0.627311170892882,0.666491761531845,0.624242397360394,0.677124532688558,0.686791086564596,0.700415478033623,0.705984725110968,0.756002437138431,0.853929916856328,0.88355803542345,0.933374897274476,0.992769305593896,1.00414996157837,1.0116531312406,1.02743376081041,1.07876389059369,1.19437153392244,1.194642958215,1.3003828704861,1.36177171634744,1.37241818472078,1.35549877814126,1.40304135402457,1.48745590103615,1.53638990792488,1.60925701331428,1.69719325302125,1.85373853577659,1.95224035857769,2.01677637421135,2.0677166488291,2.25413579903806,2.27978346965461,2.42735676651847,2.53477332430564,2.88836366931818,2.77648484696054,2.89054049474456,3.03413780072834,3.07955070993108,3.23601479240225,3.50633121144207,3.18040587595018,3.13490363733469,3.38591194801781,3.54048268954589,3.49331938566074,3.02905445433548,3.52148308606817,3.09014556348813,3.24036512120246,3.67629128135158,3.68727851811414,3.72709272677374,3.6610885059204703,3.996191792561192,3.9788261079238096,4.2709754162496,3.93866079871157,3.51995889996325,3.17352650315327,3.34157104776883,3.6342992332495503,3.8148586837876897,4.18557997172516,4.47430358287375,4.20696749496773,4.45131770735338,4.861422359136671,4.970893055409929,4.959664504831,5.04177404038893,5.11798961173415,4.25720366245005,4.64619708336036,5.14586320155351,5.42503848969587,5.1810876706266304,5.92943544270692,6.38150671919018,6.46753934479158,6.65096650968246,6.78960472123842,7.44397850612513,7.926105780942369,8.18574307509243,8.41729279203892,8.85480226722804,9.38656976310276,9.41453130431306,9.746710102703153,10.2662095745597,10.8237892156522,11.3098681349645,11.8618960782571,12.2365219999462,12.9045398126124,13.7610570313868,14.8983919862788,15.503030891611,16.2236962848959,17.0837707759284,17.0096511337302,17.0502489997833,17.9855294421939,18.4949440675591,19.0642565232054,19.6033122363429,19.4827487326375,19.0172497187953,18.8656715505946,18.9862015797706,19.6420392928092,20.3054516496405,20.6078387538765,21.2461189302436,22.0777340301923,22.3793234298127,22.7530601124385,23.2298425067267,22.5675558716987,22.7987108604026,23.0351393785071,23.5248639674755,24.2505463951046,24.3963363387648,24.3313304577002,24.8338873746112,25.5016910828914,25.6753363970828,26.2487045808703,27.6490865738372,28.620645243986,29.5925708699382,30.606251211239,31.5002321895007,32.0424092740026,31.4937646482169,33.3068547281404,34.4370151665677,34.9360058820794,35.2330243164102,35.4667557438603,36244.21494644059,37771.44993201156,38067.268276447154,39708.88933359958,26048.470243811265,19291.264271419484,12293.995012905489,10025.222334753242,5282.458083134601,3165.420804525394,3348.928671197672,3121.7963915322453,2184.839384774107
E,NDC case - unconditional,Median|Harmonized|KyotoFromPrice_incrate3_REMIND-MAgPIE 2.1-4.2_EN_NPi|nz_all_GHG|cert_allconf_0.1,World,HFC-134a,kt HFC134a/yr,0.0,0.0,0.0,0.0,0.0,0.0,0.0,0.0,0.0,0.0,0.0,0.0,0.0,0.0,0.0,0.0,0.0,0.0,0.0,0.0,0.0,0.0,0.0,0.0,0.0,0.0,0.0,0.0,0.0,0.0,0.0,0.0,0.0,0.0,0.0,0.0,0.0,0.0,0.0,0.0,0.0,0.0,0.0,0.0,0.0,0.0,0.0,0.0,0.0,0.0,0.0,0.0,0.0,0.0,0.0,0.0,0.0,0.0,0.0,0.0,0.0,0.0,0.0,0.0,0.0,0.0,0.0,0.0,0.0,0.0,0.0,0.0,0.0,0.0,0.0,0.0,0.0,0.0,0.0,0.0,0.0,0.0,0.0,0.0,0.0,0.0,0.0,0.0,0.0,0.0,0.0,0.0,0.0,0.0,0.0,0.0,0.0,0.0,0.0,0.0,0.0,0.0,0.0,0.0,0.0,0.0,0.0,0.0,0.0,0.0,0.0,0.0,0.0,0.0,0.0,0.0,0.0,0.0,0.0,0.0,0.0,0.0,0.0,0.0,0.0,0.0,0.0,0.0,0.0,0.0,0.0,0.0,0.0,0.0,0.0,0.0,0.0,0.0,0.0,0.0,0.0,0.0,0.0,0.0,0.0,0.0,0.0,0.0,0.0,0.0,0.0,0.0,0.0,0.0,0.0,0.0,0.0,0.0,0.0,0.0,0.0,0.0,0.0,0.0,0.0,0.0,0.0,0.0,0.0,0.0,0.0,0.0,0.0,0.0,0.0,0.0,0.0,0.0,0.0,0.0,0.0,0.0,0.0,0.0,0.0,0.0,0.0,0.0,0.0,0.0,0.0,0.0,0.0,0.0,0.0,0.0,0.0,0.0,0.0,0.0,0.0,0.0,0.0,0.0,0.0,0.0,0.0,0.0,0.0,0.0,0.0,0.0,0.0,0.0,0.0,0.0,0.0,0.0,0.0,0.0,0.0,0.0,0.0,0.0,0.0,0.0,0.0,0.0,0.0,0.0,0.0,0.0,0.0,0.0,0.0,0.0,0.0010677496393288,0.0068678586816997,0.0985548287485412,0.9879161076307896,2.3558870794918225,3.2960489578809846,4.326632090653599,10.803528749835223,20.893488365798,32.05291295145093,41.90745582568763,53.29627859530237,64.2296288026336,78.52207687240056,93.03088197255772,95.92535028662468,98.0391238998443,105.66225517052268,119.21130615055918,132.52436396110778,149.80700183569112,145.92624829027767,149.71387631478646,162.87320748144205,176.56696336304745,190.5387209583401,212.5757794042065,230.3072603811096,218.6763553891428,260.2853408508978,280.4115670707505,290.6103824159534,333.56571740071803,38.29524845337441,37.8152261824568,36.769501994368575,37.40765573987658,38.546332918887664,46.203982637790055,43.16500771151813,44.18189428288757,52.51601817880214
E,NDC case - unconditional,Median|Harmonized|KyotoFromPrice_incrate3_REMIND-MAgPIE 2.1-4.2_EN_NPi|nz_all_GHG|cert_allconf_0.1,World,HFC-143a,kt HFC143a/yr,0.0,0.0,0.0,0.0,0.0,0.0,0.0,0.0,0.0,0.0,0.0,0.0,0.0,0.0,0.0,0.0,0.0,0.0,0.0,0.0,0.0,0.0,0.0,0.0,0.0,0.0,0.0,0.0,0.0,0.0,0.0,0.0,0.0,0.0,0.0,0.0,0.0,0.0,0.0,0.0,0.0,0.0,0.0,0.0,0.0,0.0,0.0,0.0,0.0,0.0,0.0,0.0,0.0,0.0,0.0,0.0,0.0,0.0,0.0,0.0,0.0,0.0,0.0,0.0,0.0,0.0,0.0,0.0,0.0,0.0,0.0,0.0,0.0,0.0,0.0,0.0,0.0,0.0,0.0,0.0,0.0,0.0,0.0,0.0,0.0,0.0,0.0,0.0,0.0,0.0,0.0,0.0,0.0,0.0,0.0,0.0,0.0,0.0,0.0,0.0,0.0,0.0,0.0,0.0,0.0,0.0,0.0,0.0,0.0,0.0,0.0,0.0,0.0,0.0,0.0,0.0,0.0,0.0,0.0,0.0,0.0,0.0,0.0,0.0,0.0,0.0,0.0,0.0,0.0,0.0,0.0,0.0,0.0,0.0,0.0,0.0,0.0,0.0,0.0,0.0,0.0,0.0,0.0,0.0,0.0,0.0,0.0,0.0,0.0,0.0,0.0,0.0,0.0,0.0,0.0,0.0,0.0,0.0,0.0,0.0,0.0,0.0,0.0,0.0,0.0,0.0,0.0,0.0,0.0,0.0,0.0,0.0,0.0,0.0,0.0,0.0,0.0,0.0,0.0,0.0,0.0,0.0,0.0,0.0,0.0,0.0,0.0,0.0,0.0,0.0,0.0,0.0,0.0,0.0,0.0,0.0,0.0,0.0,0.0,0.0,0.0,0.0,0.0,0.0,0.0,0.0,0.0,0.0,0.0,0.0,0.0,0.0,0.0,0.0,0.0,0.0,0.0,6.972894137886617e-05,0.0005140176058609,0.0005579776973103,0.0001252851453492,5.169175815922583e-05,5.565647896561663e-05,7.623148381701395e-05,0.0775220844797609,0.2989381901077754,0.5509780576616221,0.5620292448491016,0.4952789582318369,0.4531366883574967,0.4033422792652647,0.4507303401926292,0.5874585627806406,0.5894586772380569,0.6915048047627886,0.7750273917511281,0.7613995307285167,0.9539743228273516,1.0800934184884738,1.032320820831489,0.8125054184651522,0.7269405922524591,0.9166333442517718,1.1653558270748048,1.6838367225109008,2.5913615779431804,3.3079853888584263,4.301480858457523,5.378505378708557,5.775687226483908,6.832148559791512,8.357900771166067,9.436491346850918,10.046072540787575,10.576576599685785,11.088113564072694,13.493836909218846,16.00635896978677,16.166530396707834,18.30636333089619,18.63108796135285,18.866376664188536,18.9074272459389,23.100642099712434,23.494216506064767,44.32648432982334,58.15389352362546,62.41422113681455,82.59325009244814,9.992426498609143,9.88130684227176,9.630990633858184,9.754021644928605,10.040027505748624,11.986717422470536,11.254466518172409,11.447845133955592,13.358521805473307
E,NDC case - unconditional,Median|Harmonized|KyotoFromPrice_incrate3_REMIND-MAgPIE 2.1-4.2_EN_NPi|nz_all_GHG|cert_allconf_0.1,World,HFC-227ea,kt HFC227ea/yr,0.0,0.0,0.0,0.0,0.0,0.0,0.0,0.0,0.0,0.0,0.0,0.0,0.0,0.0,0.0,0.0,0.0,0.0,0.0,0.0,0.0,0.0,0.0,0.0,0.0,0.0,0.0,0.0,0.0,0.0,0.0,0.0,0.0,0.0,0.0,0.0,0.0,0.0,0.0,0.0,0.0,0.0,0.0,0.0,0.0,0.0,0.0,0.0,0.0,0.0,0.0,0.0,0.0,0.0,0.0,0.0,0.0,0.0,0.0,0.0,0.0,0.0,0.0,0.0,0.0,0.0,0.0,0.0,0.0,0.0,0.0,0.0,0.0,0.0,0.0,0.0,0.0,0.0,0.0,0.0,0.0,0.0,0.0,0.0,0.0,0.0,0.0,0.0,0.0,0.0,0.0,0.0,0.0,0.0,0.0,0.0,0.0,0.0,0.0,0.0,4.874221629564548e-06,9.722034381556709e-06,1.4545298334638542e-05,1.9347326424763064e-05,2.4131407208802597e-05,2.888507041266215e-05,3.362440144646526e-05,3.833611028323333e-05,4.303328723831681e-05,4.771501065085459e-05,5.2378390771210026e-05,5.700413366162852e-05,6.162775364041772e-05,6.622589817500845e-05,7.081446149425694e-05,7.538978188958917e-05,7.994667563348031e-05,8.448323008724578e-05,8.90230911787749e-05,9.351696104745638e-05,9.80283486150315e-05,0.0001024938793484,0.0001069510463992,0.0001114142388895,0.0001158798464974,0.0001202853617374,0.0001247179912796,0.0001291085091716,0.0001335037749815,0.0001379119560383,0.0001422826440716,0.0001466139572216,0.0001509644061355,0.0001552831893881,0.0001596275680747,0.0001639449857071,0.0001682561352129,0.0001725469422871,0.0001768626418399,0.0001811126020467,0.0001854059017844,0.0001896389929359,0.0001938815011322,0.0001981375918916,0.0002024163904068,0.0002066192035881,0.0002108435083417,0.0002150357800883,0.0002192295120193,0.0002234644826741,0.0002276524502301,0.0002317907085265,0.0002359646503537,0.0002400966265381,0.0002442785367163,0.0002484305367263,0.0002525689081243,0.0002566795460437,0.0002608427657486,0.000264939270909,0.0002690899894187,0.0002731577614904,0.0002772440298158,0.0002813372816967,0.0002855014875494,0.0002895294958453,0.0002935986329053,0.0002976131609717,0.0003016990287282,0.0003058193582483,0.000309826684484,0.0064941368704004,0.0232486545993391,0.0478925093854881,0.0777753824775254,0.1102297351068565,0.1426158025623078,0.0013326502573966,0.0002524666504527,0.0024624239464455,0.2194153546773013,0.2143539466009121,0.0100709390238765,0.0084105514715359,0.0067680438160479,0.0052301379740642,0.0038834633339581,0.0027726654111315,0.0019355052807092,0.0013964073859754,0.0011605319630263,0.001096433317255,0.0010708577110493,0.0010730933346154,0.0010926743137806,0.0011204719210585,0.001151428426944,0.0011822289466653,0.0010248302571889,0.0001535221420857,3.931904760391613e-05,1.9248771415100105e-05,1.3533736069236902e-05,1.1157649319865052e-05,9.815854930041623e-06,9.035220624594302e-06,8.531863409327712e-06,8.218448540206335e-06,8.042487770316103e-06,7.956718243524594e-06,7.943903314187084e-06,7.98591974891992e-06,8.185451716225508e-06,8.428341790618941e-06,8.797125945870451e-06,9.207568555575108e-06,9.678680402160028e-06,1.0181720830425122e-05,1.0765046243291024e-05,0.0128269063680261,0.0494547887341475,0.0924111178157676,0.1258995722515165,0.147492308280472,0.1518125680209341,0.1336800431893306,0.0912314637717142,0.0346179812345239,0.0,0.0,0.0,0.1920082140833486,0.4651120008532752,0.2018882822902651,0.0462262206104722,0.1391832675301894,0.069442164681153,0.0,0.0,0.0801254484964489,0.2553761105425118,0.3012411912838936,0.1962607099138925,0.1423774397467669,0.1740845051670545,0.2630578117595767,0.3382843899162279,0.3891730203785321,0.4971398287574212,0.6360245624225377,0.8086238862180954,0.9429311241088282,1.1595084723121023,1.409334959030771,1.9527454509017497,2.487015603315322,2.65161895619667,2.7794520849814406,2.846061297081761,3.028465523045166,3.4168298848772505,3.423660874842684,3.4100247031428816,3.4304679136354963,3.882870037584361,5.095969649126493,4.511353612633312,4.473565692064408,4.254637545851934,0.5181789130440225,0.4953659869945729,0.4687106055788969,0.4682627434232356,0.4609625990847732,0.4811632415971594,0.4152845436314321,0.3860926345445395,0.4027480223196475
E,NDC case - unconditional,Median|Harmonized|KyotoFromPrice_incrate3_REMIND-MAgPIE 2.1-4.2_EN_NPi|nz_all_GHG|cert_allconf_0.1,World,HFC-23,kt HFC23/yr,0.0,0.0,0.0,0.0,0.0,0.0,0.0,0.0,0.0,0.0,0.0,0.0,0.0,0.0,0.0,0.0,0.0,0.0,0.0,0.0,0.0,0.0,0.0,0.0,0.0,0.0,0.0,0.0,0.0,0.0,0.0,0.0,0.0,0.0,0.0,0.0,0.0,0.0,0.0,0.0,0.0,0.0,0.0,0.0,0.0,0.0,0.0,0.0,0.0,0.0,0.0,0.0,0.0,0.0,0.0,0.0,0.0,0.0,0.0,0.0,0.0,0.0,0.0,0.0,0.0,0.0,0.0,0.0,0.0,0.0,0.0,0.0,0.0,0.0,0.0,0.0,0.0,0.0,0.0,0.0,0.0,0.0,0.0,0.0,0.0,0.0,0.0,0.0,0.0,0.0,0.0,0.0,0.0,0.0,0.0,0.0,0.0,0.0,0.0,0.0,0.0,0.0,0.0,0.0,0.0,0.0,0.0,0.0,0.0,0.0,0.0,0.0,0.0,0.0,0.0,0.0,0.0,0.0,0.0,0.0,0.0,0.0,0.0,0.0,0.0,0.0,0.0,0.0,0.0,0.0,0.0,0.0,0.0,0.0,0.0,0.0,0.0,0.0,0.0,0.0,0.0,0.0,0.0,0.0,0.0,0.0,0.0,0.0,0.0,0.0,0.0,0.0,0.0,0.0,0.0,0.0,0.0,0.0,0.0,0.0,0.0,0.0,0.0,0.0,0.0,0.0,0.0,0.0,0.0,0.0,0.0,0.0,0.0,0.0,0.0,0.0,0.0,0.9649073473114556,1.109671778725672,1.1912907823186594,0.0,0.0,1.0789441626498597,0.9763065581267149,0.8495541736229758,0.7102246916234628,0.5698187972863462,0.4400958756465827,0.3328378202053855,0.2598984523502656,0.2332485891365529,0.238416288023389,0.2521821966386926,0.2734795217848728,0.3012428498404861,0.3344001381869249,0.3718535803093601,0.4124952320819129,0.4562805601992081,0.5050966332348859,0.5493920293503282,0.595484216563998,0.6471028276835533,0.7043125166016804,0.7671281513860612,0.8355540337653568,0.9095934118493708,0.989248372330262,1.0745208479141122,1.165412761934871,1.2619258480072588,1.3721005921555791,1.5031774368197912,1.653959640727365,1.8232493687264772,2.0098496109098614,2.21256305017098,2.4301533256185457,2.661252030566532,2.9010785751920527,3.1450592765113536,3.428901877506437,3.780902232422575,4.189439672844656,4.604999656073479,4.983447560276135,5.369705873486406,5.884850548273231,6.421065438364305,6.913438053746444,7.3751686083608945,7.7034186898545425,7.949973036058619,8.408769020548077,8.783348115925643,9.101316645877825,9.51906734770022,9.859763723204871,10.2152892934755,10.466980263407986,9.801367262163676,9.14315542617998,9.108096924831717,8.077830986107415,7.96302964928746,8.832293332729673,9.036216545838018,9.51687444638723,9.846445429152846,9.211924728093726,9.297227759072378,9.591506797255558,9.936900520573692,10.609330516876476,12.91936885454728,16.4145111037203,15.203305531960702,11.455506840194706,10.219436384250027,10.824203977235332,12.889136193482427,13.391892520458349,13.985642199682308,14.17054939893636,15.212980893720212,7.634785430572478,5.442305251708949,5.066224944361801,2.4826671184626625,0.2123118741971468,0.1842922277556244,0.1589458481137879,0.1517346242735514,0.1349219432574692,0.1328547563638833,0.1092398787501243,0.0932429770470622,0.0993572931575102
E,NDC case - unconditional,Median|Harmonized|KyotoFromPrice_incrate3_REMIND-MAgPIE 2.1-4.2_EN_NPi|nz_all_GHG|cert_allconf_0.1,World,HFC-32,kt HFC32/yr,0.0,0.0,0.0,0.0,0.0,0.0,0.0,0.0,0.0,0.0,0.0,0.0,0.0,0.0,0.0,0.0,0.0,0.0,0.0,0.0,0.0,0.0,0.0,0.0,0.0,0.0,0.0,0.0,0.0,0.0,0.0,0.0,0.0,0.0,0.0,0.0,0.0,0.0,0.0,0.0,0.0,0.0,0.0,0.0,0.0,0.0,0.0,0.0,0.0,0.0,0.0,0.0,0.0,0.0,0.0,0.0,0.0,0.0,0.0,0.0,0.0,0.0,0.0,0.0,0.0,0.0,0.0,0.0,0.0,0.0,0.0,0.0,0.0,0.0,0.0,0.0,0.0,0.0,0.0,0.0,0.0,0.0,0.0,0.0,0.0,0.0,0.0,0.0,0.0,0.0,0.0,0.0,0.0,0.0,0.0,0.0,0.0,0.0,0.0,0.0,0.0007287168237594,0.0014576522727959,0.0021867909959296,0.0029161055640135,0.0036455687005748,0.004375283676681,0.0051051173146649,0.0058351796480769,0.0065653622968606,0.0072956728918221,0.0080261353583764,0.0087569094388985,0.009487701095871,0.0102187036744302,0.0109497855797765,0.0116809771286878,0.0124123212393571,0.0131438337472999,0.0138753188782406,0.0146071845434123,0.015338905418264,0.0160710059605374,0.0168031757491468,0.0175352956506884,0.0182673955564859,0.0189999929914912,0.0197323659361371,0.0204650875403,0.0211977698345154,0.0219303451981369,0.0226632309817828,0.0233964420285888,0.0241294961177015,0.024862812379731,0.0255959142682364,0.0263292418367921,0.0270626213017228,0.027796169189937,0.0285295085246815,0.0292633946007592,0.029996921851197,0.0307309451345661,0.0314648929088774,0.0321987282276111,0.0329323730810865,0.0336666495066064,0.0344007479946399,0.0351351092385003,0.0358694608513935,0.0366034710320823,0.0373378703705857,0.0380726788138177,0.0388071942770463,0.0395420571909369,0.0402765042224464,0.0410112013509229,0.0417460113162328,0.042481048439824,0.0432156526758738,0.0439508092688305,0.0446855170073708,0.0454209090347871,0.046156150382673,0.0468913339108571,0.0476259275236933,0.0483616512301108,0.0490970344147269,0.0498328672709648,0.0505681119353245,0.0513030712766954,0.0520389662183197,1.0919404186922623,3.913472243359867,8.071543957430327,13.120812550710792,18.61607711743667,24.1119065532518,0.2255135150409965,0.0427528716271358,0.4172396188349024,37.18619575825889,36.34783525785617,1.7085322198735189,1.4275560722248848,1.1498307300254702,0.8892900077821209,0.6610256624902442,0.47234264647289,0.3298948687439006,0.238183796896448,0.1981893578812839,0.1873912601457683,0.183125985626835,0.1836423993573404,0.187144179085242,0.192031966548474,0.1974831455606673,0.2029798119991411,0.1760820923944974,0.0263839471535018,0.0067647204551973,0.0033143511835149,0.0023308400702278,0.0019224872568393,0.0016915641817261,0.0015585440568304,0.0014725264178248,0.001419238825849,0.001389947626997,0.0013761707207268,0.0013751453509142,0.0013821568543932,0.0014176811476796,0.0014591785717229,0.0015242662908878,0.001596148784351,0.0016791316580289,0.0017676035811939,0.0018717788976772,0.0019562872099147,0.0020565466970955,0.0021785024834584,0.0023346846014925,0.0025420300858161,0.0027143592022521,0.0028550059069853,0.0030041950868986,0.0024558700966412,0.0020475239283424,0.0020293205081769,0.0021350794661972,0.002608789691487,0.0033196347199058,0.0032575160990559,0.0026691504619017,0.0025952786627497,0.0025236737609473,0.0022901849952512,0.0023755981955225,0.0158420917180091,0.0656983293613576,0.1251301566818884,0.1697653238090949,0.1908502849698764,0.2241773007666578,0.28004378690067,0.31567677015032,0.4167359934304241,0.9872812202322208,1.625244376453108,2.3445783852241577,2.93342900917628,4.761058957402828,7.663775767873879,9.263612057869071,11.85784961971456,16.756323332660692,17.14562668617919,20.553676078113888,29.36591443614569,30.29509541844847,36.3383266775974,44.40589094056257,43.51827832181416,59.30403124269657,46.514791056351726,70.1517020867519,76.83692953416475,81.115688853743,7.727348619710386,7.795496061133057,7.698416654324025,7.948892832512558,8.430576014303087,10.458122952250864,10.017001263637772,10.52126803360868,12.729999885634603
E,NDC case - unconditional,Median|Harmonized|KyotoFromPrice_incrate3_REMIND-MAgPIE 2.1-4.2_EN_NPi|nz_all_GHG|cert_allconf_0.1,World,HFC-4310mee,kt HFC4310mee/yr,0.0,0.0,0.0,0.0,0.0,0.0,0.0,0.0,0.0,0.0,0.0,0.0,0.0,0.0,0.0,0.0,0.0,0.0,0.0,0.0,0.0,0.0,0.0,0.0,0.0,0.0,0.0,0.0,0.0,0.0,0.0,0.0,0.0,0.0,0.0,0.0,0.0,0.0,0.0,0.0,0.0,0.0,0.0,0.0,0.0,0.0,0.0,0.0,0.0,0.0,0.0,0.0,0.0,0.0,0.0,0.0,0.0,0.0,0.0,0.0,0.0,0.0,0.0,0.0,0.0,0.0,0.0,0.0,0.0,0.0,0.0,0.0,0.0,0.0,0.0,0.0,0.0,0.0,0.0,0.0,0.0,0.0,0.0,0.0,0.0,0.0,0.0,0.0,0.0,0.0,0.0,0.0,0.0,0.0,0.0,0.0,0.0,0.0,0.0,0.0,0.0,0.0,0.0,0.0,0.0,0.0,0.0,0.0,0.0,0.0,0.0,0.0,0.0,0.0,0.0,0.0,0.0,0.0,0.0,0.0,0.0,0.0,0.0,0.0,0.0,0.0,0.0,0.0,0.0,0.0,0.0,0.0,0.0,0.0,0.0,0.0,0.0,0.0,0.0,0.0,0.0,0.0,0.0,0.0,0.0,0.0,0.0,0.0,0.0,0.0,0.0,0.0,0.0,0.0,0.0,0.0,0.0,0.0,0.0,0.0,0.0,0.0,0.0,0.0,0.0,0.0,0.0,0.0,0.0,0.0,0.0,0.0,0.0,0.0,0.0,0.0,0.0,0.0,0.0,0.0,0.0,0.0,0.0,0.0,0.0,0.0,0.0,0.0,0.0,0.0,0.0,0.0,0.0,0.0,0.0,0.0,0.0,0.0,0.0,0.0,0.0,0.0,0.0,0.0,0.0,0.0,0.0,0.0,0.0,0.0,0.0,0.0,0.0,0.0,0.0,0.0,0.0,0.0,0.0,0.0,0.0,0.0,0.0,0.0,0.0,0.0,0.0,0.0,0.0,0.0,0.0001048449005399,0.0010916566114024,0.0031763767271765,0.0040165471840153,0.0069800802573746,0.0202200980681847,0.0423379528606933,0.0608102080460136,0.0840612782306151,0.1078109732705077,0.1211781951771517,0.1250102804409569,0.1272581032086882,0.1203873522474561,0.1260358243303801,0.1449932104956957,0.1985476596569948,0.2756043194745723,0.3419666100644137,0.4070743060295084,0.5170547122482285,0.6140064343106342,0.6749721148932832,0.7410464493472951,0.8914381556533448,1.096050133573392,1.283760615423318,1.3991091734320351,1.37476686543575,1.406579923002962,1.380232344527543,1.0894779507206418,0.9856992583195806,0.959157424492024,1.2143684069275955,2.3044478120615848,2.2789857969117806,2.3198669961003247,2.802839180480671,0.3266959681145426,0.3488867222407504,0.3661421452514926,0.3594996243791949,0.3482591189090302,0.369068770194463,0.3257234151802646,0.3175165080600549,0.3751047989733685
E,NDC case - unconditional,Median|Harmonized|KyotoFromPrice_incrate3_REMIND-MAgPIE 2.1-4.2_EN_NPi|nz_all_GHG|cert_allconf_0.1,World,N2O,kt N2O/yr,1.000464040255241,0.9896214065513425,0.9873211876234697,0.990419385281188,1.0118723893557,1.0074127757216,0.9943221693835144,1.0308908608231804,1.0253515552344266,1.019812260442592,1.0326276856921952,1.0336024315888568,1.0162126970288108,1.0236558882227231,1.004106780550289,1.035303194746586,1.0265639089395486,1.027528948405538,1.0706019741030277,1.0478137797697122,1.052017895099663,1.0305530252105692,1.0231105682071862,1.024305646841034,1.0632899438877663,1.0536881137719951,1.0354630647343115,1.0593344060365355,1.0810464606017278,1.0552521555375067,1.0737253609740478,1.0694583535877384,1.0565357905054749,1.055490033268956,1.049045956619122,1.066429234621279,1.0589289925044827,1.0740792731998638,1.116221982324626,1.0925036765600546,1.0990169182765035,1.0765288135250652,1.0745824312445715,1.0704278305876611,1.1116153254432213,1.1009821087908471,1.0795709751703368,1.1067399008435452,1.126350756098866,1.1103378123286358,1.1182986726271265,1.1177635664974803,1.110910372972189,1.1017818582154988,1.1078123696590223,1.1202650508026202,1.1208170757051956,1.130229668212075,1.1716338680398537,1.1506035417717495,1.1576530340913167,1.1445609485752537,1.134716500880352,1.1367223094060297,1.176541769773526,1.1699622889556585,1.160302727711072,1.1732514085417185,1.2033662305255215,1.1815649070295184,1.1976435176644304,1.2004978668941904,1.186086959249356,1.1792712202379716,1.1896741601902567,1.1991935990129683,1.194569710247968,1.2073479293128135,1.2523867717459805,1.2336499811125496,1.2435789686875007,1.2238233483349,1.2239815016124176,1.2263272295561791,1.26382344116641,1.2545995788132045,1.2548760555320326,1.2702348355407769,1.296802588733634,1.2807840305652398,1.2821036300722175,1.3071014679753297,1.2946758331151955,1.2810017504478957,1.2973271354759632,1.3173224258486582,1.3167010739256744,1.344629336153671,1.3845257245729368,1.3760445499245788,1.434335445033811,1.4165983735719527,1.4126693745489676,1.425646505262619,1.470504445308784,1.4585674142458087,1.45231654847126,1.4872406423286777,1.508134387564518,1.4943426292710802,1.495390167999325,1.497744749417114,1.4869256961855049,1.4694670664818326,1.4788951957559393,1.503389389752964,1.49010063834736,1.5114241873565093,1.545822104136746,1.5177718583117126,1.5385376060663287,1.5212531846595396,1.5174587692387018,1.5771847693002206,1.6392533230111543,1.6478850067179909,1.6962979189002096,1.7492267938396422,1.8005580593906925,1.8258233801786503,1.8286263900559665,1.848073294087973,1.8357751060661665,1.8190284792219904,1.852122398043994,1.8608624612292388,1.8639077971688571,1.8820769397571289,1.911355453946696,1.9077803671495268,1.9567223823741235,1.9362621118642376,1.935833042281458,1.958502794407348,2.011658296688062,2.0065934617287806,1.9874046364646951,2.034897478350836,2.0463300125510795,2.0582407423180387,2.0575021250518604,2.060647267715767,2.0602959359537225,2.0517177833739977,2.106840700334482,2.124841972417644,2.1312226279620616,2.1709183664284746,2.203569006921575,2.2028504719257533,2.23961106781344,2.2233228349855314,2.2228132203829345,2.2575263964170107,2.325312696406044,2.325770377825622,2.3388063625477216,2.394661742530243,2.440441221253544,2.4664373963225263,2.4856160724822387,2.489637169228956,2.4866334662111087,2.5590880303044785,2.541154562876069,2.562822684775626,2.582410672155348,2.6154607986716703,2.637566303782058,2.659950693324333,2.720829556064272,2.661896838072596,2.7109411972975748,2.693367051351674,2.7498485446986995,2.746818065320377,2.79363869099555,2.781575940601376,2.766008186214808,2.8228282709588126,2.814149707027305,2.8774652185705074,3.059983688490487,3.268161901466379,3.5444977204945096,3.8397151924256265,4.092661968547677,4.379306254482061,4.653611280912683,4.834990243943721,5.013447236637879,4.971671795528412,5.062163369508643,5.171003552473848,5.249055887475316,5.329240182210444,5.468229467379011,5.61904634603403,5.617027214109633,5.696994274823485,5.805491979500673,6.15009618097559,6.303946562146404,6.573122080069663,6.664485505303276,6.891629803093007,7.137044324231806,7.436353720701867,7.580700977195405,7.700993992569601,7.77982014279497,7.737627508714224,8.097454071119413,8.18814225700459,8.285397561234747,8.440074230658459,8.686852726643568,8.851520757446455,9.012731074764558,9.277847166876706,9.336931797526402,9.124704307843778,9.374639823104298,9.228387126249189,9.369410443091128,9.426812589767886,9.441242024926662,9.625584418465635,9.61128530212579,9.668776847296394,9.742698820725336,10.027683512156218,9.68362002041219,9.707889444138097,10.053121054607862,10.16963633580192,10.29007305817528,10.64512642434515,10.72867488914474,10.411340911718876,10.253045366475664,10.317828710503184,10.691178053121892,10.727252365117875,10.972631366466166,11.06603929681353,11.205293588233785,11.487885904009202,11.265997730557666,11.131663633300668,11.49271954501614,11.77603543226815,12.02164316780762,11.808651760818677,12.067642028913648,9485.690366472503,9739.022990806052,9883.610122504995,11123.170451908678,11919.109733455933,11898.503271891685,11891.763735865286,11941.472542421769,11970.834165021855,11853.912383116887,11448.217822730356,10887.46356878238,10477.41537441447
E,NDC case - unconditional,Median|Harmonized|KyotoFromPrice_incrate3_REMIND-MAgPIE 2.1-4.2_EN_NPi|nz_all_GHG|cert_allconf_0.1,World,NH3,Mt NH3/yr,6.656462697955738,6.5884288076809465,6.554393579669506,6.607356993307596,6.740319069222378,6.668279797103617,6.653240985917009,6.7691990188996085,6.716155703848672,6.766111040764182,6.855065019282494,6.798603515350084,6.789137960446034,6.783671049120446,6.621202781373306,6.825733157204617,6.748265776299868,6.756793441598274,6.942319750475146,6.866844702930455,6.8643682989642345,6.775431655760334,6.75548855607882,6.808542796593528,7.0495943773044605,6.969643298211617,6.967693579980747,7.05373718384425,7.130778127903998,7.11281641215996,7.269852047109337,7.196998214372675,7.210137370567175,7.185274638342095,7.076409996669666,7.224543527680408,7.175681642522532,7.238811318953973,7.420939085911357,7.345064964489212,7.360188944143627,7.235924244646162,7.184657445557355,7.195383581949203,7.407107693822375,7.300830884626746,7.263556473778982,7.309280193109656,7.343002178187717,7.3457239471842914,7.41045008389993,7.368903634840263,7.4276071237176495,7.382142494512675,7.353937646074863,7.4918036191822655,7.496796901261747,7.556774360240409,7.750970836534603,7.708278148967148,7.749712614223574,7.666932267843975,7.609193455827636,7.667492104748105,7.8868376467868035,7.808228099333146,7.821535952233891,7.845011479267394,7.927524744062965,7.921081047462684,8.039684491507504,8.007963654455356,8.055354256904412,7.998857549467475,8.002468726611506,8.11218687336573,8.11487123997526,8.17382242070698,8.392858200835812,8.346999555436456,8.394421111485821,8.302332873459882,8.286400954701799,8.353542817049146,8.559759549505749,8.479085902337877,8.549394112340924,8.57187866511649,8.662432376129537,8.675092498986874,8.75085201280147,8.77669049392996,8.784613531753518,8.704574323121404,8.70166312628245,8.81869658505543,8.808927547432967,8.9042600216976,9.07953411805846,9.0379378864672,9.094461414688794,8.966221113262392,8.915818358681054,8.973612948689224,9.185590423348136,9.082347812308978,9.126341792551395,9.183366202745615,9.235571641932337,9.27277064524008,9.329051729435268,9.302579110017769,9.357320359370682,9.285933580523222,9.303978288853877,9.475149596351711,9.45684209247052,9.589886814520064,9.77273305250472,9.696634419887994,9.814958340829447,9.734299028561283,9.693042802448868,9.910575888609776,10.088322321785611,9.990353491686532,10.156101452224265,10.204043860481704,10.29615959958861,10.46958012996751,10.496070906573069,10.54179653212101,10.599031430803592,10.545790503662204,10.705203114610969,10.826076649706836,10.887996885096833,11.025992769371006,11.239994030969786,11.25455743165095,11.390326440155016,11.317324866030852,11.35425790591983,11.516635712928798,11.789013858832092,11.78853795662481,11.833020608229798,11.983848375790345,12.041294985057329,12.27808171777444,12.33607563972206,12.34674695059441,12.443530668676663,12.452462311352413,12.739443070197437,12.841753910537332,12.93439456527074,13.178529757096957,13.363682710801548,13.400088687519744,13.65199622464072,13.597294155986589,13.635927007899632,13.83196336632188,14.147373986462762,14.134213843803732,14.248355311886026,14.394677889570632,14.596156371206522,14.804983837463164,14.928318106815516,14.88415572114081,14.939517788048912,15.335770555196037,15.283145441502782,15.674003335548203,15.954061098084622,16.22287074737531,16.41473710048654,16.65170280407829,16.883720998336273,16.71996734682265,16.855133061954675,16.885533122930518,17.06934058770173,17.06314858014353,17.405609090653844,17.48586746405887,17.47454501262614,17.749699421133844,17.714020775632427,17.814138470766114,17.993562326570927,18.0156804014991,18.257665316031776,18.32415411863573,18.473875291296352,18.71467699095924,19.13527155718612,19.66318995086301,20.33108881405325,20.44328052853197,21.14293308005036,21.84431034308012,22.29353587075293,22.59414026991781,23.232159464465905,23.950982092802967,24.11428378677741,24.641160030381386,25.01042398400634,25.8313750086612,26.38184544148804,27.80299242937487,27.79815222360789,29.26479056980417,30.96598976848797,32.68245126565243,34.01927696854872,34.594827051236464,37.44680624384212,38.31909781374456,39.60171342635133,39.83976557323325,40.488208644711264,41.2003025532154,42.14762181382079,42.83103943580322,43.844962941789696,44.68032568800625,45.34637200185158,45.69292014546752,46.92921845159368,46.58972626002262,47.60764299553831,48.23084079253046,48.984615861131765,49.9737586471445,50.40982193011802,50.74227544004026,51.16842748677142,52.92788628231399,50.99736938517646,51.45527883472885,53.0502313067132,52.20963135854013,52.140233161574415,54.69494169279502,55.07692151037607,53.07194055811031,52.8565847538851,52.99427390457218,55.35772887816213,55.9360282204925,56.27049756463061,56.94304628920719,58.356953938344766,59.10973823990614,59.23322738549707,59.33275377448474,60.71370343385325,60.63675393266754,62.04528544118963,61.80531747991054,62.90654884951788,65.27970313424439,66.69838187349615,66.93592892954688,3.75944842200028,1.5738091909511922,1.11392581666603,0.8095147949495665,0.7871514177237251,0.7419817783211742,0.7014784600670683,0.6705534840650287,0.6381858652185978,0.5686243287160615
E,NDC case - unconditional,Median|Harmonized|KyotoFromPrice_incrate3_REMIND-MAgPIE 2.1-4.2_EN_NPi|nz_all_GHG|cert_allconf_0.1,World,NOx,Mt NO2/yr,19.41683291941058,19.19807704960792,19.2522394251644,19.11627711537673,19.26549886451586,19.46378352715022,18.97745675105488,20.02514832336978,19.78952881731163,19.44045019582117,19.433276549498213,19.769094263383863,19.05201683778848,19.25640831124568,19.2216160809427,19.416807513406223,19.449408980210546,19.42688155312991,20.279826224462,19.598010640677497,19.66134288682607,19.2362945205107,19.13628094920649,18.99640291789961,19.48054758249222,19.61204954273104,18.952499457006724,19.709556785945143,20.127770450721737,19.3439338259949,19.424840723554627,19.61925133753817,18.97905627394009,18.953688875739203,19.23956178580965,19.11761000301245,19.13933566555111,19.435943999999928,20.26151083228812,19.56612055378648,19.69713898722185,19.24631517927828,19.31687789472739,18.993819689385013,19.5169819641821,19.601743190392742,18.79855176930691,19.71104439442768,20.086755974504904,19.415691539561703,19.33799557732205,19.61002559915122,19.065367158137818,18.86227402342584,19.400674538456773,19.20957380312049,19.37768777259176,19.51891592289237,20.40411974324904,19.692779602506587,19.798807321877103,19.58070698156968,19.41352233304336,19.2022367891243,19.71856359494737,19.87319156474789,19.350887503082888,19.875901639262363,20.518767544922817,19.784374313952803,19.8110660351328,20.11319126619724,19.312800192379704,19.18258452257664,19.790843188075577,19.54439266727993,19.505748124527383,19.75790510318285,20.584001686243933,19.947962419404927,20.121700903394306,19.664958435786584,19.71030218665733,19.44956577536664,19.86794252729208,19.91146907680058,19.54551166051096,20.108261084434755,20.61681612695466,19.97388389645191,19.55665892228896,20.33101930729966,19.550762510741134,19.09665074945873,19.73989418758156,19.638347560433186,19.599337521988755,20.052861801481008,20.69374007777952,20.29558357975776,20.34216080637102,19.900975003972786,19.68240472955218,19.67611971417323,20.24289634582368,20.16214344246284,19.54412480955856,20.583304111751875,20.99110001909603,20.369295370790788,20.101158246984426,20.541809842121104,19.94222534973737,19.56750583862189,20.17610867682789,20.46291915382308,20.32992748154061,20.79863363231897,21.510758376216582,20.84001000376094,21.222840759744106,20.93495036689568,20.495169584590865,21.09436037561247,21.46303582625483,21.09595724014959,20.961354550009773,21.60311252552792,22.05169834667432,21.74253664127029,21.427240701066705,22.07075506783101,21.418674528199947,21.046264746190992,21.90677931583692,21.774460051612312,21.965729947509672,22.34652533004704,22.91958310214058,22.81320541473711,23.142054497981707,22.774590976209574,22.555149905582976,22.60796414948559,23.455574231284466,23.53919133084036,22.627435325757325,23.993087034993124,24.27054198266532,24.10090761004428,24.005277246050184,24.474665732612973,24.24955148205709,24.08318894018345,25.146429572808664,25.753436795427728,25.88352156889177,27.11020306032936,27.577196564689,27.64278007934304,28.37383668972928,28.207456485117216,28.157659362281247,28.960417419867767,29.259011347092454,29.06551982765258,29.321151838749223,30.914593020647565,31.35961782258134,30.76332677560844,32.22913669790249,31.818170874723165,32.1314579021195,34.72999311426137,33.84389537432302,34.66542862716225,35.0095021913264,36.792411120159855,37.24117958354736,38.460347387313774,38.442161715940045,35.78021532217277,35.97750957230843,35.63937131990138,37.77613656275744,38.45607142864647,40.887693203532336,41.67195387958813,40.06444255781118,42.151619977347366,43.33727212687947,44.00854208389371,44.39102056115512,45.546924132927714,46.79012799150766,45.963976300366525,45.56737090820441,48.08165972999478,51.04777009300214,49.112915555380255,53.61997933610192,53.17097931295042,54.4527480752369,56.47190897113347,57.640598186962606,61.01737547781853,64.4854807087279,67.0370657189766,65.37320438384249,66.17365760799815,68.79216289088467,71.1653781561577,73.23753930888,77.65653697876735,79.37095061242988,82.01399860370915,84.24203180075887,89.23263234253884,92.45629026436404,94.18435631732486,99.26087624123402,101.77458972734004,107.77289944270214,110.24651465965782,110.1273385533934,108.32983337400408,113.6781860221585,116.104688451433,119.6436153615282,121.44860069003916,120.33141479426024,117.46277838179176,119.00939625044175,114.19333236481744,117.62717562541778,119.11912381518168,121.80208741417782,125.65981476827488,130.0751305079961,130.83044530275964,131.83585949724443,137.82957615320527,132.40502848150024,135.3645701697274,138.3393597766688,138.07430528306082,138.85025236392042,145.44064869061094,146.38337998685702,139.98794368333012,139.90558517676337,140.77584785506107,142.5985087013838,144.18246040178775,150.47386861544638,153.66778230791442,154.9224169392946,159.63117535612318,155.89834499754403,148.20791938040855,149.98704814295175,152.58469385496565,152.4461403598061,147.67154009371814,147.02955807133984,155.5204500219448,149.55938604543087,148.11738751381836,131.50926890665127,88.84171027351688,69.96941867135715,54.07265274758544,52.83358328130809,50.578360328957146,49.41649283508532,48.875090685879975,46.33221382712409,43.55853924823816
E,NDC case - unconditional,Median|Harmonized|KyotoFromPrice_incrate3_REMIND-MAgPIE 2.1-4.2_EN_NPi|nz_all_GHG|cert_allconf_0.1,World,OC,Mt OC/yr,15.445719109031868,15.186522070437114,15.063318148067374,15.181101520195766,15.556878008549177,15.356644702264154,15.22491100244332,15.702658106881456,15.51239541668117,15.572122931842443,15.849837741501862,15.690168471684988,15.523732143526576,15.525285581521944,14.987828785671098,15.678361755974016,15.35689165118215,15.398404153792622,16.09490642255687,15.733398457474886,15.740880258546689,15.319532574489743,15.143108489379047,15.202667557507995,15.873209778876603,15.586735153484875,15.3983614528951,15.670853133982678,15.89732796830992,15.624785955876812,16.043477021471276,15.79989258447803,15.705891088105592,15.599877314705472,15.2518319890591,15.725797048775735,15.459552081780714,15.702475316741705,16.36818721460732,15.993261201192702,16.049335670509397,15.607705596983385,15.468706009887065,15.470276584771254,16.157735087427692,15.875236203675694,15.6505298878915,15.931020687901656,16.11838079581499,16.028007715663158,16.232271409036905,16.053924671544042,16.067055063328667,15.821695222213345,15.697408772787428,16.08480216156502,15.9425312825901,16.108090206343928,16.75481575521971,16.43186944885659,16.517099180614842,16.180480533073197,15.951279801152172,16.05704809518966,16.712246811584905,16.47975792233995,16.417060462392985,16.508288541996304,16.840737804691027,16.65612600999763,16.986008511344775,16.850065268412997,16.786012596579912,16.522825854519347,16.492088482826276,16.798056407071098,16.610213955154375,16.788385940403213,17.502059701598228,17.182990545936864,17.301156741283588,16.864950439963202,16.7579395706456,16.853725191630247,17.44416036197701,17.15985451740626,17.25445955952268,17.342393180618608,17.630788182811017,17.49447441759936,17.59421063096804,17.734567591381914,17.57850277916481,17.206234780736857,17.197775448223673,17.58662466862884,17.386896560681407,17.750554859895672,18.323909280219105,18.0667574293204,18.21934309961519,17.71928277011328,17.502445313272464,17.652081674453346,18.33075512743272,17.98077390595264,17.97484298573939,18.285116275900613,18.47509774124436,18.448020356899303,18.55158124861567,18.43818984139937,18.418058540894265,18.06127741233301,18.094741622825264,18.639758869902604,18.368409890399096,18.779736720806884,19.34793158587491,18.90591696872034,19.27540067699248,18.783921599353988,18.42438287591885,18.971694670269898,19.349407147758143,18.79080777594461,19.06837160717568,19.1264642198492,19.2674499016094,19.533773181444555,19.411906133315444,19.381502496830684,19.218933741822887,18.77602448968205,19.109352845592284,19.27773954666624,19.138436826947405,19.40013762335293,19.89826554537316,19.62762463884996,19.86243726273152,19.293167681486164,19.079475156999795,19.286073901247043,19.940356471934034,19.64350384204264,19.324977775586643,19.70188916366581,19.626819769039464,20.00049055855032,19.888360804936408,19.62772860226164,19.488262087980186,19.168936616105142,19.81291824135489,19.877356245147016,19.7561150222611,20.29515292219603,20.50424795784395,20.24521645572669,20.74322557953851,20.16320881514031,19.90298393973801,20.209935695198325,20.765119369544948,20.24084093898027,20.14292944725429,20.39606626065477,20.58503184771144,20.49780979919463,20.6140701582986,20.042020364535706,19.68929143458292,20.736629417840856,20.15223091076107,20.13844335901129,19.98904470633413,20.23496150123681,20.27114456370273,20.587864364883707,21.16334158012433,19.960603690464843,20.340992621612745,20.18606268124663,20.88862916584405,20.74852588387556,21.412085844578247,21.062217363552968,20.444220211084563,21.17611436565068,20.75261670331434,20.668749911008,21.23848974749209,21.02655088922379,21.19785431896603,20.74991859552766,20.37393238503732,20.239301427447938,20.713926918702665,21.289582785003475,22.30001984441085,20.539342253798328,21.094188077726304,21.64120147927804,21.6582276984931,21.56559730895282,22.587940167315622,23.493637417145425,21.807343408073407,21.54128939272951,21.44208971583265,22.79586812143081,22.027490113078724,24.13462747582024,21.97142096481405,22.25243772743514,21.993704099025635,23.084677554339656,22.303441502758293,21.51201916453674,22.12892164357394,22.45191071496683,24.79839715166472,22.66129915702093,22.76491799279817,22.257249069057337,23.53216316554853,23.473799218885016,24.06899323736205,24.22204583792177,24.20089912582879,23.74375304529927,27.074275227656805,23.20054817436875,24.06037765580251,24.49664660592169,24.575892891240773,25.927322425323087,25.8153450139864,24.947141167240964,25.87697876552521,32.86597321263009,25.04142623612474,26.26066847771232,31.24114765513252,27.67563436063861,26.62734207407192,36.167070697903256,35.5627643552987,28.15600253691064,25.5344458860868,25.271904241709976,31.05496214249178,31.29828128104131,29.00933461047297,29.1027726550451,30.37473435669241,29.04166536385668,27.321016333419664,27.25209295988732,29.92796374520753,27.50685993748404,30.513238388459456,27.61377276424153,30.42356831167762,34.746024228000806,33.68101531660636,33.058447183580924,29.20092516219338,23.984365746257325,22.02662384264816,20.54971618922604,20.56861274737378,20.703491801328813,20.85609924587084,20.919548521472908,20.535081252960715,20.2479850835728
E,NDC case - unconditional,Median|Harmonized|KyotoFromPrice_incrate3_REMIND-MAgPIE 2.1-4.2_EN_NPi|nz_all_GHG|cert_allconf_0.1,World,C2F6,kt C2F6/yr,0.0,0.0,0.0,0.0,0.0,0.0,0.0,0.0,0.0,0.0,0.0,0.0,0.0,0.0,0.0,0.0,0.0,0.0,0.0,0.0,0.0,0.0,0.0,0.0,0.0,0.0,0.0,0.0,0.0,0.0,0.0,0.0,0.0,0.0,0.0,0.0,0.0,0.0,0.0,0.0,0.0,0.0,0.0,0.0,0.0,0.0,0.0,0.0,0.0,0.0,0.0,0.0,0.0,0.0,0.0,0.0,0.0,0.0,0.0,0.0,0.0,0.0,0.0,0.0,0.0,0.0,0.0,0.0,0.0,0.0,0.0,0.0,0.0,0.0,0.0,0.0,0.0,0.0,0.0,0.0,0.0,0.0,0.0,0.0,0.0,0.0,0.0,0.0,0.0,0.0,0.0,0.0,0.0,0.0,0.0,0.0,0.0,0.0,0.0,0.0,0.0003234106691491,0.0003486336358162,0.0003529585719714,0.0003573196399505,0.000362123630442,0.0003671929975695,0.0003724284261046,0.0003779913052723,0.0003837818794295,0.0003898311100391,0.0003700796636985,0.0003762451912759,0.0004096135745066,0.0004167853186536,0.0004242476841304,0.0004036337641897,0.0004111647607128,0.000448417554494,0.0004569850826056,0.0004354011791121,0.0004440258474946,0.0004846640829746,0.0004621396378782,0.0004716460042379,0.0004814577489616,0.0004915785575413,0.000502011322406,0.0005127607246646,0.0005238312762488,0.0005352247741603,0.0005469803222569,0.0005248406246503,0.0005365485631334,0.0005841756331531,0.0005972844897875,0.0005735709843147,0.0005865729870355,0.0005999172241052,0.0006135953749243,0.0006275740052443,0.0006416444986803,0.0007379309221716,0.0009846247834804,0.0012821060763427,0.0017341779705483,0.0023966733407658,0.0028361732791231,0.0034329049560374,0.0040217155214745,0.0048814893466492,0.0105269552284937,0.0131601387890095,0.0153842609728532,0.0173679804777023,0.0197547486304053,0.0223702539167462,0.024506091107755,0.02548985346965,0.0271086303040205,0.0290685097870731,0.0304284577294327,0.0319163728019965,0.0336288394190582,0.0353129082538607,0.0370894609632935,0.0392027442651456,0.0412835134866747,0.0431958312159111,0.0451671826294955,0.0473555638671916,0.0490248289783942,0.0575549660563901,0.0799383721929541,0.110903653501021,0.1485145158853492,0.1911444940989973,0.2364813565180774,0.2820097207378517,0.3250341144288489,0.3628430046816417,0.3924800753167085,0.4143546551548487,0.4371768382907459,0.4652847097641518,0.4911459645641483,0.5136873304090966,0.534324553686264,0.5538590202502551,0.5724569366843905,0.5903819510714231,0.6080401890421142,0.6260180161780842,0.6417641250394294,0.6547169461708816,0.6570519145341257,0.6531617556663596,0.68637855394821,0.7028036819677554,0.709252418684916,0.7125330994962826,0.7157795221642782,0.7142937664751033,0.7072020425655292,0.6964124890750021,0.6784992787535942,0.6584414433856461,0.6361691955800053,0.6132145276876704,0.5973917748706211,0.5804553180943004,0.5536577961136836,0.5327916977203194,0.5265316410750471,0.5329036446125426,0.549733875045834,0.5791399133000815,0.6298112694888789,0.698338726368635,0.7947072876155893,0.914509066090174,1.050358022323488,1.1979998998453782,1.3578786016935271,1.515631561647697,1.6113475828627442,1.6201223152965551,1.6524397519162723,1.7336773793905964,1.8026103995832976,1.855063340943972,1.9081673075409205,1.8351018081339363,1.729512771884996,1.8718082946704224,2.064809734638956,2.107353117901383,2.09751428703683,2.1665283372568216,2.214539462652166,2.212201392190055,2.138366685909669,2.307575127364065,2.211065318700021,2.370121930725117,2.549154367069999,2.681883387986788,3.023517431940017,3.322846258749294,3.18478339951982,3.036504731237691,2.8350913468245644,2.2416689004990387,2.58261004817954,2.1118498604297677,1.871463676485288,1.5420224322749203,1.710035616060904,1.9748753792981164,1.5490359232557336,1.0430637440071442,1.0562173386538474,1.0415683487357126,1.023517814770206,1.003457808342834,1.0355651989679566,0.8525566481000001,0.7634158622558673,0.7841060605354526,1.189268558456315,0.1673633205736849,0.1767396906357737,0.2241627214297829,0.196764289269613,0.144952336988788,0.1237603083064895,0.0800677527158184,0.0497424027452821,0.055749471490202
E,NDC case - unconditional,Median|Harmonized|KyotoFromPrice_incrate3_REMIND-MAgPIE 2.1-4.2_EN_NPi|nz_all_GHG|cert_allconf_0.1,World,C6F14,kt C6F14/yr,0.0,0.0,0.0,0.0,0.0,0.0,0.0,0.0,0.0,0.0,0.0,0.0,0.0,0.0,0.0,0.0,0.0,0.0,0.0,0.0,0.0,0.0,0.0,0.0,0.0,0.0,0.0,0.0,0.0,0.0,0.0,0.0,0.0,0.0,0.0,0.0,0.0,0.0,0.0,0.0,0.0,0.0,0.0,0.0,0.0,0.0,0.0,0.0,0.0,0.0,0.0,0.0,0.0,0.0,0.0,0.0,0.0,0.0,0.0,0.0,0.0,0.0,0.0,0.0,0.0,0.0,0.0,0.0,0.0,0.0,0.0,0.0,0.0,0.0,0.0,0.0,0.0,0.0,0.0,0.0,0.0,0.0,0.0,0.0,0.0,0.0,0.0,0.0,0.0,0.0,0.0,0.0,0.0,0.0,0.0,0.0,0.0,0.0,0.0,0.0,0.0,0.0,0.0,0.0,0.0,0.0,0.0,0.0,0.0,0.0,0.0,0.0,0.0,0.0,0.0,0.0,0.0,0.0,0.0,0.0,0.0,0.0,0.0,0.0,0.0,0.0,0.0,0.0,0.0,0.0,0.0,0.0,0.0,0.0,0.0,0.0,0.0,0.0,0.0,0.0,0.0,0.0,0.0,0.0,0.0,0.0,0.0,0.0,0.0,0.0,0.0,0.0,0.0,0.0,0.0,0.0,0.0,0.0,0.0,0.0,0.0,0.0,0.0,0.0,0.0,0.0,0.0,0.0,0.0,0.0,0.0,0.0,0.0,0.0,0.0,0.0,0.0,0.0,0.0,0.0,0.0,0.0,0.0,0.0,0.0,0.0,0.0,0.0,0.0,0.0,0.0,0.0,0.0,0.0,0.0,0.0,0.0,0.0,0.0,0.0,0.0,0.0,0.0,0.0,0.0,0.0,0.0,0.0,0.0,0.0,0.0,0.0,0.0,0.0006956364369296,0.0062091020738632,0.0131758078740849,0.0165991718867054,0.0189971396769643,0.0207283095108121,0.0219383791463153,0.0227333702902867,0.0233378191657009,0.0232953062478054,0.0225868864917006,0.0245942702831469,0.0270518403168219,0.0265222348305168,0.0270790446231331,0.0281077464018224,0.0361164819662282,0.0586053739423318,0.082977834953748,0.09364275779325,0.1116566022543685,0.1474670486122565,0.2074761656822589,0.2471860217104573,0.2845950485276711,0.3183469577131348,0.3570575403652735,0.4198193103946053,0.5351243928781916,0.5605834410922855,0.6409712320017616,0.7386351808136891,0.7620242030366916,0.8094801251795604,0.8649814529493355,0.7968387861570188,0.7556987741561486,0.6729066944397922,0.4240873298757858,0.3884673709309262,0.3086002023403175,0.3343237370873315,0.2661994092531167,0.2428657273436542,0.2607083020292717,0.1967878592577912,0.1219584785626201,0.1116367762582907,0.1057977375331422,0.1069964617206219,0.1153791417213944,0.1518123297288092,0.0,0.0,0.0,0.0,0.0,0.0,0.0,0.0,0.0,0.0,0.0,0.0,0.0
E,NDC case - unconditional,Median|Harmonized|KyotoFromPrice_incrate3_REMIND-MAgPIE 2.1-4.2_EN_NPi|nz_all_GHG|cert_allconf_0.1,World,CF4,kt CF4/yr,0.0,0.0,0.0,0.0,0.0,0.0,0.0,0.0,0.0,0.0,0.0,0.0,0.0,0.0,0.0,0.0,0.0,0.0,0.0,0.0,0.0,0.0,0.0,0.0,0.0,0.0,0.0,0.0,0.0,0.0,0.0,0.0,0.0,0.0,0.0,0.0,0.0,0.0,0.0,0.0,0.0,0.0,0.0,0.0,0.0,0.0,0.0,0.0,0.0,0.0,0.0,0.0,0.0,0.0,0.0,0.0,0.0,0.0,0.0,0.0,0.0,0.0,0.0,0.0,0.0,0.0,0.0,0.0,0.0,0.0,0.0,0.0,0.0,0.0,0.0,0.0,0.0,0.0,0.0,0.0,0.0,0.0,0.0,0.0,0.0,0.0,0.0,0.0,0.0,0.0,0.0,0.0,0.0,0.0,0.0,0.0,0.0,0.0,0.0,0.0,0.0129209645478078,0.0129980382901802,0.0131064164352064,0.0132147404565395,0.0133224008198751,0.0134296638439574,0.0135366779343462,0.0136432017016911,0.0137493843931521,0.0138551794481016,0.013999622828683,0.0141056032561453,0.0141714515414629,0.0142770034449807,0.0143824283011289,0.0145300639221844,0.0146355400260004,0.014696340105427,0.0147998011932888,0.0149479654803726,0.0150502622359871,0.0151042448465445,0.0152528418608494,0.0153534584785418,0.0154536174725993,0.0155533136860989,0.0156525426044429,0.0157512970336795,0.01584957057892,0.0159473601845812,0.0160446076387723,0.016192872405199,0.0162908715947862,0.0163354254553706,0.0164319681800934,0.0165838745163179,0.0166809114191831,0.016777486780534,0.0168735363102428,0.0169680747159117,0.0170552613841407,0.0192817356524897,0.0252891862432177,0.0344378407468719,0.0457804080003542,0.0584384641374778,0.0723101829426394,0.0860097506422554,0.0990145375945543,0.1101299832641727,0.1120174603722382,0.1163117254453503,0.1204476503418489,0.1244481071455239,0.1278313338696984,0.1304288634123109,0.1337322959908173,0.1392847158673415,0.1441335041451216,0.1490880846660847,0.1556935441133451,0.1629371981797593,0.1705584419980738,0.1787436963382856,0.1874021088040266,0.1961915308698454,0.2056290857559435,0.2159298648476313,0.2267688962123734,0.2378605443307951,0.2503486474074247,0.2973100290970005,0.4018947305092152,0.5569980777875604,0.7504973410637287,0.969603718625074,1.202547329153495,1.4379271624551395,1.6646377079617791,1.8719060678508,2.048814394358625,2.206751733254279,2.356791336115776,2.4931561337272004,2.6282918513729707,2.7657067798260093,2.90411698733602,3.043564123074256,3.1851406522039096,3.329857363354046,3.4780202983016046,3.6292990217007497,3.788505465231445,3.9584328804122175,4.152569672681835,4.365302848671726,4.534458546422833,4.742457334250286,4.980772707665703,5.241022671181108,5.520357460637426,5.833013991136172,6.184688770239551,6.57022836153405,6.991769418493373,7.439642279774147,7.911966130684241,8.403295435474892,8.898385319814802,9.295016541055205,9.497456402283053,9.663910874459306,9.943957793030474,10.345868393873056,10.791626844730642,11.26259333632048,11.819134166940644,12.343234677096715,12.851660367292654,13.284341892332629,13.56158930173696,13.784863668139687,14.036567834198085,14.30159233128071,14.48644137477416,14.770660998378531,15.164638152667075,15.309105471412824,15.349853915745523,15.414343831856806,15.305679715060146,15.22764343374441,15.198526275526127,14.813912035771652,14.06149864961798,13.48885380120966,13.347475339933563,13.357167391346522,13.490719518420008,13.590461038341491,13.031845133444389,13.40948949771916,12.03685663812984,12.033617453068809,11.67213667556307,10.6959181938197,10.630730308826143,10.74269058413476,9.814757082525496,9.341287059187804,8.908599049159498,6.945591689182943,7.988676912329101,7.487430665011282,9.236043399801815,7.805680122483041,7.6153962675219375,9.295719756636396,7.146372466423871,5.00495825032356,5.567140349142605,5.559573749963727,4.911183854465354,4.549975171291069,5.518863141001037,4.804570972999999,5.228342453234631,5.262297730153219,6.9087826408339525,0.8852401176964947,0.8847578935386721,0.9399600282980144,0.8599641072968579,0.7221882720434978,0.7086189242427497,0.5485533065141609,0.4718909890751602,0.5030145212521575
E,NDC case - unconditional,Median|Harmonized|KyotoFromPrice_incrate3_REMIND-MAgPIE 2.1-4.2_EN_NPi|nz_all_GHG|cert_allconf_0.1,World,SF6,kt SF6/yr,0.0,0.0,0.0,0.0,0.0,0.0,0.0,0.0,0.0,0.0,0.0,0.0,0.0,0.0,0.0,0.0,0.0,0.0,0.0,0.0,0.0,0.0,0.0,0.0,0.0,0.0,0.0,0.0,0.0,0.0,0.0,0.0,0.0,0.0,0.0,0.0,0.0,0.0,0.0,0.0,0.0,0.0,0.0,0.0,0.0,0.0,0.0,0.0,0.0,0.0,0.0,0.0,0.0,0.0,0.0,0.0,0.0,0.0,0.0,0.0,0.0,0.0,0.0,0.0,0.0,0.0,0.0,0.0,0.0,0.0,0.0,0.0,0.0,0.0,0.0,0.0,0.0,0.0,0.0,0.0,0.0,0.0,0.0,0.0,0.0,0.0,0.0,0.0,0.0,0.0,0.0,0.0,0.0,0.0,0.0,0.0,0.0,0.0,0.0,0.0,0.0,0.0,0.0,0.0,0.0,0.0,0.0,0.0,0.0,0.0,0.0,0.0,0.0,0.0,0.0,0.0,0.0,0.0,0.0,0.0,0.0,0.0,0.0,0.0,0.0,0.0,0.0,0.0,0.0,0.0,0.0,0.0,0.0,0.0,0.0,0.0,0.0,0.0,0.0,0.0,0.0,0.0,0.0,0.0,0.0,0.0,0.0,0.0,0.0,0.0,0.0,0.0,0.0,0.0,0.0,0.0,0.0,0.0,0.0,0.0,0.0,0.0,0.0,0.0,0.0,0.0,0.0,0.0,0.0,0.0,0.0,0.0,0.0,0.0,0.0,0.0,0.0,0.0,0.0,0.0,0.0,0.0,0.0,0.0,0.0,0.0,0.0,0.0,0.0,0.0,0.0,0.0044113431663388,0.0167174242069797,0.0355263190678462,0.0594461066381198,0.0870848634944225,0.1170506651622123,0.1479515934739287,0.1783957176480488,0.2069911184658485,0.2323458767086038,0.2556185532901708,0.278896275456708,0.3021799682321265,0.3254705566403374,0.3487689446819814,0.3720760678926048,0.3953928512961189,0.4187202094047996,0.4420590567309227,0.4654103288100347,0.4870945606382916,0.5061777829028197,0.5237791483965314,0.5410177678657979,0.5590128046151674,0.5788833799026463,0.6017486254978768,0.6287276941937712,0.6609397177599717,0.6995038279661201,0.7733866440325572,0.9041286406624328,1.0817098221985044,1.2961100773555398,1.537309431499567,1.7952877733453538,2.060025201840376,2.321501500583048,2.5696968736371986,2.794590999484889,3.0232206451884736,3.2809973738681637,3.5554634260000397,3.8341612522928914,4.1046333034555085,4.354445155794459,4.571111088835783,4.742204983077979,4.8552862129627545,4.872463801877154,5.0810989506240665,5.144415891297671,5.149817295124531,5.124750723876652,5.261406293254396,5.26975631591452,5.077731443121929,4.8479591826553206,4.810921330367727,4.683148513329867,4.632103906932529,6.842594233981143,7.096112909411471,7.3592763256285245,6.987995483973752,6.467899948977735,6.809972109473226,6.996576867728026,6.909724901077679,6.832965155531095,7.041869927724849,7.404401199459677,7.6876024205710625,7.806662037947302,7.605914928076517,8.833536565027606,8.738668020135297,10.47924106881313,1.0331030555309275,0.8401193609994475,0.6890088597946593,0.6684337374985451,0.6310688561684564,0.6791683947092363,0.5771414954206895,0.5291672417267862,0.5344096679029036
E,NDC case - unconditional,Median|Harmonized|KyotoFromPrice_incrate3_REMIND-MAgPIE 2.1-4.2_EN_NPi|nz_all_GHG|cert_allconf_0.1,World,Sulfur,Mt SO2/yr,2.293964928907041,2.2628048173151023,2.257382334014476,2.2664061371574933,2.318721965217317,2.2989639568563045,2.280606877255993,2.364918987362071,2.335198750059919,2.3305807640068203,2.357932413432714,2.3656252952721664,2.321963728089442,2.33729563748005,2.2852894321880566,2.3527794770079544,2.3419656577089145,2.338375780693629,2.4497689277872943,2.4042022666990914,2.4157430967576627,2.297635365659521,2.277581768588519,2.278008124874392,2.3694688286877623,2.338150420162905,2.3107420448962457,2.3611612111218,2.399801265009124,2.343289126289676,2.3886643256175564,2.389127680459045,2.3558105339791098,2.35211663026124,2.321314171817562,2.366320154111941,2.360633501821772,2.395653825963296,2.489638116034101,2.433654999274548,2.4416701626776725,2.4001415184009414,2.3965396291661984,2.385196027623784,2.477223642703513,2.4447861271265863,2.4074160227666432,2.4740777575424096,2.51794927953522,2.494166533222455,2.52980126509169,2.521143838175218,2.5429524668263763,2.5098541233023903,2.5236500149810497,2.563415529064816,2.5709744237235705,2.603109685046265,2.68633919468262,2.636296437768711,2.6522183128675225,2.630838507467033,2.616325987363092,2.623240293634012,2.7197411917198835,2.7054530023303096,2.717808876058472,2.7530630723638314,2.816524123475269,2.769591108361741,2.8132035824966986,2.819486577653791,2.805592952710837,2.8036545298730084,2.836083806340331,2.8767346232743374,2.864843844277905,2.928696667739809,3.035607921479159,2.993698464988558,3.1922128806712142,3.108562428073516,3.116620946733377,3.1374639200125354,3.2276475522863706,3.222073321753749,3.3514047658455137,3.3759384446693907,3.4618734854881565,3.4669933830857707,3.523028587219825,3.6009940445474027,3.627305218411945,3.633616104908014,3.762887186507929,3.9292005376890136,3.9187218738280793,4.098582662797082,4.2430696164199535,4.304843128983007,4.43529788519302,4.393582339752874,4.437078354104087,4.521070777616839,4.908616954421401,4.905258029170934,5.053351345609184,5.167370649401468,5.26928731380882,5.452098842070001,5.723728815691518,5.866212205600544,5.892747046189393,6.107204299278992,6.403090115646104,6.692905259513108,6.808895730319699,7.204585259612246,7.4501101321052,7.717382716979255,7.917821734250346,8.282216126473733,8.844900481344002,9.36210995864222,9.267304569705034,9.655674730035544,9.889801531387016,10.16887214181783,10.295387135573725,10.877290201672857,11.828604159664316,12.24952830656721,12.776749830212626,13.395413839529992,13.649784074064444,13.77213379310228,13.878040411212528,14.40759322087184,15.682064304116295,15.699373194674644,16.87080167830507,17.549215360141392,17.840936820598913,17.735272526761356,18.42555593606896,19.378572908238024,19.97213486328112,20.93680248926569,22.036860517409707,23.86009173762787,24.9885239465602,25.98506128006877,26.71754101588943,28.80608110312509,29.390104856508373,31.189578852764864,33.050557890036835,36.30685549299776,34.957713522007666,36.620540978291935,38.24875916169091,38.57835297194932,39.90504024262709,41.608776110743975,38.055824103339006,37.89017603242058,41.16715617911659,42.87220576533999,42.35184435966062,36.30824088701438,40.2921371952728,34.381548012652146,36.16789484841536,39.57100759105087,39.61698926223415,39.9404795161816,40.96834470021005,43.39826693519901,43.59311732171828,46.58525523523693,43.23902733911279,38.31213913235312,34.06753015394212,35.909082255120474,39.63465854344549,42.83255413809528,45.95374212198672,49.436294478222784,46.11896625593704,49.1797858618675,54.26576053391427,56.27482601687022,57.34910541625426,58.41109650348088,56.98449427983895,49.23254214411747,48.39949488715106,53.93873726849987,56.58560586844603,53.69571990196174,57.87234845976541,61.31493363536356,62.9425683607404,64.13489900029305,65.83361736309493,71.71050783934642,76.61972192833178,79.18324955312143,80.96872124535929,84.61748103167217,89.68110083635717,91.00422749247656,93.58089856082546,96.89403249621948,101.44980032268022,104.1699329337609,107.02261016417512,107.77491204026153,112.71015212107532,117.20036877930028,124.93181339724636,125.49894038874024,129.16433522355788,135.22463103410894,133.3970873801387,131.75708991626018,137.97916260582463,138.81907190373246,139.3856956116422,142.02393426610269,141.4750378251566,137.09430859755116,134.4623992355159,132.3006110471813,133.5608106181119,133.96262721943728,133.55210929341447,135.92384807154042,137.0572216688115,136.6594641713533,137.22441388722083,135.1604265120214,129.86705263493042,128.02458074809093,125.04634629873289,122.3321836110715,119.55365517123865,120.0052098960085,117.19936774090596,110.94584721902817,110.21683307479412,111.18736636353114,110.80125239441196,115.18149884813916,120.69545348152616,125.7913190127618,126.9964955092897,125.50552182202516,122.07116262855294,113.6290233978227,109.59394709578172,111.56191737889668,108.95511828787949,103.84404168432596,99.27118759809436,100.77116698064656,84.21911851851395,82.80229897671636,73.87822451110833,36.57794981802444,25.29331841615088,19.383379128276548,18.718322330412764,17.155667478391894,15.788632409061744,15.190747483068144,14.406047791187842,13.67502477392356
E,NDC case - unconditional,Median|Harmonized|KyotoFromPrice_incrate3_REMIND-MAgPIE 2.1-4.2_EN_NPi|nz_all_GHG|cert_allconf_0.1,World,VOC,Mt VOC/yr,60.62284009096265,59.69173298282395,59.36659532295644,59.63441601062681,60.8802061459323,60.43696017866529,59.68964917254196,61.88033094447502,61.05397661383557,61.06658618062361,61.81115409717575,61.60943876913123,60.655244955331774,60.75701504826363,59.1987490479268,61.26344695432127,60.49502759876011,60.52965320857949,63.14524272513017,61.59379614841215,61.61131347842545,60.07364773449579,59.50790378315516,59.57509981626201,61.976235833816325,61.20831183581812,60.18045617105164,61.570412019825575,62.46430785304701,61.18614367071593,62.44292501413517,61.88763972571658,61.18360568205033,60.80252703797142,60.04439271246434,61.20321785184259,60.62742874798427,61.46914934113806,63.97981425413576,62.35543456481265,62.57300473409207,60.94799985196505,60.56325386451463,60.3197768703141,62.77516908837093,61.98257133437449,60.73149890404996,62.21650127939524,62.945232186180014,62.24641070044768,62.75541801119743,62.42330003732428,62.0880254260063,61.1728985196531,61.26526740320351,62.09803631400734,62.00791131152936,62.49390972783527,65.01108897104669,63.50893178588582,63.7781570392134,62.63960925433802,61.79896673010069,61.95821393693294,64.319439171835,63.704213855328064,63.109712530848334,63.78291635564258,65.11444046826232,64.10971298358473,65.06734608246182,64.85189853252514,64.10020995297806,63.14153156639756,63.58050238175113,64.08145766317607,63.71899626569596,64.30065628543984,66.96085182338737,65.5002465986271,65.8755077138521,64.27995773160117,63.94900191924015,64.02783070683066,66.07251442282843,65.2088487628634,65.19177960830714,65.81285961014231,66.94602612721083,66.11784673658282,66.06715638487945,66.96351053862777,65.9440397256422,64.45263621206925,64.92115446006747,65.72053753666938,65.28530389467001,66.49269340188258,68.5905371169533,67.49066445712248,67.85518470927914,66.01887833954686,65.15283628628885,65.51484785260196,67.8680756423216,66.71789436773662,66.2388135562634,67.7983522298778,68.542358207945,68.0328164586406,68.06067445129493,67.97499624375935,67.45021782352948,66.00691166854752,66.51960037667406,68.10775061115905,67.3839374016041,68.74502644916105,70.8572898322391,68.99795028076454,70.18522570106867,68.50245643523527,67.0347457149485,69.0646340613562,70.44596901841274,68.57425606411121,69.29476996230474,69.8687997019301,70.57368161377022,71.16989893947189,70.40172523734373,70.79075670594042,69.81774391916277,68.11426926769252,69.76242370508041,69.98512042858927,69.89429086681925,70.80459255245547,72.50683015425267,71.67978945361857,72.45856382163734,70.51809071924922,69.74709410752463,70.43093288472681,72.91129061012171,72.12913397076409,70.54189425115422,72.53331769622442,72.39992062011977,73.34766144287416,72.80770536716967,72.44711908973566,71.99137750633011,70.82720047809964,73.57107438280029,74.1186522036804,73.8197433382293,76.17604042322043,77.28797023202424,76.57445211349557,78.45716830044452,76.68763051173966,75.75305997325097,77.22010719463938,79.42013287450305,77.89294978388968,77.74061983308452,79.56342565674852,80.55297922278456,80.83359479534212,81.97123354076048,80.27559729463034,79.57844670840464,84.65265139465491,81.88894197176657,82.46947362430944,82.24940541001706,84.54493861366309,85.10029492138167,86.99644587309524,89.29539177910476,84.33616402319541,85.91102070746784,85.43134644932752,88.84427853748498,88.95711866348631,92.62145366448922,92.31710440559787,89.86506825232885,93.27944532593796,92.2592936094957,92.5002024392826,93.80638513346165,94.1484928202428,96.3822727494215,95.66006075263522,94.16331496271042,95.62235578668712,99.99003795123912,101.2436943291178,106.85300146053544,102.02498801160615,105.61843675365066,109.33383308236182,111.0523539605797,113.89019801983576,121.08025196522772,126.08388981190284,119.2201791016847,120.1794556858108,122.65208540884126,132.76707832145226,129.2922822817633,144.55088341990984,135.11078738678032,141.57528311006325,142.88354583394266,151.18731990839535,150.98695578222978,152.8433637889837,162.42455249805047,165.39168670833084,180.768561838064,172.06782346957144,171.43250503187977,167.49298644771352,176.02857990438707,178.37842900948257,182.36714593956464,184.3494835660252,182.51343944084965,177.92809779521778,196.33878576301188,173.15061935667407,177.61950758770524,178.62602997500764,181.0093999569804,188.87917907901624,187.99752028462416,185.20765958330577,189.3668560093154,231.43184947499253,185.42993753842345,191.8199844625449,219.7415082213077,196.3569334923857,191.38579687483693,256.0833187500461,223.631651874307,196.5586306857041,187.32911644541605,187.9896321950928,210.06865181970576,204.8470839110516,205.71044775952453,207.6552274177385,217.532763062634,204.9318415979919,196.4979334942796,199.6027637904372,206.7710297871344,201.5102274040188,213.5207062868236,203.41823540873256,219.08799589264663,227.2448193195333,220.5330716303503,219.1479124477244,169.84767225378795,118.30944577700882,98.07950811667578,81.27560365162564,80.29533615614106,78.73709248650631,77.70730132559311,77.01943803358515,74.70305638854215,72.6934348242676
