model,case,aggregate,quantile,year,gmt
REMIND-MAgPIE,A,Max,0.1,1990,0.49856
REMIND-MAgPIE,A,Max,0.1,1991,0.4953
REMIND-MAgPIE,A,Max,0.1,1992,0.38984
REMIND-MAgPIE,A,Max,0.1,1993,0.3043
REMIND-MAgPIE,A,Max,0.1,1994,0.3383
REMIND-MAgPIE,A,Max,0.1,1995,0.41346
REMIND-MAgPIE,A,Max,0.1,1996,0.48376
REMIND-MAgPIE,A,Max,0.1,1997,0.54462
REMIND-MAgPIE,A,Max,0.1,1998,0.5989
REMIND-MAgPIE,A,Max,0.1,1999,0.6479400000000001
REMIND-MAgPIE,A,Max,0.1,2000,0.69316
REMIND-MAgPIE,A,Max,0.1,2001,0.73178
REMIND-MAgPIE,A,Max,0.1,2002,0.76002
REMIND-MAgPIE,A,Max,0.1,2003,0.77982
REMIND-MAgPIE,A,Max,0.1,2004,0.792
REMIND-MAgPIE,A,Max,0.1,2005,0.80016
REMIND-MAgPIE,A,Max,0.1,2006,0.8069200000000001
REMIND-MAgPIE,A,Max,0.1,2007,0.81512
REMIND-MAgPIE,A,Max,0.1,2008,0.82814
REMIND-MAgPIE,A,Max,0.1,2009,0.8437
REMIND-MAgPIE,A,Max,0.1,2010,0.86408
REMIND-MAgPIE,A,Max,0.1,2011,0.8871
REMIND-MAgPIE,A,Max,0.1,2012,0.91134
REMIND-MAgPIE,A,Max,0.1,2013,0.9374
REMIND-MAgPIE,A,Max,0.1,2014,0.96216
REMIND-MAgPIE,A,Max,0.1,2015,0.9812
REMIND-MAgPIE,A,Max,0.1,2016,0.99776
REMIND-MAgPIE,A,Max,0.1,2017,1.01356
REMIND-MAgPIE,A,Max,0.1,2018,1.03332
REMIND-MAgPIE,A,Max,0.1,2019,1.05258
REMIND-MAgPIE,A,Max,0.1,2020,1.07516
REMIND-MAgPIE,A,Max,0.1,2021,1.0977
REMIND-MAgPIE,A,Max,0.1,2022,1.11696
REMIND-MAgPIE,A,Max,0.1,2023,1.13676
REMIND-MAgPIE,A,Max,0.1,2024,1.15446
REMIND-MAgPIE,A,Max,0.1,2025,1.17276
REMIND-MAgPIE,A,Max,0.1,2026,1.18996
REMIND-MAgPIE,A,Max,0.1,2027,1.20836
REMIND-MAgPIE,A,Max,0.1,2028,1.22778
REMIND-MAgPIE,A,Max,0.1,2029,1.24618
REMIND-MAgPIE,A,Max,0.1,2030,1.26662
REMIND-MAgPIE,A,Max,0.1,2031,1.28722
REMIND-MAgPIE,A,Max,0.1,2032,1.30804
REMIND-MAgPIE,A,Max,0.1,2033,1.3305
REMIND-MAgPIE,A,Max,0.1,2034,1.35212
REMIND-MAgPIE,A,Max,0.1,2035,1.37444
REMIND-MAgPIE,A,Max,0.1,2036,1.3961
REMIND-MAgPIE,A,Max,0.1,2037,1.41876
REMIND-MAgPIE,A,Max,0.1,2038,1.4423199999999998
REMIND-MAgPIE,A,Max,0.1,2039,1.46372
REMIND-MAgPIE,A,Max,0.1,2040,1.48742
REMIND-MAgPIE,A,Max,0.1,2041,1.50722
REMIND-MAgPIE,A,Max,0.1,2042,1.52676
REMIND-MAgPIE,A,Max,0.1,2043,1.54826
REMIND-MAgPIE,A,Max,0.1,2044,1.56886
REMIND-MAgPIE,A,Max,0.1,2045,1.58914
REMIND-MAgPIE,A,Max,0.1,2046,1.60834
REMIND-MAgPIE,A,Max,0.1,2047,1.62692
REMIND-MAgPIE,A,Max,0.1,2048,1.64488
REMIND-MAgPIE,A,Max,0.1,2049,1.66418
REMIND-MAgPIE,A,Max,0.1,2050,1.68554
REMIND-MAgPIE,A,Max,0.1,2051,1.7049
REMIND-MAgPIE,A,Max,0.1,2052,1.72506
REMIND-MAgPIE,A,Max,0.1,2053,1.74496
REMIND-MAgPIE,A,Max,0.1,2054,1.76554
REMIND-MAgPIE,A,Max,0.1,2055,1.78604
REMIND-MAgPIE,A,Max,0.1,2056,1.80586
REMIND-MAgPIE,A,Max,0.1,2057,1.82522
REMIND-MAgPIE,A,Max,0.1,2058,1.84398
REMIND-MAgPIE,A,Max,0.1,2059,1.86316
REMIND-MAgPIE,A,Max,0.1,2060,1.88216
REMIND-MAgPIE,A,Max,0.1,2061,1.90046
REMIND-MAgPIE,A,Max,0.1,2062,1.92054
REMIND-MAgPIE,A,Max,0.1,2063,1.94052
REMIND-MAgPIE,A,Max,0.1,2064,1.95986
REMIND-MAgPIE,A,Max,0.1,2065,1.97872
REMIND-MAgPIE,A,Max,0.1,2066,1.99732
REMIND-MAgPIE,A,Max,0.1,2067,2.01642
REMIND-MAgPIE,A,Max,0.1,2068,2.0355399999999997
REMIND-MAgPIE,A,Max,0.1,2069,2.05426
REMIND-MAgPIE,A,Max,0.1,2070,2.0734399999999997
REMIND-MAgPIE,A,Max,0.1,2071,2.09218
REMIND-MAgPIE,A,Max,0.1,2072,2.11062
REMIND-MAgPIE,A,Max,0.1,2073,2.12916
REMIND-MAgPIE,A,Max,0.1,2074,2.14696
REMIND-MAgPIE,A,Max,0.1,2075,2.16554
REMIND-MAgPIE,A,Max,0.1,2076,2.18408
REMIND-MAgPIE,A,Max,0.1,2077,2.20216
REMIND-MAgPIE,A,Max,0.1,2078,2.22066
REMIND-MAgPIE,A,Max,0.1,2079,2.2379800000000003
REMIND-MAgPIE,A,Max,0.1,2080,2.2552
REMIND-MAgPIE,A,Max,0.1,2081,2.27262
REMIND-MAgPIE,A,Max,0.1,2082,2.291
REMIND-MAgPIE,A,Max,0.1,2083,2.3092800000000002
REMIND-MAgPIE,A,Max,0.1,2084,2.32682
REMIND-MAgPIE,A,Max,0.1,2085,2.3442
REMIND-MAgPIE,A,Max,0.1,2086,2.36222
REMIND-MAgPIE,A,Max,0.1,2087,2.3795
REMIND-MAgPIE,A,Max,0.1,2088,2.39636
REMIND-MAgPIE,A,Max,0.1,2089,2.41254
REMIND-MAgPIE,A,Max,0.1,2090,2.42856
REMIND-MAgPIE,A,Max,0.1,2091,2.4448399999999997
REMIND-MAgPIE,A,Max,0.1,2092,2.46146
REMIND-MAgPIE,A,Max,0.1,2093,2.47702
REMIND-MAgPIE,A,Max,0.1,2094,2.49242
REMIND-MAgPIE,A,Max,0.1,2095,2.5083800000000003
REMIND-MAgPIE,A,Max,0.1,2096,2.5238199999999997
REMIND-MAgPIE,A,Max,0.1,2097,2.54078
REMIND-MAgPIE,A,Max,0.1,2098,2.5548
REMIND-MAgPIE,A,Max,0.1,2099,2.5696
REMIND-MAgPIE,A,Max,0.1,2100,2.58434
REMIND-MAgPIE,A,Max,0.167,1990,0.5192412
REMIND-MAgPIE,A,Max,0.167,1991,0.5156412
REMIND-MAgPIE,A,Max,0.167,1992,0.4130412
REMIND-MAgPIE,A,Max,0.167,1993,0.3257412
REMIND-MAgPIE,A,Max,0.167,1994,0.3608412
REMIND-MAgPIE,A,Max,0.167,1995,0.4343884
REMIND-MAgPIE,A,Max,0.167,1996,0.5054
REMIND-MAgPIE,A,Max,0.167,1997,0.5669411999999999
REMIND-MAgPIE,A,Max,0.167,1998,0.6217412
REMIND-MAgPIE,A,Max,0.167,1999,0.6732824000000001
REMIND-MAgPIE,A,Max,0.167,2000,0.7188
REMIND-MAgPIE,A,Max,0.167,2001,0.7553411999999999
REMIND-MAgPIE,A,Max,0.167,2002,0.7840824000000001
REMIND-MAgPIE,A,Max,0.167,2003,0.8051
REMIND-MAgPIE,A,Max,0.167,2004,0.8179236
REMIND-MAgPIE,A,Max,0.167,2005,0.8273236
REMIND-MAgPIE,A,Max,0.167,2006,0.8378
REMIND-MAgPIE,A,Max,0.167,2007,0.8494824000000001
REMIND-MAgPIE,A,Max,0.167,2008,0.8631648
REMIND-MAgPIE,A,Max,0.167,2009,0.8803236
REMIND-MAgPIE,A,Max,0.167,2010,0.9000412
REMIND-MAgPIE,A,Max,0.167,2011,0.9230412
REMIND-MAgPIE,A,Max,0.167,2012,0.9469412
REMIND-MAgPIE,A,Max,0.167,2013,0.9749824
REMIND-MAgPIE,A,Max,0.167,2014,1.0006
REMIND-MAgPIE,A,Max,0.167,2015,1.0199412
REMIND-MAgPIE,A,Max,0.167,2016,1.0378412
REMIND-MAgPIE,A,Max,0.167,2017,1.0566236
REMIND-MAgPIE,A,Max,0.167,2018,1.0775
REMIND-MAgPIE,A,Max,0.167,2019,1.0985236
REMIND-MAgPIE,A,Max,0.167,2020,1.1196236
REMIND-MAgPIE,A,Max,0.167,2021,1.1401296
REMIND-MAgPIE,A,Max,0.167,2022,1.161012
REMIND-MAgPIE,A,Max,0.167,2023,1.1813412
REMIND-MAgPIE,A,Max,0.167,2024,1.2007236
REMIND-MAgPIE,A,Max,0.167,2025,1.2201412
REMIND-MAgPIE,A,Max,0.167,2026,1.2383
REMIND-MAgPIE,A,Max,0.167,2027,1.2572236
REMIND-MAgPIE,A,Max,0.167,2028,1.2765
REMIND-MAgPIE,A,Max,0.167,2029,1.2962
REMIND-MAgPIE,A,Max,0.167,2030,1.316512
REMIND-MAgPIE,A,Max,0.167,2031,1.3372472
REMIND-MAgPIE,A,Max,0.167,2032,1.3589236
REMIND-MAgPIE,A,Max,0.167,2033,1.3814824
REMIND-MAgPIE,A,Max,0.167,2034,1.4042412
REMIND-MAgPIE,A,Max,0.167,2035,1.4271
REMIND-MAgPIE,A,Max,0.167,2036,1.4512824
REMIND-MAgPIE,A,Max,0.167,2037,1.4747412
REMIND-MAgPIE,A,Max,0.167,2038,1.4982824
REMIND-MAgPIE,A,Max,0.167,2039,1.5228
REMIND-MAgPIE,A,Max,0.167,2040,1.546906
REMIND-MAgPIE,A,Max,0.167,2041,1.5704824
REMIND-MAgPIE,A,Max,0.167,2042,1.593106
REMIND-MAgPIE,A,Max,0.167,2043,1.6156296
REMIND-MAgPIE,A,Max,0.167,2044,1.6378823999999998
REMIND-MAgPIE,A,Max,0.167,2045,1.6597824
REMIND-MAgPIE,A,Max,0.167,2046,1.6812648
REMIND-MAgPIE,A,Max,0.167,2047,1.703012
REMIND-MAgPIE,A,Max,0.167,2048,1.724606
REMIND-MAgPIE,A,Max,0.167,2049,1.7480412
REMIND-MAgPIE,A,Max,0.167,2050,1.7694824
REMIND-MAgPIE,A,Max,0.167,2051,1.7902472
REMIND-MAgPIE,A,Max,0.167,2052,1.8113
REMIND-MAgPIE,A,Max,0.167,2053,1.8330236
REMIND-MAgPIE,A,Max,0.167,2054,1.853806
REMIND-MAgPIE,A,Max,0.167,2055,1.8750412
REMIND-MAgPIE,A,Max,0.167,2056,1.8959296
REMIND-MAgPIE,A,Max,0.167,2057,1.9161824
REMIND-MAgPIE,A,Max,0.167,2058,1.9362532
REMIND-MAgPIE,A,Max,0.167,2059,1.9575236
REMIND-MAgPIE,A,Max,0.167,2060,1.9780412
REMIND-MAgPIE,A,Max,0.167,2061,1.9989884
REMIND-MAgPIE,A,Max,0.167,2062,2.019106
REMIND-MAgPIE,A,Max,0.167,2063,2.0391
REMIND-MAgPIE,A,Max,0.167,2064,2.0595824
REMIND-MAgPIE,A,Max,0.167,2065,2.0800824
REMIND-MAgPIE,A,Max,0.167,2066,2.1004824
REMIND-MAgPIE,A,Max,0.167,2067,2.1213296
REMIND-MAgPIE,A,Max,0.167,2068,2.1422236
REMIND-MAgPIE,A,Max,0.167,2069,2.1624296000000003
REMIND-MAgPIE,A,Max,0.167,2070,2.1824648
REMIND-MAgPIE,A,Max,0.167,2071,2.2024412
REMIND-MAgPIE,A,Max,0.167,2072,2.2217824
REMIND-MAgPIE,A,Max,0.167,2073,2.2412944
REMIND-MAgPIE,A,Max,0.167,2074,2.2599824
REMIND-MAgPIE,A,Max,0.167,2075,2.279006
REMIND-MAgPIE,A,Max,0.167,2076,2.2987708
REMIND-MAgPIE,A,Max,0.167,2077,2.3181236
REMIND-MAgPIE,A,Max,0.167,2078,2.3381412
REMIND-MAgPIE,A,Max,0.167,2079,2.358206
REMIND-MAgPIE,A,Max,0.167,2080,2.3787824
REMIND-MAgPIE,A,Max,0.167,2081,2.396806
REMIND-MAgPIE,A,Max,0.167,2082,2.4151412
REMIND-MAgPIE,A,Max,0.167,2083,2.4346472
REMIND-MAgPIE,A,Max,0.167,2084,2.4537532
REMIND-MAgPIE,A,Max,0.167,2085,2.4742179999999996
REMIND-MAgPIE,A,Max,0.167,2086,2.4926824
REMIND-MAgPIE,A,Max,0.167,2087,2.5115236
REMIND-MAgPIE,A,Max,0.167,2088,2.5309236
REMIND-MAgPIE,A,Max,0.167,2089,2.549012
REMIND-MAgPIE,A,Max,0.167,2090,2.5675824
REMIND-MAgPIE,A,Max,0.167,2091,2.5853648
REMIND-MAgPIE,A,Max,0.167,2092,2.6032412000000003
REMIND-MAgPIE,A,Max,0.167,2093,2.6213648
REMIND-MAgPIE,A,Max,0.167,2094,2.6390356
REMIND-MAgPIE,A,Max,0.167,2095,2.6564888
REMIND-MAgPIE,A,Max,0.167,2096,2.6730768
REMIND-MAgPIE,A,Max,0.167,2097,2.6885472
REMIND-MAgPIE,A,Max,0.167,2098,2.7051
REMIND-MAgPIE,A,Max,0.167,2099,2.7225824000000003
REMIND-MAgPIE,A,Max,0.167,2100,2.7381531999999997
REMIND-MAgPIE,A,Max,0.2,1990,0.5283
REMIND-MAgPIE,A,Max,0.2,1991,0.52602
REMIND-MAgPIE,A,Max,0.2,1992,0.4232
REMIND-MAgPIE,A,Max,0.2,1993,0.33672
REMIND-MAgPIE,A,Max,0.2,1994,0.36974
REMIND-MAgPIE,A,Max,0.2,1995,0.44412
REMIND-MAgPIE,A,Max,0.2,1996,0.51444
REMIND-MAgPIE,A,Max,0.2,1997,0.57642
REMIND-MAgPIE,A,Max,0.2,1998,0.6328
REMIND-MAgPIE,A,Max,0.2,1999,0.68232
REMIND-MAgPIE,A,Max,0.2,2000,0.72874
REMIND-MAgPIE,A,Max,0.2,2001,0.76514
REMIND-MAgPIE,A,Max,0.2,2002,0.7941
REMIND-MAgPIE,A,Max,0.2,2003,0.81638
REMIND-MAgPIE,A,Max,0.2,2004,0.83104
REMIND-MAgPIE,A,Max,0.2,2005,0.8409800000000001
REMIND-MAgPIE,A,Max,0.2,2006,0.84922
REMIND-MAgPIE,A,Max,0.2,2007,0.8598
REMIND-MAgPIE,A,Max,0.2,2008,0.8746200000000001
REMIND-MAgPIE,A,Max,0.2,2009,0.89052
REMIND-MAgPIE,A,Max,0.2,2010,0.9115
REMIND-MAgPIE,A,Max,0.2,2011,0.93534
REMIND-MAgPIE,A,Max,0.2,2012,0.96018
REMIND-MAgPIE,A,Max,0.2,2013,0.987
REMIND-MAgPIE,A,Max,0.2,2014,1.0130599999999998
REMIND-MAgPIE,A,Max,0.2,2015,1.03434
REMIND-MAgPIE,A,Max,0.2,2016,1.05232
REMIND-MAgPIE,A,Max,0.2,2017,1.07054
REMIND-MAgPIE,A,Max,0.2,2018,1.0929
REMIND-MAgPIE,A,Max,0.2,2019,1.11422
REMIND-MAgPIE,A,Max,0.2,2020,1.13548
REMIND-MAgPIE,A,Max,0.2,2021,1.15688
REMIND-MAgPIE,A,Max,0.2,2022,1.1782199999999998
REMIND-MAgPIE,A,Max,0.2,2023,1.1985599999999998
REMIND-MAgPIE,A,Max,0.2,2024,1.2191
REMIND-MAgPIE,A,Max,0.2,2025,1.23874
REMIND-MAgPIE,A,Max,0.2,2026,1.25842
REMIND-MAgPIE,A,Max,0.2,2027,1.27674
REMIND-MAgPIE,A,Max,0.2,2028,1.29612
REMIND-MAgPIE,A,Max,0.2,2029,1.3156
REMIND-MAgPIE,A,Max,0.2,2030,1.3361
REMIND-MAgPIE,A,Max,0.2,2031,1.3579
REMIND-MAgPIE,A,Max,0.2,2032,1.38066
REMIND-MAgPIE,A,Max,0.2,2033,1.40398
REMIND-MAgPIE,A,Max,0.2,2034,1.42704
REMIND-MAgPIE,A,Max,0.2,2035,1.45162
REMIND-MAgPIE,A,Max,0.2,2036,1.47586
REMIND-MAgPIE,A,Max,0.2,2037,1.49958
REMIND-MAgPIE,A,Max,0.2,2038,1.5238200000000002
REMIND-MAgPIE,A,Max,0.2,2039,1.54874
REMIND-MAgPIE,A,Max,0.2,2040,1.5724
REMIND-MAgPIE,A,Max,0.2,2041,1.5958
REMIND-MAgPIE,A,Max,0.2,2042,1.61876
REMIND-MAgPIE,A,Max,0.2,2043,1.64224
REMIND-MAgPIE,A,Max,0.2,2044,1.66396
REMIND-MAgPIE,A,Max,0.2,2045,1.6852
REMIND-MAgPIE,A,Max,0.2,2046,1.70672
REMIND-MAgPIE,A,Max,0.2,2047,1.7287
REMIND-MAgPIE,A,Max,0.2,2048,1.75088
REMIND-MAgPIE,A,Max,0.2,2049,1.77444
REMIND-MAgPIE,A,Max,0.2,2050,1.79806
REMIND-MAgPIE,A,Max,0.2,2051,1.8195
REMIND-MAgPIE,A,Max,0.2,2052,1.84122
REMIND-MAgPIE,A,Max,0.2,2053,1.8638
REMIND-MAgPIE,A,Max,0.2,2054,1.88562
REMIND-MAgPIE,A,Max,0.2,2055,1.9072
REMIND-MAgPIE,A,Max,0.2,2056,1.92856
REMIND-MAgPIE,A,Max,0.2,2057,1.94986
REMIND-MAgPIE,A,Max,0.2,2058,1.9711
REMIND-MAgPIE,A,Max,0.2,2059,1.99262
REMIND-MAgPIE,A,Max,0.2,2060,2.0132
REMIND-MAgPIE,A,Max,0.2,2061,2.0339400000000003
REMIND-MAgPIE,A,Max,0.2,2062,2.0549
REMIND-MAgPIE,A,Max,0.2,2063,2.0758
REMIND-MAgPIE,A,Max,0.2,2064,2.0971200000000003
REMIND-MAgPIE,A,Max,0.2,2065,2.11876
REMIND-MAgPIE,A,Max,0.2,2066,2.1408799999999997
REMIND-MAgPIE,A,Max,0.2,2067,2.16214
REMIND-MAgPIE,A,Max,0.2,2068,2.1828
REMIND-MAgPIE,A,Max,0.2,2069,2.20462
REMIND-MAgPIE,A,Max,0.2,2070,2.22574
REMIND-MAgPIE,A,Max,0.2,2071,2.24658
REMIND-MAgPIE,A,Max,0.2,2072,2.26682
REMIND-MAgPIE,A,Max,0.2,2073,2.28828
REMIND-MAgPIE,A,Max,0.2,2074,2.3084599999999997
REMIND-MAgPIE,A,Max,0.2,2075,2.3292200000000003
REMIND-MAgPIE,A,Max,0.2,2076,2.3485
REMIND-MAgPIE,A,Max,0.2,2077,2.3684
REMIND-MAgPIE,A,Max,0.2,2078,2.3887
REMIND-MAgPIE,A,Max,0.2,2079,2.4090399999999996
REMIND-MAgPIE,A,Max,0.2,2080,2.4283200000000003
REMIND-MAgPIE,A,Max,0.2,2081,2.4473399999999996
REMIND-MAgPIE,A,Max,0.2,2082,2.46658
REMIND-MAgPIE,A,Max,0.2,2083,2.48542
REMIND-MAgPIE,A,Max,0.2,2084,2.5040400000000003
REMIND-MAgPIE,A,Max,0.2,2085,2.5231600000000003
REMIND-MAgPIE,A,Max,0.2,2086,2.54376
REMIND-MAgPIE,A,Max,0.2,2087,2.56292
REMIND-MAgPIE,A,Max,0.2,2088,2.5826
REMIND-MAgPIE,A,Max,0.2,2089,2.6024
REMIND-MAgPIE,A,Max,0.2,2090,2.62074
REMIND-MAgPIE,A,Max,0.2,2091,2.64044
REMIND-MAgPIE,A,Max,0.2,2092,2.65796
REMIND-MAgPIE,A,Max,0.2,2093,2.67428
REMIND-MAgPIE,A,Max,0.2,2094,2.69164
REMIND-MAgPIE,A,Max,0.2,2095,2.70958
REMIND-MAgPIE,A,Max,0.2,2096,2.72772
REMIND-MAgPIE,A,Max,0.2,2097,2.74508
REMIND-MAgPIE,A,Max,0.2,2098,2.76126
REMIND-MAgPIE,A,Max,0.2,2099,2.7773600000000003
REMIND-MAgPIE,A,Max,0.2,2100,2.79532
REMIND-MAgPIE,A,Max,0.3,1990,0.5538399999999999
REMIND-MAgPIE,A,Max,0.3,1991,0.5508799999999999
REMIND-MAgPIE,A,Max,0.3,1992,0.44708
REMIND-MAgPIE,A,Max,0.3,1993,0.36496
REMIND-MAgPIE,A,Max,0.3,1994,0.39596
REMIND-MAgPIE,A,Max,0.3,1995,0.46988
REMIND-MAgPIE,A,Max,0.3,1996,0.5405399999999999
REMIND-MAgPIE,A,Max,0.3,1997,0.60146
REMIND-MAgPIE,A,Max,0.3,1998,0.6563
REMIND-MAgPIE,A,Max,0.3,1999,0.70718
REMIND-MAgPIE,A,Max,0.3,2000,0.75408
REMIND-MAgPIE,A,Max,0.3,2001,0.79306
REMIND-MAgPIE,A,Max,0.3,2002,0.82518
REMIND-MAgPIE,A,Max,0.3,2003,0.8481
REMIND-MAgPIE,A,Max,0.3,2004,0.86408
REMIND-MAgPIE,A,Max,0.3,2005,0.8746
REMIND-MAgPIE,A,Max,0.3,2006,0.88418
REMIND-MAgPIE,A,Max,0.3,2007,0.8954799999999999
REMIND-MAgPIE,A,Max,0.3,2008,0.90992
REMIND-MAgPIE,A,Max,0.3,2009,0.92628
REMIND-MAgPIE,A,Max,0.3,2010,0.94798
REMIND-MAgPIE,A,Max,0.3,2011,0.97356
REMIND-MAgPIE,A,Max,0.3,2012,1.00008
REMIND-MAgPIE,A,Max,0.3,2013,1.02806
REMIND-MAgPIE,A,Max,0.3,2014,1.05464
REMIND-MAgPIE,A,Max,0.3,2015,1.0746
REMIND-MAgPIE,A,Max,0.3,2016,1.09358
REMIND-MAgPIE,A,Max,0.3,2017,1.11522
REMIND-MAgPIE,A,Max,0.3,2018,1.13818
REMIND-MAgPIE,A,Max,0.3,2019,1.16306
REMIND-MAgPIE,A,Max,0.3,2020,1.18448
REMIND-MAgPIE,A,Max,0.3,2021,1.2076
REMIND-MAgPIE,A,Max,0.3,2022,1.23048
REMIND-MAgPIE,A,Max,0.3,2023,1.2509
REMIND-MAgPIE,A,Max,0.3,2024,1.27096
REMIND-MAgPIE,A,Max,0.3,2025,1.29316
REMIND-MAgPIE,A,Max,0.3,2026,1.3144
REMIND-MAgPIE,A,Max,0.3,2027,1.33456
REMIND-MAgPIE,A,Max,0.3,2028,1.35458
REMIND-MAgPIE,A,Max,0.3,2029,1.37578
REMIND-MAgPIE,A,Max,0.3,2030,1.39742
REMIND-MAgPIE,A,Max,0.3,2031,1.4207
REMIND-MAgPIE,A,Max,0.3,2032,1.44508
REMIND-MAgPIE,A,Max,0.3,2033,1.46808
REMIND-MAgPIE,A,Max,0.3,2034,1.4927
REMIND-MAgPIE,A,Max,0.3,2035,1.51678
REMIND-MAgPIE,A,Max,0.3,2036,1.54138
REMIND-MAgPIE,A,Max,0.3,2037,1.56716
REMIND-MAgPIE,A,Max,0.3,2038,1.59224
REMIND-MAgPIE,A,Max,0.3,2039,1.61738
REMIND-MAgPIE,A,Max,0.3,2040,1.64312
REMIND-MAgPIE,A,Max,0.3,2041,1.66818
REMIND-MAgPIE,A,Max,0.3,2042,1.69338
REMIND-MAgPIE,A,Max,0.3,2043,1.71844
REMIND-MAgPIE,A,Max,0.3,2044,1.74256
REMIND-MAgPIE,A,Max,0.3,2045,1.767
REMIND-MAgPIE,A,Max,0.3,2046,1.79024
REMIND-MAgPIE,A,Max,0.3,2047,1.81414
REMIND-MAgPIE,A,Max,0.3,2048,1.8381
REMIND-MAgPIE,A,Max,0.3,2049,1.8615
REMIND-MAgPIE,A,Max,0.3,2050,1.887
REMIND-MAgPIE,A,Max,0.3,2051,1.91068
REMIND-MAgPIE,A,Max,0.3,2052,1.93486
REMIND-MAgPIE,A,Max,0.3,2053,1.95738
REMIND-MAgPIE,A,Max,0.3,2054,1.9806
REMIND-MAgPIE,A,Max,0.3,2055,2.00356
REMIND-MAgPIE,A,Max,0.3,2056,2.02568
REMIND-MAgPIE,A,Max,0.3,2057,2.04868
REMIND-MAgPIE,A,Max,0.3,2058,2.0708
REMIND-MAgPIE,A,Max,0.3,2059,2.093
REMIND-MAgPIE,A,Max,0.3,2060,2.11506
REMIND-MAgPIE,A,Max,0.3,2061,2.13788
REMIND-MAgPIE,A,Max,0.3,2062,2.162
REMIND-MAgPIE,A,Max,0.3,2063,2.18394
REMIND-MAgPIE,A,Max,0.3,2064,2.20594
REMIND-MAgPIE,A,Max,0.3,2065,2.2278
REMIND-MAgPIE,A,Max,0.3,2066,2.2495
REMIND-MAgPIE,A,Max,0.3,2067,2.27168
REMIND-MAgPIE,A,Max,0.3,2068,2.2944400000000003
REMIND-MAgPIE,A,Max,0.3,2069,2.3163799999999997
REMIND-MAgPIE,A,Max,0.3,2070,2.33836
REMIND-MAgPIE,A,Max,0.3,2071,2.36028
REMIND-MAgPIE,A,Max,0.3,2072,2.3832
REMIND-MAgPIE,A,Max,0.3,2073,2.40544
REMIND-MAgPIE,A,Max,0.3,2074,2.42668
REMIND-MAgPIE,A,Max,0.3,2075,2.44796
REMIND-MAgPIE,A,Max,0.3,2076,2.46988
REMIND-MAgPIE,A,Max,0.3,2077,2.4887
REMIND-MAgPIE,A,Max,0.3,2078,2.5092
REMIND-MAgPIE,A,Max,0.3,2079,2.5305999999999997
REMIND-MAgPIE,A,Max,0.3,2080,2.54988
REMIND-MAgPIE,A,Max,0.3,2081,2.5706
REMIND-MAgPIE,A,Max,0.3,2082,2.58958
REMIND-MAgPIE,A,Max,0.3,2083,2.61102
REMIND-MAgPIE,A,Max,0.3,2084,2.63106
REMIND-MAgPIE,A,Max,0.3,2085,2.65226
REMIND-MAgPIE,A,Max,0.3,2086,2.67264
REMIND-MAgPIE,A,Max,0.3,2087,2.69178
REMIND-MAgPIE,A,Max,0.3,2088,2.7122200000000003
REMIND-MAgPIE,A,Max,0.3,2089,2.73184
REMIND-MAgPIE,A,Max,0.3,2090,2.75078
REMIND-MAgPIE,A,Max,0.3,2091,2.76904
REMIND-MAgPIE,A,Max,0.3,2092,2.78772
REMIND-MAgPIE,A,Max,0.3,2093,2.80808
REMIND-MAgPIE,A,Max,0.3,2094,2.82822
REMIND-MAgPIE,A,Max,0.3,2095,2.8470999999999997
REMIND-MAgPIE,A,Max,0.3,2096,2.8666
REMIND-MAgPIE,A,Max,0.3,2097,2.88574
REMIND-MAgPIE,A,Max,0.3,2098,2.90466
REMIND-MAgPIE,A,Max,0.3,2099,2.92244
REMIND-MAgPIE,A,Max,0.3,2100,2.93948
REMIND-MAgPIE,A,Max,0.33,1990,0.560588
REMIND-MAgPIE,A,Max,0.33,1991,0.5587
REMIND-MAgPIE,A,Max,0.33,1992,0.454764
REMIND-MAgPIE,A,Max,0.33,1993,0.3729
REMIND-MAgPIE,A,Max,0.33,1994,0.403288
REMIND-MAgPIE,A,Max,0.33,1995,0.476276
REMIND-MAgPIE,A,Max,0.33,1996,0.5468
REMIND-MAgPIE,A,Max,0.33,1997,0.609
REMIND-MAgPIE,A,Max,0.33,1998,0.6651
REMIND-MAgPIE,A,Max,0.33,1999,0.7144
REMIND-MAgPIE,A,Max,0.33,2000,0.761688
REMIND-MAgPIE,A,Max,0.33,2001,0.8007
REMIND-MAgPIE,A,Max,0.33,2002,0.832
REMIND-MAgPIE,A,Max,0.33,2003,0.854988
REMIND-MAgPIE,A,Max,0.33,2004,0.872576
REMIND-MAgPIE,A,Max,0.33,2005,0.883428
REMIND-MAgPIE,A,Max,0.33,2006,0.8926
REMIND-MAgPIE,A,Max,0.33,2007,0.9045
REMIND-MAgPIE,A,Max,0.33,2008,0.919388
REMIND-MAgPIE,A,Max,0.33,2009,0.9377
REMIND-MAgPIE,A,Max,0.33,2010,0.958676
REMIND-MAgPIE,A,Max,0.33,2011,0.983788
REMIND-MAgPIE,A,Max,0.33,2012,1.009088
REMIND-MAgPIE,A,Max,0.33,2013,1.0368
REMIND-MAgPIE,A,Max,0.33,2014,1.064564
REMIND-MAgPIE,A,Max,0.33,2015,1.087288
REMIND-MAgPIE,A,Max,0.33,2016,1.107276
REMIND-MAgPIE,A,Max,0.33,2017,1.127376
REMIND-MAgPIE,A,Max,0.33,2018,1.151476
REMIND-MAgPIE,A,Max,0.33,2019,1.173888
REMIND-MAgPIE,A,Max,0.33,2020,1.1967880000000002
REMIND-MAgPIE,A,Max,0.33,2021,1.2211880000000002
REMIND-MAgPIE,A,Max,0.33,2022,1.243276
REMIND-MAgPIE,A,Max,0.33,2023,1.2653
REMIND-MAgPIE,A,Max,0.33,2024,1.286588
REMIND-MAgPIE,A,Max,0.33,2025,1.307
REMIND-MAgPIE,A,Max,0.33,2026,1.327676
REMIND-MAgPIE,A,Max,0.33,2027,1.348176
REMIND-MAgPIE,A,Max,0.33,2028,1.3684
REMIND-MAgPIE,A,Max,0.33,2029,1.3903640000000002
REMIND-MAgPIE,A,Max,0.33,2030,1.413428
REMIND-MAgPIE,A,Max,0.33,2031,1.4361
REMIND-MAgPIE,A,Max,0.33,2032,1.459764
REMIND-MAgPIE,A,Max,0.33,2033,1.4851
REMIND-MAgPIE,A,Max,0.33,2034,1.510776
REMIND-MAgPIE,A,Max,0.33,2035,1.5353880000000002
REMIND-MAgPIE,A,Max,0.33,2036,1.561488
REMIND-MAgPIE,A,Max,0.33,2037,1.5871
REMIND-MAgPIE,A,Max,0.33,2038,1.6126
REMIND-MAgPIE,A,Max,0.33,2039,1.639164
REMIND-MAgPIE,A,Max,0.33,2040,1.665628
REMIND-MAgPIE,A,Max,0.33,2041,1.689588
REMIND-MAgPIE,A,Max,0.33,2042,1.7131880000000002
REMIND-MAgPIE,A,Max,0.33,2043,1.7373880000000002
REMIND-MAgPIE,A,Max,0.33,2044,1.759476
REMIND-MAgPIE,A,Max,0.33,2045,1.784728
REMIND-MAgPIE,A,Max,0.33,2046,1.808788
REMIND-MAgPIE,A,Max,0.33,2047,1.83354
REMIND-MAgPIE,A,Max,0.33,2048,1.858064
REMIND-MAgPIE,A,Max,0.33,2049,1.881488
REMIND-MAgPIE,A,Max,0.33,2050,1.90664
REMIND-MAgPIE,A,Max,0.33,2051,1.93124
REMIND-MAgPIE,A,Max,0.33,2052,1.955188
REMIND-MAgPIE,A,Max,0.33,2053,1.9789
REMIND-MAgPIE,A,Max,0.33,2054,2.003088
REMIND-MAgPIE,A,Max,0.33,2055,2.026688
REMIND-MAgPIE,A,Max,0.33,2056,2.0501639999999997
REMIND-MAgPIE,A,Max,0.33,2057,2.073752
REMIND-MAgPIE,A,Max,0.33,2058,2.096376
REMIND-MAgPIE,A,Max,0.33,2059,2.1193880000000003
REMIND-MAgPIE,A,Max,0.33,2060,2.1431880000000003
REMIND-MAgPIE,A,Max,0.33,2061,2.1671
REMIND-MAgPIE,A,Max,0.33,2062,2.19124
REMIND-MAgPIE,A,Max,0.33,2063,2.214588
REMIND-MAgPIE,A,Max,0.33,2064,2.2361880000000003
REMIND-MAgPIE,A,Max,0.33,2065,2.25834
REMIND-MAgPIE,A,Max,0.33,2066,2.280688
REMIND-MAgPIE,A,Max,0.33,2067,2.303588
REMIND-MAgPIE,A,Max,0.33,2068,2.326152
REMIND-MAgPIE,A,Max,0.33,2069,2.348392
REMIND-MAgPIE,A,Max,0.33,2070,2.370276
REMIND-MAgPIE,A,Max,0.33,2071,2.3924079999999996
REMIND-MAgPIE,A,Max,0.33,2072,2.414004
REMIND-MAgPIE,A,Max,0.33,2073,2.436464
REMIND-MAgPIE,A,Max,0.33,2074,2.458688
REMIND-MAgPIE,A,Max,0.33,2075,2.48044
REMIND-MAgPIE,A,Max,0.33,2076,2.501876
REMIND-MAgPIE,A,Max,0.33,2077,2.523388
REMIND-MAgPIE,A,Max,0.33,2078,2.54538
REMIND-MAgPIE,A,Max,0.33,2079,2.5675760000000003
REMIND-MAgPIE,A,Max,0.33,2080,2.589144
REMIND-MAgPIE,A,Max,0.33,2081,2.61064
REMIND-MAgPIE,A,Max,0.33,2082,2.631132
REMIND-MAgPIE,A,Max,0.33,2083,2.652716
REMIND-MAgPIE,A,Max,0.33,2084,2.673464
REMIND-MAgPIE,A,Max,0.33,2085,2.693588
REMIND-MAgPIE,A,Max,0.33,2086,2.713376
REMIND-MAgPIE,A,Max,0.33,2087,2.733628
REMIND-MAgPIE,A,Max,0.33,2088,2.7536
REMIND-MAgPIE,A,Max,0.33,2089,2.77468
REMIND-MAgPIE,A,Max,0.33,2090,2.7946760000000004
REMIND-MAgPIE,A,Max,0.33,2091,2.813564
REMIND-MAgPIE,A,Max,0.33,2092,2.8331880000000003
REMIND-MAgPIE,A,Max,0.33,2093,2.852976
REMIND-MAgPIE,A,Max,0.33,2094,2.873364
REMIND-MAgPIE,A,Max,0.33,2095,2.8915
REMIND-MAgPIE,A,Max,0.33,2096,2.910432
REMIND-MAgPIE,A,Max,0.33,2097,2.927656
REMIND-MAgPIE,A,Max,0.33,2098,2.944788
REMIND-MAgPIE,A,Max,0.33,2099,2.962952
REMIND-MAgPIE,A,Max,0.33,2100,2.98004
REMIND-MAgPIE,A,Max,0.4,1990,0.5764400000000001
REMIND-MAgPIE,A,Max,0.4,1991,0.5745
REMIND-MAgPIE,A,Max,0.4,1992,0.4683
REMIND-MAgPIE,A,Max,0.4,1993,0.38874
REMIND-MAgPIE,A,Max,0.4,1994,0.4205
REMIND-MAgPIE,A,Max,0.4,1995,0.49174
REMIND-MAgPIE,A,Max,0.4,1996,0.5623
REMIND-MAgPIE,A,Max,0.4,1997,0.62414
REMIND-MAgPIE,A,Max,0.4,1998,0.67938
REMIND-MAgPIE,A,Max,0.4,1999,0.7315
REMIND-MAgPIE,A,Max,0.4,2000,0.7778
REMIND-MAgPIE,A,Max,0.4,2001,0.81784
REMIND-MAgPIE,A,Max,0.4,2002,0.85172
REMIND-MAgPIE,A,Max,0.4,2003,0.8758
REMIND-MAgPIE,A,Max,0.4,2004,0.8927400000000001
REMIND-MAgPIE,A,Max,0.4,2005,0.90484
REMIND-MAgPIE,A,Max,0.4,2006,0.91482
REMIND-MAgPIE,A,Max,0.4,2007,0.92618
REMIND-MAgPIE,A,Max,0.4,2008,0.9418
REMIND-MAgPIE,A,Max,0.4,2009,0.95892
REMIND-MAgPIE,A,Max,0.4,2010,0.98028
REMIND-MAgPIE,A,Max,0.4,2011,1.0057
REMIND-MAgPIE,A,Max,0.4,2012,1.03238
REMIND-MAgPIE,A,Max,0.4,2013,1.06314
REMIND-MAgPIE,A,Max,0.4,2014,1.09088
REMIND-MAgPIE,A,Max,0.4,2015,1.11372
REMIND-MAgPIE,A,Max,0.4,2016,1.1336
REMIND-MAgPIE,A,Max,0.4,2017,1.15644
REMIND-MAgPIE,A,Max,0.4,2018,1.1787800000000002
REMIND-MAgPIE,A,Max,0.4,2019,1.2031
REMIND-MAgPIE,A,Max,0.4,2020,1.22704
REMIND-MAgPIE,A,Max,0.4,2021,1.25124
REMIND-MAgPIE,A,Max,0.4,2022,1.27482
REMIND-MAgPIE,A,Max,0.4,2023,1.29804
REMIND-MAgPIE,A,Max,0.4,2024,1.31934
REMIND-MAgPIE,A,Max,0.4,2025,1.3403
REMIND-MAgPIE,A,Max,0.4,2026,1.36104
REMIND-MAgPIE,A,Max,0.4,2027,1.38174
REMIND-MAgPIE,A,Max,0.4,2028,1.40216
REMIND-MAgPIE,A,Max,0.4,2029,1.42508
REMIND-MAgPIE,A,Max,0.4,2030,1.44824
REMIND-MAgPIE,A,Max,0.4,2031,1.47184
REMIND-MAgPIE,A,Max,0.4,2032,1.49678
REMIND-MAgPIE,A,Max,0.4,2033,1.52122
REMIND-MAgPIE,A,Max,0.4,2034,1.5461
REMIND-MAgPIE,A,Max,0.4,2035,1.57186
REMIND-MAgPIE,A,Max,0.4,2036,1.59914
REMIND-MAgPIE,A,Max,0.4,2037,1.6267200000000002
REMIND-MAgPIE,A,Max,0.4,2038,1.6550200000000002
REMIND-MAgPIE,A,Max,0.4,2039,1.6807200000000002
REMIND-MAgPIE,A,Max,0.4,2040,1.70844
REMIND-MAgPIE,A,Max,0.4,2041,1.7353
REMIND-MAgPIE,A,Max,0.4,2042,1.76212
REMIND-MAgPIE,A,Max,0.4,2043,1.78818
REMIND-MAgPIE,A,Max,0.4,2044,1.81328
REMIND-MAgPIE,A,Max,0.4,2045,1.83906
REMIND-MAgPIE,A,Max,0.4,2046,1.86452
REMIND-MAgPIE,A,Max,0.4,2047,1.8901
REMIND-MAgPIE,A,Max,0.4,2048,1.916
REMIND-MAgPIE,A,Max,0.4,2049,1.94178
REMIND-MAgPIE,A,Max,0.4,2050,1.9679
REMIND-MAgPIE,A,Max,0.4,2051,1.99436
REMIND-MAgPIE,A,Max,0.4,2052,2.01968
REMIND-MAgPIE,A,Max,0.4,2053,2.0449
REMIND-MAgPIE,A,Max,0.4,2054,2.06978
REMIND-MAgPIE,A,Max,0.4,2055,2.09344
REMIND-MAgPIE,A,Max,0.4,2056,2.117
REMIND-MAgPIE,A,Max,0.4,2057,2.14012
REMIND-MAgPIE,A,Max,0.4,2058,2.16316
REMIND-MAgPIE,A,Max,0.4,2059,2.18622
REMIND-MAgPIE,A,Max,0.4,2060,2.21106
REMIND-MAgPIE,A,Max,0.4,2061,2.2359000000000004
REMIND-MAgPIE,A,Max,0.4,2062,2.2597400000000003
REMIND-MAgPIE,A,Max,0.4,2063,2.2846200000000003
REMIND-MAgPIE,A,Max,0.4,2064,2.30942
REMIND-MAgPIE,A,Max,0.4,2065,2.33242
REMIND-MAgPIE,A,Max,0.4,2066,2.35616
REMIND-MAgPIE,A,Max,0.4,2067,2.3793400000000005
REMIND-MAgPIE,A,Max,0.4,2068,2.40192
REMIND-MAgPIE,A,Max,0.4,2069,2.4259800000000005
REMIND-MAgPIE,A,Max,0.4,2070,2.44908
REMIND-MAgPIE,A,Max,0.4,2071,2.4734
REMIND-MAgPIE,A,Max,0.4,2072,2.49606
REMIND-MAgPIE,A,Max,0.4,2073,2.51912
REMIND-MAgPIE,A,Max,0.4,2074,2.54054
REMIND-MAgPIE,A,Max,0.4,2075,2.56164
REMIND-MAgPIE,A,Max,0.4,2076,2.58402
REMIND-MAgPIE,A,Max,0.4,2077,2.60642
REMIND-MAgPIE,A,Max,0.4,2078,2.63084
REMIND-MAgPIE,A,Max,0.4,2079,2.65372
REMIND-MAgPIE,A,Max,0.4,2080,2.6768
REMIND-MAgPIE,A,Max,0.4,2081,2.6985
REMIND-MAgPIE,A,Max,0.4,2082,2.72012
REMIND-MAgPIE,A,Max,0.4,2083,2.74284
REMIND-MAgPIE,A,Max,0.4,2084,2.76386
REMIND-MAgPIE,A,Max,0.4,2085,2.7851
REMIND-MAgPIE,A,Max,0.4,2086,2.80594
REMIND-MAgPIE,A,Max,0.4,2087,2.82764
REMIND-MAgPIE,A,Max,0.4,2088,2.84914
REMIND-MAgPIE,A,Max,0.4,2089,2.87004
REMIND-MAgPIE,A,Max,0.4,2090,2.8913
REMIND-MAgPIE,A,Max,0.4,2091,2.91264
REMIND-MAgPIE,A,Max,0.4,2092,2.93342
REMIND-MAgPIE,A,Max,0.4,2093,2.9542400000000004
REMIND-MAgPIE,A,Max,0.4,2094,2.9733400000000003
REMIND-MAgPIE,A,Max,0.4,2095,2.99324
REMIND-MAgPIE,A,Max,0.4,2096,3.01232
REMIND-MAgPIE,A,Max,0.4,2097,3.0318
REMIND-MAgPIE,A,Max,0.4,2098,3.05118
REMIND-MAgPIE,A,Max,0.4,2099,3.0697400000000004
REMIND-MAgPIE,A,Max,0.4,2100,3.0892
REMIND-MAgPIE,A,Max,0.5,1990,0.5963
REMIND-MAgPIE,A,Max,0.5,1991,0.5937
REMIND-MAgPIE,A,Max,0.5,1992,0.49370000000000003
REMIND-MAgPIE,A,Max,0.5,1993,0.4145
REMIND-MAgPIE,A,Max,0.5,1994,0.4442
REMIND-MAgPIE,A,Max,0.5,1995,0.5167
REMIND-MAgPIE,A,Max,0.5,1996,0.5857
REMIND-MAgPIE,A,Max,0.5,1997,0.6475
REMIND-MAgPIE,A,Max,0.5,1998,0.7026
REMIND-MAgPIE,A,Max,0.5,1999,0.7542
REMIND-MAgPIE,A,Max,0.5,2000,0.8017
REMIND-MAgPIE,A,Max,0.5,2001,0.8437
REMIND-MAgPIE,A,Max,0.5,2002,0.8779
REMIND-MAgPIE,A,Max,0.5,2003,0.9044
REMIND-MAgPIE,A,Max,0.5,2004,0.9211
REMIND-MAgPIE,A,Max,0.5,2005,0.9345
REMIND-MAgPIE,A,Max,0.5,2006,0.9449
REMIND-MAgPIE,A,Max,0.5,2007,0.9571
REMIND-MAgPIE,A,Max,0.5,2008,0.9743
REMIND-MAgPIE,A,Max,0.5,2009,0.9919
REMIND-MAgPIE,A,Max,0.5,2010,1.0141
REMIND-MAgPIE,A,Max,0.5,2011,1.0388
REMIND-MAgPIE,A,Max,0.5,2012,1.066
REMIND-MAgPIE,A,Max,0.5,2013,1.0956
REMIND-MAgPIE,A,Max,0.5,2014,1.1246
REMIND-MAgPIE,A,Max,0.5,2015,1.1488
REMIND-MAgPIE,A,Max,0.5,2016,1.1685
REMIND-MAgPIE,A,Max,0.5,2017,1.1911
REMIND-MAgPIE,A,Max,0.5,2018,1.2154
REMIND-MAgPIE,A,Max,0.5,2019,1.2397
REMIND-MAgPIE,A,Max,0.5,2020,1.2661
REMIND-MAgPIE,A,Max,0.5,2021,1.2904
REMIND-MAgPIE,A,Max,0.5,2022,1.3142
REMIND-MAgPIE,A,Max,0.5,2023,1.3394
REMIND-MAgPIE,A,Max,0.5,2024,1.3625
REMIND-MAgPIE,A,Max,0.5,2025,1.3871
REMIND-MAgPIE,A,Max,0.5,2026,1.4112
REMIND-MAgPIE,A,Max,0.5,2027,1.4337
REMIND-MAgPIE,A,Max,0.5,2028,1.4569
REMIND-MAgPIE,A,Max,0.5,2029,1.4796
REMIND-MAgPIE,A,Max,0.5,2030,1.5032
REMIND-MAgPIE,A,Max,0.5,2031,1.5292
REMIND-MAgPIE,A,Max,0.5,2032,1.5562
REMIND-MAgPIE,A,Max,0.5,2033,1.5832
REMIND-MAgPIE,A,Max,0.5,2034,1.6109
REMIND-MAgPIE,A,Max,0.5,2035,1.6382
REMIND-MAgPIE,A,Max,0.5,2036,1.6667
REMIND-MAgPIE,A,Max,0.5,2037,1.6965
REMIND-MAgPIE,A,Max,0.5,2038,1.7256
REMIND-MAgPIE,A,Max,0.5,2039,1.7542
REMIND-MAgPIE,A,Max,0.5,2040,1.7838
REMIND-MAgPIE,A,Max,0.5,2041,1.8117
REMIND-MAgPIE,A,Max,0.5,2042,1.8392
REMIND-MAgPIE,A,Max,0.5,2043,1.8683
REMIND-MAgPIE,A,Max,0.5,2044,1.8956
REMIND-MAgPIE,A,Max,0.5,2045,1.9223
REMIND-MAgPIE,A,Max,0.5,2046,1.9508
REMIND-MAgPIE,A,Max,0.5,2047,1.9781
REMIND-MAgPIE,A,Max,0.5,2048,2.0054
REMIND-MAgPIE,A,Max,0.5,2049,2.0322
REMIND-MAgPIE,A,Max,0.5,2050,2.0596
REMIND-MAgPIE,A,Max,0.5,2051,2.0881
REMIND-MAgPIE,A,Max,0.5,2052,2.1164
REMIND-MAgPIE,A,Max,0.5,2053,2.1445
REMIND-MAgPIE,A,Max,0.5,2054,2.1708
REMIND-MAgPIE,A,Max,0.5,2055,2.1978
REMIND-MAgPIE,A,Max,0.5,2056,2.2232
REMIND-MAgPIE,A,Max,0.5,2057,2.2496
REMIND-MAgPIE,A,Max,0.5,2058,2.2743
REMIND-MAgPIE,A,Max,0.5,2059,2.2994
REMIND-MAgPIE,A,Max,0.5,2060,2.3254
REMIND-MAgPIE,A,Max,0.5,2061,2.3504
REMIND-MAgPIE,A,Max,0.5,2062,2.3752
REMIND-MAgPIE,A,Max,0.5,2063,2.3999
REMIND-MAgPIE,A,Max,0.5,2064,2.4255
REMIND-MAgPIE,A,Max,0.5,2065,2.4498
REMIND-MAgPIE,A,Max,0.5,2066,2.475
REMIND-MAgPIE,A,Max,0.5,2067,2.499
REMIND-MAgPIE,A,Max,0.5,2068,2.5229
REMIND-MAgPIE,A,Max,0.5,2069,2.5474
REMIND-MAgPIE,A,Max,0.5,2070,2.5706
REMIND-MAgPIE,A,Max,0.5,2071,2.5955
REMIND-MAgPIE,A,Max,0.5,2072,2.6199
REMIND-MAgPIE,A,Max,0.5,2073,2.644
REMIND-MAgPIE,A,Max,0.5,2074,2.669
REMIND-MAgPIE,A,Max,0.5,2075,2.6937
REMIND-MAgPIE,A,Max,0.5,2076,2.7173
REMIND-MAgPIE,A,Max,0.5,2077,2.7411
REMIND-MAgPIE,A,Max,0.5,2078,2.7646
REMIND-MAgPIE,A,Max,0.5,2079,2.7874
REMIND-MAgPIE,A,Max,0.5,2080,2.8098
REMIND-MAgPIE,A,Max,0.5,2081,2.8328
REMIND-MAgPIE,A,Max,0.5,2082,2.8548
REMIND-MAgPIE,A,Max,0.5,2083,2.8771
REMIND-MAgPIE,A,Max,0.5,2084,2.8999
REMIND-MAgPIE,A,Max,0.5,2085,2.9231
REMIND-MAgPIE,A,Max,0.5,2086,2.9472
REMIND-MAgPIE,A,Max,0.5,2087,2.9686
REMIND-MAgPIE,A,Max,0.5,2088,2.9915
REMIND-MAgPIE,A,Max,0.5,2089,3.0145
REMIND-MAgPIE,A,Max,0.5,2090,3.0354
REMIND-MAgPIE,A,Max,0.5,2091,3.0566
REMIND-MAgPIE,A,Max,0.5,2092,3.0773
REMIND-MAgPIE,A,Max,0.5,2093,3.0996
REMIND-MAgPIE,A,Max,0.5,2094,3.1212
REMIND-MAgPIE,A,Max,0.5,2095,3.1433
REMIND-MAgPIE,A,Max,0.5,2096,3.1626
REMIND-MAgPIE,A,Max,0.5,2097,3.1839
REMIND-MAgPIE,A,Max,0.5,2098,3.205
REMIND-MAgPIE,A,Max,0.5,2099,3.2243
REMIND-MAgPIE,A,Max,0.5,2100,3.2452
REMIND-MAgPIE,A,Max,0.6,1990,0.6191
REMIND-MAgPIE,A,Max,0.6,1991,0.61646
REMIND-MAgPIE,A,Max,0.6,1992,0.5182
REMIND-MAgPIE,A,Max,0.6,1993,0.43818
REMIND-MAgPIE,A,Max,0.6,1994,0.46982
REMIND-MAgPIE,A,Max,0.6,1995,0.5405399999999999
REMIND-MAgPIE,A,Max,0.6,1996,0.6091
REMIND-MAgPIE,A,Max,0.6,1997,0.6696
REMIND-MAgPIE,A,Max,0.6,1998,0.72582
REMIND-MAgPIE,A,Max,0.6,1999,0.77882
REMIND-MAgPIE,A,Max,0.6,2000,0.82702
REMIND-MAgPIE,A,Max,0.6,2001,0.8675
REMIND-MAgPIE,A,Max,0.6,2002,0.90226
REMIND-MAgPIE,A,Max,0.6,2003,0.928
REMIND-MAgPIE,A,Max,0.6,2004,0.94766
REMIND-MAgPIE,A,Max,0.6,2005,0.96114
REMIND-MAgPIE,A,Max,0.6,2006,0.9739
REMIND-MAgPIE,A,Max,0.6,2007,0.98776
REMIND-MAgPIE,A,Max,0.6,2008,1.00436
REMIND-MAgPIE,A,Max,0.6,2009,1.0224
REMIND-MAgPIE,A,Max,0.6,2010,1.0443
REMIND-MAgPIE,A,Max,0.6,2011,1.06846
REMIND-MAgPIE,A,Max,0.6,2012,1.09692
REMIND-MAgPIE,A,Max,0.6,2013,1.12702
REMIND-MAgPIE,A,Max,0.6,2014,1.1576
REMIND-MAgPIE,A,Max,0.6,2015,1.1823
REMIND-MAgPIE,A,Max,0.6,2016,1.20358
REMIND-MAgPIE,A,Max,0.6,2017,1.22876
REMIND-MAgPIE,A,Max,0.6,2018,1.25588
REMIND-MAgPIE,A,Max,0.6,2019,1.2824799999999998
REMIND-MAgPIE,A,Max,0.6,2020,1.30904
REMIND-MAgPIE,A,Max,0.6,2021,1.3357
REMIND-MAgPIE,A,Max,0.6,2022,1.36022
REMIND-MAgPIE,A,Max,0.6,2023,1.38556
REMIND-MAgPIE,A,Max,0.6,2024,1.40982
REMIND-MAgPIE,A,Max,0.6,2025,1.43452
REMIND-MAgPIE,A,Max,0.6,2026,1.45986
REMIND-MAgPIE,A,Max,0.6,2027,1.48386
REMIND-MAgPIE,A,Max,0.6,2028,1.50816
REMIND-MAgPIE,A,Max,0.6,2029,1.53274
REMIND-MAgPIE,A,Max,0.6,2030,1.5573
REMIND-MAgPIE,A,Max,0.6,2031,1.58486
REMIND-MAgPIE,A,Max,0.6,2032,1.61236
REMIND-MAgPIE,A,Max,0.6,2033,1.64026
REMIND-MAgPIE,A,Max,0.6,2034,1.67052
REMIND-MAgPIE,A,Max,0.6,2035,1.7002799999999998
REMIND-MAgPIE,A,Max,0.6,2036,1.73096
REMIND-MAgPIE,A,Max,0.6,2037,1.76056
REMIND-MAgPIE,A,Max,0.6,2038,1.79026
REMIND-MAgPIE,A,Max,0.6,2039,1.82102
REMIND-MAgPIE,A,Max,0.6,2040,1.852
REMIND-MAgPIE,A,Max,0.6,2041,1.8817
REMIND-MAgPIE,A,Max,0.6,2042,1.9116
REMIND-MAgPIE,A,Max,0.6,2043,1.9414
REMIND-MAgPIE,A,Max,0.6,2044,1.9701
REMIND-MAgPIE,A,Max,0.6,2045,1.99854
REMIND-MAgPIE,A,Max,0.6,2046,2.0302
REMIND-MAgPIE,A,Max,0.6,2047,2.05958
REMIND-MAgPIE,A,Max,0.6,2048,2.08892
REMIND-MAgPIE,A,Max,0.6,2049,2.11942
REMIND-MAgPIE,A,Max,0.6,2050,2.1489
REMIND-MAgPIE,A,Max,0.6,2051,2.1794800000000003
REMIND-MAgPIE,A,Max,0.6,2052,2.20946
REMIND-MAgPIE,A,Max,0.6,2053,2.23902
REMIND-MAgPIE,A,Max,0.6,2054,2.26694
REMIND-MAgPIE,A,Max,0.6,2055,2.29526
REMIND-MAgPIE,A,Max,0.6,2056,2.32306
REMIND-MAgPIE,A,Max,0.6,2057,2.35126
REMIND-MAgPIE,A,Max,0.6,2058,2.37716
REMIND-MAgPIE,A,Max,0.6,2059,2.40462
REMIND-MAgPIE,A,Max,0.6,2060,2.43172
REMIND-MAgPIE,A,Max,0.6,2061,2.4586
REMIND-MAgPIE,A,Max,0.6,2062,2.48446
REMIND-MAgPIE,A,Max,0.6,2063,2.51076
REMIND-MAgPIE,A,Max,0.6,2064,2.53718
REMIND-MAgPIE,A,Max,0.6,2065,2.56302
REMIND-MAgPIE,A,Max,0.6,2066,2.58922
REMIND-MAgPIE,A,Max,0.6,2067,2.6152
REMIND-MAgPIE,A,Max,0.6,2068,2.6409
REMIND-MAgPIE,A,Max,0.6,2069,2.66614
REMIND-MAgPIE,A,Max,0.6,2070,2.693
REMIND-MAgPIE,A,Max,0.6,2071,2.7182799999999996
REMIND-MAgPIE,A,Max,0.6,2072,2.74422
REMIND-MAgPIE,A,Max,0.6,2073,2.7695
REMIND-MAgPIE,A,Max,0.6,2074,2.7952399999999997
REMIND-MAgPIE,A,Max,0.6,2075,2.82092
REMIND-MAgPIE,A,Max,0.6,2076,2.8463
REMIND-MAgPIE,A,Max,0.6,2077,2.87124
REMIND-MAgPIE,A,Max,0.6,2078,2.89636
REMIND-MAgPIE,A,Max,0.6,2079,2.92198
REMIND-MAgPIE,A,Max,0.6,2080,2.94738
REMIND-MAgPIE,A,Max,0.6,2081,2.97168
REMIND-MAgPIE,A,Max,0.6,2082,2.9967
REMIND-MAgPIE,A,Max,0.6,2083,3.02168
REMIND-MAgPIE,A,Max,0.6,2084,3.04696
REMIND-MAgPIE,A,Max,0.6,2085,3.07116
REMIND-MAgPIE,A,Max,0.6,2086,3.09454
REMIND-MAgPIE,A,Max,0.6,2087,3.1173599999999997
REMIND-MAgPIE,A,Max,0.6,2088,3.14072
REMIND-MAgPIE,A,Max,0.6,2089,3.16416
REMIND-MAgPIE,A,Max,0.6,2090,3.1877
REMIND-MAgPIE,A,Max,0.6,2091,3.20982
REMIND-MAgPIE,A,Max,0.6,2092,3.23154
REMIND-MAgPIE,A,Max,0.6,2093,3.2536
REMIND-MAgPIE,A,Max,0.6,2094,3.2759
REMIND-MAgPIE,A,Max,0.6,2095,3.2994399999999997
REMIND-MAgPIE,A,Max,0.6,2096,3.32026
REMIND-MAgPIE,A,Max,0.6,2097,3.3411799999999996
REMIND-MAgPIE,A,Max,0.6,2098,3.36272
REMIND-MAgPIE,A,Max,0.6,2099,3.38242
REMIND-MAgPIE,A,Max,0.6,2100,3.4029
REMIND-MAgPIE,A,Max,0.66,1990,0.632876
REMIND-MAgPIE,A,Max,0.66,1991,0.6296
REMIND-MAgPIE,A,Max,0.66,1992,0.531328
REMIND-MAgPIE,A,Max,0.66,1993,0.4559
REMIND-MAgPIE,A,Max,0.66,1994,0.484976
REMIND-MAgPIE,A,Max,0.66,1995,0.555476
REMIND-MAgPIE,A,Max,0.66,1996,0.623852
REMIND-MAgPIE,A,Max,0.66,1997,0.6845519999999999
REMIND-MAgPIE,A,Max,0.66,1998,0.7402759999999999
REMIND-MAgPIE,A,Max,0.66,1999,0.792976
REMIND-MAgPIE,A,Max,0.66,2000,0.841576
REMIND-MAgPIE,A,Max,0.66,2001,0.884276
REMIND-MAgPIE,A,Max,0.66,2002,0.918976
REMIND-MAgPIE,A,Max,0.66,2003,0.9457
REMIND-MAgPIE,A,Max,0.66,2004,0.963476
REMIND-MAgPIE,A,Max,0.66,2005,0.9786
REMIND-MAgPIE,A,Max,0.66,2006,0.990152
REMIND-MAgPIE,A,Max,0.66,2007,1.0037
REMIND-MAgPIE,A,Max,0.66,2008,1.019376
REMIND-MAgPIE,A,Max,0.66,2009,1.038504
REMIND-MAgPIE,A,Max,0.66,2010,1.062076
REMIND-MAgPIE,A,Max,0.66,2011,1.0881
REMIND-MAgPIE,A,Max,0.66,2012,1.115476
REMIND-MAgPIE,A,Max,0.66,2013,1.145876
REMIND-MAgPIE,A,Max,0.66,2014,1.176652
REMIND-MAgPIE,A,Max,0.66,2015,1.203
REMIND-MAgPIE,A,Max,0.66,2016,1.227076
REMIND-MAgPIE,A,Max,0.66,2017,1.251876
REMIND-MAgPIE,A,Max,0.66,2018,1.278152
REMIND-MAgPIE,A,Max,0.66,2019,1.3052
REMIND-MAgPIE,A,Max,0.66,2020,1.332976
REMIND-MAgPIE,A,Max,0.66,2021,1.3609
REMIND-MAgPIE,A,Max,0.66,2022,1.388156
REMIND-MAgPIE,A,Max,0.66,2023,1.415076
REMIND-MAgPIE,A,Max,0.66,2024,1.442252
REMIND-MAgPIE,A,Max,0.66,2025,1.467728
REMIND-MAgPIE,A,Max,0.66,2026,1.492476
REMIND-MAgPIE,A,Max,0.66,2027,1.51808
REMIND-MAgPIE,A,Max,0.66,2028,1.542552
REMIND-MAgPIE,A,Max,0.66,2029,1.568428
REMIND-MAgPIE,A,Max,0.66,2030,1.594076
REMIND-MAgPIE,A,Max,0.66,2031,1.620752
REMIND-MAgPIE,A,Max,0.66,2032,1.649252
REMIND-MAgPIE,A,Max,0.66,2033,1.677376
REMIND-MAgPIE,A,Max,0.66,2034,1.706752
REMIND-MAgPIE,A,Max,0.66,2035,1.737476
REMIND-MAgPIE,A,Max,0.66,2036,1.768528
REMIND-MAgPIE,A,Max,0.66,2037,1.801484
REMIND-MAgPIE,A,Max,0.66,2038,1.832728
REMIND-MAgPIE,A,Max,0.66,2039,1.8644
REMIND-MAgPIE,A,Max,0.66,2040,1.897176
REMIND-MAgPIE,A,Max,0.66,2041,1.930608
REMIND-MAgPIE,A,Max,0.66,2042,1.962228
REMIND-MAgPIE,A,Max,0.66,2043,1.992676
REMIND-MAgPIE,A,Max,0.66,2044,2.023076
REMIND-MAgPIE,A,Max,0.66,2045,2.055528
REMIND-MAgPIE,A,Max,0.66,2046,2.085332
REMIND-MAgPIE,A,Max,0.66,2047,2.11568
REMIND-MAgPIE,A,Max,0.66,2048,2.1451
REMIND-MAgPIE,A,Max,0.66,2049,2.1761
REMIND-MAgPIE,A,Max,0.66,2050,2.206352
REMIND-MAgPIE,A,Max,0.66,2051,2.23824
REMIND-MAgPIE,A,Max,0.66,2052,2.2674280000000002
REMIND-MAgPIE,A,Max,0.66,2053,2.2977079999999996
REMIND-MAgPIE,A,Max,0.66,2054,2.325152
REMIND-MAgPIE,A,Max,0.66,2055,2.352956
REMIND-MAgPIE,A,Max,0.66,2056,2.380376
REMIND-MAgPIE,A,Max,0.66,2057,2.409556
REMIND-MAgPIE,A,Max,0.66,2058,2.437392
REMIND-MAgPIE,A,Max,0.66,2059,2.464752
REMIND-MAgPIE,A,Max,0.66,2060,2.492
REMIND-MAgPIE,A,Max,0.66,2061,2.520704
REMIND-MAgPIE,A,Max,0.66,2062,2.54886
REMIND-MAgPIE,A,Max,0.66,2063,2.574876
REMIND-MAgPIE,A,Max,0.66,2064,2.602404
REMIND-MAgPIE,A,Max,0.66,2065,2.629876
REMIND-MAgPIE,A,Max,0.66,2066,2.658412
REMIND-MAgPIE,A,Max,0.66,2067,2.687984
REMIND-MAgPIE,A,Max,0.66,2068,2.7150600000000003
REMIND-MAgPIE,A,Max,0.66,2069,2.741652
REMIND-MAgPIE,A,Max,0.66,2070,2.769776
REMIND-MAgPIE,A,Max,0.66,2071,2.79638
REMIND-MAgPIE,A,Max,0.66,2072,2.824084
REMIND-MAgPIE,A,Max,0.66,2073,2.8511320000000002
REMIND-MAgPIE,A,Max,0.66,2074,2.877
REMIND-MAgPIE,A,Max,0.66,2075,2.903852
REMIND-MAgPIE,A,Max,0.66,2076,2.930576
REMIND-MAgPIE,A,Max,0.66,2077,2.95688
REMIND-MAgPIE,A,Max,0.66,2078,2.98256
REMIND-MAgPIE,A,Max,0.66,2079,3.007412
REMIND-MAgPIE,A,Max,0.66,2080,3.031584
REMIND-MAgPIE,A,Max,0.66,2081,3.0556
REMIND-MAgPIE,A,Max,0.66,2082,3.081976
REMIND-MAgPIE,A,Max,0.66,2083,3.1078919999999997
REMIND-MAgPIE,A,Max,0.66,2084,3.1328039999999997
REMIND-MAgPIE,A,Max,0.66,2085,3.156456
REMIND-MAgPIE,A,Max,0.66,2086,3.1817919999999997
REMIND-MAgPIE,A,Max,0.66,2087,3.205704
REMIND-MAgPIE,A,Max,0.66,2088,3.230764
REMIND-MAgPIE,A,Max,0.66,2089,3.253812
REMIND-MAgPIE,A,Max,0.66,2090,3.2767
REMIND-MAgPIE,A,Max,0.66,2091,3.301284
REMIND-MAgPIE,A,Max,0.66,2092,3.3250439999999997
REMIND-MAgPIE,A,Max,0.66,2093,3.346852
REMIND-MAgPIE,A,Max,0.66,2094,3.368276
REMIND-MAgPIE,A,Max,0.66,2095,3.392352
REMIND-MAgPIE,A,Max,0.66,2096,3.417364
REMIND-MAgPIE,A,Max,0.66,2097,3.441492
REMIND-MAgPIE,A,Max,0.66,2098,3.4635439999999997
REMIND-MAgPIE,A,Max,0.66,2099,3.485552
REMIND-MAgPIE,A,Max,0.66,2100,3.50774
REMIND-MAgPIE,A,Max,0.7,1990,0.64206
REMIND-MAgPIE,A,Max,0.7,1991,0.6406
REMIND-MAgPIE,A,Max,0.7,1992,0.54232
REMIND-MAgPIE,A,Max,0.7,1993,0.4666
REMIND-MAgPIE,A,Max,0.7,1994,0.4964
REMIND-MAgPIE,A,Max,0.7,1995,0.5647
REMIND-MAgPIE,A,Max,0.7,1996,0.63322
REMIND-MAgPIE,A,Max,0.7,1997,0.6956199999999998
REMIND-MAgPIE,A,Max,0.7,1998,0.75082
REMIND-MAgPIE,A,Max,0.7,1999,0.8028599999999999
REMIND-MAgPIE,A,Max,0.7,2000,0.85192
REMIND-MAgPIE,A,Max,0.7,2001,0.89294
REMIND-MAgPIE,A,Max,0.7,2002,0.92862
REMIND-MAgPIE,A,Max,0.7,2003,0.95562
REMIND-MAgPIE,A,Max,0.7,2004,0.97522
REMIND-MAgPIE,A,Max,0.7,2005,0.98908
REMIND-MAgPIE,A,Max,0.7,2006,0.99972
REMIND-MAgPIE,A,Max,0.7,2007,1.01312
REMIND-MAgPIE,A,Max,0.7,2008,1.0308
REMIND-MAgPIE,A,Max,0.7,2009,1.05066
REMIND-MAgPIE,A,Max,0.7,2010,1.07414
REMIND-MAgPIE,A,Max,0.7,2011,1.10072
REMIND-MAgPIE,A,Max,0.7,2012,1.13068
REMIND-MAgPIE,A,Max,0.7,2013,1.16182
REMIND-MAgPIE,A,Max,0.7,2014,1.1925199999999998
REMIND-MAgPIE,A,Max,0.7,2015,1.21886
REMIND-MAgPIE,A,Max,0.7,2016,1.24224
REMIND-MAgPIE,A,Max,0.7,2017,1.26814
REMIND-MAgPIE,A,Max,0.7,2018,1.2958
REMIND-MAgPIE,A,Max,0.7,2019,1.32412
REMIND-MAgPIE,A,Max,0.7,2020,1.35234
REMIND-MAgPIE,A,Max,0.7,2021,1.3808
REMIND-MAgPIE,A,Max,0.7,2022,1.4091
REMIND-MAgPIE,A,Max,0.7,2023,1.435
REMIND-MAgPIE,A,Max,0.7,2024,1.4609
REMIND-MAgPIE,A,Max,0.7,2025,1.48682
REMIND-MAgPIE,A,Max,0.7,2026,1.5129199999999998
REMIND-MAgPIE,A,Max,0.7,2027,1.53776
REMIND-MAgPIE,A,Max,0.7,2028,1.56242
REMIND-MAgPIE,A,Max,0.7,2029,1.58902
REMIND-MAgPIE,A,Max,0.7,2030,1.61702
REMIND-MAgPIE,A,Max,0.7,2031,1.64654
REMIND-MAgPIE,A,Max,0.7,2032,1.67712
REMIND-MAgPIE,A,Max,0.7,2033,1.70734
REMIND-MAgPIE,A,Max,0.7,2034,1.7382799999999998
REMIND-MAgPIE,A,Max,0.7,2035,1.7695
REMIND-MAgPIE,A,Max,0.7,2036,1.8006799999999998
REMIND-MAgPIE,A,Max,0.7,2037,1.83202
REMIND-MAgPIE,A,Max,0.7,2038,1.86384
REMIND-MAgPIE,A,Max,0.7,2039,1.89648
REMIND-MAgPIE,A,Max,0.7,2040,1.93018
REMIND-MAgPIE,A,Max,0.7,2041,1.9625
REMIND-MAgPIE,A,Max,0.7,2042,1.99454
REMIND-MAgPIE,A,Max,0.7,2043,2.025
REMIND-MAgPIE,A,Max,0.7,2044,2.0569
REMIND-MAgPIE,A,Max,0.7,2045,2.0884
REMIND-MAgPIE,A,Max,0.7,2046,2.12
REMIND-MAgPIE,A,Max,0.7,2047,2.1504
REMIND-MAgPIE,A,Max,0.7,2048,2.1824
REMIND-MAgPIE,A,Max,0.7,2049,2.2126
REMIND-MAgPIE,A,Max,0.7,2050,2.24558
REMIND-MAgPIE,A,Max,0.7,2051,2.27674
REMIND-MAgPIE,A,Max,0.7,2052,2.3076
REMIND-MAgPIE,A,Max,0.7,2053,2.33696
REMIND-MAgPIE,A,Max,0.7,2054,2.36622
REMIND-MAgPIE,A,Max,0.7,2055,2.39564
REMIND-MAgPIE,A,Max,0.7,2056,2.4261
REMIND-MAgPIE,A,Max,0.7,2057,2.4531999999999994
REMIND-MAgPIE,A,Max,0.7,2058,2.48172
REMIND-MAgPIE,A,Max,0.7,2059,2.5090999999999997
REMIND-MAgPIE,A,Max,0.7,2060,2.5372
REMIND-MAgPIE,A,Max,0.7,2061,2.5653
REMIND-MAgPIE,A,Max,0.7,2062,2.59438
REMIND-MAgPIE,A,Max,0.7,2063,2.6224999999999996
REMIND-MAgPIE,A,Max,0.7,2064,2.6505599999999996
REMIND-MAgPIE,A,Max,0.7,2065,2.67944
REMIND-MAgPIE,A,Max,0.7,2066,2.70798
REMIND-MAgPIE,A,Max,0.7,2067,2.73624
REMIND-MAgPIE,A,Max,0.7,2068,2.7636999999999996
REMIND-MAgPIE,A,Max,0.7,2069,2.79312
REMIND-MAgPIE,A,Max,0.7,2070,2.8221399999999996
REMIND-MAgPIE,A,Max,0.7,2071,2.85042
REMIND-MAgPIE,A,Max,0.7,2072,2.87782
REMIND-MAgPIE,A,Max,0.7,2073,2.9046399999999997
REMIND-MAgPIE,A,Max,0.7,2074,2.93132
REMIND-MAgPIE,A,Max,0.7,2075,2.9576999999999996
REMIND-MAgPIE,A,Max,0.7,2076,2.9845200000000003
REMIND-MAgPIE,A,Max,0.7,2077,3.01106
REMIND-MAgPIE,A,Max,0.7,2078,3.03732
REMIND-MAgPIE,A,Max,0.7,2079,3.0641
REMIND-MAgPIE,A,Max,0.7,2080,3.09058
REMIND-MAgPIE,A,Max,0.7,2081,3.1178
REMIND-MAgPIE,A,Max,0.7,2082,3.14478
REMIND-MAgPIE,A,Max,0.7,2083,3.17222
REMIND-MAgPIE,A,Max,0.7,2084,3.1996200000000004
REMIND-MAgPIE,A,Max,0.7,2085,3.2252599999999996
REMIND-MAgPIE,A,Max,0.7,2086,3.2505
REMIND-MAgPIE,A,Max,0.7,2087,3.27542
REMIND-MAgPIE,A,Max,0.7,2088,3.30006
REMIND-MAgPIE,A,Max,0.7,2089,3.3242599999999993
REMIND-MAgPIE,A,Max,0.7,2090,3.348679999999999
REMIND-MAgPIE,A,Max,0.7,2091,3.37392
REMIND-MAgPIE,A,Max,0.7,2092,3.39918
REMIND-MAgPIE,A,Max,0.7,2093,3.4244399999999997
REMIND-MAgPIE,A,Max,0.7,2094,3.4482
REMIND-MAgPIE,A,Max,0.7,2095,3.47158
REMIND-MAgPIE,A,Max,0.7,2096,3.49454
REMIND-MAgPIE,A,Max,0.7,2097,3.51822
REMIND-MAgPIE,A,Max,0.7,2098,3.5406999999999997
REMIND-MAgPIE,A,Max,0.7,2099,3.5628
REMIND-MAgPIE,A,Max,0.7,2100,3.58406
REMIND-MAgPIE,A,Max,0.8,1990,0.6683
REMIND-MAgPIE,A,Max,0.8,1991,0.66708
REMIND-MAgPIE,A,Max,0.8,1992,0.56868
REMIND-MAgPIE,A,Max,0.8,1993,0.4922800000000001
REMIND-MAgPIE,A,Max,0.8,1994,0.5220400000000001
REMIND-MAgPIE,A,Max,0.8,1995,0.59116
REMIND-MAgPIE,A,Max,0.8,1996,0.6607
REMIND-MAgPIE,A,Max,0.8,1997,0.7226400000000001
REMIND-MAgPIE,A,Max,0.8,1998,0.7797
REMIND-MAgPIE,A,Max,0.8,1999,0.8308
REMIND-MAgPIE,A,Max,0.8,2000,0.8785600000000001
REMIND-MAgPIE,A,Max,0.8,2001,0.92036
REMIND-MAgPIE,A,Max,0.8,2002,0.95578
REMIND-MAgPIE,A,Max,0.8,2003,0.98148
REMIND-MAgPIE,A,Max,0.8,2004,1.00218
REMIND-MAgPIE,A,Max,0.8,2005,1.017
REMIND-MAgPIE,A,Max,0.8,2006,1.0299
REMIND-MAgPIE,A,Max,0.8,2007,1.0432
REMIND-MAgPIE,A,Max,0.8,2008,1.06038
REMIND-MAgPIE,A,Max,0.8,2009,1.08076
REMIND-MAgPIE,A,Max,0.8,2010,1.10554
REMIND-MAgPIE,A,Max,0.8,2011,1.13298
REMIND-MAgPIE,A,Max,0.8,2012,1.1633
REMIND-MAgPIE,A,Max,0.8,2013,1.19758
REMIND-MAgPIE,A,Max,0.8,2014,1.231
REMIND-MAgPIE,A,Max,0.8,2015,1.25914
REMIND-MAgPIE,A,Max,0.8,2016,1.28608
REMIND-MAgPIE,A,Max,0.8,2017,1.31386
REMIND-MAgPIE,A,Max,0.8,2018,1.3425
REMIND-MAgPIE,A,Max,0.8,2019,1.37076
REMIND-MAgPIE,A,Max,0.8,2020,1.3995
REMIND-MAgPIE,A,Max,0.8,2021,1.4303
REMIND-MAgPIE,A,Max,0.8,2022,1.46046
REMIND-MAgPIE,A,Max,0.8,2023,1.4894
REMIND-MAgPIE,A,Max,0.8,2024,1.51786
REMIND-MAgPIE,A,Max,0.8,2025,1.54522
REMIND-MAgPIE,A,Max,0.8,2026,1.5741
REMIND-MAgPIE,A,Max,0.8,2027,1.6011800000000005
REMIND-MAgPIE,A,Max,0.8,2028,1.6283800000000002
REMIND-MAgPIE,A,Max,0.8,2029,1.6564600000000005
REMIND-MAgPIE,A,Max,0.8,2030,1.6858
REMIND-MAgPIE,A,Max,0.8,2031,1.71558
REMIND-MAgPIE,A,Max,0.8,2032,1.74628
REMIND-MAgPIE,A,Max,0.8,2033,1.778
REMIND-MAgPIE,A,Max,0.8,2034,1.81048
REMIND-MAgPIE,A,Max,0.8,2035,1.84304
REMIND-MAgPIE,A,Max,0.8,2036,1.87658
REMIND-MAgPIE,A,Max,0.8,2037,1.91102
REMIND-MAgPIE,A,Max,0.8,2038,1.94538
REMIND-MAgPIE,A,Max,0.8,2039,1.9810000000000003
REMIND-MAgPIE,A,Max,0.8,2040,2.01956
REMIND-MAgPIE,A,Max,0.8,2041,2.05586
REMIND-MAgPIE,A,Max,0.8,2042,2.08908
REMIND-MAgPIE,A,Max,0.8,2043,2.12242
REMIND-MAgPIE,A,Max,0.8,2044,2.1583
REMIND-MAgPIE,A,Max,0.8,2045,2.1939400000000004
REMIND-MAgPIE,A,Max,0.8,2046,2.22678
REMIND-MAgPIE,A,Max,0.8,2047,2.2617800000000003
REMIND-MAgPIE,A,Max,0.8,2048,2.29564
REMIND-MAgPIE,A,Max,0.8,2049,2.33032
REMIND-MAgPIE,A,Max,0.8,2050,2.36592
REMIND-MAgPIE,A,Max,0.8,2051,2.40116
REMIND-MAgPIE,A,Max,0.8,2052,2.4342800000000002
REMIND-MAgPIE,A,Max,0.8,2053,2.46704
REMIND-MAgPIE,A,Max,0.8,2054,2.49846
REMIND-MAgPIE,A,Max,0.8,2055,2.53028
REMIND-MAgPIE,A,Max,0.8,2056,2.56216
REMIND-MAgPIE,A,Max,0.8,2057,2.59202
REMIND-MAgPIE,A,Max,0.8,2058,2.62182
REMIND-MAgPIE,A,Max,0.8,2059,2.65178
REMIND-MAgPIE,A,Max,0.8,2060,2.68136
REMIND-MAgPIE,A,Max,0.8,2061,2.71126
REMIND-MAgPIE,A,Max,0.8,2062,2.7421200000000003
REMIND-MAgPIE,A,Max,0.8,2063,2.77296
REMIND-MAgPIE,A,Max,0.8,2064,2.8042
REMIND-MAgPIE,A,Max,0.8,2065,2.83558
REMIND-MAgPIE,A,Max,0.8,2066,2.86714
REMIND-MAgPIE,A,Max,0.8,2067,2.89666
REMIND-MAgPIE,A,Max,0.8,2068,2.92544
REMIND-MAgPIE,A,Max,0.8,2069,2.9567800000000006
REMIND-MAgPIE,A,Max,0.8,2070,2.9866
REMIND-MAgPIE,A,Max,0.8,2071,3.0155000000000003
REMIND-MAgPIE,A,Max,0.8,2072,3.04386
REMIND-MAgPIE,A,Max,0.8,2073,3.07358
REMIND-MAgPIE,A,Max,0.8,2074,3.1021
REMIND-MAgPIE,A,Max,0.8,2075,3.1296200000000005
REMIND-MAgPIE,A,Max,0.8,2076,3.15798
REMIND-MAgPIE,A,Max,0.8,2077,3.1885600000000003
REMIND-MAgPIE,A,Max,0.8,2078,3.21694
REMIND-MAgPIE,A,Max,0.8,2079,3.24626
REMIND-MAgPIE,A,Max,0.8,2080,3.2744600000000004
REMIND-MAgPIE,A,Max,0.8,2081,3.3022400000000003
REMIND-MAgPIE,A,Max,0.8,2082,3.3307200000000003
REMIND-MAgPIE,A,Max,0.8,2083,3.3595200000000003
REMIND-MAgPIE,A,Max,0.8,2084,3.38886
REMIND-MAgPIE,A,Max,0.8,2085,3.4182600000000005
REMIND-MAgPIE,A,Max,0.8,2086,3.44464
REMIND-MAgPIE,A,Max,0.8,2087,3.4733400000000008
REMIND-MAgPIE,A,Max,0.8,2088,3.49844
REMIND-MAgPIE,A,Max,0.8,2089,3.5265800000000005
REMIND-MAgPIE,A,Max,0.8,2090,3.55228
REMIND-MAgPIE,A,Max,0.8,2091,3.5798600000000005
REMIND-MAgPIE,A,Max,0.8,2092,3.6066600000000006
REMIND-MAgPIE,A,Max,0.8,2093,3.6324
REMIND-MAgPIE,A,Max,0.8,2094,3.657760000000001
REMIND-MAgPIE,A,Max,0.8,2095,3.68126
REMIND-MAgPIE,A,Max,0.8,2096,3.70804
REMIND-MAgPIE,A,Max,0.8,2097,3.7325
REMIND-MAgPIE,A,Max,0.8,2098,3.75758
REMIND-MAgPIE,A,Max,0.8,2099,3.7827
REMIND-MAgPIE,A,Max,0.8,2100,3.8067
REMIND-MAgPIE,A,Max,0.833,1990,0.6784176
REMIND-MAgPIE,A,Max,0.833,1991,0.6773
REMIND-MAgPIE,A,Max,0.833,1992,0.5793176
REMIND-MAgPIE,A,Max,0.833,1993,0.5037764
REMIND-MAgPIE,A,Max,0.833,1994,0.5337588
REMIND-MAgPIE,A,Max,0.833,1995,0.6032588
REMIND-MAgPIE,A,Max,0.833,1996,0.6715764
REMIND-MAgPIE,A,Max,0.833,1997,0.7324588000000001
REMIND-MAgPIE,A,Max,0.833,1998,0.7890764
REMIND-MAgPIE,A,Max,0.833,1999,0.8422
REMIND-MAgPIE,A,Max,0.833,2000,0.8900764
REMIND-MAgPIE,A,Max,0.833,2001,0.9312176
REMIND-MAgPIE,A,Max,0.833,2002,0.9661352
REMIND-MAgPIE,A,Max,0.833,2003,0.9933588
REMIND-MAgPIE,A,Max,0.833,2004,1.0126176
REMIND-MAgPIE,A,Max,0.833,2005,1.0271
REMIND-MAgPIE,A,Max,0.833,2006,1.0405704
REMIND-MAgPIE,A,Max,0.833,2007,1.0550351999999998
REMIND-MAgPIE,A,Max,0.833,2008,1.0732764
REMIND-MAgPIE,A,Max,0.833,2009,1.0950588
REMIND-MAgPIE,A,Max,0.833,2010,1.1183588
REMIND-MAgPIE,A,Max,0.833,2011,1.1474
REMIND-MAgPIE,A,Max,0.833,2012,1.1779588
REMIND-MAgPIE,A,Max,0.833,2013,1.2099588
REMIND-MAgPIE,A,Max,0.833,2014,1.2469
REMIND-MAgPIE,A,Max,0.833,2015,1.2751352
REMIND-MAgPIE,A,Max,0.833,2016,1.3022588
REMIND-MAgPIE,A,Max,0.833,2017,1.3297588
REMIND-MAgPIE,A,Max,0.833,2018,1.3614292
REMIND-MAgPIE,A,Max,0.833,2019,1.3899764
REMIND-MAgPIE,A,Max,0.833,2020,1.421994
REMIND-MAgPIE,A,Max,0.833,2021,1.4540352
REMIND-MAgPIE,A,Max,0.833,2022,1.4846351999999998
REMIND-MAgPIE,A,Max,0.833,2023,1.5133588
REMIND-MAgPIE,A,Max,0.833,2024,1.5415764
REMIND-MAgPIE,A,Max,0.833,2025,1.5710588
REMIND-MAgPIE,A,Max,0.833,2026,1.5986176
REMIND-MAgPIE,A,Max,0.833,2027,1.626194
REMIND-MAgPIE,A,Max,0.833,2028,1.6531764
REMIND-MAgPIE,A,Max,0.833,2029,1.6814176
REMIND-MAgPIE,A,Max,0.833,2030,1.7127112
REMIND-MAgPIE,A,Max,0.833,2031,1.743794
REMIND-MAgPIE,A,Max,0.833,2032,1.7751528
REMIND-MAgPIE,A,Max,0.833,2033,1.8080588
REMIND-MAgPIE,A,Max,0.833,2034,1.841794
REMIND-MAgPIE,A,Max,0.833,2035,1.8788352
REMIND-MAgPIE,A,Max,0.833,2036,1.9121292
REMIND-MAgPIE,A,Max,0.833,2037,1.9489352
REMIND-MAgPIE,A,Max,0.833,2038,1.9842764
REMIND-MAgPIE,A,Max,0.833,2039,2.020394
REMIND-MAgPIE,A,Max,0.833,2040,2.0563588
REMIND-MAgPIE,A,Max,0.833,2041,2.0923352
REMIND-MAgPIE,A,Max,0.833,2042,2.1286704
REMIND-MAgPIE,A,Max,0.833,2043,2.164094
REMIND-MAgPIE,A,Max,0.833,2044,2.2001352
REMIND-MAgPIE,A,Max,0.833,2045,2.2358116
REMIND-MAgPIE,A,Max,0.833,2046,2.2711172
REMIND-MAgPIE,A,Max,0.833,2047,2.3066172
REMIND-MAgPIE,A,Max,0.833,2048,2.3416588
REMIND-MAgPIE,A,Max,0.833,2049,2.3776232
REMIND-MAgPIE,A,Max,0.833,2050,2.413688
REMIND-MAgPIE,A,Max,0.833,2051,2.448894
REMIND-MAgPIE,A,Max,0.833,2052,2.4840176
REMIND-MAgPIE,A,Max,0.833,2053,2.5186528
REMIND-MAgPIE,A,Max,0.833,2054,2.5521176
REMIND-MAgPIE,A,Max,0.833,2055,2.5856764
REMIND-MAgPIE,A,Max,0.833,2056,2.6175352000000003
REMIND-MAgPIE,A,Max,0.833,2057,2.6494704
REMIND-MAgPIE,A,Max,0.833,2058,2.6821468
REMIND-MAgPIE,A,Max,0.833,2059,2.7136291999999997
REMIND-MAgPIE,A,Max,0.833,2060,2.7445176
REMIND-MAgPIE,A,Max,0.833,2061,2.7772935999999997
REMIND-MAgPIE,A,Max,0.833,2062,2.8092352000000003
REMIND-MAgPIE,A,Max,0.833,2063,2.8394292
REMIND-MAgPIE,A,Max,0.833,2064,2.8700175999999997
REMIND-MAgPIE,A,Max,0.833,2065,2.9007528
REMIND-MAgPIE,A,Max,0.833,2066,2.931794
REMIND-MAgPIE,A,Max,0.833,2067,2.9631528
REMIND-MAgPIE,A,Max,0.833,2068,2.9935587999999997
REMIND-MAgPIE,A,Max,0.833,2069,3.0249468
REMIND-MAgPIE,A,Max,0.833,2070,3.0555588
REMIND-MAgPIE,A,Max,0.833,2071,3.0874759999999997
REMIND-MAgPIE,A,Max,0.833,2072,3.1169352
REMIND-MAgPIE,A,Max,0.833,2073,3.147288
REMIND-MAgPIE,A,Max,0.833,2074,3.1778352
REMIND-MAgPIE,A,Max,0.833,2075,3.2081352
REMIND-MAgPIE,A,Max,0.833,2076,3.2393584
REMIND-MAgPIE,A,Max,0.833,2077,3.2701404
REMIND-MAgPIE,A,Max,0.833,2078,3.2989116
REMIND-MAgPIE,A,Max,0.833,2079,3.3279528
REMIND-MAgPIE,A,Max,0.833,2080,3.3567704
REMIND-MAgPIE,A,Max,0.833,2081,3.3860175999999997
REMIND-MAgPIE,A,Max,0.833,2082,3.4144759999999996
REMIND-MAgPIE,A,Max,0.833,2083,3.4433764
REMIND-MAgPIE,A,Max,0.833,2084,3.4733115999999997
REMIND-MAgPIE,A,Max,0.833,2085,3.5009228
REMIND-MAgPIE,A,Max,0.833,2086,3.5294056
REMIND-MAgPIE,A,Max,0.833,2087,3.556794
REMIND-MAgPIE,A,Max,0.833,2088,3.5868176
REMIND-MAgPIE,A,Max,0.833,2089,3.6159936
REMIND-MAgPIE,A,Max,0.833,2090,3.6429468
REMIND-MAgPIE,A,Max,0.833,2091,3.6700704
REMIND-MAgPIE,A,Max,0.833,2092,3.696288
REMIND-MAgPIE,A,Max,0.833,2093,3.7229588
REMIND-MAgPIE,A,Max,0.833,2094,3.7501
REMIND-MAgPIE,A,Max,0.833,2095,3.7763176
REMIND-MAgPIE,A,Max,0.833,2096,3.8024176
REMIND-MAgPIE,A,Max,0.833,2097,3.8275172
REMIND-MAgPIE,A,Max,0.833,2098,3.8535056
REMIND-MAgPIE,A,Max,0.833,2099,3.8812588
REMIND-MAgPIE,A,Max,0.833,2100,3.9055176
REMIND-MAgPIE,A,Max,0.9,1990,0.70042
REMIND-MAgPIE,A,Max,0.9,1991,0.6982400000000001
REMIND-MAgPIE,A,Max,0.9,1992,0.605
REMIND-MAgPIE,A,Max,0.9,1993,0.53064
REMIND-MAgPIE,A,Max,0.9,1994,0.55858
REMIND-MAgPIE,A,Max,0.9,1995,0.62682
REMIND-MAgPIE,A,Max,0.9,1996,0.69428
REMIND-MAgPIE,A,Max,0.9,1997,0.7538
REMIND-MAgPIE,A,Max,0.9,1998,0.80842
REMIND-MAgPIE,A,Max,0.9,1999,0.8605400000000001
REMIND-MAgPIE,A,Max,0.9,2000,0.9097
REMIND-MAgPIE,A,Max,0.9,2001,0.95344
REMIND-MAgPIE,A,Max,0.9,2002,0.99034
REMIND-MAgPIE,A,Max,0.9,2003,1.01864
REMIND-MAgPIE,A,Max,0.9,2004,1.03908
REMIND-MAgPIE,A,Max,0.9,2005,1.0545
REMIND-MAgPIE,A,Max,0.9,2006,1.06724
REMIND-MAgPIE,A,Max,0.9,2007,1.08276
REMIND-MAgPIE,A,Max,0.9,2008,1.10304
REMIND-MAgPIE,A,Max,0.9,2009,1.12458
REMIND-MAgPIE,A,Max,0.9,2010,1.14962
REMIND-MAgPIE,A,Max,0.9,2011,1.17936
REMIND-MAgPIE,A,Max,0.9,2012,1.2102
REMIND-MAgPIE,A,Max,0.9,2013,1.24442
REMIND-MAgPIE,A,Max,0.9,2014,1.27984
REMIND-MAgPIE,A,Max,0.9,2015,1.31014
REMIND-MAgPIE,A,Max,0.9,2016,1.33876
REMIND-MAgPIE,A,Max,0.9,2017,1.36966
REMIND-MAgPIE,A,Max,0.9,2018,1.4025200000000002
REMIND-MAgPIE,A,Max,0.9,2019,1.43414
REMIND-MAgPIE,A,Max,0.9,2020,1.4661
REMIND-MAgPIE,A,Max,0.9,2021,1.5012800000000002
REMIND-MAgPIE,A,Max,0.9,2022,1.5345
REMIND-MAgPIE,A,Max,0.9,2023,1.56678
REMIND-MAgPIE,A,Max,0.9,2024,1.59874
REMIND-MAgPIE,A,Max,0.9,2025,1.62964
REMIND-MAgPIE,A,Max,0.9,2026,1.65982
REMIND-MAgPIE,A,Max,0.9,2027,1.6907800000000002
REMIND-MAgPIE,A,Max,0.9,2028,1.72234
REMIND-MAgPIE,A,Max,0.9,2029,1.75254
REMIND-MAgPIE,A,Max,0.9,2030,1.78222
REMIND-MAgPIE,A,Max,0.9,2031,1.8167200000000003
REMIND-MAgPIE,A,Max,0.9,2032,1.8504
REMIND-MAgPIE,A,Max,0.9,2033,1.88744
REMIND-MAgPIE,A,Max,0.9,2034,1.92398
REMIND-MAgPIE,A,Max,0.9,2035,1.9627
REMIND-MAgPIE,A,Max,0.9,2036,1.99972
REMIND-MAgPIE,A,Max,0.9,2037,2.03728
REMIND-MAgPIE,A,Max,0.9,2038,2.07656
REMIND-MAgPIE,A,Max,0.9,2039,2.11678
REMIND-MAgPIE,A,Max,0.9,2040,2.15678
REMIND-MAgPIE,A,Max,0.9,2041,2.19944
REMIND-MAgPIE,A,Max,0.9,2042,2.24018
REMIND-MAgPIE,A,Max,0.9,2043,2.2794200000000004
REMIND-MAgPIE,A,Max,0.9,2044,2.3183200000000004
REMIND-MAgPIE,A,Max,0.9,2045,2.3561600000000005
REMIND-MAgPIE,A,Max,0.9,2046,2.396
REMIND-MAgPIE,A,Max,0.9,2047,2.4351
REMIND-MAgPIE,A,Max,0.9,2048,2.47566
REMIND-MAgPIE,A,Max,0.9,2049,2.5127200000000003
REMIND-MAgPIE,A,Max,0.9,2050,2.55348
REMIND-MAgPIE,A,Max,0.9,2051,2.59358
REMIND-MAgPIE,A,Max,0.9,2052,2.63466
REMIND-MAgPIE,A,Max,0.9,2053,2.67316
REMIND-MAgPIE,A,Max,0.9,2054,2.70976
REMIND-MAgPIE,A,Max,0.9,2055,2.74576
REMIND-MAgPIE,A,Max,0.9,2056,2.7809
REMIND-MAgPIE,A,Max,0.9,2057,2.81504
REMIND-MAgPIE,A,Max,0.9,2058,2.84834
REMIND-MAgPIE,A,Max,0.9,2059,2.88198
REMIND-MAgPIE,A,Max,0.9,2060,2.9154000000000004
REMIND-MAgPIE,A,Max,0.9,2061,2.94756
REMIND-MAgPIE,A,Max,0.9,2062,2.97998
REMIND-MAgPIE,A,Max,0.9,2063,3.01216
REMIND-MAgPIE,A,Max,0.9,2064,3.04846
REMIND-MAgPIE,A,Max,0.9,2065,3.0806400000000003
REMIND-MAgPIE,A,Max,0.9,2066,3.11324
REMIND-MAgPIE,A,Max,0.9,2067,3.14704
REMIND-MAgPIE,A,Max,0.9,2068,3.17994
REMIND-MAgPIE,A,Max,0.9,2069,3.21172
REMIND-MAgPIE,A,Max,0.9,2070,3.24324
REMIND-MAgPIE,A,Max,0.9,2071,3.27488
REMIND-MAgPIE,A,Max,0.9,2072,3.3056
REMIND-MAgPIE,A,Max,0.9,2073,3.33642
REMIND-MAgPIE,A,Max,0.9,2074,3.36814
REMIND-MAgPIE,A,Max,0.9,2075,3.4003
REMIND-MAgPIE,A,Max,0.9,2076,3.4321
REMIND-MAgPIE,A,Max,0.9,2077,3.46284
REMIND-MAgPIE,A,Max,0.9,2078,3.49402
REMIND-MAgPIE,A,Max,0.9,2079,3.52554
REMIND-MAgPIE,A,Max,0.9,2080,3.55768
REMIND-MAgPIE,A,Max,0.9,2081,3.5911
REMIND-MAgPIE,A,Max,0.9,2082,3.6227
REMIND-MAgPIE,A,Max,0.9,2083,3.65436
REMIND-MAgPIE,A,Max,0.9,2084,3.68514
REMIND-MAgPIE,A,Max,0.9,2085,3.71556
REMIND-MAgPIE,A,Max,0.9,2086,3.7442
REMIND-MAgPIE,A,Max,0.9,2087,3.7742
REMIND-MAgPIE,A,Max,0.9,2088,3.80466
REMIND-MAgPIE,A,Max,0.9,2089,3.8341
REMIND-MAgPIE,A,Max,0.9,2090,3.8613
REMIND-MAgPIE,A,Max,0.9,2091,3.889040000000001
REMIND-MAgPIE,A,Max,0.9,2092,3.91946
REMIND-MAgPIE,A,Max,0.9,2093,3.94898
REMIND-MAgPIE,A,Max,0.9,2094,3.9768
REMIND-MAgPIE,A,Max,0.9,2095,4.00858
REMIND-MAgPIE,A,Max,0.9,2096,4.03768
REMIND-MAgPIE,A,Max,0.9,2097,4.06604
REMIND-MAgPIE,A,Max,0.9,2098,4.094500000000001
REMIND-MAgPIE,A,Max,0.9,2099,4.11984
REMIND-MAgPIE,A,Max,0.9,2100,4.14862
REMIND-MAgPIE,A,Median,0.1,1990,0.49856
REMIND-MAgPIE,A,Median,0.1,1991,0.4953
REMIND-MAgPIE,A,Median,0.1,1992,0.38984
REMIND-MAgPIE,A,Median,0.1,1993,0.3043
REMIND-MAgPIE,A,Median,0.1,1994,0.3383
REMIND-MAgPIE,A,Median,0.1,1995,0.41346
REMIND-MAgPIE,A,Median,0.1,1996,0.48376
REMIND-MAgPIE,A,Median,0.1,1997,0.54462
REMIND-MAgPIE,A,Median,0.1,1998,0.5989
REMIND-MAgPIE,A,Median,0.1,1999,0.6479400000000001
REMIND-MAgPIE,A,Median,0.1,2000,0.69316
REMIND-MAgPIE,A,Median,0.1,2001,0.73178
REMIND-MAgPIE,A,Median,0.1,2002,0.76002
REMIND-MAgPIE,A,Median,0.1,2003,0.77982
REMIND-MAgPIE,A,Median,0.1,2004,0.792
REMIND-MAgPIE,A,Median,0.1,2005,0.80016
REMIND-MAgPIE,A,Median,0.1,2006,0.8069200000000001
REMIND-MAgPIE,A,Median,0.1,2007,0.81512
REMIND-MAgPIE,A,Median,0.1,2008,0.82814
REMIND-MAgPIE,A,Median,0.1,2009,0.8437
REMIND-MAgPIE,A,Median,0.1,2010,0.86408
REMIND-MAgPIE,A,Median,0.1,2011,0.8871
REMIND-MAgPIE,A,Median,0.1,2012,0.91134
REMIND-MAgPIE,A,Median,0.1,2013,0.9374
REMIND-MAgPIE,A,Median,0.1,2014,0.96216
REMIND-MAgPIE,A,Median,0.1,2015,0.9812
REMIND-MAgPIE,A,Median,0.1,2016,0.99776
REMIND-MAgPIE,A,Median,0.1,2017,1.01356
REMIND-MAgPIE,A,Median,0.1,2018,1.03332
REMIND-MAgPIE,A,Median,0.1,2019,1.05258
REMIND-MAgPIE,A,Median,0.1,2020,1.07516
REMIND-MAgPIE,A,Median,0.1,2021,1.09776
REMIND-MAgPIE,A,Median,0.1,2022,1.117
REMIND-MAgPIE,A,Median,0.1,2023,1.13686
REMIND-MAgPIE,A,Median,0.1,2024,1.15442
REMIND-MAgPIE,A,Median,0.1,2025,1.1724
REMIND-MAgPIE,A,Median,0.1,2026,1.18926
REMIND-MAgPIE,A,Median,0.1,2027,1.2071
REMIND-MAgPIE,A,Median,0.1,2028,1.2261
REMIND-MAgPIE,A,Median,0.1,2029,1.24322
REMIND-MAgPIE,A,Median,0.1,2030,1.2624
REMIND-MAgPIE,A,Median,0.1,2031,1.28196
REMIND-MAgPIE,A,Median,0.1,2032,1.3023
REMIND-MAgPIE,A,Median,0.1,2033,1.32274
REMIND-MAgPIE,A,Median,0.1,2034,1.34224
REMIND-MAgPIE,A,Median,0.1,2035,1.3631
REMIND-MAgPIE,A,Median,0.1,2036,1.38258
REMIND-MAgPIE,A,Median,0.1,2037,1.40344
REMIND-MAgPIE,A,Median,0.1,2038,1.4241199999999998
REMIND-MAgPIE,A,Median,0.1,2039,1.44352
REMIND-MAgPIE,A,Median,0.1,2040,1.46334
REMIND-MAgPIE,A,Median,0.1,2041,1.48046
REMIND-MAgPIE,A,Median,0.1,2042,1.49852
REMIND-MAgPIE,A,Median,0.1,2043,1.51648
REMIND-MAgPIE,A,Median,0.1,2044,1.53322
REMIND-MAgPIE,A,Median,0.1,2045,1.549
REMIND-MAgPIE,A,Median,0.1,2046,1.5646
REMIND-MAgPIE,A,Median,0.1,2047,1.5791
REMIND-MAgPIE,A,Median,0.1,2048,1.59288
REMIND-MAgPIE,A,Median,0.1,2049,1.60888
REMIND-MAgPIE,A,Median,0.1,2050,1.6242800000000002
REMIND-MAgPIE,A,Median,0.1,2051,1.6404800000000002
REMIND-MAgPIE,A,Median,0.1,2052,1.6561
REMIND-MAgPIE,A,Median,0.1,2053,1.67126
REMIND-MAgPIE,A,Median,0.1,2054,1.68716
REMIND-MAgPIE,A,Median,0.1,2055,1.7024199999999998
REMIND-MAgPIE,A,Median,0.1,2056,1.71896
REMIND-MAgPIE,A,Median,0.1,2057,1.73438
REMIND-MAgPIE,A,Median,0.1,2058,1.7486
REMIND-MAgPIE,A,Median,0.1,2059,1.7635
REMIND-MAgPIE,A,Median,0.1,2060,1.77848
REMIND-MAgPIE,A,Median,0.1,2061,1.79326
REMIND-MAgPIE,A,Median,0.1,2062,1.8093
REMIND-MAgPIE,A,Median,0.1,2063,1.8236
REMIND-MAgPIE,A,Median,0.1,2064,1.83846
REMIND-MAgPIE,A,Median,0.1,2065,1.85302
REMIND-MAgPIE,A,Median,0.1,2066,1.86812
REMIND-MAgPIE,A,Median,0.1,2067,1.8834
REMIND-MAgPIE,A,Median,0.1,2068,1.89926
REMIND-MAgPIE,A,Median,0.1,2069,1.91472
REMIND-MAgPIE,A,Median,0.1,2070,1.9307
REMIND-MAgPIE,A,Median,0.1,2071,1.94674
REMIND-MAgPIE,A,Median,0.1,2072,1.96236
REMIND-MAgPIE,A,Median,0.1,2073,1.97796
REMIND-MAgPIE,A,Median,0.1,2074,1.99274
REMIND-MAgPIE,A,Median,0.1,2075,2.00732
REMIND-MAgPIE,A,Median,0.1,2076,2.02272
REMIND-MAgPIE,A,Median,0.1,2077,2.03806
REMIND-MAgPIE,A,Median,0.1,2078,2.05392
REMIND-MAgPIE,A,Median,0.1,2079,2.0703
REMIND-MAgPIE,A,Median,0.1,2080,2.08686
REMIND-MAgPIE,A,Median,0.1,2081,2.1024
REMIND-MAgPIE,A,Median,0.1,2082,2.11902
REMIND-MAgPIE,A,Median,0.1,2083,2.135
REMIND-MAgPIE,A,Median,0.1,2084,2.15092
REMIND-MAgPIE,A,Median,0.1,2085,2.16668
REMIND-MAgPIE,A,Median,0.1,2086,2.1823
REMIND-MAgPIE,A,Median,0.1,2087,2.19762
REMIND-MAgPIE,A,Median,0.1,2088,2.21192
REMIND-MAgPIE,A,Median,0.1,2089,2.22496
REMIND-MAgPIE,A,Median,0.1,2090,2.23806
REMIND-MAgPIE,A,Median,0.1,2091,2.25218
REMIND-MAgPIE,A,Median,0.1,2092,2.2656
REMIND-MAgPIE,A,Median,0.1,2093,2.2799199999999997
REMIND-MAgPIE,A,Median,0.1,2094,2.29468
REMIND-MAgPIE,A,Median,0.1,2095,2.31
REMIND-MAgPIE,A,Median,0.1,2096,2.3238000000000003
REMIND-MAgPIE,A,Median,0.1,2097,2.33716
REMIND-MAgPIE,A,Median,0.1,2098,2.35044
REMIND-MAgPIE,A,Median,0.1,2099,2.36332
REMIND-MAgPIE,A,Median,0.1,2100,2.37616
REMIND-MAgPIE,A,Median,0.167,1990,0.5192412
REMIND-MAgPIE,A,Median,0.167,1991,0.5156412
REMIND-MAgPIE,A,Median,0.167,1992,0.4130412
REMIND-MAgPIE,A,Median,0.167,1993,0.3257412
REMIND-MAgPIE,A,Median,0.167,1994,0.3608412
REMIND-MAgPIE,A,Median,0.167,1995,0.4343884
REMIND-MAgPIE,A,Median,0.167,1996,0.5054
REMIND-MAgPIE,A,Median,0.167,1997,0.5669411999999999
REMIND-MAgPIE,A,Median,0.167,1998,0.6217412
REMIND-MAgPIE,A,Median,0.167,1999,0.6732824000000001
REMIND-MAgPIE,A,Median,0.167,2000,0.7188
REMIND-MAgPIE,A,Median,0.167,2001,0.7553411999999999
REMIND-MAgPIE,A,Median,0.167,2002,0.7840824000000001
REMIND-MAgPIE,A,Median,0.167,2003,0.8051
REMIND-MAgPIE,A,Median,0.167,2004,0.8179236
REMIND-MAgPIE,A,Median,0.167,2005,0.8273236
REMIND-MAgPIE,A,Median,0.167,2006,0.8378
REMIND-MAgPIE,A,Median,0.167,2007,0.8494824000000001
REMIND-MAgPIE,A,Median,0.167,2008,0.8631648
REMIND-MAgPIE,A,Median,0.167,2009,0.8803236
REMIND-MAgPIE,A,Median,0.167,2010,0.9000412
REMIND-MAgPIE,A,Median,0.167,2011,0.9230412
REMIND-MAgPIE,A,Median,0.167,2012,0.9469412
REMIND-MAgPIE,A,Median,0.167,2013,0.9749824
REMIND-MAgPIE,A,Median,0.167,2014,1.0006
REMIND-MAgPIE,A,Median,0.167,2015,1.0199412
REMIND-MAgPIE,A,Median,0.167,2016,1.0378412
REMIND-MAgPIE,A,Median,0.167,2017,1.0566236
REMIND-MAgPIE,A,Median,0.167,2018,1.0775
REMIND-MAgPIE,A,Median,0.167,2019,1.0985236
REMIND-MAgPIE,A,Median,0.167,2020,1.1196236
REMIND-MAgPIE,A,Median,0.167,2021,1.1401884
REMIND-MAgPIE,A,Median,0.167,2022,1.1610708
REMIND-MAgPIE,A,Median,0.167,2023,1.1815412
REMIND-MAgPIE,A,Median,0.167,2024,1.2008236
REMIND-MAgPIE,A,Median,0.167,2025,1.2198648
REMIND-MAgPIE,A,Median,0.167,2026,1.2378
REMIND-MAgPIE,A,Median,0.167,2027,1.2562648
REMIND-MAgPIE,A,Median,0.167,2028,1.2745412
REMIND-MAgPIE,A,Median,0.167,2029,1.2930236
REMIND-MAgPIE,A,Median,0.167,2030,1.3121472
REMIND-MAgPIE,A,Median,0.167,2031,1.3313648
REMIND-MAgPIE,A,Median,0.167,2032,1.3517412
REMIND-MAgPIE,A,Median,0.167,2033,1.3726824
REMIND-MAgPIE,A,Median,0.167,2034,1.3942
REMIND-MAgPIE,A,Median,0.167,2035,1.4161
REMIND-MAgPIE,A,Median,0.167,2036,1.4373648
REMIND-MAgPIE,A,Median,0.167,2037,1.4589236
REMIND-MAgPIE,A,Median,0.167,2038,1.4796648
REMIND-MAgPIE,A,Median,0.167,2039,1.5013648000000002
REMIND-MAgPIE,A,Median,0.167,2040,1.5238412
REMIND-MAgPIE,A,Median,0.167,2041,1.5446236
REMIND-MAgPIE,A,Median,0.167,2042,1.5637412000000002
REMIND-MAgPIE,A,Median,0.167,2043,1.5824412
REMIND-MAgPIE,A,Median,0.167,2044,1.6005472
REMIND-MAgPIE,A,Median,0.167,2045,1.6183412
REMIND-MAgPIE,A,Median,0.167,2046,1.636706
REMIND-MAgPIE,A,Median,0.167,2047,1.6553412
REMIND-MAgPIE,A,Median,0.167,2048,1.6729236
REMIND-MAgPIE,A,Median,0.167,2049,1.6915412
REMIND-MAgPIE,A,Median,0.167,2050,1.7089236
REMIND-MAgPIE,A,Median,0.167,2051,1.7249592
REMIND-MAgPIE,A,Median,0.167,2052,1.7406824
REMIND-MAgPIE,A,Median,0.167,2053,1.7569412
REMIND-MAgPIE,A,Median,0.167,2054,1.7731532
REMIND-MAgPIE,A,Median,0.167,2055,1.7894236
REMIND-MAgPIE,A,Median,0.167,2056,1.8041472
REMIND-MAgPIE,A,Median,0.167,2057,1.8193412
REMIND-MAgPIE,A,Median,0.167,2058,1.8359412
REMIND-MAgPIE,A,Median,0.167,2059,1.8525412
REMIND-MAgPIE,A,Median,0.167,2060,1.8683236
REMIND-MAgPIE,A,Median,0.167,2061,1.8843412
REMIND-MAgPIE,A,Median,0.167,2062,1.9008236
REMIND-MAgPIE,A,Median,0.167,2063,1.9164
REMIND-MAgPIE,A,Median,0.167,2064,1.9333944
REMIND-MAgPIE,A,Median,0.167,2065,1.9501412
REMIND-MAgPIE,A,Median,0.167,2066,1.9659824
REMIND-MAgPIE,A,Median,0.167,2067,1.9832
REMIND-MAgPIE,A,Median,0.167,2068,1.9992236
REMIND-MAgPIE,A,Median,0.167,2069,2.0149412
REMIND-MAgPIE,A,Median,0.167,2070,2.0311236
REMIND-MAgPIE,A,Median,0.167,2071,2.0474708
REMIND-MAgPIE,A,Median,0.167,2072,2.0646236
REMIND-MAgPIE,A,Median,0.167,2073,2.0818412
REMIND-MAgPIE,A,Median,0.167,2074,2.0985
REMIND-MAgPIE,A,Median,0.167,2075,2.1150059999999997
REMIND-MAgPIE,A,Median,0.167,2076,2.132
REMIND-MAgPIE,A,Median,0.167,2077,2.1487
REMIND-MAgPIE,A,Median,0.167,2078,2.1661472
REMIND-MAgPIE,A,Median,0.167,2079,2.1827944
REMIND-MAgPIE,A,Median,0.167,2080,2.199612
REMIND-MAgPIE,A,Median,0.167,2081,2.2166236
REMIND-MAgPIE,A,Median,0.167,2082,2.2334236
REMIND-MAgPIE,A,Median,0.167,2083,2.2502
REMIND-MAgPIE,A,Median,0.167,2084,2.2671824000000003
REMIND-MAgPIE,A,Median,0.167,2085,2.2845236
REMIND-MAgPIE,A,Median,0.167,2086,2.3012648000000002
REMIND-MAgPIE,A,Median,0.167,2087,2.3172884
REMIND-MAgPIE,A,Median,0.167,2088,2.3337648
REMIND-MAgPIE,A,Median,0.167,2089,2.3496236
REMIND-MAgPIE,A,Median,0.167,2090,2.365206
REMIND-MAgPIE,A,Median,0.167,2091,2.3814648
REMIND-MAgPIE,A,Median,0.167,2092,2.3976767999999997
REMIND-MAgPIE,A,Median,0.167,2093,2.4136888
REMIND-MAgPIE,A,Median,0.167,2094,2.4296008
REMIND-MAgPIE,A,Median,0.167,2095,2.4453716
REMIND-MAgPIE,A,Median,0.167,2096,2.4606712
REMIND-MAgPIE,A,Median,0.167,2097,2.4750647999999997
REMIND-MAgPIE,A,Median,0.167,2098,2.4881236
REMIND-MAgPIE,A,Median,0.167,2099,2.4997476
REMIND-MAgPIE,A,Median,0.167,2100,2.5122712
REMIND-MAgPIE,A,Median,0.2,1990,0.5283
REMIND-MAgPIE,A,Median,0.2,1991,0.52602
REMIND-MAgPIE,A,Median,0.2,1992,0.4232
REMIND-MAgPIE,A,Median,0.2,1993,0.33672
REMIND-MAgPIE,A,Median,0.2,1994,0.36974
REMIND-MAgPIE,A,Median,0.2,1995,0.44412
REMIND-MAgPIE,A,Median,0.2,1996,0.51444
REMIND-MAgPIE,A,Median,0.2,1997,0.57642
REMIND-MAgPIE,A,Median,0.2,1998,0.6328
REMIND-MAgPIE,A,Median,0.2,1999,0.68232
REMIND-MAgPIE,A,Median,0.2,2000,0.72874
REMIND-MAgPIE,A,Median,0.2,2001,0.76514
REMIND-MAgPIE,A,Median,0.2,2002,0.7941
REMIND-MAgPIE,A,Median,0.2,2003,0.81638
REMIND-MAgPIE,A,Median,0.2,2004,0.83104
REMIND-MAgPIE,A,Median,0.2,2005,0.8409800000000001
REMIND-MAgPIE,A,Median,0.2,2006,0.84922
REMIND-MAgPIE,A,Median,0.2,2007,0.8598
REMIND-MAgPIE,A,Median,0.2,2008,0.8746200000000001
REMIND-MAgPIE,A,Median,0.2,2009,0.89052
REMIND-MAgPIE,A,Median,0.2,2010,0.9115
REMIND-MAgPIE,A,Median,0.2,2011,0.93534
REMIND-MAgPIE,A,Median,0.2,2012,0.96018
REMIND-MAgPIE,A,Median,0.2,2013,0.987
REMIND-MAgPIE,A,Median,0.2,2014,1.0130599999999998
REMIND-MAgPIE,A,Median,0.2,2015,1.03434
REMIND-MAgPIE,A,Median,0.2,2016,1.05232
REMIND-MAgPIE,A,Median,0.2,2017,1.07054
REMIND-MAgPIE,A,Median,0.2,2018,1.0929
REMIND-MAgPIE,A,Median,0.2,2019,1.11422
REMIND-MAgPIE,A,Median,0.2,2020,1.13548
REMIND-MAgPIE,A,Median,0.2,2021,1.15688
REMIND-MAgPIE,A,Median,0.2,2022,1.1783199999999998
REMIND-MAgPIE,A,Median,0.2,2023,1.19864
REMIND-MAgPIE,A,Median,0.2,2024,1.21892
REMIND-MAgPIE,A,Median,0.2,2025,1.23838
REMIND-MAgPIE,A,Median,0.2,2026,1.25736
REMIND-MAgPIE,A,Median,0.2,2027,1.2759
REMIND-MAgPIE,A,Median,0.2,2028,1.2936800000000002
REMIND-MAgPIE,A,Median,0.2,2029,1.31224
REMIND-MAgPIE,A,Median,0.2,2030,1.3321
REMIND-MAgPIE,A,Median,0.2,2031,1.35322
REMIND-MAgPIE,A,Median,0.2,2032,1.3741
REMIND-MAgPIE,A,Median,0.2,2033,1.396
REMIND-MAgPIE,A,Median,0.2,2034,1.4167800000000002
REMIND-MAgPIE,A,Median,0.2,2035,1.43978
REMIND-MAgPIE,A,Median,0.2,2036,1.46202
REMIND-MAgPIE,A,Median,0.2,2037,1.483
REMIND-MAgPIE,A,Median,0.2,2038,1.50494
REMIND-MAgPIE,A,Median,0.2,2039,1.52664
REMIND-MAgPIE,A,Median,0.2,2040,1.54838
REMIND-MAgPIE,A,Median,0.2,2041,1.56862
REMIND-MAgPIE,A,Median,0.2,2042,1.5893
REMIND-MAgPIE,A,Median,0.2,2043,1.60796
REMIND-MAgPIE,A,Median,0.2,2044,1.62656
REMIND-MAgPIE,A,Median,0.2,2045,1.6453
REMIND-MAgPIE,A,Median,0.2,2046,1.66284
REMIND-MAgPIE,A,Median,0.2,2047,1.6797
REMIND-MAgPIE,A,Median,0.2,2048,1.69722
REMIND-MAgPIE,A,Median,0.2,2049,1.71544
REMIND-MAgPIE,A,Median,0.2,2050,1.73326
REMIND-MAgPIE,A,Median,0.2,2051,1.7517
REMIND-MAgPIE,A,Median,0.2,2052,1.7679
REMIND-MAgPIE,A,Median,0.2,2053,1.78494
REMIND-MAgPIE,A,Median,0.2,2054,1.80222
REMIND-MAgPIE,A,Median,0.2,2055,1.81932
REMIND-MAgPIE,A,Median,0.2,2056,1.83414
REMIND-MAgPIE,A,Median,0.2,2057,1.85066
REMIND-MAgPIE,A,Median,0.2,2058,1.86722
REMIND-MAgPIE,A,Median,0.2,2059,1.88362
REMIND-MAgPIE,A,Median,0.2,2060,1.9
REMIND-MAgPIE,A,Median,0.2,2061,1.91656
REMIND-MAgPIE,A,Median,0.2,2062,1.93334
REMIND-MAgPIE,A,Median,0.2,2063,1.94948
REMIND-MAgPIE,A,Median,0.2,2064,1.9671
REMIND-MAgPIE,A,Median,0.2,2065,1.98424
REMIND-MAgPIE,A,Median,0.2,2066,2.00154
REMIND-MAgPIE,A,Median,0.2,2067,2.01882
REMIND-MAgPIE,A,Median,0.2,2068,2.03654
REMIND-MAgPIE,A,Median,0.2,2069,2.05396
REMIND-MAgPIE,A,Median,0.2,2070,2.07192
REMIND-MAgPIE,A,Median,0.2,2071,2.08908
REMIND-MAgPIE,A,Median,0.2,2072,2.1068599999999997
REMIND-MAgPIE,A,Median,0.2,2073,2.12458
REMIND-MAgPIE,A,Median,0.2,2074,2.14226
REMIND-MAgPIE,A,Median,0.2,2075,2.15872
REMIND-MAgPIE,A,Median,0.2,2076,2.17536
REMIND-MAgPIE,A,Median,0.2,2077,2.1933399999999996
REMIND-MAgPIE,A,Median,0.2,2078,2.2097
REMIND-MAgPIE,A,Median,0.2,2079,2.2269
REMIND-MAgPIE,A,Median,0.2,2080,2.24492
REMIND-MAgPIE,A,Median,0.2,2081,2.26302
REMIND-MAgPIE,A,Median,0.2,2082,2.28096
REMIND-MAgPIE,A,Median,0.2,2083,2.29762
REMIND-MAgPIE,A,Median,0.2,2084,2.31426
REMIND-MAgPIE,A,Median,0.2,2085,2.33162
REMIND-MAgPIE,A,Median,0.2,2086,2.3484
REMIND-MAgPIE,A,Median,0.2,2087,2.36502
REMIND-MAgPIE,A,Median,0.2,2088,2.38194
REMIND-MAgPIE,A,Median,0.2,2089,2.39972
REMIND-MAgPIE,A,Median,0.2,2090,2.4163
REMIND-MAgPIE,A,Median,0.2,2091,2.4315
REMIND-MAgPIE,A,Median,0.2,2092,2.44628
REMIND-MAgPIE,A,Median,0.2,2093,2.46154
REMIND-MAgPIE,A,Median,0.2,2094,2.4772
REMIND-MAgPIE,A,Median,0.2,2095,2.49254
REMIND-MAgPIE,A,Median,0.2,2096,2.5072
REMIND-MAgPIE,A,Median,0.2,2097,2.52244
REMIND-MAgPIE,A,Median,0.2,2098,2.53722
REMIND-MAgPIE,A,Median,0.2,2099,2.5523
REMIND-MAgPIE,A,Median,0.2,2100,2.56746
REMIND-MAgPIE,A,Median,0.3,1990,0.5538399999999999
REMIND-MAgPIE,A,Median,0.3,1991,0.5508799999999999
REMIND-MAgPIE,A,Median,0.3,1992,0.44708
REMIND-MAgPIE,A,Median,0.3,1993,0.36496
REMIND-MAgPIE,A,Median,0.3,1994,0.39596
REMIND-MAgPIE,A,Median,0.3,1995,0.46988
REMIND-MAgPIE,A,Median,0.3,1996,0.5405399999999999
REMIND-MAgPIE,A,Median,0.3,1997,0.60146
REMIND-MAgPIE,A,Median,0.3,1998,0.6563
REMIND-MAgPIE,A,Median,0.3,1999,0.70718
REMIND-MAgPIE,A,Median,0.3,2000,0.75408
REMIND-MAgPIE,A,Median,0.3,2001,0.79306
REMIND-MAgPIE,A,Median,0.3,2002,0.82518
REMIND-MAgPIE,A,Median,0.3,2003,0.8481
REMIND-MAgPIE,A,Median,0.3,2004,0.86408
REMIND-MAgPIE,A,Median,0.3,2005,0.8746
REMIND-MAgPIE,A,Median,0.3,2006,0.88418
REMIND-MAgPIE,A,Median,0.3,2007,0.8954799999999999
REMIND-MAgPIE,A,Median,0.3,2008,0.90992
REMIND-MAgPIE,A,Median,0.3,2009,0.92628
REMIND-MAgPIE,A,Median,0.3,2010,0.94798
REMIND-MAgPIE,A,Median,0.3,2011,0.97356
REMIND-MAgPIE,A,Median,0.3,2012,1.00008
REMIND-MAgPIE,A,Median,0.3,2013,1.02806
REMIND-MAgPIE,A,Median,0.3,2014,1.05464
REMIND-MAgPIE,A,Median,0.3,2015,1.0746
REMIND-MAgPIE,A,Median,0.3,2016,1.09358
REMIND-MAgPIE,A,Median,0.3,2017,1.11522
REMIND-MAgPIE,A,Median,0.3,2018,1.13818
REMIND-MAgPIE,A,Median,0.3,2019,1.16306
REMIND-MAgPIE,A,Median,0.3,2020,1.18448
REMIND-MAgPIE,A,Median,0.3,2021,1.2076
REMIND-MAgPIE,A,Median,0.3,2022,1.2305
REMIND-MAgPIE,A,Median,0.3,2023,1.25108
REMIND-MAgPIE,A,Median,0.3,2024,1.27106
REMIND-MAgPIE,A,Median,0.3,2025,1.2931799999999998
REMIND-MAgPIE,A,Median,0.3,2026,1.31372
REMIND-MAgPIE,A,Median,0.3,2027,1.33308
REMIND-MAgPIE,A,Median,0.3,2028,1.35228
REMIND-MAgPIE,A,Median,0.3,2029,1.3720800000000002
REMIND-MAgPIE,A,Median,0.3,2030,1.39334
REMIND-MAgPIE,A,Median,0.3,2031,1.41614
REMIND-MAgPIE,A,Median,0.3,2032,1.43816
REMIND-MAgPIE,A,Median,0.3,2033,1.46008
REMIND-MAgPIE,A,Median,0.3,2034,1.48206
REMIND-MAgPIE,A,Median,0.3,2035,1.50404
REMIND-MAgPIE,A,Median,0.3,2036,1.5274800000000002
REMIND-MAgPIE,A,Median,0.3,2037,1.55
REMIND-MAgPIE,A,Median,0.3,2038,1.57248
REMIND-MAgPIE,A,Median,0.3,2039,1.59586
REMIND-MAgPIE,A,Median,0.3,2040,1.61864
REMIND-MAgPIE,A,Median,0.3,2041,1.64086
REMIND-MAgPIE,A,Median,0.3,2042,1.6623800000000002
REMIND-MAgPIE,A,Median,0.3,2043,1.68358
REMIND-MAgPIE,A,Median,0.3,2044,1.70454
REMIND-MAgPIE,A,Median,0.3,2045,1.72434
REMIND-MAgPIE,A,Median,0.3,2046,1.74428
REMIND-MAgPIE,A,Median,0.3,2047,1.76334
REMIND-MAgPIE,A,Median,0.3,2048,1.7813800000000002
REMIND-MAgPIE,A,Median,0.3,2049,1.80092
REMIND-MAgPIE,A,Median,0.3,2050,1.81964
REMIND-MAgPIE,A,Median,0.3,2051,1.84002
REMIND-MAgPIE,A,Median,0.3,2052,1.85858
REMIND-MAgPIE,A,Median,0.3,2053,1.87678
REMIND-MAgPIE,A,Median,0.3,2054,1.89438
REMIND-MAgPIE,A,Median,0.3,2055,1.91206
REMIND-MAgPIE,A,Median,0.3,2056,1.9292
REMIND-MAgPIE,A,Median,0.3,2057,1.94624
REMIND-MAgPIE,A,Median,0.3,2058,1.96472
REMIND-MAgPIE,A,Median,0.3,2059,1.98216
REMIND-MAgPIE,A,Median,0.3,2060,1.9986
REMIND-MAgPIE,A,Median,0.3,2061,2.01718
REMIND-MAgPIE,A,Median,0.3,2062,2.03562
REMIND-MAgPIE,A,Median,0.3,2063,2.0532
REMIND-MAgPIE,A,Median,0.3,2064,2.0716
REMIND-MAgPIE,A,Median,0.3,2065,2.08848
REMIND-MAgPIE,A,Median,0.3,2066,2.1058
REMIND-MAgPIE,A,Median,0.3,2067,2.1233600000000004
REMIND-MAgPIE,A,Median,0.3,2068,2.1414999999999997
REMIND-MAgPIE,A,Median,0.3,2069,2.15986
REMIND-MAgPIE,A,Median,0.3,2070,2.17852
REMIND-MAgPIE,A,Median,0.3,2071,2.19644
REMIND-MAgPIE,A,Median,0.3,2072,2.21472
REMIND-MAgPIE,A,Median,0.3,2073,2.2324
REMIND-MAgPIE,A,Median,0.3,2074,2.25022
REMIND-MAgPIE,A,Median,0.3,2075,2.26858
REMIND-MAgPIE,A,Median,0.3,2076,2.2867
REMIND-MAgPIE,A,Median,0.3,2077,2.3048
REMIND-MAgPIE,A,Median,0.3,2078,2.32252
REMIND-MAgPIE,A,Median,0.3,2079,2.34106
REMIND-MAgPIE,A,Median,0.3,2080,2.35962
REMIND-MAgPIE,A,Median,0.3,2081,2.37788
REMIND-MAgPIE,A,Median,0.3,2082,2.39622
REMIND-MAgPIE,A,Median,0.3,2083,2.41346
REMIND-MAgPIE,A,Median,0.3,2084,2.43098
REMIND-MAgPIE,A,Median,0.3,2085,2.44956
REMIND-MAgPIE,A,Median,0.3,2086,2.4678400000000003
REMIND-MAgPIE,A,Median,0.3,2087,2.48574
REMIND-MAgPIE,A,Median,0.3,2088,2.50376
REMIND-MAgPIE,A,Median,0.3,2089,2.5212
REMIND-MAgPIE,A,Median,0.3,2090,2.53766
REMIND-MAgPIE,A,Median,0.3,2091,2.5537
REMIND-MAgPIE,A,Median,0.3,2092,2.5706800000000003
REMIND-MAgPIE,A,Median,0.3,2093,2.58732
REMIND-MAgPIE,A,Median,0.3,2094,2.6042
REMIND-MAgPIE,A,Median,0.3,2095,2.62132
REMIND-MAgPIE,A,Median,0.3,2096,2.63806
REMIND-MAgPIE,A,Median,0.3,2097,2.6546
REMIND-MAgPIE,A,Median,0.3,2098,2.6705799999999997
REMIND-MAgPIE,A,Median,0.3,2099,2.68682
REMIND-MAgPIE,A,Median,0.3,2100,2.70178
REMIND-MAgPIE,A,Median,0.33,1990,0.560588
REMIND-MAgPIE,A,Median,0.33,1991,0.5587
REMIND-MAgPIE,A,Median,0.33,1992,0.454764
REMIND-MAgPIE,A,Median,0.33,1993,0.3729
REMIND-MAgPIE,A,Median,0.33,1994,0.403288
REMIND-MAgPIE,A,Median,0.33,1995,0.476276
REMIND-MAgPIE,A,Median,0.33,1996,0.5468
REMIND-MAgPIE,A,Median,0.33,1997,0.609
REMIND-MAgPIE,A,Median,0.33,1998,0.6651
REMIND-MAgPIE,A,Median,0.33,1999,0.7144
REMIND-MAgPIE,A,Median,0.33,2000,0.761688
REMIND-MAgPIE,A,Median,0.33,2001,0.8007
REMIND-MAgPIE,A,Median,0.33,2002,0.832
REMIND-MAgPIE,A,Median,0.33,2003,0.854988
REMIND-MAgPIE,A,Median,0.33,2004,0.872576
REMIND-MAgPIE,A,Median,0.33,2005,0.883428
REMIND-MAgPIE,A,Median,0.33,2006,0.8926
REMIND-MAgPIE,A,Median,0.33,2007,0.9045
REMIND-MAgPIE,A,Median,0.33,2008,0.919388
REMIND-MAgPIE,A,Median,0.33,2009,0.9377
REMIND-MAgPIE,A,Median,0.33,2010,0.958676
REMIND-MAgPIE,A,Median,0.33,2011,0.983788
REMIND-MAgPIE,A,Median,0.33,2012,1.009088
REMIND-MAgPIE,A,Median,0.33,2013,1.0368
REMIND-MAgPIE,A,Median,0.33,2014,1.064564
REMIND-MAgPIE,A,Median,0.33,2015,1.087288
REMIND-MAgPIE,A,Median,0.33,2016,1.107276
REMIND-MAgPIE,A,Median,0.33,2017,1.127376
REMIND-MAgPIE,A,Median,0.33,2018,1.151476
REMIND-MAgPIE,A,Median,0.33,2019,1.173888
REMIND-MAgPIE,A,Median,0.33,2020,1.1967880000000002
REMIND-MAgPIE,A,Median,0.33,2021,1.2211880000000002
REMIND-MAgPIE,A,Median,0.33,2022,1.243376
REMIND-MAgPIE,A,Median,0.33,2023,1.2655880000000002
REMIND-MAgPIE,A,Median,0.33,2024,1.286388
REMIND-MAgPIE,A,Median,0.33,2025,1.306688
REMIND-MAgPIE,A,Median,0.33,2026,1.3269
REMIND-MAgPIE,A,Median,0.33,2027,1.346888
REMIND-MAgPIE,A,Median,0.33,2028,1.366376
REMIND-MAgPIE,A,Median,0.33,2029,1.387188
REMIND-MAgPIE,A,Median,0.33,2030,1.409164
REMIND-MAgPIE,A,Median,0.33,2031,1.431
REMIND-MAgPIE,A,Median,0.33,2032,1.453788
REMIND-MAgPIE,A,Median,0.33,2033,1.476688
REMIND-MAgPIE,A,Median,0.33,2034,1.500376
REMIND-MAgPIE,A,Median,0.33,2035,1.5231
REMIND-MAgPIE,A,Median,0.33,2036,1.546688
REMIND-MAgPIE,A,Median,0.33,2037,1.570188
REMIND-MAgPIE,A,Median,0.33,2038,1.5939
REMIND-MAgPIE,A,Median,0.33,2039,1.617776
REMIND-MAgPIE,A,Median,0.33,2040,1.639952
REMIND-MAgPIE,A,Median,0.33,2041,1.661788
REMIND-MAgPIE,A,Median,0.33,2042,1.682892
REMIND-MAgPIE,A,Median,0.33,2043,1.7026640000000002
REMIND-MAgPIE,A,Median,0.33,2044,1.722076
REMIND-MAgPIE,A,Median,0.33,2045,1.742616
REMIND-MAgPIE,A,Median,0.33,2046,1.763088
REMIND-MAgPIE,A,Median,0.33,2047,1.781628
REMIND-MAgPIE,A,Median,0.33,2048,1.8001
REMIND-MAgPIE,A,Median,0.33,2049,1.82176
REMIND-MAgPIE,A,Median,0.33,2050,1.8407
REMIND-MAgPIE,A,Median,0.33,2051,1.861252
REMIND-MAgPIE,A,Median,0.33,2052,1.880488
REMIND-MAgPIE,A,Median,0.33,2053,1.8994
REMIND-MAgPIE,A,Median,0.33,2054,1.917904
REMIND-MAgPIE,A,Median,0.33,2055,1.9365
REMIND-MAgPIE,A,Median,0.33,2056,1.953944
REMIND-MAgPIE,A,Median,0.33,2057,1.971476
REMIND-MAgPIE,A,Median,0.33,2058,1.9901
REMIND-MAgPIE,A,Median,0.33,2059,2.0085
REMIND-MAgPIE,A,Median,0.33,2060,2.0261519999999997
REMIND-MAgPIE,A,Median,0.33,2061,2.043688
REMIND-MAgPIE,A,Median,0.33,2062,2.062052
REMIND-MAgPIE,A,Median,0.33,2063,2.080276
REMIND-MAgPIE,A,Median,0.33,2064,2.097988
REMIND-MAgPIE,A,Median,0.33,2065,2.116988
REMIND-MAgPIE,A,Median,0.33,2066,2.136088
REMIND-MAgPIE,A,Median,0.33,2067,2.154824
REMIND-MAgPIE,A,Median,0.33,2068,2.17194
REMIND-MAgPIE,A,Median,0.33,2069,2.19128
REMIND-MAgPIE,A,Median,0.33,2070,2.20994
REMIND-MAgPIE,A,Median,0.33,2071,2.228368
REMIND-MAgPIE,A,Median,0.33,2072,2.246792
REMIND-MAgPIE,A,Median,0.33,2073,2.26468
REMIND-MAgPIE,A,Median,0.33,2074,2.28298
REMIND-MAgPIE,A,Median,0.33,2075,2.301164
REMIND-MAgPIE,A,Median,0.33,2076,2.3192280000000003
REMIND-MAgPIE,A,Median,0.33,2077,2.3387320000000003
REMIND-MAgPIE,A,Median,0.33,2078,2.356388
REMIND-MAgPIE,A,Median,0.33,2079,2.375592
REMIND-MAgPIE,A,Median,0.33,2080,2.394928
REMIND-MAgPIE,A,Median,0.33,2081,2.415376
REMIND-MAgPIE,A,Median,0.33,2082,2.4354120000000004
REMIND-MAgPIE,A,Median,0.33,2083,2.453944
REMIND-MAgPIE,A,Median,0.33,2084,2.471488
REMIND-MAgPIE,A,Median,0.33,2085,2.4907
REMIND-MAgPIE,A,Median,0.33,2086,2.508976
REMIND-MAgPIE,A,Median,0.33,2087,2.5255639999999997
REMIND-MAgPIE,A,Median,0.33,2088,2.543516
REMIND-MAgPIE,A,Median,0.33,2089,2.561616
REMIND-MAgPIE,A,Median,0.33,2090,2.578932
REMIND-MAgPIE,A,Median,0.33,2091,2.595972
REMIND-MAgPIE,A,Median,0.33,2092,2.6116
REMIND-MAgPIE,A,Median,0.33,2093,2.62934
REMIND-MAgPIE,A,Median,0.33,2094,2.64584
REMIND-MAgPIE,A,Median,0.33,2095,2.6618880000000003
REMIND-MAgPIE,A,Median,0.33,2096,2.67804
REMIND-MAgPIE,A,Median,0.33,2097,2.694792
REMIND-MAgPIE,A,Median,0.33,2098,2.7111
REMIND-MAgPIE,A,Median,0.33,2099,2.72784
REMIND-MAgPIE,A,Median,0.33,2100,2.743488
REMIND-MAgPIE,A,Median,0.4,1990,0.5764400000000001
REMIND-MAgPIE,A,Median,0.4,1991,0.5745
REMIND-MAgPIE,A,Median,0.4,1992,0.4683
REMIND-MAgPIE,A,Median,0.4,1993,0.38874
REMIND-MAgPIE,A,Median,0.4,1994,0.4205
REMIND-MAgPIE,A,Median,0.4,1995,0.49174
REMIND-MAgPIE,A,Median,0.4,1996,0.5623
REMIND-MAgPIE,A,Median,0.4,1997,0.62414
REMIND-MAgPIE,A,Median,0.4,1998,0.67938
REMIND-MAgPIE,A,Median,0.4,1999,0.7315
REMIND-MAgPIE,A,Median,0.4,2000,0.7778
REMIND-MAgPIE,A,Median,0.4,2001,0.81784
REMIND-MAgPIE,A,Median,0.4,2002,0.85172
REMIND-MAgPIE,A,Median,0.4,2003,0.8758
REMIND-MAgPIE,A,Median,0.4,2004,0.8927400000000001
REMIND-MAgPIE,A,Median,0.4,2005,0.90484
REMIND-MAgPIE,A,Median,0.4,2006,0.91482
REMIND-MAgPIE,A,Median,0.4,2007,0.92618
REMIND-MAgPIE,A,Median,0.4,2008,0.9418
REMIND-MAgPIE,A,Median,0.4,2009,0.95892
REMIND-MAgPIE,A,Median,0.4,2010,0.98028
REMIND-MAgPIE,A,Median,0.4,2011,1.0057
REMIND-MAgPIE,A,Median,0.4,2012,1.03238
REMIND-MAgPIE,A,Median,0.4,2013,1.06314
REMIND-MAgPIE,A,Median,0.4,2014,1.09088
REMIND-MAgPIE,A,Median,0.4,2015,1.11372
REMIND-MAgPIE,A,Median,0.4,2016,1.1336
REMIND-MAgPIE,A,Median,0.4,2017,1.15644
REMIND-MAgPIE,A,Median,0.4,2018,1.1787800000000002
REMIND-MAgPIE,A,Median,0.4,2019,1.2031
REMIND-MAgPIE,A,Median,0.4,2020,1.22704
REMIND-MAgPIE,A,Median,0.4,2021,1.2512800000000002
REMIND-MAgPIE,A,Median,0.4,2022,1.27492
REMIND-MAgPIE,A,Median,0.4,2023,1.29808
REMIND-MAgPIE,A,Median,0.4,2024,1.3194
REMIND-MAgPIE,A,Median,0.4,2025,1.3399800000000002
REMIND-MAgPIE,A,Median,0.4,2026,1.3603200000000002
REMIND-MAgPIE,A,Median,0.4,2027,1.3803800000000002
REMIND-MAgPIE,A,Median,0.4,2028,1.40024
REMIND-MAgPIE,A,Median,0.4,2029,1.42214
REMIND-MAgPIE,A,Median,0.4,2030,1.44422
REMIND-MAgPIE,A,Median,0.4,2031,1.46698
REMIND-MAgPIE,A,Median,0.4,2032,1.49022
REMIND-MAgPIE,A,Median,0.4,2033,1.51314
REMIND-MAgPIE,A,Median,0.4,2034,1.53634
REMIND-MAgPIE,A,Median,0.4,2035,1.56008
REMIND-MAgPIE,A,Median,0.4,2036,1.5862200000000002
REMIND-MAgPIE,A,Median,0.4,2037,1.60982
REMIND-MAgPIE,A,Median,0.4,2038,1.63484
REMIND-MAgPIE,A,Median,0.4,2039,1.6586200000000002
REMIND-MAgPIE,A,Median,0.4,2040,1.68388
REMIND-MAgPIE,A,Median,0.4,2041,1.70794
REMIND-MAgPIE,A,Median,0.4,2042,1.7306
REMIND-MAgPIE,A,Median,0.4,2043,1.75234
REMIND-MAgPIE,A,Median,0.4,2044,1.77368
REMIND-MAgPIE,A,Median,0.4,2045,1.7939200000000002
REMIND-MAgPIE,A,Median,0.4,2046,1.8164
REMIND-MAgPIE,A,Median,0.4,2047,1.83738
REMIND-MAgPIE,A,Median,0.4,2048,1.8595
REMIND-MAgPIE,A,Median,0.4,2049,1.87934
REMIND-MAgPIE,A,Median,0.4,2050,1.9002
REMIND-MAgPIE,A,Median,0.4,2051,1.92004
REMIND-MAgPIE,A,Median,0.4,2052,1.94036
REMIND-MAgPIE,A,Median,0.4,2053,1.96128
REMIND-MAgPIE,A,Median,0.4,2054,1.98072
REMIND-MAgPIE,A,Median,0.4,2055,1.9992
REMIND-MAgPIE,A,Median,0.4,2056,2.0181
REMIND-MAgPIE,A,Median,0.4,2057,2.0368
REMIND-MAgPIE,A,Median,0.4,2058,2.05532
REMIND-MAgPIE,A,Median,0.4,2059,2.07324
REMIND-MAgPIE,A,Median,0.4,2060,2.09264
REMIND-MAgPIE,A,Median,0.4,2061,2.111
REMIND-MAgPIE,A,Median,0.4,2062,2.1292600000000004
REMIND-MAgPIE,A,Median,0.4,2063,2.14874
REMIND-MAgPIE,A,Median,0.4,2064,2.16784
REMIND-MAgPIE,A,Median,0.4,2065,2.18692
REMIND-MAgPIE,A,Median,0.4,2066,2.2062
REMIND-MAgPIE,A,Median,0.4,2067,2.22466
REMIND-MAgPIE,A,Median,0.4,2068,2.2444
REMIND-MAgPIE,A,Median,0.4,2069,2.26418
REMIND-MAgPIE,A,Median,0.4,2070,2.28298
REMIND-MAgPIE,A,Median,0.4,2071,2.30214
REMIND-MAgPIE,A,Median,0.4,2072,2.3218
REMIND-MAgPIE,A,Median,0.4,2073,2.33982
REMIND-MAgPIE,A,Median,0.4,2074,2.3598
REMIND-MAgPIE,A,Median,0.4,2075,2.38
REMIND-MAgPIE,A,Median,0.4,2076,2.40008
REMIND-MAgPIE,A,Median,0.4,2077,2.41994
REMIND-MAgPIE,A,Median,0.4,2078,2.43944
REMIND-MAgPIE,A,Median,0.4,2079,2.45858
REMIND-MAgPIE,A,Median,0.4,2080,2.47728
REMIND-MAgPIE,A,Median,0.4,2081,2.49598
REMIND-MAgPIE,A,Median,0.4,2082,2.5152400000000004
REMIND-MAgPIE,A,Median,0.4,2083,2.53458
REMIND-MAgPIE,A,Median,0.4,2084,2.55378
REMIND-MAgPIE,A,Median,0.4,2085,2.57368
REMIND-MAgPIE,A,Median,0.4,2086,2.5932600000000003
REMIND-MAgPIE,A,Median,0.4,2087,2.6116
REMIND-MAgPIE,A,Median,0.4,2088,2.6305199999999997
REMIND-MAgPIE,A,Median,0.4,2089,2.64856
REMIND-MAgPIE,A,Median,0.4,2090,2.66592
REMIND-MAgPIE,A,Median,0.4,2091,2.68402
REMIND-MAgPIE,A,Median,0.4,2092,2.704
REMIND-MAgPIE,A,Median,0.4,2093,2.72308
REMIND-MAgPIE,A,Median,0.4,2094,2.74106
REMIND-MAgPIE,A,Median,0.4,2095,2.7571
REMIND-MAgPIE,A,Median,0.4,2096,2.7727
REMIND-MAgPIE,A,Median,0.4,2097,2.78922
REMIND-MAgPIE,A,Median,0.4,2098,2.80648
REMIND-MAgPIE,A,Median,0.4,2099,2.8236
REMIND-MAgPIE,A,Median,0.4,2100,2.8392000000000004
REMIND-MAgPIE,A,Median,0.5,1990,0.5963
REMIND-MAgPIE,A,Median,0.5,1991,0.5937
REMIND-MAgPIE,A,Median,0.5,1992,0.49370000000000003
REMIND-MAgPIE,A,Median,0.5,1993,0.4145
REMIND-MAgPIE,A,Median,0.5,1994,0.4442
REMIND-MAgPIE,A,Median,0.5,1995,0.5167
REMIND-MAgPIE,A,Median,0.5,1996,0.5857
REMIND-MAgPIE,A,Median,0.5,1997,0.6475
REMIND-MAgPIE,A,Median,0.5,1998,0.7026
REMIND-MAgPIE,A,Median,0.5,1999,0.7542
REMIND-MAgPIE,A,Median,0.5,2000,0.8017
REMIND-MAgPIE,A,Median,0.5,2001,0.8437
REMIND-MAgPIE,A,Median,0.5,2002,0.8779
REMIND-MAgPIE,A,Median,0.5,2003,0.9044
REMIND-MAgPIE,A,Median,0.5,2004,0.9211
REMIND-MAgPIE,A,Median,0.5,2005,0.9345
REMIND-MAgPIE,A,Median,0.5,2006,0.9449
REMIND-MAgPIE,A,Median,0.5,2007,0.9571
REMIND-MAgPIE,A,Median,0.5,2008,0.9743
REMIND-MAgPIE,A,Median,0.5,2009,0.9919
REMIND-MAgPIE,A,Median,0.5,2010,1.0141
REMIND-MAgPIE,A,Median,0.5,2011,1.0388
REMIND-MAgPIE,A,Median,0.5,2012,1.066
REMIND-MAgPIE,A,Median,0.5,2013,1.0956
REMIND-MAgPIE,A,Median,0.5,2014,1.1246
REMIND-MAgPIE,A,Median,0.5,2015,1.1488
REMIND-MAgPIE,A,Median,0.5,2016,1.1685
REMIND-MAgPIE,A,Median,0.5,2017,1.1911
REMIND-MAgPIE,A,Median,0.5,2018,1.2154
REMIND-MAgPIE,A,Median,0.5,2019,1.2397
REMIND-MAgPIE,A,Median,0.5,2020,1.2661
REMIND-MAgPIE,A,Median,0.5,2021,1.2904
REMIND-MAgPIE,A,Median,0.5,2022,1.3143
REMIND-MAgPIE,A,Median,0.5,2023,1.3396
REMIND-MAgPIE,A,Median,0.5,2024,1.3629
REMIND-MAgPIE,A,Median,0.5,2025,1.3869
REMIND-MAgPIE,A,Median,0.5,2026,1.4109
REMIND-MAgPIE,A,Median,0.5,2027,1.4326
REMIND-MAgPIE,A,Median,0.5,2028,1.4549
REMIND-MAgPIE,A,Median,0.5,2029,1.4765
REMIND-MAgPIE,A,Median,0.5,2030,1.4996
REMIND-MAgPIE,A,Median,0.5,2031,1.5241
REMIND-MAgPIE,A,Median,0.5,2032,1.5496
REMIND-MAgPIE,A,Median,0.5,2033,1.5747
REMIND-MAgPIE,A,Median,0.5,2034,1.6
REMIND-MAgPIE,A,Median,0.5,2035,1.6257
REMIND-MAgPIE,A,Median,0.5,2036,1.652
REMIND-MAgPIE,A,Median,0.5,2037,1.6783
REMIND-MAgPIE,A,Median,0.5,2038,1.7052
REMIND-MAgPIE,A,Median,0.5,2039,1.7312
REMIND-MAgPIE,A,Median,0.5,2040,1.7574
REMIND-MAgPIE,A,Median,0.5,2041,1.7828
REMIND-MAgPIE,A,Median,0.5,2042,1.8079
REMIND-MAgPIE,A,Median,0.5,2043,1.8318
REMIND-MAgPIE,A,Median,0.5,2044,1.8533
REMIND-MAgPIE,A,Median,0.5,2045,1.8769
REMIND-MAgPIE,A,Median,0.5,2046,1.901
REMIND-MAgPIE,A,Median,0.5,2047,1.9226
REMIND-MAgPIE,A,Median,0.5,2048,1.9467
REMIND-MAgPIE,A,Median,0.5,2049,1.9701
REMIND-MAgPIE,A,Median,0.5,2050,1.9918
REMIND-MAgPIE,A,Median,0.5,2051,2.0136
REMIND-MAgPIE,A,Median,0.5,2052,2.036
REMIND-MAgPIE,A,Median,0.5,2053,2.0577
REMIND-MAgPIE,A,Median,0.5,2054,2.0786
REMIND-MAgPIE,A,Median,0.5,2055,2.1003
REMIND-MAgPIE,A,Median,0.5,2056,2.1215
REMIND-MAgPIE,A,Median,0.5,2057,2.1408
REMIND-MAgPIE,A,Median,0.5,2058,2.1593
REMIND-MAgPIE,A,Median,0.5,2059,2.1786
REMIND-MAgPIE,A,Median,0.5,2060,2.1979
REMIND-MAgPIE,A,Median,0.5,2061,2.2176
REMIND-MAgPIE,A,Median,0.5,2062,2.2374
REMIND-MAgPIE,A,Median,0.5,2063,2.2558
REMIND-MAgPIE,A,Median,0.5,2064,2.2755
REMIND-MAgPIE,A,Median,0.5,2065,2.2957
REMIND-MAgPIE,A,Median,0.5,2066,2.3148
REMIND-MAgPIE,A,Median,0.5,2067,2.3341
REMIND-MAgPIE,A,Median,0.5,2068,2.3552
REMIND-MAgPIE,A,Median,0.5,2069,2.3755
REMIND-MAgPIE,A,Median,0.5,2070,2.3961
REMIND-MAgPIE,A,Median,0.5,2071,2.4161
REMIND-MAgPIE,A,Median,0.5,2072,2.4375
REMIND-MAgPIE,A,Median,0.5,2073,2.4569
REMIND-MAgPIE,A,Median,0.5,2074,2.4764
REMIND-MAgPIE,A,Median,0.5,2075,2.4975
REMIND-MAgPIE,A,Median,0.5,2076,2.5185
REMIND-MAgPIE,A,Median,0.5,2077,2.5381
REMIND-MAgPIE,A,Median,0.5,2078,2.5592
REMIND-MAgPIE,A,Median,0.5,2079,2.5798
REMIND-MAgPIE,A,Median,0.5,2080,2.6005
REMIND-MAgPIE,A,Median,0.5,2081,2.6206
REMIND-MAgPIE,A,Median,0.5,2082,2.6403
REMIND-MAgPIE,A,Median,0.5,2083,2.6625
REMIND-MAgPIE,A,Median,0.5,2084,2.6826
REMIND-MAgPIE,A,Median,0.5,2085,2.704
REMIND-MAgPIE,A,Median,0.5,2086,2.723
REMIND-MAgPIE,A,Median,0.5,2087,2.743
REMIND-MAgPIE,A,Median,0.5,2088,2.7619
REMIND-MAgPIE,A,Median,0.5,2089,2.7802
REMIND-MAgPIE,A,Median,0.5,2090,2.7985
REMIND-MAgPIE,A,Median,0.5,2091,2.8184
REMIND-MAgPIE,A,Median,0.5,2092,2.8377
REMIND-MAgPIE,A,Median,0.5,2093,2.8568
REMIND-MAgPIE,A,Median,0.5,2094,2.8746
REMIND-MAgPIE,A,Median,0.5,2095,2.8932
REMIND-MAgPIE,A,Median,0.5,2096,2.9118
REMIND-MAgPIE,A,Median,0.5,2097,2.9289
REMIND-MAgPIE,A,Median,0.5,2098,2.947
REMIND-MAgPIE,A,Median,0.5,2099,2.9641
REMIND-MAgPIE,A,Median,0.5,2100,2.9825
REMIND-MAgPIE,A,Median,0.6,1990,0.6191
REMIND-MAgPIE,A,Median,0.6,1991,0.61646
REMIND-MAgPIE,A,Median,0.6,1992,0.5182
REMIND-MAgPIE,A,Median,0.6,1993,0.43818
REMIND-MAgPIE,A,Median,0.6,1994,0.46982
REMIND-MAgPIE,A,Median,0.6,1995,0.5405399999999999
REMIND-MAgPIE,A,Median,0.6,1996,0.6091
REMIND-MAgPIE,A,Median,0.6,1997,0.6696
REMIND-MAgPIE,A,Median,0.6,1998,0.72582
REMIND-MAgPIE,A,Median,0.6,1999,0.77882
REMIND-MAgPIE,A,Median,0.6,2000,0.82702
REMIND-MAgPIE,A,Median,0.6,2001,0.8675
REMIND-MAgPIE,A,Median,0.6,2002,0.90226
REMIND-MAgPIE,A,Median,0.6,2003,0.928
REMIND-MAgPIE,A,Median,0.6,2004,0.94766
REMIND-MAgPIE,A,Median,0.6,2005,0.96114
REMIND-MAgPIE,A,Median,0.6,2006,0.9739
REMIND-MAgPIE,A,Median,0.6,2007,0.98776
REMIND-MAgPIE,A,Median,0.6,2008,1.00436
REMIND-MAgPIE,A,Median,0.6,2009,1.0224
REMIND-MAgPIE,A,Median,0.6,2010,1.0443
REMIND-MAgPIE,A,Median,0.6,2011,1.06846
REMIND-MAgPIE,A,Median,0.6,2012,1.09692
REMIND-MAgPIE,A,Median,0.6,2013,1.12702
REMIND-MAgPIE,A,Median,0.6,2014,1.1576
REMIND-MAgPIE,A,Median,0.6,2015,1.1823
REMIND-MAgPIE,A,Median,0.6,2016,1.20358
REMIND-MAgPIE,A,Median,0.6,2017,1.22876
REMIND-MAgPIE,A,Median,0.6,2018,1.25588
REMIND-MAgPIE,A,Median,0.6,2019,1.2824799999999998
REMIND-MAgPIE,A,Median,0.6,2020,1.30904
REMIND-MAgPIE,A,Median,0.6,2021,1.3357
REMIND-MAgPIE,A,Median,0.6,2022,1.36036
REMIND-MAgPIE,A,Median,0.6,2023,1.3855
REMIND-MAgPIE,A,Median,0.6,2024,1.40976
REMIND-MAgPIE,A,Median,0.6,2025,1.43454
REMIND-MAgPIE,A,Median,0.6,2026,1.45946
REMIND-MAgPIE,A,Median,0.6,2027,1.48284
REMIND-MAgPIE,A,Median,0.6,2028,1.50646
REMIND-MAgPIE,A,Median,0.6,2029,1.53012
REMIND-MAgPIE,A,Median,0.6,2030,1.5539
REMIND-MAgPIE,A,Median,0.6,2031,1.57998
REMIND-MAgPIE,A,Median,0.6,2032,1.60584
REMIND-MAgPIE,A,Median,0.6,2033,1.63206
REMIND-MAgPIE,A,Median,0.6,2034,1.65986
REMIND-MAgPIE,A,Median,0.6,2035,1.68746
REMIND-MAgPIE,A,Median,0.6,2036,1.7154
REMIND-MAgPIE,A,Median,0.6,2037,1.7431
REMIND-MAgPIE,A,Median,0.6,2038,1.77022
REMIND-MAgPIE,A,Median,0.6,2039,1.79756
REMIND-MAgPIE,A,Median,0.6,2040,1.82506
REMIND-MAgPIE,A,Median,0.6,2041,1.85116
REMIND-MAgPIE,A,Median,0.6,2042,1.87776
REMIND-MAgPIE,A,Median,0.6,2043,1.90322
REMIND-MAgPIE,A,Median,0.6,2044,1.92896
REMIND-MAgPIE,A,Median,0.6,2045,1.95352
REMIND-MAgPIE,A,Median,0.6,2046,1.9798
REMIND-MAgPIE,A,Median,0.6,2047,2.00506
REMIND-MAgPIE,A,Median,0.6,2048,2.03006
REMIND-MAgPIE,A,Median,0.6,2049,2.05352
REMIND-MAgPIE,A,Median,0.6,2050,2.0783199999999997
REMIND-MAgPIE,A,Median,0.6,2051,2.1024
REMIND-MAgPIE,A,Median,0.6,2052,2.1267199999999997
REMIND-MAgPIE,A,Median,0.6,2053,2.14948
REMIND-MAgPIE,A,Median,0.6,2054,2.17194
REMIND-MAgPIE,A,Median,0.6,2055,2.19426
REMIND-MAgPIE,A,Median,0.6,2056,2.21602
REMIND-MAgPIE,A,Median,0.6,2057,2.23728
REMIND-MAgPIE,A,Median,0.6,2058,2.2583599999999997
REMIND-MAgPIE,A,Median,0.6,2059,2.27894
REMIND-MAgPIE,A,Median,0.6,2060,2.29996
REMIND-MAgPIE,A,Median,0.6,2061,2.32094
REMIND-MAgPIE,A,Median,0.6,2062,2.34106
REMIND-MAgPIE,A,Median,0.6,2063,2.36178
REMIND-MAgPIE,A,Median,0.6,2064,2.3825
REMIND-MAgPIE,A,Median,0.6,2065,2.4033999999999995
REMIND-MAgPIE,A,Median,0.6,2066,2.4251
REMIND-MAgPIE,A,Median,0.6,2067,2.44576
REMIND-MAgPIE,A,Median,0.6,2068,2.466
REMIND-MAgPIE,A,Median,0.6,2069,2.4873
REMIND-MAgPIE,A,Median,0.6,2070,2.50918
REMIND-MAgPIE,A,Median,0.6,2071,2.5313999999999997
REMIND-MAgPIE,A,Median,0.6,2072,2.55416
REMIND-MAgPIE,A,Median,0.6,2073,2.57482
REMIND-MAgPIE,A,Median,0.6,2074,2.59608
REMIND-MAgPIE,A,Median,0.6,2075,2.61734
REMIND-MAgPIE,A,Median,0.6,2076,2.63812
REMIND-MAgPIE,A,Median,0.6,2077,2.66026
REMIND-MAgPIE,A,Median,0.6,2078,2.682
REMIND-MAgPIE,A,Median,0.6,2079,2.7045399999999997
REMIND-MAgPIE,A,Median,0.6,2080,2.72648
REMIND-MAgPIE,A,Median,0.6,2081,2.74984
REMIND-MAgPIE,A,Median,0.6,2082,2.77168
REMIND-MAgPIE,A,Median,0.6,2083,2.79316
REMIND-MAgPIE,A,Median,0.6,2084,2.81406
REMIND-MAgPIE,A,Median,0.6,2085,2.83438
REMIND-MAgPIE,A,Median,0.6,2086,2.85608
REMIND-MAgPIE,A,Median,0.6,2087,2.876
REMIND-MAgPIE,A,Median,0.6,2088,2.8974599999999997
REMIND-MAgPIE,A,Median,0.6,2089,2.91822
REMIND-MAgPIE,A,Median,0.6,2090,2.93794
REMIND-MAgPIE,A,Median,0.6,2091,2.9595
REMIND-MAgPIE,A,Median,0.6,2092,2.9789
REMIND-MAgPIE,A,Median,0.6,2093,2.9978800000000003
REMIND-MAgPIE,A,Median,0.6,2094,3.01598
REMIND-MAgPIE,A,Median,0.6,2095,3.03578
REMIND-MAgPIE,A,Median,0.6,2096,3.05468
REMIND-MAgPIE,A,Median,0.6,2097,3.07326
REMIND-MAgPIE,A,Median,0.6,2098,3.09252
REMIND-MAgPIE,A,Median,0.6,2099,3.11172
REMIND-MAgPIE,A,Median,0.6,2100,3.13006
REMIND-MAgPIE,A,Median,0.66,1990,0.632876
REMIND-MAgPIE,A,Median,0.66,1991,0.6296
REMIND-MAgPIE,A,Median,0.66,1992,0.531328
REMIND-MAgPIE,A,Median,0.66,1993,0.4559
REMIND-MAgPIE,A,Median,0.66,1994,0.484976
REMIND-MAgPIE,A,Median,0.66,1995,0.555476
REMIND-MAgPIE,A,Median,0.66,1996,0.623852
REMIND-MAgPIE,A,Median,0.66,1997,0.6845519999999999
REMIND-MAgPIE,A,Median,0.66,1998,0.7402759999999999
REMIND-MAgPIE,A,Median,0.66,1999,0.792976
REMIND-MAgPIE,A,Median,0.66,2000,0.841576
REMIND-MAgPIE,A,Median,0.66,2001,0.884276
REMIND-MAgPIE,A,Median,0.66,2002,0.918976
REMIND-MAgPIE,A,Median,0.66,2003,0.9457
REMIND-MAgPIE,A,Median,0.66,2004,0.963476
REMIND-MAgPIE,A,Median,0.66,2005,0.9786
REMIND-MAgPIE,A,Median,0.66,2006,0.990152
REMIND-MAgPIE,A,Median,0.66,2007,1.0037
REMIND-MAgPIE,A,Median,0.66,2008,1.019376
REMIND-MAgPIE,A,Median,0.66,2009,1.038504
REMIND-MAgPIE,A,Median,0.66,2010,1.062076
REMIND-MAgPIE,A,Median,0.66,2011,1.0881
REMIND-MAgPIE,A,Median,0.66,2012,1.115476
REMIND-MAgPIE,A,Median,0.66,2013,1.145876
REMIND-MAgPIE,A,Median,0.66,2014,1.176652
REMIND-MAgPIE,A,Median,0.66,2015,1.203
REMIND-MAgPIE,A,Median,0.66,2016,1.227076
REMIND-MAgPIE,A,Median,0.66,2017,1.251876
REMIND-MAgPIE,A,Median,0.66,2018,1.278152
REMIND-MAgPIE,A,Median,0.66,2019,1.3052
REMIND-MAgPIE,A,Median,0.66,2020,1.332976
REMIND-MAgPIE,A,Median,0.66,2021,1.361
REMIND-MAgPIE,A,Median,0.66,2022,1.388256
REMIND-MAgPIE,A,Median,0.66,2023,1.4151
REMIND-MAgPIE,A,Median,0.66,2024,1.442252
REMIND-MAgPIE,A,Median,0.66,2025,1.467552
REMIND-MAgPIE,A,Median,0.66,2026,1.492028
REMIND-MAgPIE,A,Median,0.66,2027,1.517076
REMIND-MAgPIE,A,Median,0.66,2028,1.54098
REMIND-MAgPIE,A,Median,0.66,2029,1.566004
REMIND-MAgPIE,A,Median,0.66,2030,1.590428
REMIND-MAgPIE,A,Median,0.66,2031,1.615776
REMIND-MAgPIE,A,Median,0.66,2032,1.642652
REMIND-MAgPIE,A,Median,0.66,2033,1.669276
REMIND-MAgPIE,A,Median,0.66,2034,1.696628
REMIND-MAgPIE,A,Median,0.66,2035,1.724876
REMIND-MAgPIE,A,Median,0.66,2036,1.754076
REMIND-MAgPIE,A,Median,0.66,2037,1.784776
REMIND-MAgPIE,A,Median,0.66,2038,1.813176
REMIND-MAgPIE,A,Median,0.66,2039,1.841604
REMIND-MAgPIE,A,Median,0.66,2040,1.871852
REMIND-MAgPIE,A,Median,0.66,2041,1.900452
REMIND-MAgPIE,A,Median,0.66,2042,1.927652
REMIND-MAgPIE,A,Median,0.66,2043,1.954308
REMIND-MAgPIE,A,Median,0.66,2044,1.980984
REMIND-MAgPIE,A,Median,0.66,2045,2.007656
REMIND-MAgPIE,A,Median,0.66,2046,2.032556
REMIND-MAgPIE,A,Median,0.66,2047,2.0569
REMIND-MAgPIE,A,Median,0.66,2048,2.083684
REMIND-MAgPIE,A,Median,0.66,2049,2.109088
REMIND-MAgPIE,A,Median,0.66,2050,2.135224
REMIND-MAgPIE,A,Median,0.66,2051,2.159352
REMIND-MAgPIE,A,Median,0.66,2052,2.1829039999999997
REMIND-MAgPIE,A,Median,0.66,2053,2.206528
REMIND-MAgPIE,A,Median,0.66,2054,2.229476
REMIND-MAgPIE,A,Median,0.66,2055,2.2520759999999997
REMIND-MAgPIE,A,Median,0.66,2056,2.2750280000000003
REMIND-MAgPIE,A,Median,0.66,2057,2.296156
REMIND-MAgPIE,A,Median,0.66,2058,2.31698
REMIND-MAgPIE,A,Median,0.66,2059,2.339052
REMIND-MAgPIE,A,Median,0.66,2060,2.360404
REMIND-MAgPIE,A,Median,0.66,2061,2.3813280000000003
REMIND-MAgPIE,A,Median,0.66,2062,2.403316
REMIND-MAgPIE,A,Median,0.66,2063,2.424484
REMIND-MAgPIE,A,Median,0.66,2064,2.446204
REMIND-MAgPIE,A,Median,0.66,2065,2.468776
REMIND-MAgPIE,A,Median,0.66,2066,2.491252
REMIND-MAgPIE,A,Median,0.66,2067,2.513828
REMIND-MAgPIE,A,Median,0.66,2068,2.5364280000000003
REMIND-MAgPIE,A,Median,0.66,2069,2.5588
REMIND-MAgPIE,A,Median,0.66,2070,2.580076
REMIND-MAgPIE,A,Median,0.66,2071,2.6022
REMIND-MAgPIE,A,Median,0.66,2072,2.62516
REMIND-MAgPIE,A,Median,0.66,2073,2.647252
REMIND-MAgPIE,A,Median,0.66,2074,2.669876
REMIND-MAgPIE,A,Median,0.66,2075,2.693028
REMIND-MAgPIE,A,Median,0.66,2076,2.715152
REMIND-MAgPIE,A,Median,0.66,2077,2.736052
REMIND-MAgPIE,A,Median,0.66,2078,2.757828
REMIND-MAgPIE,A,Median,0.66,2079,2.779328
REMIND-MAgPIE,A,Median,0.66,2080,2.802656
REMIND-MAgPIE,A,Median,0.66,2081,2.8251280000000003
REMIND-MAgPIE,A,Median,0.66,2082,2.847452
REMIND-MAgPIE,A,Median,0.66,2083,2.870104
REMIND-MAgPIE,A,Median,0.66,2084,2.893428
REMIND-MAgPIE,A,Median,0.66,2085,2.915876
REMIND-MAgPIE,A,Median,0.66,2086,2.937028
REMIND-MAgPIE,A,Median,0.66,2087,2.9589559999999997
REMIND-MAgPIE,A,Median,0.66,2088,2.98134
REMIND-MAgPIE,A,Median,0.66,2089,3.002104
REMIND-MAgPIE,A,Median,0.66,2090,3.023456
REMIND-MAgPIE,A,Median,0.66,2091,3.0446
REMIND-MAgPIE,A,Median,0.66,2092,3.065632
REMIND-MAgPIE,A,Median,0.66,2093,3.0854
REMIND-MAgPIE,A,Median,0.66,2094,3.105576
REMIND-MAgPIE,A,Median,0.66,2095,3.127372
REMIND-MAgPIE,A,Median,0.66,2096,3.1491480000000003
REMIND-MAgPIE,A,Median,0.66,2097,3.168968
REMIND-MAgPIE,A,Median,0.66,2098,3.1876480000000003
REMIND-MAgPIE,A,Median,0.66,2099,3.206604
REMIND-MAgPIE,A,Median,0.66,2100,3.226376
REMIND-MAgPIE,A,Median,0.7,1990,0.64206
REMIND-MAgPIE,A,Median,0.7,1991,0.6406
REMIND-MAgPIE,A,Median,0.7,1992,0.54232
REMIND-MAgPIE,A,Median,0.7,1993,0.4666
REMIND-MAgPIE,A,Median,0.7,1994,0.4964
REMIND-MAgPIE,A,Median,0.7,1995,0.5647
REMIND-MAgPIE,A,Median,0.7,1996,0.63322
REMIND-MAgPIE,A,Median,0.7,1997,0.6956199999999998
REMIND-MAgPIE,A,Median,0.7,1998,0.75082
REMIND-MAgPIE,A,Median,0.7,1999,0.8028599999999999
REMIND-MAgPIE,A,Median,0.7,2000,0.85192
REMIND-MAgPIE,A,Median,0.7,2001,0.89294
REMIND-MAgPIE,A,Median,0.7,2002,0.92862
REMIND-MAgPIE,A,Median,0.7,2003,0.95562
REMIND-MAgPIE,A,Median,0.7,2004,0.97522
REMIND-MAgPIE,A,Median,0.7,2005,0.98908
REMIND-MAgPIE,A,Median,0.7,2006,0.99972
REMIND-MAgPIE,A,Median,0.7,2007,1.01312
REMIND-MAgPIE,A,Median,0.7,2008,1.0308
REMIND-MAgPIE,A,Median,0.7,2009,1.05066
REMIND-MAgPIE,A,Median,0.7,2010,1.07414
REMIND-MAgPIE,A,Median,0.7,2011,1.10072
REMIND-MAgPIE,A,Median,0.7,2012,1.13068
REMIND-MAgPIE,A,Median,0.7,2013,1.16182
REMIND-MAgPIE,A,Median,0.7,2014,1.1925199999999998
REMIND-MAgPIE,A,Median,0.7,2015,1.21886
REMIND-MAgPIE,A,Median,0.7,2016,1.24224
REMIND-MAgPIE,A,Median,0.7,2017,1.26814
REMIND-MAgPIE,A,Median,0.7,2018,1.2958
REMIND-MAgPIE,A,Median,0.7,2019,1.32412
REMIND-MAgPIE,A,Median,0.7,2020,1.35234
REMIND-MAgPIE,A,Median,0.7,2021,1.3808
REMIND-MAgPIE,A,Median,0.7,2022,1.4092
REMIND-MAgPIE,A,Median,0.7,2023,1.43508
REMIND-MAgPIE,A,Median,0.7,2024,1.46114
REMIND-MAgPIE,A,Median,0.7,2025,1.4867
REMIND-MAgPIE,A,Median,0.7,2026,1.51242
REMIND-MAgPIE,A,Median,0.7,2027,1.53672
REMIND-MAgPIE,A,Median,0.7,2028,1.56082
REMIND-MAgPIE,A,Median,0.7,2029,1.58624
REMIND-MAgPIE,A,Median,0.7,2030,1.61376
REMIND-MAgPIE,A,Median,0.7,2031,1.6419199999999998
REMIND-MAgPIE,A,Median,0.7,2032,1.6701799999999998
REMIND-MAgPIE,A,Median,0.7,2033,1.699
REMIND-MAgPIE,A,Median,0.7,2034,1.728
REMIND-MAgPIE,A,Median,0.7,2035,1.75608
REMIND-MAgPIE,A,Median,0.7,2036,1.78562
REMIND-MAgPIE,A,Median,0.7,2037,1.81436
REMIND-MAgPIE,A,Median,0.7,2038,1.8433
REMIND-MAgPIE,A,Median,0.7,2039,1.87412
REMIND-MAgPIE,A,Median,0.7,2040,1.905
REMIND-MAgPIE,A,Median,0.7,2041,1.93308
REMIND-MAgPIE,A,Median,0.7,2042,1.96076
REMIND-MAgPIE,A,Median,0.7,2043,1.98674
REMIND-MAgPIE,A,Median,0.7,2044,2.0140999999999996
REMIND-MAgPIE,A,Median,0.7,2045,2.0412399999999997
REMIND-MAgPIE,A,Median,0.7,2046,2.06842
REMIND-MAgPIE,A,Median,0.7,2047,2.09314
REMIND-MAgPIE,A,Median,0.7,2048,2.1199999999999997
REMIND-MAgPIE,A,Median,0.7,2049,2.14644
REMIND-MAgPIE,A,Median,0.7,2050,2.1718800000000003
REMIND-MAgPIE,A,Median,0.7,2051,2.19672
REMIND-MAgPIE,A,Median,0.7,2052,2.22108
REMIND-MAgPIE,A,Median,0.7,2053,2.24572
REMIND-MAgPIE,A,Median,0.7,2054,2.26956
REMIND-MAgPIE,A,Median,0.7,2055,2.29202
REMIND-MAgPIE,A,Median,0.7,2056,2.3141799999999995
REMIND-MAgPIE,A,Median,0.7,2057,2.33768
REMIND-MAgPIE,A,Median,0.7,2058,2.3604
REMIND-MAgPIE,A,Median,0.7,2059,2.38244
REMIND-MAgPIE,A,Median,0.7,2060,2.40386
REMIND-MAgPIE,A,Median,0.7,2061,2.42522
REMIND-MAgPIE,A,Median,0.7,2062,2.44728
REMIND-MAgPIE,A,Median,0.7,2063,2.4688399999999997
REMIND-MAgPIE,A,Median,0.7,2064,2.49278
REMIND-MAgPIE,A,Median,0.7,2065,2.51598
REMIND-MAgPIE,A,Median,0.7,2066,2.53962
REMIND-MAgPIE,A,Median,0.7,2067,2.56102
REMIND-MAgPIE,A,Median,0.7,2068,2.58442
REMIND-MAgPIE,A,Median,0.7,2069,2.60724
REMIND-MAgPIE,A,Median,0.7,2070,2.62968
REMIND-MAgPIE,A,Median,0.7,2071,2.65216
REMIND-MAgPIE,A,Median,0.7,2072,2.67636
REMIND-MAgPIE,A,Median,0.7,2073,2.6999
REMIND-MAgPIE,A,Median,0.7,2074,2.7225200000000003
REMIND-MAgPIE,A,Median,0.7,2075,2.74562
REMIND-MAgPIE,A,Median,0.7,2076,2.7686200000000003
REMIND-MAgPIE,A,Median,0.7,2077,2.79086
REMIND-MAgPIE,A,Median,0.7,2078,2.8145
REMIND-MAgPIE,A,Median,0.7,2079,2.83744
REMIND-MAgPIE,A,Median,0.7,2080,2.8609
REMIND-MAgPIE,A,Median,0.7,2081,2.88448
REMIND-MAgPIE,A,Median,0.7,2082,2.90764
REMIND-MAgPIE,A,Median,0.7,2083,2.9304599999999996
REMIND-MAgPIE,A,Median,0.7,2084,2.95378
REMIND-MAgPIE,A,Median,0.7,2085,2.9772
REMIND-MAgPIE,A,Median,0.7,2086,3.00004
REMIND-MAgPIE,A,Median,0.7,2087,3.02204
REMIND-MAgPIE,A,Median,0.7,2088,3.04434
REMIND-MAgPIE,A,Median,0.7,2089,3.06584
REMIND-MAgPIE,A,Median,0.7,2090,3.08828
REMIND-MAgPIE,A,Median,0.7,2091,3.11006
REMIND-MAgPIE,A,Median,0.7,2092,3.13178
REMIND-MAgPIE,A,Median,0.7,2093,3.15344
REMIND-MAgPIE,A,Median,0.7,2094,3.1735599999999997
REMIND-MAgPIE,A,Median,0.7,2095,3.19426
REMIND-MAgPIE,A,Median,0.7,2096,3.2133799999999995
REMIND-MAgPIE,A,Median,0.7,2097,3.2335399999999996
REMIND-MAgPIE,A,Median,0.7,2098,3.25402
REMIND-MAgPIE,A,Median,0.7,2099,3.27392
REMIND-MAgPIE,A,Median,0.7,2100,3.29342
REMIND-MAgPIE,A,Median,0.8,1990,0.6683
REMIND-MAgPIE,A,Median,0.8,1991,0.66708
REMIND-MAgPIE,A,Median,0.8,1992,0.56868
REMIND-MAgPIE,A,Median,0.8,1993,0.4922800000000001
REMIND-MAgPIE,A,Median,0.8,1994,0.5220400000000001
REMIND-MAgPIE,A,Median,0.8,1995,0.59116
REMIND-MAgPIE,A,Median,0.8,1996,0.6607
REMIND-MAgPIE,A,Median,0.8,1997,0.7226400000000001
REMIND-MAgPIE,A,Median,0.8,1998,0.7797
REMIND-MAgPIE,A,Median,0.8,1999,0.8308
REMIND-MAgPIE,A,Median,0.8,2000,0.8785600000000001
REMIND-MAgPIE,A,Median,0.8,2001,0.92036
REMIND-MAgPIE,A,Median,0.8,2002,0.95578
REMIND-MAgPIE,A,Median,0.8,2003,0.98148
REMIND-MAgPIE,A,Median,0.8,2004,1.00218
REMIND-MAgPIE,A,Median,0.8,2005,1.017
REMIND-MAgPIE,A,Median,0.8,2006,1.0299
REMIND-MAgPIE,A,Median,0.8,2007,1.0432
REMIND-MAgPIE,A,Median,0.8,2008,1.06038
REMIND-MAgPIE,A,Median,0.8,2009,1.08076
REMIND-MAgPIE,A,Median,0.8,2010,1.10554
REMIND-MAgPIE,A,Median,0.8,2011,1.13298
REMIND-MAgPIE,A,Median,0.8,2012,1.1633
REMIND-MAgPIE,A,Median,0.8,2013,1.19758
REMIND-MAgPIE,A,Median,0.8,2014,1.231
REMIND-MAgPIE,A,Median,0.8,2015,1.25914
REMIND-MAgPIE,A,Median,0.8,2016,1.28608
REMIND-MAgPIE,A,Median,0.8,2017,1.31386
REMIND-MAgPIE,A,Median,0.8,2018,1.3425
REMIND-MAgPIE,A,Median,0.8,2019,1.37076
REMIND-MAgPIE,A,Median,0.8,2020,1.3995
REMIND-MAgPIE,A,Median,0.8,2021,1.43038
REMIND-MAgPIE,A,Median,0.8,2022,1.4606400000000002
REMIND-MAgPIE,A,Median,0.8,2023,1.4896
REMIND-MAgPIE,A,Median,0.8,2024,1.51794
REMIND-MAgPIE,A,Median,0.8,2025,1.5453200000000002
REMIND-MAgPIE,A,Median,0.8,2026,1.5738800000000002
REMIND-MAgPIE,A,Median,0.8,2027,1.60048
REMIND-MAgPIE,A,Median,0.8,2028,1.62698
REMIND-MAgPIE,A,Median,0.8,2029,1.65414
REMIND-MAgPIE,A,Median,0.8,2030,1.68176
REMIND-MAgPIE,A,Median,0.8,2031,1.7108
REMIND-MAgPIE,A,Median,0.8,2032,1.7401
REMIND-MAgPIE,A,Median,0.8,2033,1.7702
REMIND-MAgPIE,A,Median,0.8,2034,1.80028
REMIND-MAgPIE,A,Median,0.8,2035,1.82978
REMIND-MAgPIE,A,Median,0.8,2036,1.86106
REMIND-MAgPIE,A,Median,0.8,2037,1.89238
REMIND-MAgPIE,A,Median,0.8,2038,1.92466
REMIND-MAgPIE,A,Median,0.8,2039,1.95724
REMIND-MAgPIE,A,Median,0.8,2040,1.99168
REMIND-MAgPIE,A,Median,0.8,2041,2.0242000000000004
REMIND-MAgPIE,A,Median,0.8,2042,2.05498
REMIND-MAgPIE,A,Median,0.8,2043,2.0849200000000003
REMIND-MAgPIE,A,Median,0.8,2044,2.11606
REMIND-MAgPIE,A,Median,0.8,2045,2.14622
REMIND-MAgPIE,A,Median,0.8,2046,2.17504
REMIND-MAgPIE,A,Median,0.8,2047,2.20366
REMIND-MAgPIE,A,Median,0.8,2048,2.2315799999999997
REMIND-MAgPIE,A,Median,0.8,2049,2.25964
REMIND-MAgPIE,A,Median,0.8,2050,2.28974
REMIND-MAgPIE,A,Median,0.8,2051,2.3176
REMIND-MAgPIE,A,Median,0.8,2052,2.3440600000000003
REMIND-MAgPIE,A,Median,0.8,2053,2.36948
REMIND-MAgPIE,A,Median,0.8,2054,2.39454
REMIND-MAgPIE,A,Median,0.8,2055,2.42024
REMIND-MAgPIE,A,Median,0.8,2056,2.44496
REMIND-MAgPIE,A,Median,0.8,2057,2.4698000000000007
REMIND-MAgPIE,A,Median,0.8,2058,2.493820000000001
REMIND-MAgPIE,A,Median,0.8,2059,2.51462
REMIND-MAgPIE,A,Median,0.8,2060,2.53778
REMIND-MAgPIE,A,Median,0.8,2061,2.5617400000000004
REMIND-MAgPIE,A,Median,0.8,2062,2.5871
REMIND-MAgPIE,A,Median,0.8,2063,2.6101799999999997
REMIND-MAgPIE,A,Median,0.8,2064,2.6359200000000005
REMIND-MAgPIE,A,Median,0.8,2065,2.6596400000000004
REMIND-MAgPIE,A,Median,0.8,2066,2.68296
REMIND-MAgPIE,A,Median,0.8,2067,2.70732
REMIND-MAgPIE,A,Median,0.8,2068,2.7318600000000006
REMIND-MAgPIE,A,Median,0.8,2069,2.7565000000000004
REMIND-MAgPIE,A,Median,0.8,2070,2.7807
REMIND-MAgPIE,A,Median,0.8,2071,2.80448
REMIND-MAgPIE,A,Median,0.8,2072,2.82938
REMIND-MAgPIE,A,Median,0.8,2073,2.8551400000000005
REMIND-MAgPIE,A,Median,0.8,2074,2.8813200000000005
REMIND-MAgPIE,A,Median,0.8,2075,2.90526
REMIND-MAgPIE,A,Median,0.8,2076,2.9301600000000003
REMIND-MAgPIE,A,Median,0.8,2077,2.9545
REMIND-MAgPIE,A,Median,0.8,2078,2.97914
REMIND-MAgPIE,A,Median,0.8,2079,3.0055400000000003
REMIND-MAgPIE,A,Median,0.8,2080,3.03054
REMIND-MAgPIE,A,Median,0.8,2081,3.05472
REMIND-MAgPIE,A,Median,0.8,2082,3.07954
REMIND-MAgPIE,A,Median,0.8,2083,3.10622
REMIND-MAgPIE,A,Median,0.8,2084,3.13218
REMIND-MAgPIE,A,Median,0.8,2085,3.15834
REMIND-MAgPIE,A,Median,0.8,2086,3.181960000000001
REMIND-MAgPIE,A,Median,0.8,2087,3.20452
REMIND-MAgPIE,A,Median,0.8,2088,3.22906
REMIND-MAgPIE,A,Median,0.8,2089,3.25368
REMIND-MAgPIE,A,Median,0.8,2090,3.2755
REMIND-MAgPIE,A,Median,0.8,2091,3.2987800000000003
REMIND-MAgPIE,A,Median,0.8,2092,3.32162
REMIND-MAgPIE,A,Median,0.8,2093,3.3457200000000005
REMIND-MAgPIE,A,Median,0.8,2094,3.3689400000000007
REMIND-MAgPIE,A,Median,0.8,2095,3.39078
REMIND-MAgPIE,A,Median,0.8,2096,3.41264
REMIND-MAgPIE,A,Median,0.8,2097,3.4348400000000003
REMIND-MAgPIE,A,Median,0.8,2098,3.4563
REMIND-MAgPIE,A,Median,0.8,2099,3.47796
REMIND-MAgPIE,A,Median,0.8,2100,3.49918
REMIND-MAgPIE,A,Median,0.833,1990,0.6784176
REMIND-MAgPIE,A,Median,0.833,1991,0.6773
REMIND-MAgPIE,A,Median,0.833,1992,0.5793176
REMIND-MAgPIE,A,Median,0.833,1993,0.5037764
REMIND-MAgPIE,A,Median,0.833,1994,0.5337588
REMIND-MAgPIE,A,Median,0.833,1995,0.6032588
REMIND-MAgPIE,A,Median,0.833,1996,0.6715764
REMIND-MAgPIE,A,Median,0.833,1997,0.7324588000000001
REMIND-MAgPIE,A,Median,0.833,1998,0.7890764
REMIND-MAgPIE,A,Median,0.833,1999,0.8422
REMIND-MAgPIE,A,Median,0.833,2000,0.8900764
REMIND-MAgPIE,A,Median,0.833,2001,0.9312176
REMIND-MAgPIE,A,Median,0.833,2002,0.9661352
REMIND-MAgPIE,A,Median,0.833,2003,0.9933588
REMIND-MAgPIE,A,Median,0.833,2004,1.0126176
REMIND-MAgPIE,A,Median,0.833,2005,1.0271
REMIND-MAgPIE,A,Median,0.833,2006,1.0405704
REMIND-MAgPIE,A,Median,0.833,2007,1.0550351999999998
REMIND-MAgPIE,A,Median,0.833,2008,1.0732764
REMIND-MAgPIE,A,Median,0.833,2009,1.0950588
REMIND-MAgPIE,A,Median,0.833,2010,1.1183588
REMIND-MAgPIE,A,Median,0.833,2011,1.1474
REMIND-MAgPIE,A,Median,0.833,2012,1.1779588
REMIND-MAgPIE,A,Median,0.833,2013,1.2099588
REMIND-MAgPIE,A,Median,0.833,2014,1.2469
REMIND-MAgPIE,A,Median,0.833,2015,1.2751352
REMIND-MAgPIE,A,Median,0.833,2016,1.3022588
REMIND-MAgPIE,A,Median,0.833,2017,1.3297588
REMIND-MAgPIE,A,Median,0.833,2018,1.3614292
REMIND-MAgPIE,A,Median,0.833,2019,1.3899764
REMIND-MAgPIE,A,Median,0.833,2020,1.421994
REMIND-MAgPIE,A,Median,0.833,2021,1.4540352
REMIND-MAgPIE,A,Median,0.833,2022,1.4847764
REMIND-MAgPIE,A,Median,0.833,2023,1.5135588
REMIND-MAgPIE,A,Median,0.833,2024,1.5416176
REMIND-MAgPIE,A,Median,0.833,2025,1.5710588
REMIND-MAgPIE,A,Median,0.833,2026,1.5980764
REMIND-MAgPIE,A,Median,0.833,2027,1.6253176
REMIND-MAgPIE,A,Median,0.833,2028,1.6518115999999998
REMIND-MAgPIE,A,Median,0.833,2029,1.6788
REMIND-MAgPIE,A,Median,0.833,2030,1.708688
REMIND-MAgPIE,A,Median,0.833,2031,1.7378588
REMIND-MAgPIE,A,Median,0.833,2032,1.7677175999999999
REMIND-MAgPIE,A,Median,0.833,2033,1.7998588
REMIND-MAgPIE,A,Median,0.833,2034,1.8319704
REMIND-MAgPIE,A,Median,0.833,2035,1.8659468
REMIND-MAgPIE,A,Median,0.833,2036,1.8975528
REMIND-MAgPIE,A,Median,0.833,2037,1.9298588
REMIND-MAgPIE,A,Median,0.833,2038,1.9628176
REMIND-MAgPIE,A,Median,0.833,2039,1.9956
REMIND-MAgPIE,A,Median,0.833,2040,2.0301704
REMIND-MAgPIE,A,Median,0.833,2041,2.0633588
REMIND-MAgPIE,A,Median,0.833,2042,2.0945940000000003
REMIND-MAgPIE,A,Median,0.833,2043,2.1265587999999997
REMIND-MAgPIE,A,Median,0.833,2044,2.157
REMIND-MAgPIE,A,Median,0.833,2045,2.1877352
REMIND-MAgPIE,A,Median,0.833,2046,2.2183
REMIND-MAgPIE,A,Median,0.833,2047,2.2479176
REMIND-MAgPIE,A,Median,0.833,2048,2.2776996
REMIND-MAgPIE,A,Median,0.833,2049,2.3064172
REMIND-MAgPIE,A,Median,0.833,2050,2.3372347999999996
REMIND-MAgPIE,A,Median,0.833,2051,2.367294
REMIND-MAgPIE,A,Median,0.833,2052,2.3943176
REMIND-MAgPIE,A,Median,0.833,2053,2.4201176
REMIND-MAgPIE,A,Median,0.833,2054,2.4473764
REMIND-MAgPIE,A,Median,0.833,2055,2.4741116
REMIND-MAgPIE,A,Median,0.833,2056,2.5002176
REMIND-MAgPIE,A,Median,0.833,2057,2.5256588
REMIND-MAgPIE,A,Median,0.833,2058,2.5518408
REMIND-MAgPIE,A,Median,0.833,2059,2.5764116
REMIND-MAgPIE,A,Median,0.833,2060,2.600482
REMIND-MAgPIE,A,Median,0.833,2061,2.6272172
REMIND-MAgPIE,A,Median,0.833,2062,2.65257
REMIND-MAgPIE,A,Median,0.833,2063,2.67767
REMIND-MAgPIE,A,Median,0.833,2064,2.7008056
REMIND-MAgPIE,A,Median,0.833,2065,2.725994
REMIND-MAgPIE,A,Median,0.833,2066,2.7514764
REMIND-MAgPIE,A,Median,0.833,2067,2.7768764
REMIND-MAgPIE,A,Median,0.833,2068,2.8026764
REMIND-MAgPIE,A,Median,0.833,2069,2.8282352
REMIND-MAgPIE,A,Median,0.833,2070,2.8536176
REMIND-MAgPIE,A,Median,0.833,2071,2.8787176
REMIND-MAgPIE,A,Median,0.833,2072,2.9047588
REMIND-MAgPIE,A,Median,0.833,2073,2.930194
REMIND-MAgPIE,A,Median,0.833,2074,2.9555644
REMIND-MAgPIE,A,Median,0.833,2075,2.9806528
REMIND-MAgPIE,A,Median,0.833,2076,3.0054408
REMIND-MAgPIE,A,Median,0.833,2077,3.0313231999999997
REMIND-MAgPIE,A,Median,0.833,2078,3.0586232
REMIND-MAgPIE,A,Median,0.833,2079,3.085088
REMIND-MAgPIE,A,Median,0.833,2080,3.1096764
REMIND-MAgPIE,A,Median,0.833,2081,3.1348347999999997
REMIND-MAgPIE,A,Median,0.833,2082,3.159688
REMIND-MAgPIE,A,Median,0.833,2083,3.1871764
REMIND-MAgPIE,A,Median,0.833,2084,3.2135352
REMIND-MAgPIE,A,Median,0.833,2085,3.2382468
REMIND-MAgPIE,A,Median,0.833,2086,3.2631468
REMIND-MAgPIE,A,Median,0.833,2087,3.2870584
REMIND-MAgPIE,A,Median,0.833,2088,3.3117588
REMIND-MAgPIE,A,Median,0.833,2089,3.3375404
REMIND-MAgPIE,A,Median,0.833,2090,3.3611228
REMIND-MAgPIE,A,Median,0.833,2091,3.3840352
REMIND-MAgPIE,A,Median,0.833,2092,3.4083644
REMIND-MAgPIE,A,Median,0.833,2093,3.4331584
REMIND-MAgPIE,A,Median,0.833,2094,3.4565
REMIND-MAgPIE,A,Median,0.833,2095,3.4810116
REMIND-MAgPIE,A,Median,0.833,2096,3.504994
REMIND-MAgPIE,A,Median,0.833,2097,3.5280175999999996
REMIND-MAgPIE,A,Median,0.833,2098,3.550594
REMIND-MAgPIE,A,Median,0.833,2099,3.5722528
REMIND-MAgPIE,A,Median,0.833,2100,3.593676
REMIND-MAgPIE,A,Median,0.9,1990,0.70042
REMIND-MAgPIE,A,Median,0.9,1991,0.6982400000000001
REMIND-MAgPIE,A,Median,0.9,1992,0.605
REMIND-MAgPIE,A,Median,0.9,1993,0.53064
REMIND-MAgPIE,A,Median,0.9,1994,0.55858
REMIND-MAgPIE,A,Median,0.9,1995,0.62682
REMIND-MAgPIE,A,Median,0.9,1996,0.69428
REMIND-MAgPIE,A,Median,0.9,1997,0.7538
REMIND-MAgPIE,A,Median,0.9,1998,0.80842
REMIND-MAgPIE,A,Median,0.9,1999,0.8605400000000001
REMIND-MAgPIE,A,Median,0.9,2000,0.9097
REMIND-MAgPIE,A,Median,0.9,2001,0.95344
REMIND-MAgPIE,A,Median,0.9,2002,0.99034
REMIND-MAgPIE,A,Median,0.9,2003,1.01864
REMIND-MAgPIE,A,Median,0.9,2004,1.03908
REMIND-MAgPIE,A,Median,0.9,2005,1.0545
REMIND-MAgPIE,A,Median,0.9,2006,1.06724
REMIND-MAgPIE,A,Median,0.9,2007,1.08276
REMIND-MAgPIE,A,Median,0.9,2008,1.10304
REMIND-MAgPIE,A,Median,0.9,2009,1.12458
REMIND-MAgPIE,A,Median,0.9,2010,1.14962
REMIND-MAgPIE,A,Median,0.9,2011,1.17936
REMIND-MAgPIE,A,Median,0.9,2012,1.2102
REMIND-MAgPIE,A,Median,0.9,2013,1.24442
REMIND-MAgPIE,A,Median,0.9,2014,1.27984
REMIND-MAgPIE,A,Median,0.9,2015,1.31014
REMIND-MAgPIE,A,Median,0.9,2016,1.33876
REMIND-MAgPIE,A,Median,0.9,2017,1.36966
REMIND-MAgPIE,A,Median,0.9,2018,1.4025200000000002
REMIND-MAgPIE,A,Median,0.9,2019,1.43414
REMIND-MAgPIE,A,Median,0.9,2020,1.4661
REMIND-MAgPIE,A,Median,0.9,2021,1.5013200000000002
REMIND-MAgPIE,A,Median,0.9,2022,1.53464
REMIND-MAgPIE,A,Median,0.9,2023,1.56694
REMIND-MAgPIE,A,Median,0.9,2024,1.59876
REMIND-MAgPIE,A,Median,0.9,2025,1.62994
REMIND-MAgPIE,A,Median,0.9,2026,1.65948
REMIND-MAgPIE,A,Median,0.9,2027,1.68974
REMIND-MAgPIE,A,Median,0.9,2028,1.72092
REMIND-MAgPIE,A,Median,0.9,2029,1.75036
REMIND-MAgPIE,A,Median,0.9,2030,1.77898
REMIND-MAgPIE,A,Median,0.9,2031,1.81258
REMIND-MAgPIE,A,Median,0.9,2032,1.84448
REMIND-MAgPIE,A,Median,0.9,2033,1.8791800000000003
REMIND-MAgPIE,A,Median,0.9,2034,1.91332
REMIND-MAgPIE,A,Median,0.9,2035,1.94982
REMIND-MAgPIE,A,Median,0.9,2036,1.98532
REMIND-MAgPIE,A,Median,0.9,2037,2.02078
REMIND-MAgPIE,A,Median,0.9,2038,2.0562199999999997
REMIND-MAgPIE,A,Median,0.9,2039,2.09256
REMIND-MAgPIE,A,Median,0.9,2040,2.13104
REMIND-MAgPIE,A,Median,0.9,2041,2.1688
REMIND-MAgPIE,A,Median,0.9,2042,2.20376
REMIND-MAgPIE,A,Median,0.9,2043,2.24006
REMIND-MAgPIE,A,Median,0.9,2044,2.27418
REMIND-MAgPIE,A,Median,0.9,2045,2.3074600000000003
REMIND-MAgPIE,A,Median,0.9,2046,2.3405400000000003
REMIND-MAgPIE,A,Median,0.9,2047,2.37494
REMIND-MAgPIE,A,Median,0.9,2048,2.40878
REMIND-MAgPIE,A,Median,0.9,2049,2.44204
REMIND-MAgPIE,A,Median,0.9,2050,2.47336
REMIND-MAgPIE,A,Median,0.9,2051,2.50516
REMIND-MAgPIE,A,Median,0.9,2052,2.53788
REMIND-MAgPIE,A,Median,0.9,2053,2.56894
REMIND-MAgPIE,A,Median,0.9,2054,2.59802
REMIND-MAgPIE,A,Median,0.9,2055,2.62564
REMIND-MAgPIE,A,Median,0.9,2056,2.65354
REMIND-MAgPIE,A,Median,0.9,2057,2.68064
REMIND-MAgPIE,A,Median,0.9,2058,2.70772
REMIND-MAgPIE,A,Median,0.9,2059,2.7342
REMIND-MAgPIE,A,Median,0.9,2060,2.7601400000000003
REMIND-MAgPIE,A,Median,0.9,2061,2.78724
REMIND-MAgPIE,A,Median,0.9,2062,2.81244
REMIND-MAgPIE,A,Median,0.9,2063,2.8396600000000003
REMIND-MAgPIE,A,Median,0.9,2064,2.8662000000000005
REMIND-MAgPIE,A,Median,0.9,2065,2.89438
REMIND-MAgPIE,A,Median,0.9,2066,2.92102
REMIND-MAgPIE,A,Median,0.9,2067,2.94768
REMIND-MAgPIE,A,Median,0.9,2068,2.97342
REMIND-MAgPIE,A,Median,0.9,2069,2.99832
REMIND-MAgPIE,A,Median,0.9,2070,3.0243
REMIND-MAgPIE,A,Median,0.9,2071,3.05072
REMIND-MAgPIE,A,Median,0.9,2072,3.0798
REMIND-MAgPIE,A,Median,0.9,2073,3.10892
REMIND-MAgPIE,A,Median,0.9,2074,3.13654
REMIND-MAgPIE,A,Median,0.9,2075,3.16174
REMIND-MAgPIE,A,Median,0.9,2076,3.18764
REMIND-MAgPIE,A,Median,0.9,2077,3.2161600000000004
REMIND-MAgPIE,A,Median,0.9,2078,3.244
REMIND-MAgPIE,A,Median,0.9,2079,3.27324
REMIND-MAgPIE,A,Median,0.9,2080,3.3018400000000003
REMIND-MAgPIE,A,Median,0.9,2081,3.3290200000000003
REMIND-MAgPIE,A,Median,0.9,2082,3.35488
REMIND-MAgPIE,A,Median,0.9,2083,3.3824600000000005
REMIND-MAgPIE,A,Median,0.9,2084,3.41068
REMIND-MAgPIE,A,Median,0.9,2085,3.43624
REMIND-MAgPIE,A,Median,0.9,2086,3.4614
REMIND-MAgPIE,A,Median,0.9,2087,3.48706
REMIND-MAgPIE,A,Median,0.9,2088,3.51436
REMIND-MAgPIE,A,Median,0.9,2089,3.54158
REMIND-MAgPIE,A,Median,0.9,2090,3.56786
REMIND-MAgPIE,A,Median,0.9,2091,3.5945600000000004
REMIND-MAgPIE,A,Median,0.9,2092,3.62316
REMIND-MAgPIE,A,Median,0.9,2093,3.65096
REMIND-MAgPIE,A,Median,0.9,2094,3.6762
REMIND-MAgPIE,A,Median,0.9,2095,3.69968
REMIND-MAgPIE,A,Median,0.9,2096,3.72428
REMIND-MAgPIE,A,Median,0.9,2097,3.74894
REMIND-MAgPIE,A,Median,0.9,2098,3.77266
REMIND-MAgPIE,A,Median,0.9,2099,3.79702
REMIND-MAgPIE,A,Median,0.9,2100,3.82096
REMIND-MAgPIE,A,Min,0.1,1990,0.49856
REMIND-MAgPIE,A,Min,0.1,1991,0.4953
REMIND-MAgPIE,A,Min,0.1,1992,0.38984
REMIND-MAgPIE,A,Min,0.1,1993,0.3043
REMIND-MAgPIE,A,Min,0.1,1994,0.3383
REMIND-MAgPIE,A,Min,0.1,1995,0.41346
REMIND-MAgPIE,A,Min,0.1,1996,0.48376
REMIND-MAgPIE,A,Min,0.1,1997,0.54462
REMIND-MAgPIE,A,Min,0.1,1998,0.5989
REMIND-MAgPIE,A,Min,0.1,1999,0.6479400000000001
REMIND-MAgPIE,A,Min,0.1,2000,0.69316
REMIND-MAgPIE,A,Min,0.1,2001,0.73178
REMIND-MAgPIE,A,Min,0.1,2002,0.76002
REMIND-MAgPIE,A,Min,0.1,2003,0.77982
REMIND-MAgPIE,A,Min,0.1,2004,0.792
REMIND-MAgPIE,A,Min,0.1,2005,0.80016
REMIND-MAgPIE,A,Min,0.1,2006,0.8069200000000001
REMIND-MAgPIE,A,Min,0.1,2007,0.81512
REMIND-MAgPIE,A,Min,0.1,2008,0.82814
REMIND-MAgPIE,A,Min,0.1,2009,0.8437
REMIND-MAgPIE,A,Min,0.1,2010,0.86408
REMIND-MAgPIE,A,Min,0.1,2011,0.8871
REMIND-MAgPIE,A,Min,0.1,2012,0.91134
REMIND-MAgPIE,A,Min,0.1,2013,0.9374
REMIND-MAgPIE,A,Min,0.1,2014,0.96216
REMIND-MAgPIE,A,Min,0.1,2015,0.9812
REMIND-MAgPIE,A,Min,0.1,2016,0.99776
REMIND-MAgPIE,A,Min,0.1,2017,1.01356
REMIND-MAgPIE,A,Min,0.1,2018,1.03332
REMIND-MAgPIE,A,Min,0.1,2019,1.05258
REMIND-MAgPIE,A,Min,0.1,2020,1.07516
REMIND-MAgPIE,A,Min,0.1,2021,1.09776
REMIND-MAgPIE,A,Min,0.1,2022,1.117
REMIND-MAgPIE,A,Min,0.1,2023,1.1367
REMIND-MAgPIE,A,Min,0.1,2024,1.1538
REMIND-MAgPIE,A,Min,0.1,2025,1.17088
REMIND-MAgPIE,A,Min,0.1,2026,1.18696
REMIND-MAgPIE,A,Min,0.1,2027,1.20406
REMIND-MAgPIE,A,Min,0.1,2028,1.2214
REMIND-MAgPIE,A,Min,0.1,2029,1.23666
REMIND-MAgPIE,A,Min,0.1,2030,1.25384
REMIND-MAgPIE,A,Min,0.1,2031,1.2713
REMIND-MAgPIE,A,Min,0.1,2032,1.28866
REMIND-MAgPIE,A,Min,0.1,2033,1.30696
REMIND-MAgPIE,A,Min,0.1,2034,1.32418
REMIND-MAgPIE,A,Min,0.1,2035,1.34186
REMIND-MAgPIE,A,Min,0.1,2036,1.35934
REMIND-MAgPIE,A,Min,0.1,2037,1.3777
REMIND-MAgPIE,A,Min,0.1,2038,1.39486
REMIND-MAgPIE,A,Min,0.1,2039,1.41116
REMIND-MAgPIE,A,Min,0.1,2040,1.42776
REMIND-MAgPIE,A,Min,0.1,2041,1.44206
REMIND-MAgPIE,A,Min,0.1,2042,1.45716
REMIND-MAgPIE,A,Min,0.1,2043,1.47132
REMIND-MAgPIE,A,Min,0.1,2044,1.48512
REMIND-MAgPIE,A,Min,0.1,2045,1.49758
REMIND-MAgPIE,A,Min,0.1,2046,1.50984
REMIND-MAgPIE,A,Min,0.1,2047,1.52116
REMIND-MAgPIE,A,Min,0.1,2048,1.53158
REMIND-MAgPIE,A,Min,0.1,2049,1.5425
REMIND-MAgPIE,A,Min,0.1,2050,1.55438
REMIND-MAgPIE,A,Min,0.1,2051,1.56466
REMIND-MAgPIE,A,Min,0.1,2052,1.57584
REMIND-MAgPIE,A,Min,0.1,2053,1.58678
REMIND-MAgPIE,A,Min,0.1,2054,1.5966
REMIND-MAgPIE,A,Min,0.1,2055,1.6076
REMIND-MAgPIE,A,Min,0.1,2056,1.61822
REMIND-MAgPIE,A,Min,0.1,2057,1.62776
REMIND-MAgPIE,A,Min,0.1,2058,1.63734
REMIND-MAgPIE,A,Min,0.1,2059,1.6463800000000002
REMIND-MAgPIE,A,Min,0.1,2060,1.6554
REMIND-MAgPIE,A,Min,0.1,2061,1.66452
REMIND-MAgPIE,A,Min,0.1,2062,1.6740199999999998
REMIND-MAgPIE,A,Min,0.1,2063,1.6827
REMIND-MAgPIE,A,Min,0.1,2064,1.69072
REMIND-MAgPIE,A,Min,0.1,2065,1.69876
REMIND-MAgPIE,A,Min,0.1,2066,1.70778
REMIND-MAgPIE,A,Min,0.1,2067,1.71718
REMIND-MAgPIE,A,Min,0.1,2068,1.7264
REMIND-MAgPIE,A,Min,0.1,2069,1.73572
REMIND-MAgPIE,A,Min,0.1,2070,1.7446199999999998
REMIND-MAgPIE,A,Min,0.1,2071,1.7525
REMIND-MAgPIE,A,Min,0.1,2072,1.76112
REMIND-MAgPIE,A,Min,0.1,2073,1.76982
REMIND-MAgPIE,A,Min,0.1,2074,1.77864
REMIND-MAgPIE,A,Min,0.1,2075,1.78744
REMIND-MAgPIE,A,Min,0.1,2076,1.79726
REMIND-MAgPIE,A,Min,0.1,2077,1.80574
REMIND-MAgPIE,A,Min,0.1,2078,1.81494
REMIND-MAgPIE,A,Min,0.1,2079,1.8236
REMIND-MAgPIE,A,Min,0.1,2080,1.83194
REMIND-MAgPIE,A,Min,0.1,2081,1.84048
REMIND-MAgPIE,A,Min,0.1,2082,1.84886
REMIND-MAgPIE,A,Min,0.1,2083,1.8574600000000001
REMIND-MAgPIE,A,Min,0.1,2084,1.86506
REMIND-MAgPIE,A,Min,0.1,2085,1.87394
REMIND-MAgPIE,A,Min,0.1,2086,1.88148
REMIND-MAgPIE,A,Min,0.1,2087,1.89078
REMIND-MAgPIE,A,Min,0.1,2088,1.89976
REMIND-MAgPIE,A,Min,0.1,2089,1.9073
REMIND-MAgPIE,A,Min,0.1,2090,1.91498
REMIND-MAgPIE,A,Min,0.1,2091,1.92338
REMIND-MAgPIE,A,Min,0.1,2092,1.93224
REMIND-MAgPIE,A,Min,0.1,2093,1.94006
REMIND-MAgPIE,A,Min,0.1,2094,1.94822
REMIND-MAgPIE,A,Min,0.1,2095,1.95608
REMIND-MAgPIE,A,Min,0.1,2096,1.96412
REMIND-MAgPIE,A,Min,0.1,2097,1.97218
REMIND-MAgPIE,A,Min,0.1,2098,1.98042
REMIND-MAgPIE,A,Min,0.1,2099,1.98818
REMIND-MAgPIE,A,Min,0.1,2100,1.9955
REMIND-MAgPIE,A,Min,0.167,1990,0.5192412
REMIND-MAgPIE,A,Min,0.167,1991,0.5156412
REMIND-MAgPIE,A,Min,0.167,1992,0.4130412
REMIND-MAgPIE,A,Min,0.167,1993,0.3257412
REMIND-MAgPIE,A,Min,0.167,1994,0.3608412
REMIND-MAgPIE,A,Min,0.167,1995,0.4343884
REMIND-MAgPIE,A,Min,0.167,1996,0.5054
REMIND-MAgPIE,A,Min,0.167,1997,0.5669411999999999
REMIND-MAgPIE,A,Min,0.167,1998,0.6217412
REMIND-MAgPIE,A,Min,0.167,1999,0.6732824000000001
REMIND-MAgPIE,A,Min,0.167,2000,0.7188
REMIND-MAgPIE,A,Min,0.167,2001,0.7553411999999999
REMIND-MAgPIE,A,Min,0.167,2002,0.7840824000000001
REMIND-MAgPIE,A,Min,0.167,2003,0.8051
REMIND-MAgPIE,A,Min,0.167,2004,0.8179236
REMIND-MAgPIE,A,Min,0.167,2005,0.8273236
REMIND-MAgPIE,A,Min,0.167,2006,0.8378
REMIND-MAgPIE,A,Min,0.167,2007,0.8494824000000001
REMIND-MAgPIE,A,Min,0.167,2008,0.8631648
REMIND-MAgPIE,A,Min,0.167,2009,0.8803236
REMIND-MAgPIE,A,Min,0.167,2010,0.9000412
REMIND-MAgPIE,A,Min,0.167,2011,0.9230412
REMIND-MAgPIE,A,Min,0.167,2012,0.9469412
REMIND-MAgPIE,A,Min,0.167,2013,0.9749824
REMIND-MAgPIE,A,Min,0.167,2014,1.0006
REMIND-MAgPIE,A,Min,0.167,2015,1.0199412
REMIND-MAgPIE,A,Min,0.167,2016,1.0378412
REMIND-MAgPIE,A,Min,0.167,2017,1.0566236
REMIND-MAgPIE,A,Min,0.167,2018,1.0775
REMIND-MAgPIE,A,Min,0.167,2019,1.0985236
REMIND-MAgPIE,A,Min,0.167,2020,1.1196236
REMIND-MAgPIE,A,Min,0.167,2021,1.1401884
REMIND-MAgPIE,A,Min,0.167,2022,1.1610296
REMIND-MAgPIE,A,Min,0.167,2023,1.1813412
REMIND-MAgPIE,A,Min,0.167,2024,1.2004412
REMIND-MAgPIE,A,Min,0.167,2025,1.2186236
REMIND-MAgPIE,A,Min,0.167,2026,1.2360648
REMIND-MAgPIE,A,Min,0.167,2027,1.2533824
REMIND-MAgPIE,A,Min,0.167,2028,1.269906
REMIND-MAgPIE,A,Min,0.167,2029,1.2863412
REMIND-MAgPIE,A,Min,0.167,2030,1.3034412
REMIND-MAgPIE,A,Min,0.167,2031,1.3208648
REMIND-MAgPIE,A,Min,0.167,2032,1.338612
REMIND-MAgPIE,A,Min,0.167,2033,1.3571824
REMIND-MAgPIE,A,Min,0.167,2034,1.3754648
REMIND-MAgPIE,A,Min,0.167,2035,1.3945236
REMIND-MAgPIE,A,Min,0.167,2036,1.4132824
REMIND-MAgPIE,A,Min,0.167,2037,1.4322
REMIND-MAgPIE,A,Min,0.167,2038,1.4494472
REMIND-MAgPIE,A,Min,0.167,2039,1.4678412
REMIND-MAgPIE,A,Min,0.167,2040,1.4865412
REMIND-MAgPIE,A,Min,0.167,2041,1.5046412
REMIND-MAgPIE,A,Min,0.167,2042,1.5212824
REMIND-MAgPIE,A,Min,0.167,2043,1.5356
REMIND-MAgPIE,A,Min,0.167,2044,1.5508412
REMIND-MAgPIE,A,Min,0.167,2045,1.5657472
REMIND-MAgPIE,A,Min,0.167,2046,1.5807648
REMIND-MAgPIE,A,Min,0.167,2047,1.5935884
REMIND-MAgPIE,A,Min,0.167,2048,1.6066824
REMIND-MAgPIE,A,Min,0.167,2049,1.6210236
REMIND-MAgPIE,A,Min,0.167,2050,1.6342412000000002
REMIND-MAgPIE,A,Min,0.167,2051,1.6454824
REMIND-MAgPIE,A,Min,0.167,2052,1.6568296
REMIND-MAgPIE,A,Min,0.167,2053,1.666806
REMIND-MAgPIE,A,Min,0.167,2054,1.6778
REMIND-MAgPIE,A,Min,0.167,2055,1.6880824
REMIND-MAgPIE,A,Min,0.167,2056,1.6994824
REMIND-MAgPIE,A,Min,0.167,2057,1.7101412
REMIND-MAgPIE,A,Min,0.167,2058,1.7203824
REMIND-MAgPIE,A,Min,0.167,2059,1.7303236
REMIND-MAgPIE,A,Min,0.167,2060,1.7401412
REMIND-MAgPIE,A,Min,0.167,2061,1.7508472
REMIND-MAgPIE,A,Min,0.167,2062,1.7603236
REMIND-MAgPIE,A,Min,0.167,2063,1.770306
REMIND-MAgPIE,A,Min,0.167,2064,1.7794824
REMIND-MAgPIE,A,Min,0.167,2065,1.7900412
REMIND-MAgPIE,A,Min,0.167,2066,1.7999824
REMIND-MAgPIE,A,Min,0.167,2067,1.8088412
REMIND-MAgPIE,A,Min,0.167,2068,1.8184824
REMIND-MAgPIE,A,Min,0.167,2069,1.8288412
REMIND-MAgPIE,A,Min,0.167,2070,1.8388884
REMIND-MAgPIE,A,Min,0.167,2071,1.8481236
REMIND-MAgPIE,A,Min,0.167,2072,1.8573472
REMIND-MAgPIE,A,Min,0.167,2073,1.8674412
REMIND-MAgPIE,A,Min,0.167,2074,1.8770824
REMIND-MAgPIE,A,Min,0.167,2075,1.8866648
REMIND-MAgPIE,A,Min,0.167,2076,1.8966412
REMIND-MAgPIE,A,Min,0.167,2077,1.905706
REMIND-MAgPIE,A,Min,0.167,2078,1.9150412
REMIND-MAgPIE,A,Min,0.167,2079,1.9246236
REMIND-MAgPIE,A,Min,0.167,2080,1.9342532
REMIND-MAgPIE,A,Min,0.167,2081,1.9432884
REMIND-MAgPIE,A,Min,0.167,2082,1.9524236
REMIND-MAgPIE,A,Min,0.167,2083,1.9611648
REMIND-MAgPIE,A,Min,0.167,2084,1.9696296
REMIND-MAgPIE,A,Min,0.167,2085,1.9780412
REMIND-MAgPIE,A,Min,0.167,2086,1.9863236
REMIND-MAgPIE,A,Min,0.167,2087,1.9953707999999999
REMIND-MAgPIE,A,Min,0.167,2088,2.004324
REMIND-MAgPIE,A,Min,0.167,2089,2.0148824000000003
REMIND-MAgPIE,A,Min,0.167,2090,2.0235472
REMIND-MAgPIE,A,Min,0.167,2091,2.0318
REMIND-MAgPIE,A,Min,0.167,2092,2.0403
REMIND-MAgPIE,A,Min,0.167,2093,2.0485235999999998
REMIND-MAgPIE,A,Min,0.167,2094,2.056706
REMIND-MAgPIE,A,Min,0.167,2095,2.0650236
REMIND-MAgPIE,A,Min,0.167,2096,2.073206
REMIND-MAgPIE,A,Min,0.167,2097,2.0816824
REMIND-MAgPIE,A,Min,0.167,2098,2.0894412
REMIND-MAgPIE,A,Min,0.167,2099,2.0973824000000003
REMIND-MAgPIE,A,Min,0.167,2100,2.1049412000000003
REMIND-MAgPIE,A,Min,0.2,1990,0.5283
REMIND-MAgPIE,A,Min,0.2,1991,0.52602
REMIND-MAgPIE,A,Min,0.2,1992,0.4232
REMIND-MAgPIE,A,Min,0.2,1993,0.33672
REMIND-MAgPIE,A,Min,0.2,1994,0.36974
REMIND-MAgPIE,A,Min,0.2,1995,0.44412
REMIND-MAgPIE,A,Min,0.2,1996,0.51444
REMIND-MAgPIE,A,Min,0.2,1997,0.57642
REMIND-MAgPIE,A,Min,0.2,1998,0.6328
REMIND-MAgPIE,A,Min,0.2,1999,0.68232
REMIND-MAgPIE,A,Min,0.2,2000,0.72874
REMIND-MAgPIE,A,Min,0.2,2001,0.76514
REMIND-MAgPIE,A,Min,0.2,2002,0.7941
REMIND-MAgPIE,A,Min,0.2,2003,0.81638
REMIND-MAgPIE,A,Min,0.2,2004,0.83104
REMIND-MAgPIE,A,Min,0.2,2005,0.8409800000000001
REMIND-MAgPIE,A,Min,0.2,2006,0.84922
REMIND-MAgPIE,A,Min,0.2,2007,0.8598
REMIND-MAgPIE,A,Min,0.2,2008,0.8746200000000001
REMIND-MAgPIE,A,Min,0.2,2009,0.89052
REMIND-MAgPIE,A,Min,0.2,2010,0.9115
REMIND-MAgPIE,A,Min,0.2,2011,0.93534
REMIND-MAgPIE,A,Min,0.2,2012,0.96018
REMIND-MAgPIE,A,Min,0.2,2013,0.987
REMIND-MAgPIE,A,Min,0.2,2014,1.0130599999999998
REMIND-MAgPIE,A,Min,0.2,2015,1.03434
REMIND-MAgPIE,A,Min,0.2,2016,1.05232
REMIND-MAgPIE,A,Min,0.2,2017,1.07054
REMIND-MAgPIE,A,Min,0.2,2018,1.0929
REMIND-MAgPIE,A,Min,0.2,2019,1.11422
REMIND-MAgPIE,A,Min,0.2,2020,1.13548
REMIND-MAgPIE,A,Min,0.2,2021,1.15688
REMIND-MAgPIE,A,Min,0.2,2022,1.1783
REMIND-MAgPIE,A,Min,0.2,2023,1.19852
REMIND-MAgPIE,A,Min,0.2,2024,1.21844
REMIND-MAgPIE,A,Min,0.2,2025,1.2372
REMIND-MAgPIE,A,Min,0.2,2026,1.2551
REMIND-MAgPIE,A,Min,0.2,2027,1.27262
REMIND-MAgPIE,A,Min,0.2,2028,1.28862
REMIND-MAgPIE,A,Min,0.2,2029,1.3051
REMIND-MAgPIE,A,Min,0.2,2030,1.32364
REMIND-MAgPIE,A,Min,0.2,2031,1.34242
REMIND-MAgPIE,A,Min,0.2,2032,1.36122
REMIND-MAgPIE,A,Min,0.2,2033,1.38004
REMIND-MAgPIE,A,Min,0.2,2034,1.39896
REMIND-MAgPIE,A,Min,0.2,2035,1.41832
REMIND-MAgPIE,A,Min,0.2,2036,1.4383
REMIND-MAgPIE,A,Min,0.2,2037,1.45616
REMIND-MAgPIE,A,Min,0.2,2038,1.47438
REMIND-MAgPIE,A,Min,0.2,2039,1.49226
REMIND-MAgPIE,A,Min,0.2,2040,1.5109199999999998
REMIND-MAgPIE,A,Min,0.2,2041,1.52936
REMIND-MAgPIE,A,Min,0.2,2042,1.54646
REMIND-MAgPIE,A,Min,0.2,2043,1.56278
REMIND-MAgPIE,A,Min,0.2,2044,1.57794
REMIND-MAgPIE,A,Min,0.2,2045,1.59162
REMIND-MAgPIE,A,Min,0.2,2046,1.6063200000000002
REMIND-MAgPIE,A,Min,0.2,2047,1.61926
REMIND-MAgPIE,A,Min,0.2,2048,1.63134
REMIND-MAgPIE,A,Min,0.2,2049,1.64498
REMIND-MAgPIE,A,Min,0.2,2050,1.65768
REMIND-MAgPIE,A,Min,0.2,2051,1.67184
REMIND-MAgPIE,A,Min,0.2,2052,1.68404
REMIND-MAgPIE,A,Min,0.2,2053,1.69484
REMIND-MAgPIE,A,Min,0.2,2054,1.70658
REMIND-MAgPIE,A,Min,0.2,2055,1.717
REMIND-MAgPIE,A,Min,0.2,2056,1.72864
REMIND-MAgPIE,A,Min,0.2,2057,1.73942
REMIND-MAgPIE,A,Min,0.2,2058,1.74996
REMIND-MAgPIE,A,Min,0.2,2059,1.76046
REMIND-MAgPIE,A,Min,0.2,2060,1.7703
REMIND-MAgPIE,A,Min,0.2,2061,1.78062
REMIND-MAgPIE,A,Min,0.2,2062,1.7913599999999998
REMIND-MAgPIE,A,Min,0.2,2063,1.8017
REMIND-MAgPIE,A,Min,0.2,2064,1.81236
REMIND-MAgPIE,A,Min,0.2,2065,1.8236
REMIND-MAgPIE,A,Min,0.2,2066,1.83406
REMIND-MAgPIE,A,Min,0.2,2067,1.84448
REMIND-MAgPIE,A,Min,0.2,2068,1.85434
REMIND-MAgPIE,A,Min,0.2,2069,1.86424
REMIND-MAgPIE,A,Min,0.2,2070,1.87562
REMIND-MAgPIE,A,Min,0.2,2071,1.88456
REMIND-MAgPIE,A,Min,0.2,2072,1.8942
REMIND-MAgPIE,A,Min,0.2,2073,1.9043
REMIND-MAgPIE,A,Min,0.2,2074,1.91404
REMIND-MAgPIE,A,Min,0.2,2075,1.92362
REMIND-MAgPIE,A,Min,0.2,2076,1.93402
REMIND-MAgPIE,A,Min,0.2,2077,1.94388
REMIND-MAgPIE,A,Min,0.2,2078,1.95262
REMIND-MAgPIE,A,Min,0.2,2079,1.96316
REMIND-MAgPIE,A,Min,0.2,2080,1.97342
REMIND-MAgPIE,A,Min,0.2,2081,1.98278
REMIND-MAgPIE,A,Min,0.2,2082,1.99166
REMIND-MAgPIE,A,Min,0.2,2083,2.0010399999999997
REMIND-MAgPIE,A,Min,0.2,2084,2.0113
REMIND-MAgPIE,A,Min,0.2,2085,2.02152
REMIND-MAgPIE,A,Min,0.2,2086,2.03046
REMIND-MAgPIE,A,Min,0.2,2087,2.0393
REMIND-MAgPIE,A,Min,0.2,2088,2.04824
REMIND-MAgPIE,A,Min,0.2,2089,2.05722
REMIND-MAgPIE,A,Min,0.2,2090,2.0661
REMIND-MAgPIE,A,Min,0.2,2091,2.07398
REMIND-MAgPIE,A,Min,0.2,2092,2.08188
REMIND-MAgPIE,A,Min,0.2,2093,2.0904399999999996
REMIND-MAgPIE,A,Min,0.2,2094,2.0987799999999996
REMIND-MAgPIE,A,Min,0.2,2095,2.1076
REMIND-MAgPIE,A,Min,0.2,2096,2.1166199999999997
REMIND-MAgPIE,A,Min,0.2,2097,2.12514
REMIND-MAgPIE,A,Min,0.2,2098,2.1339200000000003
REMIND-MAgPIE,A,Min,0.2,2099,2.14228
REMIND-MAgPIE,A,Min,0.2,2100,2.15056
REMIND-MAgPIE,A,Min,0.3,1990,0.5538399999999999
REMIND-MAgPIE,A,Min,0.3,1991,0.5508799999999999
REMIND-MAgPIE,A,Min,0.3,1992,0.44708
REMIND-MAgPIE,A,Min,0.3,1993,0.36496
REMIND-MAgPIE,A,Min,0.3,1994,0.39596
REMIND-MAgPIE,A,Min,0.3,1995,0.46988
REMIND-MAgPIE,A,Min,0.3,1996,0.5405399999999999
REMIND-MAgPIE,A,Min,0.3,1997,0.60146
REMIND-MAgPIE,A,Min,0.3,1998,0.6563
REMIND-MAgPIE,A,Min,0.3,1999,0.70718
REMIND-MAgPIE,A,Min,0.3,2000,0.75408
REMIND-MAgPIE,A,Min,0.3,2001,0.79306
REMIND-MAgPIE,A,Min,0.3,2002,0.82518
REMIND-MAgPIE,A,Min,0.3,2003,0.8481
REMIND-MAgPIE,A,Min,0.3,2004,0.86408
REMIND-MAgPIE,A,Min,0.3,2005,0.8746
REMIND-MAgPIE,A,Min,0.3,2006,0.88418
REMIND-MAgPIE,A,Min,0.3,2007,0.8954799999999999
REMIND-MAgPIE,A,Min,0.3,2008,0.90992
REMIND-MAgPIE,A,Min,0.3,2009,0.92628
REMIND-MAgPIE,A,Min,0.3,2010,0.94798
REMIND-MAgPIE,A,Min,0.3,2011,0.97356
REMIND-MAgPIE,A,Min,0.3,2012,1.00008
REMIND-MAgPIE,A,Min,0.3,2013,1.02806
REMIND-MAgPIE,A,Min,0.3,2014,1.05464
REMIND-MAgPIE,A,Min,0.3,2015,1.0746
REMIND-MAgPIE,A,Min,0.3,2016,1.09358
REMIND-MAgPIE,A,Min,0.3,2017,1.11522
REMIND-MAgPIE,A,Min,0.3,2018,1.13818
REMIND-MAgPIE,A,Min,0.3,2019,1.16306
REMIND-MAgPIE,A,Min,0.3,2020,1.18448
REMIND-MAgPIE,A,Min,0.3,2021,1.2076
REMIND-MAgPIE,A,Min,0.3,2022,1.2304
REMIND-MAgPIE,A,Min,0.3,2023,1.25088
REMIND-MAgPIE,A,Min,0.3,2024,1.2706
REMIND-MAgPIE,A,Min,0.3,2025,1.29216
REMIND-MAgPIE,A,Min,0.3,2026,1.3114
REMIND-MAgPIE,A,Min,0.3,2027,1.32938
REMIND-MAgPIE,A,Min,0.3,2028,1.34738
REMIND-MAgPIE,A,Min,0.3,2029,1.36532
REMIND-MAgPIE,A,Min,0.3,2030,1.3848
REMIND-MAgPIE,A,Min,0.3,2031,1.40512
REMIND-MAgPIE,A,Min,0.3,2032,1.42438
REMIND-MAgPIE,A,Min,0.3,2033,1.4438
REMIND-MAgPIE,A,Min,0.3,2034,1.46322
REMIND-MAgPIE,A,Min,0.3,2035,1.4812800000000002
REMIND-MAgPIE,A,Min,0.3,2036,1.50116
REMIND-MAgPIE,A,Min,0.3,2037,1.5213
REMIND-MAgPIE,A,Min,0.3,2038,1.5415800000000002
REMIND-MAgPIE,A,Min,0.3,2039,1.56012
REMIND-MAgPIE,A,Min,0.3,2040,1.57996
REMIND-MAgPIE,A,Min,0.3,2041,1.59898
REMIND-MAgPIE,A,Min,0.3,2042,1.61812
REMIND-MAgPIE,A,Min,0.3,2043,1.63566
REMIND-MAgPIE,A,Min,0.3,2044,1.65274
REMIND-MAgPIE,A,Min,0.3,2045,1.66838
REMIND-MAgPIE,A,Min,0.3,2046,1.68408
REMIND-MAgPIE,A,Min,0.3,2047,1.69956
REMIND-MAgPIE,A,Min,0.3,2048,1.71404
REMIND-MAgPIE,A,Min,0.3,2049,1.72768
REMIND-MAgPIE,A,Min,0.3,2050,1.74196
REMIND-MAgPIE,A,Min,0.3,2051,1.75598
REMIND-MAgPIE,A,Min,0.3,2052,1.7692
REMIND-MAgPIE,A,Min,0.3,2053,1.78174
REMIND-MAgPIE,A,Min,0.3,2054,1.79398
REMIND-MAgPIE,A,Min,0.3,2055,1.80578
REMIND-MAgPIE,A,Min,0.3,2056,1.81778
REMIND-MAgPIE,A,Min,0.3,2057,1.82916
REMIND-MAgPIE,A,Min,0.3,2058,1.84088
REMIND-MAgPIE,A,Min,0.3,2059,1.85198
REMIND-MAgPIE,A,Min,0.3,2060,1.86306
REMIND-MAgPIE,A,Min,0.3,2061,1.87398
REMIND-MAgPIE,A,Min,0.3,2062,1.88436
REMIND-MAgPIE,A,Min,0.3,2063,1.89538
REMIND-MAgPIE,A,Min,0.3,2064,1.90686
REMIND-MAgPIE,A,Min,0.3,2065,1.91778
REMIND-MAgPIE,A,Min,0.3,2066,1.92828
REMIND-MAgPIE,A,Min,0.3,2067,1.93914
REMIND-MAgPIE,A,Min,0.3,2068,1.94978
REMIND-MAgPIE,A,Min,0.3,2069,1.96086
REMIND-MAgPIE,A,Min,0.3,2070,1.97174
REMIND-MAgPIE,A,Min,0.3,2071,1.9832
REMIND-MAgPIE,A,Min,0.3,2072,1.99434
REMIND-MAgPIE,A,Min,0.3,2073,2.0046600000000003
REMIND-MAgPIE,A,Min,0.3,2074,2.0151
REMIND-MAgPIE,A,Min,0.3,2075,2.02514
REMIND-MAgPIE,A,Min,0.3,2076,2.03524
REMIND-MAgPIE,A,Min,0.3,2077,2.0452600000000003
REMIND-MAgPIE,A,Min,0.3,2078,2.05528
REMIND-MAgPIE,A,Min,0.3,2079,2.06568
REMIND-MAgPIE,A,Min,0.3,2080,2.07592
REMIND-MAgPIE,A,Min,0.3,2081,2.08578
REMIND-MAgPIE,A,Min,0.3,2082,2.09618
REMIND-MAgPIE,A,Min,0.3,2083,2.10662
REMIND-MAgPIE,A,Min,0.3,2084,2.11694
REMIND-MAgPIE,A,Min,0.3,2085,2.12798
REMIND-MAgPIE,A,Min,0.3,2086,2.13718
REMIND-MAgPIE,A,Min,0.3,2087,2.1465799999999997
REMIND-MAgPIE,A,Min,0.3,2088,2.15598
REMIND-MAgPIE,A,Min,0.3,2089,2.16584
REMIND-MAgPIE,A,Min,0.3,2090,2.17572
REMIND-MAgPIE,A,Min,0.3,2091,2.18498
REMIND-MAgPIE,A,Min,0.3,2092,2.19422
REMIND-MAgPIE,A,Min,0.3,2093,2.20324
REMIND-MAgPIE,A,Min,0.3,2094,2.21298
REMIND-MAgPIE,A,Min,0.3,2095,2.2217800000000003
REMIND-MAgPIE,A,Min,0.3,2096,2.23004
REMIND-MAgPIE,A,Min,0.3,2097,2.2395
REMIND-MAgPIE,A,Min,0.3,2098,2.24878
REMIND-MAgPIE,A,Min,0.3,2099,2.25678
REMIND-MAgPIE,A,Min,0.3,2100,2.26572
REMIND-MAgPIE,A,Min,0.33,1990,0.560588
REMIND-MAgPIE,A,Min,0.33,1991,0.5587
REMIND-MAgPIE,A,Min,0.33,1992,0.454764
REMIND-MAgPIE,A,Min,0.33,1993,0.3729
REMIND-MAgPIE,A,Min,0.33,1994,0.403288
REMIND-MAgPIE,A,Min,0.33,1995,0.476276
REMIND-MAgPIE,A,Min,0.33,1996,0.5468
REMIND-MAgPIE,A,Min,0.33,1997,0.609
REMIND-MAgPIE,A,Min,0.33,1998,0.6651
REMIND-MAgPIE,A,Min,0.33,1999,0.7144
REMIND-MAgPIE,A,Min,0.33,2000,0.761688
REMIND-MAgPIE,A,Min,0.33,2001,0.8007
REMIND-MAgPIE,A,Min,0.33,2002,0.832
REMIND-MAgPIE,A,Min,0.33,2003,0.854988
REMIND-MAgPIE,A,Min,0.33,2004,0.872576
REMIND-MAgPIE,A,Min,0.33,2005,0.883428
REMIND-MAgPIE,A,Min,0.33,2006,0.8926
REMIND-MAgPIE,A,Min,0.33,2007,0.9045
REMIND-MAgPIE,A,Min,0.33,2008,0.919388
REMIND-MAgPIE,A,Min,0.33,2009,0.9377
REMIND-MAgPIE,A,Min,0.33,2010,0.958676
REMIND-MAgPIE,A,Min,0.33,2011,0.983788
REMIND-MAgPIE,A,Min,0.33,2012,1.009088
REMIND-MAgPIE,A,Min,0.33,2013,1.0368
REMIND-MAgPIE,A,Min,0.33,2014,1.064564
REMIND-MAgPIE,A,Min,0.33,2015,1.087288
REMIND-MAgPIE,A,Min,0.33,2016,1.107276
REMIND-MAgPIE,A,Min,0.33,2017,1.127376
REMIND-MAgPIE,A,Min,0.33,2018,1.151476
REMIND-MAgPIE,A,Min,0.33,2019,1.173888
REMIND-MAgPIE,A,Min,0.33,2020,1.1967880000000002
REMIND-MAgPIE,A,Min,0.33,2021,1.2211880000000002
REMIND-MAgPIE,A,Min,0.33,2022,1.2432880000000002
REMIND-MAgPIE,A,Min,0.33,2023,1.2653880000000002
REMIND-MAgPIE,A,Min,0.33,2024,1.28584
REMIND-MAgPIE,A,Min,0.33,2025,1.3057880000000002
REMIND-MAgPIE,A,Min,0.33,2026,1.3244
REMIND-MAgPIE,A,Min,0.33,2027,1.3438
REMIND-MAgPIE,A,Min,0.33,2028,1.361388
REMIND-MAgPIE,A,Min,0.33,2029,1.3806
REMIND-MAgPIE,A,Min,0.33,2030,1.4001
REMIND-MAgPIE,A,Min,0.33,2031,1.420188
REMIND-MAgPIE,A,Min,0.33,2032,1.440088
REMIND-MAgPIE,A,Min,0.33,2033,1.459988
REMIND-MAgPIE,A,Min,0.33,2034,1.4812880000000002
REMIND-MAgPIE,A,Min,0.33,2035,1.501088
REMIND-MAgPIE,A,Min,0.33,2036,1.5212
REMIND-MAgPIE,A,Min,0.33,2037,1.540388
REMIND-MAgPIE,A,Min,0.33,2038,1.5615880000000002
REMIND-MAgPIE,A,Min,0.33,2039,1.581364
REMIND-MAgPIE,A,Min,0.33,2040,1.601264
REMIND-MAgPIE,A,Min,0.33,2041,1.619188
REMIND-MAgPIE,A,Min,0.33,2042,1.6365880000000002
REMIND-MAgPIE,A,Min,0.33,2043,1.653476
REMIND-MAgPIE,A,Min,0.33,2044,1.671232
REMIND-MAgPIE,A,Min,0.33,2045,1.68744
REMIND-MAgPIE,A,Min,0.33,2046,1.702152
REMIND-MAgPIE,A,Min,0.33,2047,1.717376
REMIND-MAgPIE,A,Min,0.33,2048,1.734084
REMIND-MAgPIE,A,Min,0.33,2049,1.7472880000000002
REMIND-MAgPIE,A,Min,0.33,2050,1.763152
REMIND-MAgPIE,A,Min,0.33,2051,1.778452
REMIND-MAgPIE,A,Min,0.33,2052,1.792288
REMIND-MAgPIE,A,Min,0.33,2053,1.805592
REMIND-MAgPIE,A,Min,0.33,2054,1.8177
REMIND-MAgPIE,A,Min,0.33,2055,1.830664
REMIND-MAgPIE,A,Min,0.33,2056,1.84234
REMIND-MAgPIE,A,Min,0.33,2057,1.854064
REMIND-MAgPIE,A,Min,0.33,2058,1.865688
REMIND-MAgPIE,A,Min,0.33,2059,1.87724
REMIND-MAgPIE,A,Min,0.33,2060,1.887916
REMIND-MAgPIE,A,Min,0.33,2061,1.8988
REMIND-MAgPIE,A,Min,0.33,2062,1.910676
REMIND-MAgPIE,A,Min,0.33,2063,1.922188
REMIND-MAgPIE,A,Min,0.33,2064,1.933864
REMIND-MAgPIE,A,Min,0.33,2065,1.945464
REMIND-MAgPIE,A,Min,0.33,2066,1.95798
REMIND-MAgPIE,A,Min,0.33,2067,1.969152
REMIND-MAgPIE,A,Min,0.33,2068,1.9799
REMIND-MAgPIE,A,Min,0.33,2069,1.990288
REMIND-MAgPIE,A,Min,0.33,2070,2.001264
REMIND-MAgPIE,A,Min,0.33,2071,2.011916
REMIND-MAgPIE,A,Min,0.33,2072,2.022292
REMIND-MAgPIE,A,Min,0.33,2073,2.032592
REMIND-MAgPIE,A,Min,0.33,2074,2.0431760000000003
REMIND-MAgPIE,A,Min,0.33,2075,2.054916
REMIND-MAgPIE,A,Min,0.33,2076,2.065556
REMIND-MAgPIE,A,Min,0.33,2077,2.076996
REMIND-MAgPIE,A,Min,0.33,2078,2.087788
REMIND-MAgPIE,A,Min,0.33,2079,2.098476
REMIND-MAgPIE,A,Min,0.33,2080,2.108788
REMIND-MAgPIE,A,Min,0.33,2081,2.119364
REMIND-MAgPIE,A,Min,0.33,2082,2.1303
REMIND-MAgPIE,A,Min,0.33,2083,2.1411800000000003
REMIND-MAgPIE,A,Min,0.33,2084,2.151764
REMIND-MAgPIE,A,Min,0.33,2085,2.162352
REMIND-MAgPIE,A,Min,0.33,2086,2.172644
REMIND-MAgPIE,A,Min,0.33,2087,2.183188
REMIND-MAgPIE,A,Min,0.33,2088,2.193288
REMIND-MAgPIE,A,Min,0.33,2089,2.202488
REMIND-MAgPIE,A,Min,0.33,2090,2.211064
REMIND-MAgPIE,A,Min,0.33,2091,2.2193639999999997
REMIND-MAgPIE,A,Min,0.33,2092,2.229564
REMIND-MAgPIE,A,Min,0.33,2093,2.238852
REMIND-MAgPIE,A,Min,0.33,2094,2.247816
REMIND-MAgPIE,A,Min,0.33,2095,2.257588
REMIND-MAgPIE,A,Min,0.33,2096,2.265364
REMIND-MAgPIE,A,Min,0.33,2097,2.276016
REMIND-MAgPIE,A,Min,0.33,2098,2.284252
REMIND-MAgPIE,A,Min,0.33,2099,2.29224
REMIND-MAgPIE,A,Min,0.33,2100,2.301004
REMIND-MAgPIE,A,Min,0.4,1990,0.5764400000000001
REMIND-MAgPIE,A,Min,0.4,1991,0.5745
REMIND-MAgPIE,A,Min,0.4,1992,0.4683
REMIND-MAgPIE,A,Min,0.4,1993,0.38874
REMIND-MAgPIE,A,Min,0.4,1994,0.4205
REMIND-MAgPIE,A,Min,0.4,1995,0.49174
REMIND-MAgPIE,A,Min,0.4,1996,0.5623
REMIND-MAgPIE,A,Min,0.4,1997,0.62414
REMIND-MAgPIE,A,Min,0.4,1998,0.67938
REMIND-MAgPIE,A,Min,0.4,1999,0.7315
REMIND-MAgPIE,A,Min,0.4,2000,0.7778
REMIND-MAgPIE,A,Min,0.4,2001,0.81784
REMIND-MAgPIE,A,Min,0.4,2002,0.85172
REMIND-MAgPIE,A,Min,0.4,2003,0.8758
REMIND-MAgPIE,A,Min,0.4,2004,0.8927400000000001
REMIND-MAgPIE,A,Min,0.4,2005,0.90484
REMIND-MAgPIE,A,Min,0.4,2006,0.91482
REMIND-MAgPIE,A,Min,0.4,2007,0.92618
REMIND-MAgPIE,A,Min,0.4,2008,0.9418
REMIND-MAgPIE,A,Min,0.4,2009,0.95892
REMIND-MAgPIE,A,Min,0.4,2010,0.98028
REMIND-MAgPIE,A,Min,0.4,2011,1.0057
REMIND-MAgPIE,A,Min,0.4,2012,1.03238
REMIND-MAgPIE,A,Min,0.4,2013,1.06314
REMIND-MAgPIE,A,Min,0.4,2014,1.09088
REMIND-MAgPIE,A,Min,0.4,2015,1.11372
REMIND-MAgPIE,A,Min,0.4,2016,1.1336
REMIND-MAgPIE,A,Min,0.4,2017,1.15644
REMIND-MAgPIE,A,Min,0.4,2018,1.1787800000000002
REMIND-MAgPIE,A,Min,0.4,2019,1.2031
REMIND-MAgPIE,A,Min,0.4,2020,1.22704
REMIND-MAgPIE,A,Min,0.4,2021,1.2512800000000002
REMIND-MAgPIE,A,Min,0.4,2022,1.27496
REMIND-MAgPIE,A,Min,0.4,2023,1.2978200000000002
REMIND-MAgPIE,A,Min,0.4,2024,1.3188
REMIND-MAgPIE,A,Min,0.4,2025,1.33854
REMIND-MAgPIE,A,Min,0.4,2026,1.35824
REMIND-MAgPIE,A,Min,0.4,2027,1.3769
REMIND-MAgPIE,A,Min,0.4,2028,1.39542
REMIND-MAgPIE,A,Min,0.4,2029,1.41532
REMIND-MAgPIE,A,Min,0.4,2030,1.43508
REMIND-MAgPIE,A,Min,0.4,2031,1.45594
REMIND-MAgPIE,A,Min,0.4,2032,1.47584
REMIND-MAgPIE,A,Min,0.4,2033,1.49684
REMIND-MAgPIE,A,Min,0.4,2034,1.51774
REMIND-MAgPIE,A,Min,0.4,2035,1.53938
REMIND-MAgPIE,A,Min,0.4,2036,1.56028
REMIND-MAgPIE,A,Min,0.4,2037,1.58
REMIND-MAgPIE,A,Min,0.4,2038,1.60158
REMIND-MAgPIE,A,Min,0.4,2039,1.62204
REMIND-MAgPIE,A,Min,0.4,2040,1.6443200000000002
REMIND-MAgPIE,A,Min,0.4,2041,1.66486
REMIND-MAgPIE,A,Min,0.4,2042,1.6839
REMIND-MAgPIE,A,Min,0.4,2043,1.70168
REMIND-MAgPIE,A,Min,0.4,2044,1.7191800000000002
REMIND-MAgPIE,A,Min,0.4,2045,1.73754
REMIND-MAgPIE,A,Min,0.4,2046,1.75494
REMIND-MAgPIE,A,Min,0.4,2047,1.77188
REMIND-MAgPIE,A,Min,0.4,2048,1.78836
REMIND-MAgPIE,A,Min,0.4,2049,1.80374
REMIND-MAgPIE,A,Min,0.4,2050,1.81974
REMIND-MAgPIE,A,Min,0.4,2051,1.83576
REMIND-MAgPIE,A,Min,0.4,2052,1.85014
REMIND-MAgPIE,A,Min,0.4,2053,1.86324
REMIND-MAgPIE,A,Min,0.4,2054,1.87668
REMIND-MAgPIE,A,Min,0.4,2055,1.89064
REMIND-MAgPIE,A,Min,0.4,2056,1.904
REMIND-MAgPIE,A,Min,0.4,2057,1.9171
REMIND-MAgPIE,A,Min,0.4,2058,1.93024
REMIND-MAgPIE,A,Min,0.4,2059,1.94186
REMIND-MAgPIE,A,Min,0.4,2060,1.95456
REMIND-MAgPIE,A,Min,0.4,2061,1.96602
REMIND-MAgPIE,A,Min,0.4,2062,1.9773
REMIND-MAgPIE,A,Min,0.4,2063,1.98816
REMIND-MAgPIE,A,Min,0.4,2064,1.99982
REMIND-MAgPIE,A,Min,0.4,2065,2.00968
REMIND-MAgPIE,A,Min,0.4,2066,2.02222
REMIND-MAgPIE,A,Min,0.4,2067,2.0346800000000003
REMIND-MAgPIE,A,Min,0.4,2068,2.04582
REMIND-MAgPIE,A,Min,0.4,2069,2.05794
REMIND-MAgPIE,A,Min,0.4,2070,2.0692
REMIND-MAgPIE,A,Min,0.4,2071,2.0809
REMIND-MAgPIE,A,Min,0.4,2072,2.0923
REMIND-MAgPIE,A,Min,0.4,2073,2.10322
REMIND-MAgPIE,A,Min,0.4,2074,2.11506
REMIND-MAgPIE,A,Min,0.4,2075,2.12588
REMIND-MAgPIE,A,Min,0.4,2076,2.137
REMIND-MAgPIE,A,Min,0.4,2077,2.1478
REMIND-MAgPIE,A,Min,0.4,2078,2.1593400000000003
REMIND-MAgPIE,A,Min,0.4,2079,2.1703400000000004
REMIND-MAgPIE,A,Min,0.4,2080,2.1816600000000004
REMIND-MAgPIE,A,Min,0.4,2081,2.19214
REMIND-MAgPIE,A,Min,0.4,2082,2.2032000000000003
REMIND-MAgPIE,A,Min,0.4,2083,2.21328
REMIND-MAgPIE,A,Min,0.4,2084,2.22298
REMIND-MAgPIE,A,Min,0.4,2085,2.23368
REMIND-MAgPIE,A,Min,0.4,2086,2.24422
REMIND-MAgPIE,A,Min,0.4,2087,2.2548
REMIND-MAgPIE,A,Min,0.4,2088,2.26492
REMIND-MAgPIE,A,Min,0.4,2089,2.2759
REMIND-MAgPIE,A,Min,0.4,2090,2.28648
REMIND-MAgPIE,A,Min,0.4,2091,2.29678
REMIND-MAgPIE,A,Min,0.4,2092,2.3082
REMIND-MAgPIE,A,Min,0.4,2093,2.31834
REMIND-MAgPIE,A,Min,0.4,2094,2.32762
REMIND-MAgPIE,A,Min,0.4,2095,2.33738
REMIND-MAgPIE,A,Min,0.4,2096,2.3466199999999997
REMIND-MAgPIE,A,Min,0.4,2097,2.35582
REMIND-MAgPIE,A,Min,0.4,2098,2.36514
REMIND-MAgPIE,A,Min,0.4,2099,2.37394
REMIND-MAgPIE,A,Min,0.4,2100,2.38268
REMIND-MAgPIE,A,Min,0.5,1990,0.5963
REMIND-MAgPIE,A,Min,0.5,1991,0.5937
REMIND-MAgPIE,A,Min,0.5,1992,0.49370000000000003
REMIND-MAgPIE,A,Min,0.5,1993,0.4145
REMIND-MAgPIE,A,Min,0.5,1994,0.4442
REMIND-MAgPIE,A,Min,0.5,1995,0.5167
REMIND-MAgPIE,A,Min,0.5,1996,0.5857
REMIND-MAgPIE,A,Min,0.5,1997,0.6475
REMIND-MAgPIE,A,Min,0.5,1998,0.7026
REMIND-MAgPIE,A,Min,0.5,1999,0.7542
REMIND-MAgPIE,A,Min,0.5,2000,0.8017
REMIND-MAgPIE,A,Min,0.5,2001,0.8437
REMIND-MAgPIE,A,Min,0.5,2002,0.8779
REMIND-MAgPIE,A,Min,0.5,2003,0.9044
REMIND-MAgPIE,A,Min,0.5,2004,0.9211
REMIND-MAgPIE,A,Min,0.5,2005,0.9345
REMIND-MAgPIE,A,Min,0.5,2006,0.9449
REMIND-MAgPIE,A,Min,0.5,2007,0.9571
REMIND-MAgPIE,A,Min,0.5,2008,0.9743
REMIND-MAgPIE,A,Min,0.5,2009,0.9919
REMIND-MAgPIE,A,Min,0.5,2010,1.0141
REMIND-MAgPIE,A,Min,0.5,2011,1.0388
REMIND-MAgPIE,A,Min,0.5,2012,1.066
REMIND-MAgPIE,A,Min,0.5,2013,1.0956
REMIND-MAgPIE,A,Min,0.5,2014,1.1246
REMIND-MAgPIE,A,Min,0.5,2015,1.1488
REMIND-MAgPIE,A,Min,0.5,2016,1.1685
REMIND-MAgPIE,A,Min,0.5,2017,1.1911
REMIND-MAgPIE,A,Min,0.5,2018,1.2154
REMIND-MAgPIE,A,Min,0.5,2019,1.2397
REMIND-MAgPIE,A,Min,0.5,2020,1.2661
REMIND-MAgPIE,A,Min,0.5,2021,1.2904
REMIND-MAgPIE,A,Min,0.5,2022,1.3143
REMIND-MAgPIE,A,Min,0.5,2023,1.3396
REMIND-MAgPIE,A,Min,0.5,2024,1.3623
REMIND-MAgPIE,A,Min,0.5,2025,1.3857
REMIND-MAgPIE,A,Min,0.5,2026,1.4088
REMIND-MAgPIE,A,Min,0.5,2027,1.4295
REMIND-MAgPIE,A,Min,0.5,2028,1.4501
REMIND-MAgPIE,A,Min,0.5,2029,1.4699
REMIND-MAgPIE,A,Min,0.5,2030,1.4907
REMIND-MAgPIE,A,Min,0.5,2031,1.5125
REMIND-MAgPIE,A,Min,0.5,2032,1.5352
REMIND-MAgPIE,A,Min,0.5,2033,1.5575
REMIND-MAgPIE,A,Min,0.5,2034,1.5801
REMIND-MAgPIE,A,Min,0.5,2035,1.6026
REMIND-MAgPIE,A,Min,0.5,2036,1.6254
REMIND-MAgPIE,A,Min,0.5,2037,1.6488
REMIND-MAgPIE,A,Min,0.5,2038,1.672
REMIND-MAgPIE,A,Min,0.5,2039,1.6943
REMIND-MAgPIE,A,Min,0.5,2040,1.7164
REMIND-MAgPIE,A,Min,0.5,2041,1.7383
REMIND-MAgPIE,A,Min,0.5,2042,1.759
REMIND-MAgPIE,A,Min,0.5,2043,1.7793
REMIND-MAgPIE,A,Min,0.5,2044,1.7977
REMIND-MAgPIE,A,Min,0.5,2045,1.8175
REMIND-MAgPIE,A,Min,0.5,2046,1.8374
REMIND-MAgPIE,A,Min,0.5,2047,1.8562
REMIND-MAgPIE,A,Min,0.5,2048,1.8741
REMIND-MAgPIE,A,Min,0.5,2049,1.8919
REMIND-MAgPIE,A,Min,0.5,2050,1.9065
REMIND-MAgPIE,A,Min,0.5,2051,1.9247
REMIND-MAgPIE,A,Min,0.5,2052,1.9411
REMIND-MAgPIE,A,Min,0.5,2053,1.9573
REMIND-MAgPIE,A,Min,0.5,2054,1.9722
REMIND-MAgPIE,A,Min,0.5,2055,1.9863
REMIND-MAgPIE,A,Min,0.5,2056,1.9999
REMIND-MAgPIE,A,Min,0.5,2057,2.0122
REMIND-MAgPIE,A,Min,0.5,2058,2.0252
REMIND-MAgPIE,A,Min,0.5,2059,2.0375
REMIND-MAgPIE,A,Min,0.5,2060,2.0492
REMIND-MAgPIE,A,Min,0.5,2061,2.0611
REMIND-MAgPIE,A,Min,0.5,2062,2.0729
REMIND-MAgPIE,A,Min,0.5,2063,2.0859
REMIND-MAgPIE,A,Min,0.5,2064,2.0985
REMIND-MAgPIE,A,Min,0.5,2065,2.1095
REMIND-MAgPIE,A,Min,0.5,2066,2.1219
REMIND-MAgPIE,A,Min,0.5,2067,2.1349
REMIND-MAgPIE,A,Min,0.5,2068,2.147
REMIND-MAgPIE,A,Min,0.5,2069,2.1576
REMIND-MAgPIE,A,Min,0.5,2070,2.1709
REMIND-MAgPIE,A,Min,0.5,2071,2.1843
REMIND-MAgPIE,A,Min,0.5,2072,2.1951
REMIND-MAgPIE,A,Min,0.5,2073,2.2076
REMIND-MAgPIE,A,Min,0.5,2074,2.22
REMIND-MAgPIE,A,Min,0.5,2075,2.2323
REMIND-MAgPIE,A,Min,0.5,2076,2.2449
REMIND-MAgPIE,A,Min,0.5,2077,2.2572
REMIND-MAgPIE,A,Min,0.5,2078,2.2693
REMIND-MAgPIE,A,Min,0.5,2079,2.2821
REMIND-MAgPIE,A,Min,0.5,2080,2.2946
REMIND-MAgPIE,A,Min,0.5,2081,2.3071
REMIND-MAgPIE,A,Min,0.5,2082,2.3183
REMIND-MAgPIE,A,Min,0.5,2083,2.3299
REMIND-MAgPIE,A,Min,0.5,2084,2.3404
REMIND-MAgPIE,A,Min,0.5,2085,2.3495
REMIND-MAgPIE,A,Min,0.5,2086,2.3617
REMIND-MAgPIE,A,Min,0.5,2087,2.3719
REMIND-MAgPIE,A,Min,0.5,2088,2.3824
REMIND-MAgPIE,A,Min,0.5,2089,2.3934
REMIND-MAgPIE,A,Min,0.5,2090,2.404
REMIND-MAgPIE,A,Min,0.5,2091,2.4152
REMIND-MAgPIE,A,Min,0.5,2092,2.4271
REMIND-MAgPIE,A,Min,0.5,2093,2.4376
REMIND-MAgPIE,A,Min,0.5,2094,2.4467
REMIND-MAgPIE,A,Min,0.5,2095,2.4557
REMIND-MAgPIE,A,Min,0.5,2096,2.4664
REMIND-MAgPIE,A,Min,0.5,2097,2.4769
REMIND-MAgPIE,A,Min,0.5,2098,2.4863
REMIND-MAgPIE,A,Min,0.5,2099,2.495
REMIND-MAgPIE,A,Min,0.5,2100,2.505
REMIND-MAgPIE,A,Min,0.6,1990,0.6191
REMIND-MAgPIE,A,Min,0.6,1991,0.61646
REMIND-MAgPIE,A,Min,0.6,1992,0.5182
REMIND-MAgPIE,A,Min,0.6,1993,0.43818
REMIND-MAgPIE,A,Min,0.6,1994,0.46982
REMIND-MAgPIE,A,Min,0.6,1995,0.5405399999999999
REMIND-MAgPIE,A,Min,0.6,1996,0.6091
REMIND-MAgPIE,A,Min,0.6,1997,0.6696
REMIND-MAgPIE,A,Min,0.6,1998,0.72582
REMIND-MAgPIE,A,Min,0.6,1999,0.77882
REMIND-MAgPIE,A,Min,0.6,2000,0.82702
REMIND-MAgPIE,A,Min,0.6,2001,0.8675
REMIND-MAgPIE,A,Min,0.6,2002,0.90226
REMIND-MAgPIE,A,Min,0.6,2003,0.928
REMIND-MAgPIE,A,Min,0.6,2004,0.94766
REMIND-MAgPIE,A,Min,0.6,2005,0.96114
REMIND-MAgPIE,A,Min,0.6,2006,0.9739
REMIND-MAgPIE,A,Min,0.6,2007,0.98776
REMIND-MAgPIE,A,Min,0.6,2008,1.00436
REMIND-MAgPIE,A,Min,0.6,2009,1.0224
REMIND-MAgPIE,A,Min,0.6,2010,1.0443
REMIND-MAgPIE,A,Min,0.6,2011,1.06846
REMIND-MAgPIE,A,Min,0.6,2012,1.09692
REMIND-MAgPIE,A,Min,0.6,2013,1.12702
REMIND-MAgPIE,A,Min,0.6,2014,1.1576
REMIND-MAgPIE,A,Min,0.6,2015,1.1823
REMIND-MAgPIE,A,Min,0.6,2016,1.20358
REMIND-MAgPIE,A,Min,0.6,2017,1.22876
REMIND-MAgPIE,A,Min,0.6,2018,1.25588
REMIND-MAgPIE,A,Min,0.6,2019,1.2824799999999998
REMIND-MAgPIE,A,Min,0.6,2020,1.30904
REMIND-MAgPIE,A,Min,0.6,2021,1.3357
REMIND-MAgPIE,A,Min,0.6,2022,1.3603
REMIND-MAgPIE,A,Min,0.6,2023,1.38522
REMIND-MAgPIE,A,Min,0.6,2024,1.40922
REMIND-MAgPIE,A,Min,0.6,2025,1.4338
REMIND-MAgPIE,A,Min,0.6,2026,1.45716
REMIND-MAgPIE,A,Min,0.6,2027,1.47938
REMIND-MAgPIE,A,Min,0.6,2028,1.50134
REMIND-MAgPIE,A,Min,0.6,2029,1.52336
REMIND-MAgPIE,A,Min,0.6,2030,1.54558
REMIND-MAgPIE,A,Min,0.6,2031,1.56894
REMIND-MAgPIE,A,Min,0.6,2032,1.59194
REMIND-MAgPIE,A,Min,0.6,2033,1.615
REMIND-MAgPIE,A,Min,0.6,2034,1.63914
REMIND-MAgPIE,A,Min,0.6,2035,1.66312
REMIND-MAgPIE,A,Min,0.6,2036,1.68776
REMIND-MAgPIE,A,Min,0.6,2037,1.71268
REMIND-MAgPIE,A,Min,0.6,2038,1.73604
REMIND-MAgPIE,A,Min,0.6,2039,1.75916
REMIND-MAgPIE,A,Min,0.6,2040,1.7829
REMIND-MAgPIE,A,Min,0.6,2041,1.80562
REMIND-MAgPIE,A,Min,0.6,2042,1.82812
REMIND-MAgPIE,A,Min,0.6,2043,1.85022
REMIND-MAgPIE,A,Min,0.6,2044,1.8719
REMIND-MAgPIE,A,Min,0.6,2045,1.89266
REMIND-MAgPIE,A,Min,0.6,2046,1.91286
REMIND-MAgPIE,A,Min,0.6,2047,1.93392
REMIND-MAgPIE,A,Min,0.6,2048,1.9545
REMIND-MAgPIE,A,Min,0.6,2049,1.97322
REMIND-MAgPIE,A,Min,0.6,2050,1.99256
REMIND-MAgPIE,A,Min,0.6,2051,2.01076
REMIND-MAgPIE,A,Min,0.6,2052,2.0283
REMIND-MAgPIE,A,Min,0.6,2053,2.0454999999999997
REMIND-MAgPIE,A,Min,0.6,2054,2.0613
REMIND-MAgPIE,A,Min,0.6,2055,2.0763
REMIND-MAgPIE,A,Min,0.6,2056,2.09176
REMIND-MAgPIE,A,Min,0.6,2057,2.1062399999999997
REMIND-MAgPIE,A,Min,0.6,2058,2.1198
REMIND-MAgPIE,A,Min,0.6,2059,2.13264
REMIND-MAgPIE,A,Min,0.6,2060,2.14536
REMIND-MAgPIE,A,Min,0.6,2061,2.1587
REMIND-MAgPIE,A,Min,0.6,2062,2.17158
REMIND-MAgPIE,A,Min,0.6,2063,2.18464
REMIND-MAgPIE,A,Min,0.6,2064,2.1974799999999997
REMIND-MAgPIE,A,Min,0.6,2065,2.21096
REMIND-MAgPIE,A,Min,0.6,2066,2.22466
REMIND-MAgPIE,A,Min,0.6,2067,2.23804
REMIND-MAgPIE,A,Min,0.6,2068,2.25204
REMIND-MAgPIE,A,Min,0.6,2069,2.26556
REMIND-MAgPIE,A,Min,0.6,2070,2.2789599999999997
REMIND-MAgPIE,A,Min,0.6,2071,2.29216
REMIND-MAgPIE,A,Min,0.6,2072,2.3044800000000003
REMIND-MAgPIE,A,Min,0.6,2073,2.31662
REMIND-MAgPIE,A,Min,0.6,2074,2.32902
REMIND-MAgPIE,A,Min,0.6,2075,2.3415999999999997
REMIND-MAgPIE,A,Min,0.6,2076,2.35352
REMIND-MAgPIE,A,Min,0.6,2077,2.36488
REMIND-MAgPIE,A,Min,0.6,2078,2.3777
REMIND-MAgPIE,A,Min,0.6,2079,2.38896
REMIND-MAgPIE,A,Min,0.6,2080,2.4014
REMIND-MAgPIE,A,Min,0.6,2081,2.41436
REMIND-MAgPIE,A,Min,0.6,2082,2.4259799999999996
REMIND-MAgPIE,A,Min,0.6,2083,2.43796
REMIND-MAgPIE,A,Min,0.6,2084,2.45052
REMIND-MAgPIE,A,Min,0.6,2085,2.46406
REMIND-MAgPIE,A,Min,0.6,2086,2.47558
REMIND-MAgPIE,A,Min,0.6,2087,2.4874599999999996
REMIND-MAgPIE,A,Min,0.6,2088,2.5002
REMIND-MAgPIE,A,Min,0.6,2089,2.51158
REMIND-MAgPIE,A,Min,0.6,2090,2.52286
REMIND-MAgPIE,A,Min,0.6,2091,2.53436
REMIND-MAgPIE,A,Min,0.6,2092,2.5454
REMIND-MAgPIE,A,Min,0.6,2093,2.5562
REMIND-MAgPIE,A,Min,0.6,2094,2.56804
REMIND-MAgPIE,A,Min,0.6,2095,2.57948
REMIND-MAgPIE,A,Min,0.6,2096,2.5908800000000003
REMIND-MAgPIE,A,Min,0.6,2097,2.6012
REMIND-MAgPIE,A,Min,0.6,2098,2.61094
REMIND-MAgPIE,A,Min,0.6,2099,2.6195
REMIND-MAgPIE,A,Min,0.6,2100,2.6292
REMIND-MAgPIE,A,Min,0.66,1990,0.632876
REMIND-MAgPIE,A,Min,0.66,1991,0.6296
REMIND-MAgPIE,A,Min,0.66,1992,0.531328
REMIND-MAgPIE,A,Min,0.66,1993,0.4559
REMIND-MAgPIE,A,Min,0.66,1994,0.484976
REMIND-MAgPIE,A,Min,0.66,1995,0.555476
REMIND-MAgPIE,A,Min,0.66,1996,0.623852
REMIND-MAgPIE,A,Min,0.66,1997,0.6845519999999999
REMIND-MAgPIE,A,Min,0.66,1998,0.7402759999999999
REMIND-MAgPIE,A,Min,0.66,1999,0.792976
REMIND-MAgPIE,A,Min,0.66,2000,0.841576
REMIND-MAgPIE,A,Min,0.66,2001,0.884276
REMIND-MAgPIE,A,Min,0.66,2002,0.918976
REMIND-MAgPIE,A,Min,0.66,2003,0.9457
REMIND-MAgPIE,A,Min,0.66,2004,0.963476
REMIND-MAgPIE,A,Min,0.66,2005,0.9786
REMIND-MAgPIE,A,Min,0.66,2006,0.990152
REMIND-MAgPIE,A,Min,0.66,2007,1.0037
REMIND-MAgPIE,A,Min,0.66,2008,1.019376
REMIND-MAgPIE,A,Min,0.66,2009,1.038504
REMIND-MAgPIE,A,Min,0.66,2010,1.062076
REMIND-MAgPIE,A,Min,0.66,2011,1.0881
REMIND-MAgPIE,A,Min,0.66,2012,1.115476
REMIND-MAgPIE,A,Min,0.66,2013,1.145876
REMIND-MAgPIE,A,Min,0.66,2014,1.176652
REMIND-MAgPIE,A,Min,0.66,2015,1.203
REMIND-MAgPIE,A,Min,0.66,2016,1.227076
REMIND-MAgPIE,A,Min,0.66,2017,1.251876
REMIND-MAgPIE,A,Min,0.66,2018,1.278152
REMIND-MAgPIE,A,Min,0.66,2019,1.3052
REMIND-MAgPIE,A,Min,0.66,2020,1.332976
REMIND-MAgPIE,A,Min,0.66,2021,1.361
REMIND-MAgPIE,A,Min,0.66,2022,1.388232
REMIND-MAgPIE,A,Min,0.66,2023,1.414952
REMIND-MAgPIE,A,Min,0.66,2024,1.441828
REMIND-MAgPIE,A,Min,0.66,2025,1.466552
REMIND-MAgPIE,A,Min,0.66,2026,1.489952
REMIND-MAgPIE,A,Min,0.66,2027,1.513876
REMIND-MAgPIE,A,Min,0.66,2028,1.5356
REMIND-MAgPIE,A,Min,0.66,2029,1.5594
REMIND-MAgPIE,A,Min,0.66,2030,1.582276
REMIND-MAgPIE,A,Min,0.66,2031,1.604552
REMIND-MAgPIE,A,Min,0.66,2032,1.628352
REMIND-MAgPIE,A,Min,0.66,2033,1.652352
REMIND-MAgPIE,A,Min,0.66,2034,1.676276
REMIND-MAgPIE,A,Min,0.66,2035,1.701152
REMIND-MAgPIE,A,Min,0.66,2036,1.727376
REMIND-MAgPIE,A,Min,0.66,2037,1.753404
REMIND-MAgPIE,A,Min,0.66,2038,1.778636
REMIND-MAgPIE,A,Min,0.66,2039,1.803984
REMIND-MAgPIE,A,Min,0.66,2040,1.82926
REMIND-MAgPIE,A,Min,0.66,2041,1.853912
REMIND-MAgPIE,A,Min,0.66,2042,1.877004
REMIND-MAgPIE,A,Min,0.66,2043,1.900204
REMIND-MAgPIE,A,Min,0.66,2044,1.922228
REMIND-MAgPIE,A,Min,0.66,2045,1.943544
REMIND-MAgPIE,A,Min,0.66,2046,1.964284
REMIND-MAgPIE,A,Min,0.66,2047,1.98578
REMIND-MAgPIE,A,Min,0.66,2048,2.0069280000000003
REMIND-MAgPIE,A,Min,0.66,2049,2.027284
REMIND-MAgPIE,A,Min,0.66,2050,2.046704
REMIND-MAgPIE,A,Min,0.66,2051,2.06548
REMIND-MAgPIE,A,Min,0.66,2052,2.08316
REMIND-MAgPIE,A,Min,0.66,2053,2.099952
REMIND-MAgPIE,A,Min,0.66,2054,2.115776
REMIND-MAgPIE,A,Min,0.66,2055,2.131608
REMIND-MAgPIE,A,Min,0.66,2056,2.146828
REMIND-MAgPIE,A,Min,0.66,2057,2.1607
REMIND-MAgPIE,A,Min,0.66,2058,2.175276
REMIND-MAgPIE,A,Min,0.66,2059,2.190376
REMIND-MAgPIE,A,Min,0.66,2060,2.204684
REMIND-MAgPIE,A,Min,0.66,2061,2.217128
REMIND-MAgPIE,A,Min,0.66,2062,2.230656
REMIND-MAgPIE,A,Min,0.66,2063,2.2452
REMIND-MAgPIE,A,Min,0.66,2064,2.258976
REMIND-MAgPIE,A,Min,0.66,2065,2.272152
REMIND-MAgPIE,A,Min,0.66,2066,2.286076
REMIND-MAgPIE,A,Min,0.66,2067,2.299652
REMIND-MAgPIE,A,Min,0.66,2068,2.312576
REMIND-MAgPIE,A,Min,0.66,2069,2.325776
REMIND-MAgPIE,A,Min,0.66,2070,2.3387800000000003
REMIND-MAgPIE,A,Min,0.66,2071,2.352452
REMIND-MAgPIE,A,Min,0.66,2072,2.3661399999999997
REMIND-MAgPIE,A,Min,0.66,2073,2.3794280000000003
REMIND-MAgPIE,A,Min,0.66,2074,2.392876
REMIND-MAgPIE,A,Min,0.66,2075,2.40618
REMIND-MAgPIE,A,Min,0.66,2076,2.41846
REMIND-MAgPIE,A,Min,0.66,2077,2.432164
REMIND-MAgPIE,A,Min,0.66,2078,2.4456
REMIND-MAgPIE,A,Min,0.66,2079,2.459176
REMIND-MAgPIE,A,Min,0.66,2080,2.471704
REMIND-MAgPIE,A,Min,0.66,2081,2.484776
REMIND-MAgPIE,A,Min,0.66,2082,2.497632
REMIND-MAgPIE,A,Min,0.66,2083,2.5099039999999997
REMIND-MAgPIE,A,Min,0.66,2084,2.5222800000000003
REMIND-MAgPIE,A,Min,0.66,2085,2.535528
REMIND-MAgPIE,A,Min,0.66,2086,2.5475559999999997
REMIND-MAgPIE,A,Min,0.66,2087,2.55988
REMIND-MAgPIE,A,Min,0.66,2088,2.572552
REMIND-MAgPIE,A,Min,0.66,2089,2.586588
REMIND-MAgPIE,A,Min,0.66,2090,2.5987280000000004
REMIND-MAgPIE,A,Min,0.66,2091,2.60968
REMIND-MAgPIE,A,Min,0.66,2092,2.62006
REMIND-MAgPIE,A,Min,0.66,2093,2.630976
REMIND-MAgPIE,A,Min,0.66,2094,2.641752
REMIND-MAgPIE,A,Min,0.66,2095,2.654032
REMIND-MAgPIE,A,Min,0.66,2096,2.665228
REMIND-MAgPIE,A,Min,0.66,2097,2.676568
REMIND-MAgPIE,A,Min,0.66,2098,2.687912
REMIND-MAgPIE,A,Min,0.66,2099,2.698812
REMIND-MAgPIE,A,Min,0.66,2100,2.7095
REMIND-MAgPIE,A,Min,0.7,1990,0.64206
REMIND-MAgPIE,A,Min,0.7,1991,0.6406
REMIND-MAgPIE,A,Min,0.7,1992,0.54232
REMIND-MAgPIE,A,Min,0.7,1993,0.4666
REMIND-MAgPIE,A,Min,0.7,1994,0.4964
REMIND-MAgPIE,A,Min,0.7,1995,0.5647
REMIND-MAgPIE,A,Min,0.7,1996,0.63322
REMIND-MAgPIE,A,Min,0.7,1997,0.6956199999999998
REMIND-MAgPIE,A,Min,0.7,1998,0.75082
REMIND-MAgPIE,A,Min,0.7,1999,0.8028599999999999
REMIND-MAgPIE,A,Min,0.7,2000,0.85192
REMIND-MAgPIE,A,Min,0.7,2001,0.89294
REMIND-MAgPIE,A,Min,0.7,2002,0.92862
REMIND-MAgPIE,A,Min,0.7,2003,0.95562
REMIND-MAgPIE,A,Min,0.7,2004,0.97522
REMIND-MAgPIE,A,Min,0.7,2005,0.98908
REMIND-MAgPIE,A,Min,0.7,2006,0.99972
REMIND-MAgPIE,A,Min,0.7,2007,1.01312
REMIND-MAgPIE,A,Min,0.7,2008,1.0308
REMIND-MAgPIE,A,Min,0.7,2009,1.05066
REMIND-MAgPIE,A,Min,0.7,2010,1.07414
REMIND-MAgPIE,A,Min,0.7,2011,1.10072
REMIND-MAgPIE,A,Min,0.7,2012,1.13068
REMIND-MAgPIE,A,Min,0.7,2013,1.16182
REMIND-MAgPIE,A,Min,0.7,2014,1.1925199999999998
REMIND-MAgPIE,A,Min,0.7,2015,1.21886
REMIND-MAgPIE,A,Min,0.7,2016,1.24224
REMIND-MAgPIE,A,Min,0.7,2017,1.26814
REMIND-MAgPIE,A,Min,0.7,2018,1.2958
REMIND-MAgPIE,A,Min,0.7,2019,1.32412
REMIND-MAgPIE,A,Min,0.7,2020,1.35234
REMIND-MAgPIE,A,Min,0.7,2021,1.3808
REMIND-MAgPIE,A,Min,0.7,2022,1.40912
REMIND-MAgPIE,A,Min,0.7,2023,1.43492
REMIND-MAgPIE,A,Min,0.7,2024,1.46072
REMIND-MAgPIE,A,Min,0.7,2025,1.4855
REMIND-MAgPIE,A,Min,0.7,2026,1.5101
REMIND-MAgPIE,A,Min,0.7,2027,1.53324
REMIND-MAgPIE,A,Min,0.7,2028,1.55582
REMIND-MAgPIE,A,Min,0.7,2029,1.5796
REMIND-MAgPIE,A,Min,0.7,2030,1.6046
REMIND-MAgPIE,A,Min,0.7,2031,1.6300399999999995
REMIND-MAgPIE,A,Min,0.7,2032,1.6562799999999998
REMIND-MAgPIE,A,Min,0.7,2033,1.6815
REMIND-MAgPIE,A,Min,0.7,2034,1.70736
REMIND-MAgPIE,A,Min,0.7,2035,1.73196
REMIND-MAgPIE,A,Min,0.7,2036,1.75768
REMIND-MAgPIE,A,Min,0.7,2037,1.78272
REMIND-MAgPIE,A,Min,0.7,2038,1.80908
REMIND-MAgPIE,A,Min,0.7,2039,1.83674
REMIND-MAgPIE,A,Min,0.7,2040,1.86192
REMIND-MAgPIE,A,Min,0.7,2041,1.88682
REMIND-MAgPIE,A,Min,0.7,2042,1.90914
REMIND-MAgPIE,A,Min,0.7,2043,1.93182
REMIND-MAgPIE,A,Min,0.7,2044,1.95596
REMIND-MAgPIE,A,Min,0.7,2045,1.97918
REMIND-MAgPIE,A,Min,0.7,2046,2.0006
REMIND-MAgPIE,A,Min,0.7,2047,2.02132
REMIND-MAgPIE,A,Min,0.7,2048,2.04168
REMIND-MAgPIE,A,Min,0.7,2049,2.0618399999999997
REMIND-MAgPIE,A,Min,0.7,2050,2.0827599999999995
REMIND-MAgPIE,A,Min,0.7,2051,2.1027
REMIND-MAgPIE,A,Min,0.7,2052,2.12078
REMIND-MAgPIE,A,Min,0.7,2053,2.1383
REMIND-MAgPIE,A,Min,0.7,2054,2.1548399999999996
REMIND-MAgPIE,A,Min,0.7,2055,2.17054
REMIND-MAgPIE,A,Min,0.7,2056,2.18632
REMIND-MAgPIE,A,Min,0.7,2057,2.2015
REMIND-MAgPIE,A,Min,0.7,2058,2.21522
REMIND-MAgPIE,A,Min,0.7,2059,2.23022
REMIND-MAgPIE,A,Min,0.7,2060,2.24432
REMIND-MAgPIE,A,Min,0.7,2061,2.25874
REMIND-MAgPIE,A,Min,0.7,2062,2.27288
REMIND-MAgPIE,A,Min,0.7,2063,2.28694
REMIND-MAgPIE,A,Min,0.7,2064,2.3016200000000002
REMIND-MAgPIE,A,Min,0.7,2065,2.3166
REMIND-MAgPIE,A,Min,0.7,2066,2.3307
REMIND-MAgPIE,A,Min,0.7,2067,2.3442999999999996
REMIND-MAgPIE,A,Min,0.7,2068,2.3575199999999996
REMIND-MAgPIE,A,Min,0.7,2069,2.3702399999999995
REMIND-MAgPIE,A,Min,0.7,2070,2.38388
REMIND-MAgPIE,A,Min,0.7,2071,2.39816
REMIND-MAgPIE,A,Min,0.7,2072,2.41166
REMIND-MAgPIE,A,Min,0.7,2073,2.4249
REMIND-MAgPIE,A,Min,0.7,2074,2.43918
REMIND-MAgPIE,A,Min,0.7,2075,2.4517199999999995
REMIND-MAgPIE,A,Min,0.7,2076,2.46552
REMIND-MAgPIE,A,Min,0.7,2077,2.4789399999999997
REMIND-MAgPIE,A,Min,0.7,2078,2.49208
REMIND-MAgPIE,A,Min,0.7,2079,2.5074799999999997
REMIND-MAgPIE,A,Min,0.7,2080,2.5212
REMIND-MAgPIE,A,Min,0.7,2081,2.53584
REMIND-MAgPIE,A,Min,0.7,2082,2.54952
REMIND-MAgPIE,A,Min,0.7,2083,2.56262
REMIND-MAgPIE,A,Min,0.7,2084,2.57584
REMIND-MAgPIE,A,Min,0.7,2085,2.58842
REMIND-MAgPIE,A,Min,0.7,2086,2.6009800000000003
REMIND-MAgPIE,A,Min,0.7,2087,2.6133599999999997
REMIND-MAgPIE,A,Min,0.7,2088,2.6249999999999996
REMIND-MAgPIE,A,Min,0.7,2089,2.639
REMIND-MAgPIE,A,Min,0.7,2090,2.6512999999999995
REMIND-MAgPIE,A,Min,0.7,2091,2.66228
REMIND-MAgPIE,A,Min,0.7,2092,2.6742399999999997
REMIND-MAgPIE,A,Min,0.7,2093,2.68744
REMIND-MAgPIE,A,Min,0.7,2094,2.6992
REMIND-MAgPIE,A,Min,0.7,2095,2.71162
REMIND-MAgPIE,A,Min,0.7,2096,2.72168
REMIND-MAgPIE,A,Min,0.7,2097,2.7319399999999994
REMIND-MAgPIE,A,Min,0.7,2098,2.74484
REMIND-MAgPIE,A,Min,0.7,2099,2.75506
REMIND-MAgPIE,A,Min,0.7,2100,2.76496
REMIND-MAgPIE,A,Min,0.8,1990,0.6683
REMIND-MAgPIE,A,Min,0.8,1991,0.66708
REMIND-MAgPIE,A,Min,0.8,1992,0.56868
REMIND-MAgPIE,A,Min,0.8,1993,0.4922800000000001
REMIND-MAgPIE,A,Min,0.8,1994,0.5220400000000001
REMIND-MAgPIE,A,Min,0.8,1995,0.59116
REMIND-MAgPIE,A,Min,0.8,1996,0.6607
REMIND-MAgPIE,A,Min,0.8,1997,0.7226400000000001
REMIND-MAgPIE,A,Min,0.8,1998,0.7797
REMIND-MAgPIE,A,Min,0.8,1999,0.8308
REMIND-MAgPIE,A,Min,0.8,2000,0.8785600000000001
REMIND-MAgPIE,A,Min,0.8,2001,0.92036
REMIND-MAgPIE,A,Min,0.8,2002,0.95578
REMIND-MAgPIE,A,Min,0.8,2003,0.98148
REMIND-MAgPIE,A,Min,0.8,2004,1.00218
REMIND-MAgPIE,A,Min,0.8,2005,1.017
REMIND-MAgPIE,A,Min,0.8,2006,1.0299
REMIND-MAgPIE,A,Min,0.8,2007,1.0432
REMIND-MAgPIE,A,Min,0.8,2008,1.06038
REMIND-MAgPIE,A,Min,0.8,2009,1.08076
REMIND-MAgPIE,A,Min,0.8,2010,1.10554
REMIND-MAgPIE,A,Min,0.8,2011,1.13298
REMIND-MAgPIE,A,Min,0.8,2012,1.1633
REMIND-MAgPIE,A,Min,0.8,2013,1.19758
REMIND-MAgPIE,A,Min,0.8,2014,1.231
REMIND-MAgPIE,A,Min,0.8,2015,1.25914
REMIND-MAgPIE,A,Min,0.8,2016,1.28608
REMIND-MAgPIE,A,Min,0.8,2017,1.31386
REMIND-MAgPIE,A,Min,0.8,2018,1.3425
REMIND-MAgPIE,A,Min,0.8,2019,1.37076
REMIND-MAgPIE,A,Min,0.8,2020,1.3995
REMIND-MAgPIE,A,Min,0.8,2021,1.43038
REMIND-MAgPIE,A,Min,0.8,2022,1.4606400000000002
REMIND-MAgPIE,A,Min,0.8,2023,1.4894200000000002
REMIND-MAgPIE,A,Min,0.8,2024,1.51746
REMIND-MAgPIE,A,Min,0.8,2025,1.54426
REMIND-MAgPIE,A,Min,0.8,2026,1.5719200000000002
REMIND-MAgPIE,A,Min,0.8,2027,1.59746
REMIND-MAgPIE,A,Min,0.8,2028,1.62224
REMIND-MAgPIE,A,Min,0.8,2029,1.64804
REMIND-MAgPIE,A,Min,0.8,2030,1.67318
REMIND-MAgPIE,A,Min,0.8,2031,1.69918
REMIND-MAgPIE,A,Min,0.8,2032,1.72538
REMIND-MAgPIE,A,Min,0.8,2033,1.75256
REMIND-MAgPIE,A,Min,0.8,2034,1.77876
REMIND-MAgPIE,A,Min,0.8,2035,1.8056
REMIND-MAgPIE,A,Min,0.8,2036,1.83228
REMIND-MAgPIE,A,Min,0.8,2037,1.85936
REMIND-MAgPIE,A,Min,0.8,2038,1.888
REMIND-MAgPIE,A,Min,0.8,2039,1.9163
REMIND-MAgPIE,A,Min,0.8,2040,1.94642
REMIND-MAgPIE,A,Min,0.8,2041,1.97556
REMIND-MAgPIE,A,Min,0.8,2042,2.00146
REMIND-MAgPIE,A,Min,0.8,2043,2.02778
REMIND-MAgPIE,A,Min,0.8,2044,2.0541
REMIND-MAgPIE,A,Min,0.8,2045,2.07934
REMIND-MAgPIE,A,Min,0.8,2046,2.10324
REMIND-MAgPIE,A,Min,0.8,2047,2.1271000000000004
REMIND-MAgPIE,A,Min,0.8,2048,2.15016
REMIND-MAgPIE,A,Min,0.8,2049,2.17252
REMIND-MAgPIE,A,Min,0.8,2050,2.1956800000000003
REMIND-MAgPIE,A,Min,0.8,2051,2.21688
REMIND-MAgPIE,A,Min,0.8,2052,2.23672
REMIND-MAgPIE,A,Min,0.8,2053,2.2546600000000003
REMIND-MAgPIE,A,Min,0.8,2054,2.27272
REMIND-MAgPIE,A,Min,0.8,2055,2.29136
REMIND-MAgPIE,A,Min,0.8,2056,2.30826
REMIND-MAgPIE,A,Min,0.8,2057,2.3238000000000003
REMIND-MAgPIE,A,Min,0.8,2058,2.3389000000000006
REMIND-MAgPIE,A,Min,0.8,2059,2.35434
REMIND-MAgPIE,A,Min,0.8,2060,2.37006
REMIND-MAgPIE,A,Min,0.8,2061,2.38756
REMIND-MAgPIE,A,Min,0.8,2062,2.4042600000000003
REMIND-MAgPIE,A,Min,0.8,2063,2.41976
REMIND-MAgPIE,A,Min,0.8,2064,2.43692
REMIND-MAgPIE,A,Min,0.8,2065,2.45188
REMIND-MAgPIE,A,Min,0.8,2066,2.46708
REMIND-MAgPIE,A,Min,0.8,2067,2.4824400000000004
REMIND-MAgPIE,A,Min,0.8,2068,2.49628
REMIND-MAgPIE,A,Min,0.8,2069,2.51304
REMIND-MAgPIE,A,Min,0.8,2070,2.5295400000000003
REMIND-MAgPIE,A,Min,0.8,2071,2.54266
REMIND-MAgPIE,A,Min,0.8,2072,2.5575600000000005
REMIND-MAgPIE,A,Min,0.8,2073,2.5722
REMIND-MAgPIE,A,Min,0.8,2074,2.58636
REMIND-MAgPIE,A,Min,0.8,2075,2.6005
REMIND-MAgPIE,A,Min,0.8,2076,2.61554
REMIND-MAgPIE,A,Min,0.8,2077,2.6318
REMIND-MAgPIE,A,Min,0.8,2078,2.645
REMIND-MAgPIE,A,Min,0.8,2079,2.6592
REMIND-MAgPIE,A,Min,0.8,2080,2.6732
REMIND-MAgPIE,A,Min,0.8,2081,2.68908
REMIND-MAgPIE,A,Min,0.8,2082,2.7034400000000005
REMIND-MAgPIE,A,Min,0.8,2083,2.7185200000000003
REMIND-MAgPIE,A,Min,0.8,2084,2.7329200000000005
REMIND-MAgPIE,A,Min,0.8,2085,2.7447
REMIND-MAgPIE,A,Min,0.8,2086,2.7582800000000005
REMIND-MAgPIE,A,Min,0.8,2087,2.77258
REMIND-MAgPIE,A,Min,0.8,2088,2.7853600000000003
REMIND-MAgPIE,A,Min,0.8,2089,2.8004800000000003
REMIND-MAgPIE,A,Min,0.8,2090,2.81536
REMIND-MAgPIE,A,Min,0.8,2091,2.8287400000000003
REMIND-MAgPIE,A,Min,0.8,2092,2.8415600000000003
REMIND-MAgPIE,A,Min,0.8,2093,2.85554
REMIND-MAgPIE,A,Min,0.8,2094,2.8687199999999997
REMIND-MAgPIE,A,Min,0.8,2095,2.8817000000000004
REMIND-MAgPIE,A,Min,0.8,2096,2.89482
REMIND-MAgPIE,A,Min,0.8,2097,2.9073400000000005
REMIND-MAgPIE,A,Min,0.8,2098,2.92028
REMIND-MAgPIE,A,Min,0.8,2099,2.93274
REMIND-MAgPIE,A,Min,0.8,2100,2.9448
REMIND-MAgPIE,A,Min,0.833,1990,0.6784176
REMIND-MAgPIE,A,Min,0.833,1991,0.6773
REMIND-MAgPIE,A,Min,0.833,1992,0.5793176
REMIND-MAgPIE,A,Min,0.833,1993,0.5037764
REMIND-MAgPIE,A,Min,0.833,1994,0.5337588
REMIND-MAgPIE,A,Min,0.833,1995,0.6032588
REMIND-MAgPIE,A,Min,0.833,1996,0.6715764
REMIND-MAgPIE,A,Min,0.833,1997,0.7324588000000001
REMIND-MAgPIE,A,Min,0.833,1998,0.7890764
REMIND-MAgPIE,A,Min,0.833,1999,0.8422
REMIND-MAgPIE,A,Min,0.833,2000,0.8900764
REMIND-MAgPIE,A,Min,0.833,2001,0.9312176
REMIND-MAgPIE,A,Min,0.833,2002,0.9661352
REMIND-MAgPIE,A,Min,0.833,2003,0.9933588
REMIND-MAgPIE,A,Min,0.833,2004,1.0126176
REMIND-MAgPIE,A,Min,0.833,2005,1.0271
REMIND-MAgPIE,A,Min,0.833,2006,1.0405704
REMIND-MAgPIE,A,Min,0.833,2007,1.0550351999999998
REMIND-MAgPIE,A,Min,0.833,2008,1.0732764
REMIND-MAgPIE,A,Min,0.833,2009,1.0950588
REMIND-MAgPIE,A,Min,0.833,2010,1.1183588
REMIND-MAgPIE,A,Min,0.833,2011,1.1474
REMIND-MAgPIE,A,Min,0.833,2012,1.1779588
REMIND-MAgPIE,A,Min,0.833,2013,1.2099588
REMIND-MAgPIE,A,Min,0.833,2014,1.2469
REMIND-MAgPIE,A,Min,0.833,2015,1.2751352
REMIND-MAgPIE,A,Min,0.833,2016,1.3022588
REMIND-MAgPIE,A,Min,0.833,2017,1.3297588
REMIND-MAgPIE,A,Min,0.833,2018,1.3614292
REMIND-MAgPIE,A,Min,0.833,2019,1.3899764
REMIND-MAgPIE,A,Min,0.833,2020,1.421994
REMIND-MAgPIE,A,Min,0.833,2021,1.4540764
REMIND-MAgPIE,A,Min,0.833,2022,1.4848764
REMIND-MAgPIE,A,Min,0.833,2023,1.5135176
REMIND-MAgPIE,A,Min,0.833,2024,1.5411
REMIND-MAgPIE,A,Min,0.833,2025,1.5700588
REMIND-MAgPIE,A,Min,0.833,2026,1.5956764
REMIND-MAgPIE,A,Min,0.833,2027,1.6214
REMIND-MAgPIE,A,Min,0.833,2028,1.6468588
REMIND-MAgPIE,A,Min,0.833,2029,1.6724764
REMIND-MAgPIE,A,Min,0.833,2030,1.6996352
REMIND-MAgPIE,A,Min,0.833,2031,1.7262
REMIND-MAgPIE,A,Min,0.833,2032,1.7530644
REMIND-MAgPIE,A,Min,0.833,2033,1.7813352
REMIND-MAgPIE,A,Min,0.833,2034,1.8109176
REMIND-MAgPIE,A,Min,0.833,2035,1.8402352
REMIND-MAgPIE,A,Min,0.833,2036,1.8683292
REMIND-MAgPIE,A,Min,0.833,2037,1.8971588
REMIND-MAgPIE,A,Min,0.833,2038,1.9259176
REMIND-MAgPIE,A,Min,0.833,2039,1.9546
REMIND-MAgPIE,A,Min,0.833,2040,1.9853
REMIND-MAgPIE,A,Min,0.833,2041,2.0147116
REMIND-MAgPIE,A,Min,0.833,2042,2.042
REMIND-MAgPIE,A,Min,0.833,2043,2.0697116
REMIND-MAgPIE,A,Min,0.833,2044,2.0962764
REMIND-MAgPIE,A,Min,0.833,2045,2.1213352000000003
REMIND-MAgPIE,A,Min,0.833,2046,2.1464584
REMIND-MAgPIE,A,Min,0.833,2047,2.1702116
REMIND-MAgPIE,A,Min,0.833,2048,2.1948116
REMIND-MAgPIE,A,Min,0.833,2049,2.2195940000000003
REMIND-MAgPIE,A,Min,0.833,2050,2.2429352
REMIND-MAgPIE,A,Min,0.833,2051,2.2658
REMIND-MAgPIE,A,Min,0.833,2052,2.2877588
REMIND-MAgPIE,A,Min,0.833,2053,2.308194
REMIND-MAgPIE,A,Min,0.833,2054,2.3279764
REMIND-MAgPIE,A,Min,0.833,2055,2.3474116
REMIND-MAgPIE,A,Min,0.833,2056,2.365388
REMIND-MAgPIE,A,Min,0.833,2057,2.384788
REMIND-MAgPIE,A,Min,0.833,2058,2.403394
REMIND-MAgPIE,A,Min,0.833,2059,2.4187588
REMIND-MAgPIE,A,Min,0.833,2060,2.4365875999999997
REMIND-MAgPIE,A,Min,0.833,2061,2.452188
REMIND-MAgPIE,A,Min,0.833,2062,2.4702227999999997
REMIND-MAgPIE,A,Min,0.833,2063,2.4864347999999996
REMIND-MAgPIE,A,Min,0.833,2064,2.5023704
REMIND-MAgPIE,A,Min,0.833,2065,2.5182176
REMIND-MAgPIE,A,Min,0.833,2066,2.5335
REMIND-MAgPIE,A,Min,0.833,2067,2.549288
REMIND-MAgPIE,A,Min,0.833,2068,2.5642292
REMIND-MAgPIE,A,Min,0.833,2069,2.580182
REMIND-MAgPIE,A,Min,0.833,2070,2.5941588
REMIND-MAgPIE,A,Min,0.833,2071,2.609694
REMIND-MAgPIE,A,Min,0.833,2072,2.6258352
REMIND-MAgPIE,A,Min,0.833,2073,2.6419699999999997
REMIND-MAgPIE,A,Min,0.833,2074,2.6589403999999996
REMIND-MAgPIE,A,Min,0.833,2075,2.6744408
REMIND-MAgPIE,A,Min,0.833,2076,2.6884588
REMIND-MAgPIE,A,Min,0.833,2077,2.7041231999999997
REMIND-MAgPIE,A,Min,0.833,2078,2.718994
REMIND-MAgPIE,A,Min,0.833,2079,2.7350176
REMIND-MAgPIE,A,Min,0.833,2080,2.750794
REMIND-MAgPIE,A,Min,0.833,2081,2.7639352
REMIND-MAgPIE,A,Min,0.833,2082,2.7780408
REMIND-MAgPIE,A,Min,0.833,2083,2.794394
REMIND-MAgPIE,A,Min,0.833,2084,2.8103764
REMIND-MAgPIE,A,Min,0.833,2085,2.823494
REMIND-MAgPIE,A,Min,0.833,2086,2.839476
REMIND-MAgPIE,A,Min,0.833,2087,2.8535528
REMIND-MAgPIE,A,Min,0.833,2088,2.8683528
REMIND-MAgPIE,A,Min,0.833,2089,2.8820644
REMIND-MAgPIE,A,Min,0.833,2090,2.8982172
REMIND-MAgPIE,A,Min,0.833,2091,2.9121
REMIND-MAgPIE,A,Min,0.833,2092,2.9254056
REMIND-MAgPIE,A,Min,0.833,2093,2.9401764
REMIND-MAgPIE,A,Min,0.833,2094,2.9554232
REMIND-MAgPIE,A,Min,0.833,2095,2.9694468
REMIND-MAgPIE,A,Min,0.833,2096,2.9829
REMIND-MAgPIE,A,Min,0.833,2097,2.9974176
REMIND-MAgPIE,A,Min,0.833,2098,3.0106588
REMIND-MAgPIE,A,Min,0.833,2099,3.0241116
REMIND-MAgPIE,A,Min,0.833,2100,3.0341644
REMIND-MAgPIE,A,Min,0.9,1990,0.70042
REMIND-MAgPIE,A,Min,0.9,1991,0.6982400000000001
REMIND-MAgPIE,A,Min,0.9,1992,0.605
REMIND-MAgPIE,A,Min,0.9,1993,0.53064
REMIND-MAgPIE,A,Min,0.9,1994,0.55858
REMIND-MAgPIE,A,Min,0.9,1995,0.62682
REMIND-MAgPIE,A,Min,0.9,1996,0.69428
REMIND-MAgPIE,A,Min,0.9,1997,0.7538
REMIND-MAgPIE,A,Min,0.9,1998,0.80842
REMIND-MAgPIE,A,Min,0.9,1999,0.8605400000000001
REMIND-MAgPIE,A,Min,0.9,2000,0.9097
REMIND-MAgPIE,A,Min,0.9,2001,0.95344
REMIND-MAgPIE,A,Min,0.9,2002,0.99034
REMIND-MAgPIE,A,Min,0.9,2003,1.01864
REMIND-MAgPIE,A,Min,0.9,2004,1.03908
REMIND-MAgPIE,A,Min,0.9,2005,1.0545
REMIND-MAgPIE,A,Min,0.9,2006,1.06724
REMIND-MAgPIE,A,Min,0.9,2007,1.08276
REMIND-MAgPIE,A,Min,0.9,2008,1.10304
REMIND-MAgPIE,A,Min,0.9,2009,1.12458
REMIND-MAgPIE,A,Min,0.9,2010,1.14962
REMIND-MAgPIE,A,Min,0.9,2011,1.17936
REMIND-MAgPIE,A,Min,0.9,2012,1.2102
REMIND-MAgPIE,A,Min,0.9,2013,1.24442
REMIND-MAgPIE,A,Min,0.9,2014,1.27984
REMIND-MAgPIE,A,Min,0.9,2015,1.31014
REMIND-MAgPIE,A,Min,0.9,2016,1.33876
REMIND-MAgPIE,A,Min,0.9,2017,1.36966
REMIND-MAgPIE,A,Min,0.9,2018,1.4025200000000002
REMIND-MAgPIE,A,Min,0.9,2019,1.43414
REMIND-MAgPIE,A,Min,0.9,2020,1.4661
REMIND-MAgPIE,A,Min,0.9,2021,1.50134
REMIND-MAgPIE,A,Min,0.9,2022,1.53464
REMIND-MAgPIE,A,Min,0.9,2023,1.56684
REMIND-MAgPIE,A,Min,0.9,2024,1.59826
REMIND-MAgPIE,A,Min,0.9,2025,1.62902
REMIND-MAgPIE,A,Min,0.9,2026,1.65808
REMIND-MAgPIE,A,Min,0.9,2027,1.68718
REMIND-MAgPIE,A,Min,0.9,2028,1.7162800000000002
REMIND-MAgPIE,A,Min,0.9,2029,1.74386
REMIND-MAgPIE,A,Min,0.9,2030,1.77146
REMIND-MAgPIE,A,Min,0.9,2031,1.80118
REMIND-MAgPIE,A,Min,0.9,2032,1.83224
REMIND-MAgPIE,A,Min,0.9,2033,1.86234
REMIND-MAgPIE,A,Min,0.9,2034,1.89252
REMIND-MAgPIE,A,Min,0.9,2035,1.9256
REMIND-MAgPIE,A,Min,0.9,2036,1.95786
REMIND-MAgPIE,A,Min,0.9,2037,1.98938
REMIND-MAgPIE,A,Min,0.9,2038,2.01946
REMIND-MAgPIE,A,Min,0.9,2039,2.05146
REMIND-MAgPIE,A,Min,0.9,2040,2.0847
REMIND-MAgPIE,A,Min,0.9,2041,2.1194
REMIND-MAgPIE,A,Min,0.9,2042,2.15086
REMIND-MAgPIE,A,Min,0.9,2043,2.1797
REMIND-MAgPIE,A,Min,0.9,2044,2.20866
REMIND-MAgPIE,A,Min,0.9,2045,2.2374
REMIND-MAgPIE,A,Min,0.9,2046,2.2644400000000005
REMIND-MAgPIE,A,Min,0.9,2047,2.29326
REMIND-MAgPIE,A,Min,0.9,2048,2.32222
REMIND-MAgPIE,A,Min,0.9,2049,2.35018
REMIND-MAgPIE,A,Min,0.9,2050,2.3765199999999997
REMIND-MAgPIE,A,Min,0.9,2051,2.40104
REMIND-MAgPIE,A,Min,0.9,2052,2.425
REMIND-MAgPIE,A,Min,0.9,2053,2.44724
REMIND-MAgPIE,A,Min,0.9,2054,2.46916
REMIND-MAgPIE,A,Min,0.9,2055,2.49054
REMIND-MAgPIE,A,Min,0.9,2056,2.51078
REMIND-MAgPIE,A,Min,0.9,2057,2.5307
REMIND-MAgPIE,A,Min,0.9,2058,2.55078
REMIND-MAgPIE,A,Min,0.9,2059,2.5710400000000004
REMIND-MAgPIE,A,Min,0.9,2060,2.5881200000000004
REMIND-MAgPIE,A,Min,0.9,2061,2.60724
REMIND-MAgPIE,A,Min,0.9,2062,2.62352
REMIND-MAgPIE,A,Min,0.9,2063,2.64168
REMIND-MAgPIE,A,Min,0.9,2064,2.65978
REMIND-MAgPIE,A,Min,0.9,2065,2.6789
REMIND-MAgPIE,A,Min,0.9,2066,2.69488
REMIND-MAgPIE,A,Min,0.9,2067,2.7123
REMIND-MAgPIE,A,Min,0.9,2068,2.7292000000000005
REMIND-MAgPIE,A,Min,0.9,2069,2.74748
REMIND-MAgPIE,A,Min,0.9,2070,2.7632600000000003
REMIND-MAgPIE,A,Min,0.9,2071,2.7791
REMIND-MAgPIE,A,Min,0.9,2072,2.7956
REMIND-MAgPIE,A,Min,0.9,2073,2.81084
REMIND-MAgPIE,A,Min,0.9,2074,2.82642
REMIND-MAgPIE,A,Min,0.9,2075,2.84248
REMIND-MAgPIE,A,Min,0.9,2076,2.8596600000000003
REMIND-MAgPIE,A,Min,0.9,2077,2.8768
REMIND-MAgPIE,A,Min,0.9,2078,2.8935600000000004
REMIND-MAgPIE,A,Min,0.9,2079,2.90988
REMIND-MAgPIE,A,Min,0.9,2080,2.92558
REMIND-MAgPIE,A,Min,0.9,2081,2.94062
REMIND-MAgPIE,A,Min,0.9,2082,2.9566600000000003
REMIND-MAgPIE,A,Min,0.9,2083,2.97102
REMIND-MAgPIE,A,Min,0.9,2084,2.9862
REMIND-MAgPIE,A,Min,0.9,2085,3.00054
REMIND-MAgPIE,A,Min,0.9,2086,3.0166
REMIND-MAgPIE,A,Min,0.9,2087,3.03112
REMIND-MAgPIE,A,Min,0.9,2088,3.0467600000000004
REMIND-MAgPIE,A,Min,0.9,2089,3.0613400000000004
REMIND-MAgPIE,A,Min,0.9,2090,3.07614
REMIND-MAgPIE,A,Min,0.9,2091,3.09192
REMIND-MAgPIE,A,Min,0.9,2092,3.10698
REMIND-MAgPIE,A,Min,0.9,2093,3.1225400000000003
REMIND-MAgPIE,A,Min,0.9,2094,3.1368400000000003
REMIND-MAgPIE,A,Min,0.9,2095,3.15074
REMIND-MAgPIE,A,Min,0.9,2096,3.1644400000000004
REMIND-MAgPIE,A,Min,0.9,2097,3.18026
REMIND-MAgPIE,A,Min,0.9,2098,3.19646
REMIND-MAgPIE,A,Min,0.9,2099,3.20996
REMIND-MAgPIE,A,Min,0.9,2100,3.22474
REMIND-MAgPIE,E,Max,0.1,1990,0.49856
REMIND-MAgPIE,E,Max,0.1,1991,0.4953
REMIND-MAgPIE,E,Max,0.1,1992,0.38984
REMIND-MAgPIE,E,Max,0.1,1993,0.3043
REMIND-MAgPIE,E,Max,0.1,1994,0.3383
REMIND-MAgPIE,E,Max,0.1,1995,0.41346
REMIND-MAgPIE,E,Max,0.1,1996,0.48376
REMIND-MAgPIE,E,Max,0.1,1997,0.54462
REMIND-MAgPIE,E,Max,0.1,1998,0.5989
REMIND-MAgPIE,E,Max,0.1,1999,0.6479400000000001
REMIND-MAgPIE,E,Max,0.1,2000,0.69316
REMIND-MAgPIE,E,Max,0.1,2001,0.73178
REMIND-MAgPIE,E,Max,0.1,2002,0.76002
REMIND-MAgPIE,E,Max,0.1,2003,0.77982
REMIND-MAgPIE,E,Max,0.1,2004,0.792
REMIND-MAgPIE,E,Max,0.1,2005,0.80016
REMIND-MAgPIE,E,Max,0.1,2006,0.8069200000000001
REMIND-MAgPIE,E,Max,0.1,2007,0.81512
REMIND-MAgPIE,E,Max,0.1,2008,0.82814
REMIND-MAgPIE,E,Max,0.1,2009,0.8437
REMIND-MAgPIE,E,Max,0.1,2010,0.86408
REMIND-MAgPIE,E,Max,0.1,2011,0.8871
REMIND-MAgPIE,E,Max,0.1,2012,0.91134
REMIND-MAgPIE,E,Max,0.1,2013,0.9374
REMIND-MAgPIE,E,Max,0.1,2014,0.96216
REMIND-MAgPIE,E,Max,0.1,2015,0.9812
REMIND-MAgPIE,E,Max,0.1,2016,0.99776
REMIND-MAgPIE,E,Max,0.1,2017,1.01356
REMIND-MAgPIE,E,Max,0.1,2018,1.03332
REMIND-MAgPIE,E,Max,0.1,2019,1.05258
REMIND-MAgPIE,E,Max,0.1,2020,1.07516
REMIND-MAgPIE,E,Max,0.1,2021,1.09776
REMIND-MAgPIE,E,Max,0.1,2022,1.117
REMIND-MAgPIE,E,Max,0.1,2023,1.13676
REMIND-MAgPIE,E,Max,0.1,2024,1.15428
REMIND-MAgPIE,E,Max,0.1,2025,1.17196
REMIND-MAgPIE,E,Max,0.1,2026,1.1886
REMIND-MAgPIE,E,Max,0.1,2027,1.20616
REMIND-MAgPIE,E,Max,0.1,2028,1.22482
REMIND-MAgPIE,E,Max,0.1,2029,1.24138
REMIND-MAgPIE,E,Max,0.1,2030,1.26024
REMIND-MAgPIE,E,Max,0.1,2031,1.2792
REMIND-MAgPIE,E,Max,0.1,2032,1.29904
REMIND-MAgPIE,E,Max,0.1,2033,1.3184
REMIND-MAgPIE,E,Max,0.1,2034,1.3373
REMIND-MAgPIE,E,Max,0.1,2035,1.35496
REMIND-MAgPIE,E,Max,0.1,2036,1.37348
REMIND-MAgPIE,E,Max,0.1,2037,1.39
REMIND-MAgPIE,E,Max,0.1,2038,1.4035
REMIND-MAgPIE,E,Max,0.1,2039,1.41682
REMIND-MAgPIE,E,Max,0.1,2040,1.42896
REMIND-MAgPIE,E,Max,0.1,2041,1.43756
REMIND-MAgPIE,E,Max,0.1,2042,1.44764
REMIND-MAgPIE,E,Max,0.1,2043,1.4545199999999998
REMIND-MAgPIE,E,Max,0.1,2044,1.46116
REMIND-MAgPIE,E,Max,0.1,2045,1.4647
REMIND-MAgPIE,E,Max,0.1,2046,1.46644
REMIND-MAgPIE,E,Max,0.1,2047,1.46974
REMIND-MAgPIE,E,Max,0.1,2048,1.47368
REMIND-MAgPIE,E,Max,0.1,2049,1.47596
REMIND-MAgPIE,E,Max,0.1,2050,1.47728
REMIND-MAgPIE,E,Max,0.1,2051,1.47748
REMIND-MAgPIE,E,Max,0.1,2052,1.4785199999999998
REMIND-MAgPIE,E,Max,0.1,2053,1.477
REMIND-MAgPIE,E,Max,0.1,2054,1.4753
REMIND-MAgPIE,E,Max,0.1,2055,1.47368
REMIND-MAgPIE,E,Max,0.1,2056,1.47168
REMIND-MAgPIE,E,Max,0.1,2057,1.47008
REMIND-MAgPIE,E,Max,0.1,2058,1.46926
REMIND-MAgPIE,E,Max,0.1,2059,1.4689800000000002
REMIND-MAgPIE,E,Max,0.1,2060,1.46856
REMIND-MAgPIE,E,Max,0.1,2061,1.46648
REMIND-MAgPIE,E,Max,0.1,2062,1.46614
REMIND-MAgPIE,E,Max,0.1,2063,1.46562
REMIND-MAgPIE,E,Max,0.1,2064,1.46482
REMIND-MAgPIE,E,Max,0.1,2065,1.4636
REMIND-MAgPIE,E,Max,0.1,2066,1.4626199999999998
REMIND-MAgPIE,E,Max,0.1,2067,1.4623199999999998
REMIND-MAgPIE,E,Max,0.1,2068,1.4625
REMIND-MAgPIE,E,Max,0.1,2069,1.46264
REMIND-MAgPIE,E,Max,0.1,2070,1.4629800000000002
REMIND-MAgPIE,E,Max,0.1,2071,1.46384
REMIND-MAgPIE,E,Max,0.1,2072,1.4644400000000002
REMIND-MAgPIE,E,Max,0.1,2073,1.46506
REMIND-MAgPIE,E,Max,0.1,2074,1.46596
REMIND-MAgPIE,E,Max,0.1,2075,1.4670800000000002
REMIND-MAgPIE,E,Max,0.1,2076,1.46798
REMIND-MAgPIE,E,Max,0.1,2077,1.4696
REMIND-MAgPIE,E,Max,0.1,2078,1.47026
REMIND-MAgPIE,E,Max,0.1,2079,1.47058
REMIND-MAgPIE,E,Max,0.1,2080,1.47158
REMIND-MAgPIE,E,Max,0.1,2081,1.47312
REMIND-MAgPIE,E,Max,0.1,2082,1.47496
REMIND-MAgPIE,E,Max,0.1,2083,1.47708
REMIND-MAgPIE,E,Max,0.1,2084,1.4784199999999998
REMIND-MAgPIE,E,Max,0.1,2085,1.4801
REMIND-MAgPIE,E,Max,0.1,2086,1.48238
REMIND-MAgPIE,E,Max,0.1,2087,1.48436
REMIND-MAgPIE,E,Max,0.1,2088,1.4863
REMIND-MAgPIE,E,Max,0.1,2089,1.4886
REMIND-MAgPIE,E,Max,0.1,2090,1.49014
REMIND-MAgPIE,E,Max,0.1,2091,1.49164
REMIND-MAgPIE,E,Max,0.1,2092,1.4931
REMIND-MAgPIE,E,Max,0.1,2093,1.49438
REMIND-MAgPIE,E,Max,0.1,2094,1.49658
REMIND-MAgPIE,E,Max,0.1,2095,1.49788
REMIND-MAgPIE,E,Max,0.1,2096,1.4991800000000002
REMIND-MAgPIE,E,Max,0.1,2097,1.5008
REMIND-MAgPIE,E,Max,0.1,2098,1.50166
REMIND-MAgPIE,E,Max,0.1,2099,1.50318
REMIND-MAgPIE,E,Max,0.1,2100,1.50508
REMIND-MAgPIE,E,Max,0.167,1990,0.5192412
REMIND-MAgPIE,E,Max,0.167,1991,0.5156412
REMIND-MAgPIE,E,Max,0.167,1992,0.4130412
REMIND-MAgPIE,E,Max,0.167,1993,0.3257412
REMIND-MAgPIE,E,Max,0.167,1994,0.3608412
REMIND-MAgPIE,E,Max,0.167,1995,0.4343884
REMIND-MAgPIE,E,Max,0.167,1996,0.5054
REMIND-MAgPIE,E,Max,0.167,1997,0.5669411999999999
REMIND-MAgPIE,E,Max,0.167,1998,0.6217412
REMIND-MAgPIE,E,Max,0.167,1999,0.6732824000000001
REMIND-MAgPIE,E,Max,0.167,2000,0.7188
REMIND-MAgPIE,E,Max,0.167,2001,0.7553411999999999
REMIND-MAgPIE,E,Max,0.167,2002,0.7840824000000001
REMIND-MAgPIE,E,Max,0.167,2003,0.8051
REMIND-MAgPIE,E,Max,0.167,2004,0.8179236
REMIND-MAgPIE,E,Max,0.167,2005,0.8273236
REMIND-MAgPIE,E,Max,0.167,2006,0.8378
REMIND-MAgPIE,E,Max,0.167,2007,0.8494824000000001
REMIND-MAgPIE,E,Max,0.167,2008,0.8631648
REMIND-MAgPIE,E,Max,0.167,2009,0.8803236
REMIND-MAgPIE,E,Max,0.167,2010,0.9000412
REMIND-MAgPIE,E,Max,0.167,2011,0.9230412
REMIND-MAgPIE,E,Max,0.167,2012,0.9469412
REMIND-MAgPIE,E,Max,0.167,2013,0.9749824
REMIND-MAgPIE,E,Max,0.167,2014,1.0006
REMIND-MAgPIE,E,Max,0.167,2015,1.0199412
REMIND-MAgPIE,E,Max,0.167,2016,1.0378412
REMIND-MAgPIE,E,Max,0.167,2017,1.0566236
REMIND-MAgPIE,E,Max,0.167,2018,1.0775
REMIND-MAgPIE,E,Max,0.167,2019,1.0985236
REMIND-MAgPIE,E,Max,0.167,2020,1.1196236
REMIND-MAgPIE,E,Max,0.167,2021,1.1401884
REMIND-MAgPIE,E,Max,0.167,2022,1.1610708
REMIND-MAgPIE,E,Max,0.167,2023,1.1814412
REMIND-MAgPIE,E,Max,0.167,2024,1.2006824
REMIND-MAgPIE,E,Max,0.167,2025,1.219506
REMIND-MAgPIE,E,Max,0.167,2026,1.2374
REMIND-MAgPIE,E,Max,0.167,2027,1.2554236
REMIND-MAgPIE,E,Max,0.167,2028,1.2731412
REMIND-MAgPIE,E,Max,0.167,2029,1.291206
REMIND-MAgPIE,E,Max,0.167,2030,1.3099708
REMIND-MAgPIE,E,Max,0.167,2031,1.3287824
REMIND-MAgPIE,E,Max,0.167,2032,1.3487
REMIND-MAgPIE,E,Max,0.167,2033,1.3686412
REMIND-MAgPIE,E,Max,0.167,2034,1.3887884
REMIND-MAgPIE,E,Max,0.167,2035,1.4078236
REMIND-MAgPIE,E,Max,0.167,2036,1.4265412000000002
REMIND-MAgPIE,E,Max,0.167,2037,1.4440472
REMIND-MAgPIE,E,Max,0.167,2038,1.4604412
REMIND-MAgPIE,E,Max,0.167,2039,1.4754
REMIND-MAgPIE,E,Max,0.167,2040,1.489206
REMIND-MAgPIE,E,Max,0.167,2041,1.5017412
REMIND-MAgPIE,E,Max,0.167,2042,1.5113412000000002
REMIND-MAgPIE,E,Max,0.167,2043,1.5210236
REMIND-MAgPIE,E,Max,0.167,2044,1.529
REMIND-MAgPIE,E,Max,0.167,2045,1.5345824
REMIND-MAgPIE,E,Max,0.167,2046,1.5400412
REMIND-MAgPIE,E,Max,0.167,2047,1.5431884
REMIND-MAgPIE,E,Max,0.167,2048,1.5452236
REMIND-MAgPIE,E,Max,0.167,2049,1.5496412000000002
REMIND-MAgPIE,E,Max,0.167,2050,1.5516648000000002
REMIND-MAgPIE,E,Max,0.167,2051,1.5531708
REMIND-MAgPIE,E,Max,0.167,2052,1.5525412
REMIND-MAgPIE,E,Max,0.167,2053,1.5531412
REMIND-MAgPIE,E,Max,0.167,2054,1.5519824
REMIND-MAgPIE,E,Max,0.167,2055,1.5506472
REMIND-MAgPIE,E,Max,0.167,2056,1.5497824
REMIND-MAgPIE,E,Max,0.167,2057,1.5479884
REMIND-MAgPIE,E,Max,0.167,2058,1.5475827999999998
REMIND-MAgPIE,E,Max,0.167,2059,1.5464236
REMIND-MAgPIE,E,Max,0.167,2060,1.544518
REMIND-MAgPIE,E,Max,0.167,2061,1.5432296
REMIND-MAgPIE,E,Max,0.167,2062,1.5429648
REMIND-MAgPIE,E,Max,0.167,2063,1.5427296
REMIND-MAgPIE,E,Max,0.167,2064,1.5406768
REMIND-MAgPIE,E,Max,0.167,2065,1.5390648
REMIND-MAgPIE,E,Max,0.167,2066,1.5387648
REMIND-MAgPIE,E,Max,0.167,2067,1.5383648
REMIND-MAgPIE,E,Max,0.167,2068,1.5382708
REMIND-MAgPIE,E,Max,0.167,2069,1.5381
REMIND-MAgPIE,E,Max,0.167,2070,1.5388472
REMIND-MAgPIE,E,Max,0.167,2071,1.5400824
REMIND-MAgPIE,E,Max,0.167,2072,1.5409412
REMIND-MAgPIE,E,Max,0.167,2073,1.5420412
REMIND-MAgPIE,E,Max,0.167,2074,1.5422236
REMIND-MAgPIE,E,Max,0.167,2075,1.5433412
REMIND-MAgPIE,E,Max,0.167,2076,1.5439824
REMIND-MAgPIE,E,Max,0.167,2077,1.5448236
REMIND-MAgPIE,E,Max,0.167,2078,1.5462236
REMIND-MAgPIE,E,Max,0.167,2079,1.5476708
REMIND-MAgPIE,E,Max,0.167,2080,1.5496295999999998
REMIND-MAgPIE,E,Max,0.167,2081,1.5517592
REMIND-MAgPIE,E,Max,0.167,2082,1.5545
REMIND-MAgPIE,E,Max,0.167,2083,1.5562236
REMIND-MAgPIE,E,Max,0.167,2084,1.5571472
REMIND-MAgPIE,E,Max,0.167,2085,1.5591412
REMIND-MAgPIE,E,Max,0.167,2086,1.5615
REMIND-MAgPIE,E,Max,0.167,2087,1.5632412
REMIND-MAgPIE,E,Max,0.167,2088,1.5641236
REMIND-MAgPIE,E,Max,0.167,2089,1.5656472
REMIND-MAgPIE,E,Max,0.167,2090,1.5668296
REMIND-MAgPIE,E,Max,0.167,2091,1.568406
REMIND-MAgPIE,E,Max,0.167,2092,1.5709648
REMIND-MAgPIE,E,Max,0.167,2093,1.5726824
REMIND-MAgPIE,E,Max,0.167,2094,1.5734236
REMIND-MAgPIE,E,Max,0.167,2095,1.5744648
REMIND-MAgPIE,E,Max,0.167,2096,1.5757648
REMIND-MAgPIE,E,Max,0.167,2097,1.5770592
REMIND-MAgPIE,E,Max,0.167,2098,1.5792
REMIND-MAgPIE,E,Max,0.167,2099,1.5801
REMIND-MAgPIE,E,Max,0.167,2100,1.581006
REMIND-MAgPIE,E,Max,0.2,1990,0.5283
REMIND-MAgPIE,E,Max,0.2,1991,0.52602
REMIND-MAgPIE,E,Max,0.2,1992,0.4232
REMIND-MAgPIE,E,Max,0.2,1993,0.33672
REMIND-MAgPIE,E,Max,0.2,1994,0.36974
REMIND-MAgPIE,E,Max,0.2,1995,0.44412
REMIND-MAgPIE,E,Max,0.2,1996,0.51444
REMIND-MAgPIE,E,Max,0.2,1997,0.57642
REMIND-MAgPIE,E,Max,0.2,1998,0.6328
REMIND-MAgPIE,E,Max,0.2,1999,0.68232
REMIND-MAgPIE,E,Max,0.2,2000,0.72874
REMIND-MAgPIE,E,Max,0.2,2001,0.76514
REMIND-MAgPIE,E,Max,0.2,2002,0.7941
REMIND-MAgPIE,E,Max,0.2,2003,0.81638
REMIND-MAgPIE,E,Max,0.2,2004,0.83104
REMIND-MAgPIE,E,Max,0.2,2005,0.8409800000000001
REMIND-MAgPIE,E,Max,0.2,2006,0.84922
REMIND-MAgPIE,E,Max,0.2,2007,0.8598
REMIND-MAgPIE,E,Max,0.2,2008,0.8746200000000001
REMIND-MAgPIE,E,Max,0.2,2009,0.89052
REMIND-MAgPIE,E,Max,0.2,2010,0.9115
REMIND-MAgPIE,E,Max,0.2,2011,0.93534
REMIND-MAgPIE,E,Max,0.2,2012,0.96018
REMIND-MAgPIE,E,Max,0.2,2013,0.987
REMIND-MAgPIE,E,Max,0.2,2014,1.0130599999999998
REMIND-MAgPIE,E,Max,0.2,2015,1.03434
REMIND-MAgPIE,E,Max,0.2,2016,1.05232
REMIND-MAgPIE,E,Max,0.2,2017,1.07054
REMIND-MAgPIE,E,Max,0.2,2018,1.0929
REMIND-MAgPIE,E,Max,0.2,2019,1.11422
REMIND-MAgPIE,E,Max,0.2,2020,1.13548
REMIND-MAgPIE,E,Max,0.2,2021,1.15688
REMIND-MAgPIE,E,Max,0.2,2022,1.1783199999999998
REMIND-MAgPIE,E,Max,0.2,2023,1.19862
REMIND-MAgPIE,E,Max,0.2,2024,1.2188
REMIND-MAgPIE,E,Max,0.2,2025,1.23806
REMIND-MAgPIE,E,Max,0.2,2026,1.25668
REMIND-MAgPIE,E,Max,0.2,2027,1.2751
REMIND-MAgPIE,E,Max,0.2,2028,1.29218
REMIND-MAgPIE,E,Max,0.2,2029,1.31042
REMIND-MAgPIE,E,Max,0.2,2030,1.32962
REMIND-MAgPIE,E,Max,0.2,2031,1.35028
REMIND-MAgPIE,E,Max,0.2,2032,1.37098
REMIND-MAgPIE,E,Max,0.2,2033,1.3917199999999998
REMIND-MAgPIE,E,Max,0.2,2034,1.41184
REMIND-MAgPIE,E,Max,0.2,2035,1.43198
REMIND-MAgPIE,E,Max,0.2,2036,1.45128
REMIND-MAgPIE,E,Max,0.2,2037,1.4682
REMIND-MAgPIE,E,Max,0.2,2038,1.48422
REMIND-MAgPIE,E,Max,0.2,2039,1.50042
REMIND-MAgPIE,E,Max,0.2,2040,1.51384
REMIND-MAgPIE,E,Max,0.2,2041,1.5276
REMIND-MAgPIE,E,Max,0.2,2042,1.53808
REMIND-MAgPIE,E,Max,0.2,2043,1.54544
REMIND-MAgPIE,E,Max,0.2,2044,1.5517
REMIND-MAgPIE,E,Max,0.2,2045,1.55654
REMIND-MAgPIE,E,Max,0.2,2046,1.56176
REMIND-MAgPIE,E,Max,0.2,2047,1.56592
REMIND-MAgPIE,E,Max,0.2,2048,1.56952
REMIND-MAgPIE,E,Max,0.2,2049,1.5739800000000002
REMIND-MAgPIE,E,Max,0.2,2050,1.57642
REMIND-MAgPIE,E,Max,0.2,2051,1.579
REMIND-MAgPIE,E,Max,0.2,2052,1.5805
REMIND-MAgPIE,E,Max,0.2,2053,1.58022
REMIND-MAgPIE,E,Max,0.2,2054,1.58032
REMIND-MAgPIE,E,Max,0.2,2055,1.58002
REMIND-MAgPIE,E,Max,0.2,2056,1.57876
REMIND-MAgPIE,E,Max,0.2,2057,1.578
REMIND-MAgPIE,E,Max,0.2,2058,1.577
REMIND-MAgPIE,E,Max,0.2,2059,1.576
REMIND-MAgPIE,E,Max,0.2,2060,1.5757800000000002
REMIND-MAgPIE,E,Max,0.2,2061,1.57576
REMIND-MAgPIE,E,Max,0.2,2062,1.5746
REMIND-MAgPIE,E,Max,0.2,2063,1.5742
REMIND-MAgPIE,E,Max,0.2,2064,1.57406
REMIND-MAgPIE,E,Max,0.2,2065,1.57374
REMIND-MAgPIE,E,Max,0.2,2066,1.57286
REMIND-MAgPIE,E,Max,0.2,2067,1.5725000000000002
REMIND-MAgPIE,E,Max,0.2,2068,1.5727
REMIND-MAgPIE,E,Max,0.2,2069,1.5740200000000002
REMIND-MAgPIE,E,Max,0.2,2070,1.5748
REMIND-MAgPIE,E,Max,0.2,2071,1.57504
REMIND-MAgPIE,E,Max,0.2,2072,1.57514
REMIND-MAgPIE,E,Max,0.2,2073,1.57612
REMIND-MAgPIE,E,Max,0.2,2074,1.5771
REMIND-MAgPIE,E,Max,0.2,2075,1.57758
REMIND-MAgPIE,E,Max,0.2,2076,1.57894
REMIND-MAgPIE,E,Max,0.2,2077,1.58
REMIND-MAgPIE,E,Max,0.2,2078,1.582
REMIND-MAgPIE,E,Max,0.2,2079,1.58346
REMIND-MAgPIE,E,Max,0.2,2080,1.58458
REMIND-MAgPIE,E,Max,0.2,2081,1.5859800000000002
REMIND-MAgPIE,E,Max,0.2,2082,1.5876199999999998
REMIND-MAgPIE,E,Max,0.2,2083,1.5886
REMIND-MAgPIE,E,Max,0.2,2084,1.5891
REMIND-MAgPIE,E,Max,0.2,2085,1.59052
REMIND-MAgPIE,E,Max,0.2,2086,1.59172
REMIND-MAgPIE,E,Max,0.2,2087,1.59306
REMIND-MAgPIE,E,Max,0.2,2088,1.5954199999999998
REMIND-MAgPIE,E,Max,0.2,2089,1.59742
REMIND-MAgPIE,E,Max,0.2,2090,1.6004600000000002
REMIND-MAgPIE,E,Max,0.2,2091,1.6038599999999998
REMIND-MAgPIE,E,Max,0.2,2092,1.60554
REMIND-MAgPIE,E,Max,0.2,2093,1.60684
REMIND-MAgPIE,E,Max,0.2,2094,1.6082200000000002
REMIND-MAgPIE,E,Max,0.2,2095,1.6096
REMIND-MAgPIE,E,Max,0.2,2096,1.61062
REMIND-MAgPIE,E,Max,0.2,2097,1.61184
REMIND-MAgPIE,E,Max,0.2,2098,1.61314
REMIND-MAgPIE,E,Max,0.2,2099,1.61406
REMIND-MAgPIE,E,Max,0.2,2100,1.6151199999999999
REMIND-MAgPIE,E,Max,0.3,1990,0.5538399999999999
REMIND-MAgPIE,E,Max,0.3,1991,0.5508799999999999
REMIND-MAgPIE,E,Max,0.3,1992,0.44708
REMIND-MAgPIE,E,Max,0.3,1993,0.36496
REMIND-MAgPIE,E,Max,0.3,1994,0.39596
REMIND-MAgPIE,E,Max,0.3,1995,0.46988
REMIND-MAgPIE,E,Max,0.3,1996,0.5405399999999999
REMIND-MAgPIE,E,Max,0.3,1997,0.60146
REMIND-MAgPIE,E,Max,0.3,1998,0.6563
REMIND-MAgPIE,E,Max,0.3,1999,0.70718
REMIND-MAgPIE,E,Max,0.3,2000,0.75408
REMIND-MAgPIE,E,Max,0.3,2001,0.79306
REMIND-MAgPIE,E,Max,0.3,2002,0.82518
REMIND-MAgPIE,E,Max,0.3,2003,0.8481
REMIND-MAgPIE,E,Max,0.3,2004,0.86408
REMIND-MAgPIE,E,Max,0.3,2005,0.8746
REMIND-MAgPIE,E,Max,0.3,2006,0.88418
REMIND-MAgPIE,E,Max,0.3,2007,0.8954799999999999
REMIND-MAgPIE,E,Max,0.3,2008,0.90992
REMIND-MAgPIE,E,Max,0.3,2009,0.92628
REMIND-MAgPIE,E,Max,0.3,2010,0.94798
REMIND-MAgPIE,E,Max,0.3,2011,0.97356
REMIND-MAgPIE,E,Max,0.3,2012,1.00008
REMIND-MAgPIE,E,Max,0.3,2013,1.02806
REMIND-MAgPIE,E,Max,0.3,2014,1.05464
REMIND-MAgPIE,E,Max,0.3,2015,1.0746
REMIND-MAgPIE,E,Max,0.3,2016,1.09358
REMIND-MAgPIE,E,Max,0.3,2017,1.11522
REMIND-MAgPIE,E,Max,0.3,2018,1.13818
REMIND-MAgPIE,E,Max,0.3,2019,1.16306
REMIND-MAgPIE,E,Max,0.3,2020,1.18448
REMIND-MAgPIE,E,Max,0.3,2021,1.2076
REMIND-MAgPIE,E,Max,0.3,2022,1.23048
REMIND-MAgPIE,E,Max,0.3,2023,1.25106
REMIND-MAgPIE,E,Max,0.3,2024,1.27096
REMIND-MAgPIE,E,Max,0.3,2025,1.2928
REMIND-MAgPIE,E,Max,0.3,2026,1.3132
REMIND-MAgPIE,E,Max,0.3,2027,1.33216
REMIND-MAgPIE,E,Max,0.3,2028,1.3508
REMIND-MAgPIE,E,Max,0.3,2029,1.3703800000000002
REMIND-MAgPIE,E,Max,0.3,2030,1.39088
REMIND-MAgPIE,E,Max,0.3,2031,1.41336
REMIND-MAgPIE,E,Max,0.3,2032,1.43486
REMIND-MAgPIE,E,Max,0.3,2033,1.4561
REMIND-MAgPIE,E,Max,0.3,2034,1.47626
REMIND-MAgPIE,E,Max,0.3,2035,1.49564
REMIND-MAgPIE,E,Max,0.3,2036,1.51576
REMIND-MAgPIE,E,Max,0.3,2037,1.53476
REMIND-MAgPIE,E,Max,0.3,2038,1.55276
REMIND-MAgPIE,E,Max,0.3,2039,1.56882
REMIND-MAgPIE,E,Max,0.3,2040,1.58434
REMIND-MAgPIE,E,Max,0.3,2041,1.59822
REMIND-MAgPIE,E,Max,0.3,2042,1.6101
REMIND-MAgPIE,E,Max,0.3,2043,1.6199
REMIND-MAgPIE,E,Max,0.3,2044,1.62806
REMIND-MAgPIE,E,Max,0.3,2045,1.6348800000000001
REMIND-MAgPIE,E,Max,0.3,2046,1.64136
REMIND-MAgPIE,E,Max,0.3,2047,1.646
REMIND-MAgPIE,E,Max,0.3,2048,1.65086
REMIND-MAgPIE,E,Max,0.3,2049,1.65478
REMIND-MAgPIE,E,Max,0.3,2050,1.65748
REMIND-MAgPIE,E,Max,0.3,2051,1.65958
REMIND-MAgPIE,E,Max,0.3,2052,1.6607
REMIND-MAgPIE,E,Max,0.3,2053,1.65988
REMIND-MAgPIE,E,Max,0.3,2054,1.66016
REMIND-MAgPIE,E,Max,0.3,2055,1.6602400000000002
REMIND-MAgPIE,E,Max,0.3,2056,1.65946
REMIND-MAgPIE,E,Max,0.3,2057,1.65886
REMIND-MAgPIE,E,Max,0.3,2058,1.65816
REMIND-MAgPIE,E,Max,0.3,2059,1.65756
REMIND-MAgPIE,E,Max,0.3,2060,1.65652
REMIND-MAgPIE,E,Max,0.3,2061,1.65508
REMIND-MAgPIE,E,Max,0.3,2062,1.6546
REMIND-MAgPIE,E,Max,0.3,2063,1.6539
REMIND-MAgPIE,E,Max,0.3,2064,1.65334
REMIND-MAgPIE,E,Max,0.3,2065,1.65336
REMIND-MAgPIE,E,Max,0.3,2066,1.65288
REMIND-MAgPIE,E,Max,0.3,2067,1.65268
REMIND-MAgPIE,E,Max,0.3,2068,1.6540199999999998
REMIND-MAgPIE,E,Max,0.3,2069,1.65472
REMIND-MAgPIE,E,Max,0.3,2070,1.65488
REMIND-MAgPIE,E,Max,0.3,2071,1.6554
REMIND-MAgPIE,E,Max,0.3,2072,1.65646
REMIND-MAgPIE,E,Max,0.3,2073,1.6583800000000002
REMIND-MAgPIE,E,Max,0.3,2074,1.66
REMIND-MAgPIE,E,Max,0.3,2075,1.6615
REMIND-MAgPIE,E,Max,0.3,2076,1.66228
REMIND-MAgPIE,E,Max,0.3,2077,1.6635
REMIND-MAgPIE,E,Max,0.3,2078,1.66374
REMIND-MAgPIE,E,Max,0.3,2079,1.66404
REMIND-MAgPIE,E,Max,0.3,2080,1.66618
REMIND-MAgPIE,E,Max,0.3,2081,1.66934
REMIND-MAgPIE,E,Max,0.3,2082,1.67118
REMIND-MAgPIE,E,Max,0.3,2083,1.67352
REMIND-MAgPIE,E,Max,0.3,2084,1.67458
REMIND-MAgPIE,E,Max,0.3,2085,1.67586
REMIND-MAgPIE,E,Max,0.3,2086,1.67686
REMIND-MAgPIE,E,Max,0.3,2087,1.6782799999999998
REMIND-MAgPIE,E,Max,0.3,2088,1.6805800000000002
REMIND-MAgPIE,E,Max,0.3,2089,1.68308
REMIND-MAgPIE,E,Max,0.3,2090,1.6846800000000002
REMIND-MAgPIE,E,Max,0.3,2091,1.68694
REMIND-MAgPIE,E,Max,0.3,2092,1.68914
REMIND-MAgPIE,E,Max,0.3,2093,1.69106
REMIND-MAgPIE,E,Max,0.3,2094,1.6922
REMIND-MAgPIE,E,Max,0.3,2095,1.6937
REMIND-MAgPIE,E,Max,0.3,2096,1.69644
REMIND-MAgPIE,E,Max,0.3,2097,1.6979
REMIND-MAgPIE,E,Max,0.3,2098,1.6986
REMIND-MAgPIE,E,Max,0.3,2099,1.69944
REMIND-MAgPIE,E,Max,0.3,2100,1.7008800000000002
REMIND-MAgPIE,E,Max,0.33,1990,0.560588
REMIND-MAgPIE,E,Max,0.33,1991,0.5587
REMIND-MAgPIE,E,Max,0.33,1992,0.454764
REMIND-MAgPIE,E,Max,0.33,1993,0.3729
REMIND-MAgPIE,E,Max,0.33,1994,0.403288
REMIND-MAgPIE,E,Max,0.33,1995,0.476276
REMIND-MAgPIE,E,Max,0.33,1996,0.5468
REMIND-MAgPIE,E,Max,0.33,1997,0.609
REMIND-MAgPIE,E,Max,0.33,1998,0.6651
REMIND-MAgPIE,E,Max,0.33,1999,0.7144
REMIND-MAgPIE,E,Max,0.33,2000,0.761688
REMIND-MAgPIE,E,Max,0.33,2001,0.8007
REMIND-MAgPIE,E,Max,0.33,2002,0.832
REMIND-MAgPIE,E,Max,0.33,2003,0.854988
REMIND-MAgPIE,E,Max,0.33,2004,0.872576
REMIND-MAgPIE,E,Max,0.33,2005,0.883428
REMIND-MAgPIE,E,Max,0.33,2006,0.8926
REMIND-MAgPIE,E,Max,0.33,2007,0.9045
REMIND-MAgPIE,E,Max,0.33,2008,0.919388
REMIND-MAgPIE,E,Max,0.33,2009,0.9377
REMIND-MAgPIE,E,Max,0.33,2010,0.958676
REMIND-MAgPIE,E,Max,0.33,2011,0.983788
REMIND-MAgPIE,E,Max,0.33,2012,1.009088
REMIND-MAgPIE,E,Max,0.33,2013,1.0368
REMIND-MAgPIE,E,Max,0.33,2014,1.064564
REMIND-MAgPIE,E,Max,0.33,2015,1.087288
REMIND-MAgPIE,E,Max,0.33,2016,1.107276
REMIND-MAgPIE,E,Max,0.33,2017,1.127376
REMIND-MAgPIE,E,Max,0.33,2018,1.151476
REMIND-MAgPIE,E,Max,0.33,2019,1.173888
REMIND-MAgPIE,E,Max,0.33,2020,1.1967880000000002
REMIND-MAgPIE,E,Max,0.33,2021,1.2211880000000002
REMIND-MAgPIE,E,Max,0.33,2022,1.243376
REMIND-MAgPIE,E,Max,0.33,2023,1.2654880000000002
REMIND-MAgPIE,E,Max,0.33,2024,1.286176
REMIND-MAgPIE,E,Max,0.33,2025,1.306388
REMIND-MAgPIE,E,Max,0.33,2026,1.3262
REMIND-MAgPIE,E,Max,0.33,2027,1.3459880000000002
REMIND-MAgPIE,E,Max,0.33,2028,1.3649
REMIND-MAgPIE,E,Max,0.33,2029,1.385276
REMIND-MAgPIE,E,Max,0.33,2030,1.4066
REMIND-MAgPIE,E,Max,0.33,2031,1.428288
REMIND-MAgPIE,E,Max,0.33,2032,1.450088
REMIND-MAgPIE,E,Max,0.33,2033,1.4723
REMIND-MAgPIE,E,Max,0.33,2034,1.49464
REMIND-MAgPIE,E,Max,0.33,2035,1.515504
REMIND-MAgPIE,E,Max,0.33,2036,1.5354
REMIND-MAgPIE,E,Max,0.33,2037,1.554864
REMIND-MAgPIE,E,Max,0.33,2038,1.572364
REMIND-MAgPIE,E,Max,0.33,2039,1.589416
REMIND-MAgPIE,E,Max,0.33,2040,1.60374
REMIND-MAgPIE,E,Max,0.33,2041,1.617252
REMIND-MAgPIE,E,Max,0.33,2042,1.628276
REMIND-MAgPIE,E,Max,0.33,2043,1.637576
REMIND-MAgPIE,E,Max,0.33,2044,1.646416
REMIND-MAgPIE,E,Max,0.33,2045,1.653464
REMIND-MAgPIE,E,Max,0.33,2046,1.6588
REMIND-MAgPIE,E,Max,0.33,2047,1.664276
REMIND-MAgPIE,E,Max,0.33,2048,1.6704880000000002
REMIND-MAgPIE,E,Max,0.33,2049,1.6751
REMIND-MAgPIE,E,Max,0.33,2050,1.680868
REMIND-MAgPIE,E,Max,0.33,2051,1.6823039999999998
REMIND-MAgPIE,E,Max,0.33,2052,1.685152
REMIND-MAgPIE,E,Max,0.33,2053,1.685876
REMIND-MAgPIE,E,Max,0.33,2054,1.6864
REMIND-MAgPIE,E,Max,0.33,2055,1.686776
REMIND-MAgPIE,E,Max,0.33,2056,1.686176
REMIND-MAgPIE,E,Max,0.33,2057,1.685076
REMIND-MAgPIE,E,Max,0.33,2058,1.68562
REMIND-MAgPIE,E,Max,0.33,2059,1.68398
REMIND-MAgPIE,E,Max,0.33,2060,1.68356
REMIND-MAgPIE,E,Max,0.33,2061,1.682176
REMIND-MAgPIE,E,Max,0.33,2062,1.680652
REMIND-MAgPIE,E,Max,0.33,2063,1.681376
REMIND-MAgPIE,E,Max,0.33,2064,1.680976
REMIND-MAgPIE,E,Max,0.33,2065,1.681152
REMIND-MAgPIE,E,Max,0.33,2066,1.680188
REMIND-MAgPIE,E,Max,0.33,2067,1.679588
REMIND-MAgPIE,E,Max,0.33,2068,1.679176
REMIND-MAgPIE,E,Max,0.33,2069,1.6805640000000002
REMIND-MAgPIE,E,Max,0.33,2070,1.681416
REMIND-MAgPIE,E,Max,0.33,2071,1.681068
REMIND-MAgPIE,E,Max,0.33,2072,1.681116
REMIND-MAgPIE,E,Max,0.33,2073,1.682452
REMIND-MAgPIE,E,Max,0.33,2074,1.684
REMIND-MAgPIE,E,Max,0.33,2075,1.684776
REMIND-MAgPIE,E,Max,0.33,2076,1.686388
REMIND-MAgPIE,E,Max,0.33,2077,1.687564
REMIND-MAgPIE,E,Max,0.33,2078,1.6891
REMIND-MAgPIE,E,Max,0.33,2079,1.690464
REMIND-MAgPIE,E,Max,0.33,2080,1.692388
REMIND-MAgPIE,E,Max,0.33,2081,1.6944519999999998
REMIND-MAgPIE,E,Max,0.33,2082,1.6965400000000002
REMIND-MAgPIE,E,Max,0.33,2083,1.698876
REMIND-MAgPIE,E,Max,0.33,2084,1.70124
REMIND-MAgPIE,E,Max,0.33,2085,1.702376
REMIND-MAgPIE,E,Max,0.33,2086,1.704464
REMIND-MAgPIE,E,Max,0.33,2087,1.707016
REMIND-MAgPIE,E,Max,0.33,2088,1.70924
REMIND-MAgPIE,E,Max,0.33,2089,1.7115
REMIND-MAgPIE,E,Max,0.33,2090,1.7135879999999999
REMIND-MAgPIE,E,Max,0.33,2091,1.715628
REMIND-MAgPIE,E,Max,0.33,2092,1.717488
REMIND-MAgPIE,E,Max,0.33,2093,1.719064
REMIND-MAgPIE,E,Max,0.33,2094,1.7207
REMIND-MAgPIE,E,Max,0.33,2095,1.722588
REMIND-MAgPIE,E,Max,0.33,2096,1.724488
REMIND-MAgPIE,E,Max,0.33,2097,1.726288
REMIND-MAgPIE,E,Max,0.33,2098,1.72874
REMIND-MAgPIE,E,Max,0.33,2099,1.729876
REMIND-MAgPIE,E,Max,0.33,2100,1.730976
REMIND-MAgPIE,E,Max,0.4,1990,0.5764400000000001
REMIND-MAgPIE,E,Max,0.4,1991,0.5745
REMIND-MAgPIE,E,Max,0.4,1992,0.4683
REMIND-MAgPIE,E,Max,0.4,1993,0.38874
REMIND-MAgPIE,E,Max,0.4,1994,0.4205
REMIND-MAgPIE,E,Max,0.4,1995,0.49174
REMIND-MAgPIE,E,Max,0.4,1996,0.5623
REMIND-MAgPIE,E,Max,0.4,1997,0.62414
REMIND-MAgPIE,E,Max,0.4,1998,0.67938
REMIND-MAgPIE,E,Max,0.4,1999,0.7315
REMIND-MAgPIE,E,Max,0.4,2000,0.7778
REMIND-MAgPIE,E,Max,0.4,2001,0.81784
REMIND-MAgPIE,E,Max,0.4,2002,0.85172
REMIND-MAgPIE,E,Max,0.4,2003,0.8758
REMIND-MAgPIE,E,Max,0.4,2004,0.8927400000000001
REMIND-MAgPIE,E,Max,0.4,2005,0.90484
REMIND-MAgPIE,E,Max,0.4,2006,0.91482
REMIND-MAgPIE,E,Max,0.4,2007,0.92618
REMIND-MAgPIE,E,Max,0.4,2008,0.9418
REMIND-MAgPIE,E,Max,0.4,2009,0.95892
REMIND-MAgPIE,E,Max,0.4,2010,0.98028
REMIND-MAgPIE,E,Max,0.4,2011,1.0057
REMIND-MAgPIE,E,Max,0.4,2012,1.03238
REMIND-MAgPIE,E,Max,0.4,2013,1.06314
REMIND-MAgPIE,E,Max,0.4,2014,1.09088
REMIND-MAgPIE,E,Max,0.4,2015,1.11372
REMIND-MAgPIE,E,Max,0.4,2016,1.1336
REMIND-MAgPIE,E,Max,0.4,2017,1.15644
REMIND-MAgPIE,E,Max,0.4,2018,1.1787800000000002
REMIND-MAgPIE,E,Max,0.4,2019,1.2031
REMIND-MAgPIE,E,Max,0.4,2020,1.22704
REMIND-MAgPIE,E,Max,0.4,2021,1.2512800000000002
REMIND-MAgPIE,E,Max,0.4,2022,1.27492
REMIND-MAgPIE,E,Max,0.4,2023,1.29798
REMIND-MAgPIE,E,Max,0.4,2024,1.3191
REMIND-MAgPIE,E,Max,0.4,2025,1.33954
REMIND-MAgPIE,E,Max,0.4,2026,1.3597
REMIND-MAgPIE,E,Max,0.4,2027,1.37944
REMIND-MAgPIE,E,Max,0.4,2028,1.39874
REMIND-MAgPIE,E,Max,0.4,2029,1.42024
REMIND-MAgPIE,E,Max,0.4,2030,1.44174
REMIND-MAgPIE,E,Max,0.4,2031,1.4641
REMIND-MAgPIE,E,Max,0.4,2032,1.4867
REMIND-MAgPIE,E,Max,0.4,2033,1.50888
REMIND-MAgPIE,E,Max,0.4,2034,1.5315
REMIND-MAgPIE,E,Max,0.4,2035,1.55464
REMIND-MAgPIE,E,Max,0.4,2036,1.57494
REMIND-MAgPIE,E,Max,0.4,2037,1.5946
REMIND-MAgPIE,E,Max,0.4,2038,1.61376
REMIND-MAgPIE,E,Max,0.4,2039,1.6323
REMIND-MAgPIE,E,Max,0.4,2040,1.65044
REMIND-MAgPIE,E,Max,0.4,2041,1.66414
REMIND-MAgPIE,E,Max,0.4,2042,1.67574
REMIND-MAgPIE,E,Max,0.4,2043,1.68748
REMIND-MAgPIE,E,Max,0.4,2044,1.69748
REMIND-MAgPIE,E,Max,0.4,2045,1.7064
REMIND-MAgPIE,E,Max,0.4,2046,1.7137
REMIND-MAgPIE,E,Max,0.4,2047,1.7210800000000002
REMIND-MAgPIE,E,Max,0.4,2048,1.72598
REMIND-MAgPIE,E,Max,0.4,2049,1.73168
REMIND-MAgPIE,E,Max,0.4,2050,1.73686
REMIND-MAgPIE,E,Max,0.4,2051,1.73944
REMIND-MAgPIE,E,Max,0.4,2052,1.74288
REMIND-MAgPIE,E,Max,0.4,2053,1.7455
REMIND-MAgPIE,E,Max,0.4,2054,1.74518
REMIND-MAgPIE,E,Max,0.4,2055,1.74514
REMIND-MAgPIE,E,Max,0.4,2056,1.7438
REMIND-MAgPIE,E,Max,0.4,2057,1.74348
REMIND-MAgPIE,E,Max,0.4,2058,1.74306
REMIND-MAgPIE,E,Max,0.4,2059,1.7416200000000002
REMIND-MAgPIE,E,Max,0.4,2060,1.7409
REMIND-MAgPIE,E,Max,0.4,2061,1.7413
REMIND-MAgPIE,E,Max,0.4,2062,1.74064
REMIND-MAgPIE,E,Max,0.4,2063,1.7402
REMIND-MAgPIE,E,Max,0.4,2064,1.7396
REMIND-MAgPIE,E,Max,0.4,2065,1.73836
REMIND-MAgPIE,E,Max,0.4,2066,1.73804
REMIND-MAgPIE,E,Max,0.4,2067,1.73788
REMIND-MAgPIE,E,Max,0.4,2068,1.73916
REMIND-MAgPIE,E,Max,0.4,2069,1.73958
REMIND-MAgPIE,E,Max,0.4,2070,1.7411800000000002
REMIND-MAgPIE,E,Max,0.4,2071,1.74228
REMIND-MAgPIE,E,Max,0.4,2072,1.74284
REMIND-MAgPIE,E,Max,0.4,2073,1.74496
REMIND-MAgPIE,E,Max,0.4,2074,1.7455200000000002
REMIND-MAgPIE,E,Max,0.4,2075,1.74588
REMIND-MAgPIE,E,Max,0.4,2076,1.74642
REMIND-MAgPIE,E,Max,0.4,2077,1.74794
REMIND-MAgPIE,E,Max,0.4,2078,1.7490400000000002
REMIND-MAgPIE,E,Max,0.4,2079,1.7496
REMIND-MAgPIE,E,Max,0.4,2080,1.7508400000000002
REMIND-MAgPIE,E,Max,0.4,2081,1.75198
REMIND-MAgPIE,E,Max,0.4,2082,1.7543
REMIND-MAgPIE,E,Max,0.4,2083,1.75706
REMIND-MAgPIE,E,Max,0.4,2084,1.76044
REMIND-MAgPIE,E,Max,0.4,2085,1.76256
REMIND-MAgPIE,E,Max,0.4,2086,1.7651
REMIND-MAgPIE,E,Max,0.4,2087,1.76722
REMIND-MAgPIE,E,Max,0.4,2088,1.76898
REMIND-MAgPIE,E,Max,0.4,2089,1.77204
REMIND-MAgPIE,E,Max,0.4,2090,1.77422
REMIND-MAgPIE,E,Max,0.4,2091,1.77666
REMIND-MAgPIE,E,Max,0.4,2092,1.77902
REMIND-MAgPIE,E,Max,0.4,2093,1.7815
REMIND-MAgPIE,E,Max,0.4,2094,1.7836200000000002
REMIND-MAgPIE,E,Max,0.4,2095,1.78536
REMIND-MAgPIE,E,Max,0.4,2096,1.78824
REMIND-MAgPIE,E,Max,0.4,2097,1.78984
REMIND-MAgPIE,E,Max,0.4,2098,1.79136
REMIND-MAgPIE,E,Max,0.4,2099,1.7941
REMIND-MAgPIE,E,Max,0.4,2100,1.7968
REMIND-MAgPIE,E,Max,0.5,1990,0.5963
REMIND-MAgPIE,E,Max,0.5,1991,0.5937
REMIND-MAgPIE,E,Max,0.5,1992,0.49370000000000003
REMIND-MAgPIE,E,Max,0.5,1993,0.4145
REMIND-MAgPIE,E,Max,0.5,1994,0.4442
REMIND-MAgPIE,E,Max,0.5,1995,0.5167
REMIND-MAgPIE,E,Max,0.5,1996,0.5857
REMIND-MAgPIE,E,Max,0.5,1997,0.6475
REMIND-MAgPIE,E,Max,0.5,1998,0.7026
REMIND-MAgPIE,E,Max,0.5,1999,0.7542
REMIND-MAgPIE,E,Max,0.5,2000,0.8017
REMIND-MAgPIE,E,Max,0.5,2001,0.8437
REMIND-MAgPIE,E,Max,0.5,2002,0.8779
REMIND-MAgPIE,E,Max,0.5,2003,0.9044
REMIND-MAgPIE,E,Max,0.5,2004,0.9211
REMIND-MAgPIE,E,Max,0.5,2005,0.9345
REMIND-MAgPIE,E,Max,0.5,2006,0.9449
REMIND-MAgPIE,E,Max,0.5,2007,0.9571
REMIND-MAgPIE,E,Max,0.5,2008,0.9743
REMIND-MAgPIE,E,Max,0.5,2009,0.9919
REMIND-MAgPIE,E,Max,0.5,2010,1.0141
REMIND-MAgPIE,E,Max,0.5,2011,1.0388
REMIND-MAgPIE,E,Max,0.5,2012,1.066
REMIND-MAgPIE,E,Max,0.5,2013,1.0956
REMIND-MAgPIE,E,Max,0.5,2014,1.1246
REMIND-MAgPIE,E,Max,0.5,2015,1.1488
REMIND-MAgPIE,E,Max,0.5,2016,1.1685
REMIND-MAgPIE,E,Max,0.5,2017,1.1911
REMIND-MAgPIE,E,Max,0.5,2018,1.2154
REMIND-MAgPIE,E,Max,0.5,2019,1.2397
REMIND-MAgPIE,E,Max,0.5,2020,1.2661
REMIND-MAgPIE,E,Max,0.5,2021,1.2904
REMIND-MAgPIE,E,Max,0.5,2022,1.3143
REMIND-MAgPIE,E,Max,0.5,2023,1.3396
REMIND-MAgPIE,E,Max,0.5,2024,1.3627
REMIND-MAgPIE,E,Max,0.5,2025,1.3865
REMIND-MAgPIE,E,Max,0.5,2026,1.4103
REMIND-MAgPIE,E,Max,0.5,2027,1.4317
REMIND-MAgPIE,E,Max,0.5,2028,1.4534
REMIND-MAgPIE,E,Max,0.5,2029,1.4746
REMIND-MAgPIE,E,Max,0.5,2030,1.4972
REMIND-MAgPIE,E,Max,0.5,2031,1.5211
REMIND-MAgPIE,E,Max,0.5,2032,1.5457
REMIND-MAgPIE,E,Max,0.5,2033,1.5705
REMIND-MAgPIE,E,Max,0.5,2034,1.5943
REMIND-MAgPIE,E,Max,0.5,2035,1.6177
REMIND-MAgPIE,E,Max,0.5,2036,1.6407
REMIND-MAgPIE,E,Max,0.5,2037,1.664
REMIND-MAgPIE,E,Max,0.5,2038,1.6848
REMIND-MAgPIE,E,Max,0.5,2039,1.7046
REMIND-MAgPIE,E,Max,0.5,2040,1.7227
REMIND-MAgPIE,E,Max,0.5,2041,1.7392
REMIND-MAgPIE,E,Max,0.5,2042,1.7536
REMIND-MAgPIE,E,Max,0.5,2043,1.766
REMIND-MAgPIE,E,Max,0.5,2044,1.7773
REMIND-MAgPIE,E,Max,0.5,2045,1.7875
REMIND-MAgPIE,E,Max,0.5,2046,1.7966
REMIND-MAgPIE,E,Max,0.5,2047,1.805
REMIND-MAgPIE,E,Max,0.5,2048,1.8117
REMIND-MAgPIE,E,Max,0.5,2049,1.8178
REMIND-MAgPIE,E,Max,0.5,2050,1.823
REMIND-MAgPIE,E,Max,0.5,2051,1.8271
REMIND-MAgPIE,E,Max,0.5,2052,1.8292
REMIND-MAgPIE,E,Max,0.5,2053,1.8303
REMIND-MAgPIE,E,Max,0.5,2054,1.8306
REMIND-MAgPIE,E,Max,0.5,2055,1.8308
REMIND-MAgPIE,E,Max,0.5,2056,1.832
REMIND-MAgPIE,E,Max,0.5,2057,1.8303
REMIND-MAgPIE,E,Max,0.5,2058,1.8302
REMIND-MAgPIE,E,Max,0.5,2059,1.8302
REMIND-MAgPIE,E,Max,0.5,2060,1.8304
REMIND-MAgPIE,E,Max,0.5,2061,1.8308
REMIND-MAgPIE,E,Max,0.5,2062,1.8313
REMIND-MAgPIE,E,Max,0.5,2063,1.8312
REMIND-MAgPIE,E,Max,0.5,2064,1.8295
REMIND-MAgPIE,E,Max,0.5,2065,1.8291
REMIND-MAgPIE,E,Max,0.5,2066,1.8279
REMIND-MAgPIE,E,Max,0.5,2067,1.8274
REMIND-MAgPIE,E,Max,0.5,2068,1.8279
REMIND-MAgPIE,E,Max,0.5,2069,1.8292
REMIND-MAgPIE,E,Max,0.5,2070,1.8307
REMIND-MAgPIE,E,Max,0.5,2071,1.831
REMIND-MAgPIE,E,Max,0.5,2072,1.8313
REMIND-MAgPIE,E,Max,0.5,2073,1.8316
REMIND-MAgPIE,E,Max,0.5,2074,1.8328
REMIND-MAgPIE,E,Max,0.5,2075,1.8349
REMIND-MAgPIE,E,Max,0.5,2076,1.837
REMIND-MAgPIE,E,Max,0.5,2077,1.839
REMIND-MAgPIE,E,Max,0.5,2078,1.8399
REMIND-MAgPIE,E,Max,0.5,2079,1.8417
REMIND-MAgPIE,E,Max,0.5,2080,1.8436
REMIND-MAgPIE,E,Max,0.5,2081,1.8462
REMIND-MAgPIE,E,Max,0.5,2082,1.8477
REMIND-MAgPIE,E,Max,0.5,2083,1.8496
REMIND-MAgPIE,E,Max,0.5,2084,1.8506
REMIND-MAgPIE,E,Max,0.5,2085,1.8532
REMIND-MAgPIE,E,Max,0.5,2086,1.8559
REMIND-MAgPIE,E,Max,0.5,2087,1.8587
REMIND-MAgPIE,E,Max,0.5,2088,1.8606
REMIND-MAgPIE,E,Max,0.5,2089,1.8639
REMIND-MAgPIE,E,Max,0.5,2090,1.8691
REMIND-MAgPIE,E,Max,0.5,2091,1.8715
REMIND-MAgPIE,E,Max,0.5,2092,1.8729
REMIND-MAgPIE,E,Max,0.5,2093,1.875
REMIND-MAgPIE,E,Max,0.5,2094,1.8765
REMIND-MAgPIE,E,Max,0.5,2095,1.8795
REMIND-MAgPIE,E,Max,0.5,2096,1.8822
REMIND-MAgPIE,E,Max,0.5,2097,1.8851
REMIND-MAgPIE,E,Max,0.5,2098,1.8871
REMIND-MAgPIE,E,Max,0.5,2099,1.8882
REMIND-MAgPIE,E,Max,0.5,2100,1.8909
REMIND-MAgPIE,E,Max,0.6,1990,0.6191
REMIND-MAgPIE,E,Max,0.6,1991,0.61646
REMIND-MAgPIE,E,Max,0.6,1992,0.5182
REMIND-MAgPIE,E,Max,0.6,1993,0.43818
REMIND-MAgPIE,E,Max,0.6,1994,0.46982
REMIND-MAgPIE,E,Max,0.6,1995,0.5405399999999999
REMIND-MAgPIE,E,Max,0.6,1996,0.6091
REMIND-MAgPIE,E,Max,0.6,1997,0.6696
REMIND-MAgPIE,E,Max,0.6,1998,0.72582
REMIND-MAgPIE,E,Max,0.6,1999,0.77882
REMIND-MAgPIE,E,Max,0.6,2000,0.82702
REMIND-MAgPIE,E,Max,0.6,2001,0.8675
REMIND-MAgPIE,E,Max,0.6,2002,0.90226
REMIND-MAgPIE,E,Max,0.6,2003,0.928
REMIND-MAgPIE,E,Max,0.6,2004,0.94766
REMIND-MAgPIE,E,Max,0.6,2005,0.96114
REMIND-MAgPIE,E,Max,0.6,2006,0.9739
REMIND-MAgPIE,E,Max,0.6,2007,0.98776
REMIND-MAgPIE,E,Max,0.6,2008,1.00436
REMIND-MAgPIE,E,Max,0.6,2009,1.0224
REMIND-MAgPIE,E,Max,0.6,2010,1.0443
REMIND-MAgPIE,E,Max,0.6,2011,1.06846
REMIND-MAgPIE,E,Max,0.6,2012,1.09692
REMIND-MAgPIE,E,Max,0.6,2013,1.12702
REMIND-MAgPIE,E,Max,0.6,2014,1.1576
REMIND-MAgPIE,E,Max,0.6,2015,1.1823
REMIND-MAgPIE,E,Max,0.6,2016,1.20358
REMIND-MAgPIE,E,Max,0.6,2017,1.22876
REMIND-MAgPIE,E,Max,0.6,2018,1.25588
REMIND-MAgPIE,E,Max,0.6,2019,1.2824799999999998
REMIND-MAgPIE,E,Max,0.6,2020,1.30904
REMIND-MAgPIE,E,Max,0.6,2021,1.3357
REMIND-MAgPIE,E,Max,0.6,2022,1.3603
REMIND-MAgPIE,E,Max,0.6,2023,1.3854
REMIND-MAgPIE,E,Max,0.6,2024,1.40956
REMIND-MAgPIE,E,Max,0.6,2025,1.43424
REMIND-MAgPIE,E,Max,0.6,2026,1.45876
REMIND-MAgPIE,E,Max,0.6,2027,1.48192
REMIND-MAgPIE,E,Max,0.6,2028,1.5049
REMIND-MAgPIE,E,Max,0.6,2029,1.52814
REMIND-MAgPIE,E,Max,0.6,2030,1.55152
REMIND-MAgPIE,E,Max,0.6,2031,1.57682
REMIND-MAgPIE,E,Max,0.6,2032,1.6026
REMIND-MAgPIE,E,Max,0.6,2033,1.6279
REMIND-MAgPIE,E,Max,0.6,2034,1.6540799999999998
REMIND-MAgPIE,E,Max,0.6,2035,1.67956
REMIND-MAgPIE,E,Max,0.6,2036,1.70546
REMIND-MAgPIE,E,Max,0.6,2037,1.7285199999999998
REMIND-MAgPIE,E,Max,0.6,2038,1.7503399999999998
REMIND-MAgPIE,E,Max,0.6,2039,1.771
REMIND-MAgPIE,E,Max,0.6,2040,1.79
REMIND-MAgPIE,E,Max,0.6,2041,1.8088
REMIND-MAgPIE,E,Max,0.6,2042,1.82534
REMIND-MAgPIE,E,Max,0.6,2043,1.84054
REMIND-MAgPIE,E,Max,0.6,2044,1.85254
REMIND-MAgPIE,E,Max,0.6,2045,1.86384
REMIND-MAgPIE,E,Max,0.6,2046,1.87426
REMIND-MAgPIE,E,Max,0.6,2047,1.88286
REMIND-MAgPIE,E,Max,0.6,2048,1.8915
REMIND-MAgPIE,E,Max,0.6,2049,1.89782
REMIND-MAgPIE,E,Max,0.6,2050,1.90426
REMIND-MAgPIE,E,Max,0.6,2051,1.90878
REMIND-MAgPIE,E,Max,0.6,2052,1.9113
REMIND-MAgPIE,E,Max,0.6,2053,1.91332
REMIND-MAgPIE,E,Max,0.6,2054,1.91578
REMIND-MAgPIE,E,Max,0.6,2055,1.91612
REMIND-MAgPIE,E,Max,0.6,2056,1.91624
REMIND-MAgPIE,E,Max,0.6,2057,1.91662
REMIND-MAgPIE,E,Max,0.6,2058,1.9173
REMIND-MAgPIE,E,Max,0.6,2059,1.91726
REMIND-MAgPIE,E,Max,0.6,2060,1.9171
REMIND-MAgPIE,E,Max,0.6,2061,1.91772
REMIND-MAgPIE,E,Max,0.6,2062,1.9165
REMIND-MAgPIE,E,Max,0.6,2063,1.91714
REMIND-MAgPIE,E,Max,0.6,2064,1.9157
REMIND-MAgPIE,E,Max,0.6,2065,1.91566
REMIND-MAgPIE,E,Max,0.6,2066,1.91502
REMIND-MAgPIE,E,Max,0.6,2067,1.91666
REMIND-MAgPIE,E,Max,0.6,2068,1.91694
REMIND-MAgPIE,E,Max,0.6,2069,1.91686
REMIND-MAgPIE,E,Max,0.6,2070,1.91712
REMIND-MAgPIE,E,Max,0.6,2071,1.91736
REMIND-MAgPIE,E,Max,0.6,2072,1.9175
REMIND-MAgPIE,E,Max,0.6,2073,1.91936
REMIND-MAgPIE,E,Max,0.6,2074,1.92082
REMIND-MAgPIE,E,Max,0.6,2075,1.9221
REMIND-MAgPIE,E,Max,0.6,2076,1.92448
REMIND-MAgPIE,E,Max,0.6,2077,1.92692
REMIND-MAgPIE,E,Max,0.6,2078,1.92832
REMIND-MAgPIE,E,Max,0.6,2079,1.93152
REMIND-MAgPIE,E,Max,0.6,2080,1.93406
REMIND-MAgPIE,E,Max,0.6,2081,1.93622
REMIND-MAgPIE,E,Max,0.6,2082,1.93902
REMIND-MAgPIE,E,Max,0.6,2083,1.94282
REMIND-MAgPIE,E,Max,0.6,2084,1.94568
REMIND-MAgPIE,E,Max,0.6,2085,1.94822
REMIND-MAgPIE,E,Max,0.6,2086,1.9506
REMIND-MAgPIE,E,Max,0.6,2087,1.95302
REMIND-MAgPIE,E,Max,0.6,2088,1.95514
REMIND-MAgPIE,E,Max,0.6,2089,1.95706
REMIND-MAgPIE,E,Max,0.6,2090,1.95984
REMIND-MAgPIE,E,Max,0.6,2091,1.96306
REMIND-MAgPIE,E,Max,0.6,2092,1.96588
REMIND-MAgPIE,E,Max,0.6,2093,1.96918
REMIND-MAgPIE,E,Max,0.6,2094,1.97164
REMIND-MAgPIE,E,Max,0.6,2095,1.97422
REMIND-MAgPIE,E,Max,0.6,2096,1.97662
REMIND-MAgPIE,E,Max,0.6,2097,1.97906
REMIND-MAgPIE,E,Max,0.6,2098,1.9816
REMIND-MAgPIE,E,Max,0.6,2099,1.98458
REMIND-MAgPIE,E,Max,0.6,2100,1.98716
REMIND-MAgPIE,E,Max,0.66,1990,0.632876
REMIND-MAgPIE,E,Max,0.66,1991,0.6296
REMIND-MAgPIE,E,Max,0.66,1992,0.531328
REMIND-MAgPIE,E,Max,0.66,1993,0.4559
REMIND-MAgPIE,E,Max,0.66,1994,0.484976
REMIND-MAgPIE,E,Max,0.66,1995,0.555476
REMIND-MAgPIE,E,Max,0.66,1996,0.623852
REMIND-MAgPIE,E,Max,0.66,1997,0.6845519999999999
REMIND-MAgPIE,E,Max,0.66,1998,0.7402759999999999
REMIND-MAgPIE,E,Max,0.66,1999,0.792976
REMIND-MAgPIE,E,Max,0.66,2000,0.841576
REMIND-MAgPIE,E,Max,0.66,2001,0.884276
REMIND-MAgPIE,E,Max,0.66,2002,0.918976
REMIND-MAgPIE,E,Max,0.66,2003,0.9457
REMIND-MAgPIE,E,Max,0.66,2004,0.963476
REMIND-MAgPIE,E,Max,0.66,2005,0.9786
REMIND-MAgPIE,E,Max,0.66,2006,0.990152
REMIND-MAgPIE,E,Max,0.66,2007,1.0037
REMIND-MAgPIE,E,Max,0.66,2008,1.019376
REMIND-MAgPIE,E,Max,0.66,2009,1.038504
REMIND-MAgPIE,E,Max,0.66,2010,1.062076
REMIND-MAgPIE,E,Max,0.66,2011,1.0881
REMIND-MAgPIE,E,Max,0.66,2012,1.115476
REMIND-MAgPIE,E,Max,0.66,2013,1.145876
REMIND-MAgPIE,E,Max,0.66,2014,1.176652
REMIND-MAgPIE,E,Max,0.66,2015,1.203
REMIND-MAgPIE,E,Max,0.66,2016,1.227076
REMIND-MAgPIE,E,Max,0.66,2017,1.251876
REMIND-MAgPIE,E,Max,0.66,2018,1.278152
REMIND-MAgPIE,E,Max,0.66,2019,1.3052
REMIND-MAgPIE,E,Max,0.66,2020,1.332976
REMIND-MAgPIE,E,Max,0.66,2021,1.361
REMIND-MAgPIE,E,Max,0.66,2022,1.388232
REMIND-MAgPIE,E,Max,0.66,2023,1.415
REMIND-MAgPIE,E,Max,0.66,2024,1.442128
REMIND-MAgPIE,E,Max,0.66,2025,1.467176
REMIND-MAgPIE,E,Max,0.66,2026,1.491404
REMIND-MAgPIE,E,Max,0.66,2027,1.516052
REMIND-MAgPIE,E,Max,0.66,2028,1.539404
REMIND-MAgPIE,E,Max,0.66,2029,1.564076
REMIND-MAgPIE,E,Max,0.66,2030,1.588076
REMIND-MAgPIE,E,Max,0.66,2031,1.6126
REMIND-MAgPIE,E,Max,0.66,2032,1.6389
REMIND-MAgPIE,E,Max,0.66,2033,1.665452
REMIND-MAgPIE,E,Max,0.66,2034,1.6920039999999998
REMIND-MAgPIE,E,Max,0.66,2035,1.718508
REMIND-MAgPIE,E,Max,0.66,2036,1.744228
REMIND-MAgPIE,E,Max,0.66,2037,1.769876
REMIND-MAgPIE,E,Max,0.66,2038,1.792852
REMIND-MAgPIE,E,Max,0.66,2039,1.816488
REMIND-MAgPIE,E,Max,0.66,2040,1.837828
REMIND-MAgPIE,E,Max,0.66,2041,1.857776
REMIND-MAgPIE,E,Max,0.66,2042,1.874576
REMIND-MAgPIE,E,Max,0.66,2043,1.889128
REMIND-MAgPIE,E,Max,0.66,2044,1.902052
REMIND-MAgPIE,E,Max,0.66,2045,1.91428
REMIND-MAgPIE,E,Max,0.66,2046,1.924032
REMIND-MAgPIE,E,Max,0.66,2047,1.9335
REMIND-MAgPIE,E,Max,0.66,2048,1.942932
REMIND-MAgPIE,E,Max,0.66,2049,1.950576
REMIND-MAgPIE,E,Max,0.66,2050,1.956476
REMIND-MAgPIE,E,Max,0.66,2051,1.96146
REMIND-MAgPIE,E,Max,0.66,2052,1.9641
REMIND-MAgPIE,E,Max,0.66,2053,1.966384
REMIND-MAgPIE,E,Max,0.66,2054,1.967376
REMIND-MAgPIE,E,Max,0.66,2055,1.968852
REMIND-MAgPIE,E,Max,0.66,2056,1.970028
REMIND-MAgPIE,E,Max,0.66,2057,1.970368
REMIND-MAgPIE,E,Max,0.66,2058,1.970128
REMIND-MAgPIE,E,Max,0.66,2059,1.970356
REMIND-MAgPIE,E,Max,0.66,2060,1.9708
REMIND-MAgPIE,E,Max,0.66,2061,1.96958
REMIND-MAgPIE,E,Max,0.66,2062,1.969928
REMIND-MAgPIE,E,Max,0.66,2063,1.969876
REMIND-MAgPIE,E,Max,0.66,2064,1.971732
REMIND-MAgPIE,E,Max,0.66,2065,1.971936
REMIND-MAgPIE,E,Max,0.66,2066,1.971476
REMIND-MAgPIE,E,Max,0.66,2067,1.971176
REMIND-MAgPIE,E,Max,0.66,2068,1.972476
REMIND-MAgPIE,E,Max,0.66,2069,1.973352
REMIND-MAgPIE,E,Max,0.66,2070,1.9745
REMIND-MAgPIE,E,Max,0.66,2071,1.977
REMIND-MAgPIE,E,Max,0.66,2072,1.978456
REMIND-MAgPIE,E,Max,0.66,2073,1.98038
REMIND-MAgPIE,E,Max,0.66,2074,1.980576
REMIND-MAgPIE,E,Max,0.66,2075,1.981252
REMIND-MAgPIE,E,Max,0.66,2076,1.98208
REMIND-MAgPIE,E,Max,0.66,2077,1.98478
REMIND-MAgPIE,E,Max,0.66,2078,1.98664
REMIND-MAgPIE,E,Max,0.66,2079,1.988
REMIND-MAgPIE,E,Max,0.66,2080,1.98998
REMIND-MAgPIE,E,Max,0.66,2081,1.993032
REMIND-MAgPIE,E,Max,0.66,2082,1.996208
REMIND-MAgPIE,E,Max,0.66,2083,1.998456
REMIND-MAgPIE,E,Max,0.66,2084,2.000852
REMIND-MAgPIE,E,Max,0.66,2085,2.003052
REMIND-MAgPIE,E,Max,0.66,2086,2.005352
REMIND-MAgPIE,E,Max,0.66,2087,2.0078039999999997
REMIND-MAgPIE,E,Max,0.66,2088,2.01016
REMIND-MAgPIE,E,Max,0.66,2089,2.012536
REMIND-MAgPIE,E,Max,0.66,2090,2.015332
REMIND-MAgPIE,E,Max,0.66,2091,2.018152
REMIND-MAgPIE,E,Max,0.66,2092,2.021132
REMIND-MAgPIE,E,Max,0.66,2093,2.0235
REMIND-MAgPIE,E,Max,0.66,2094,2.026256
REMIND-MAgPIE,E,Max,0.66,2095,2.030204
REMIND-MAgPIE,E,Max,0.66,2096,2.0322280000000004
REMIND-MAgPIE,E,Max,0.66,2097,2.035828
REMIND-MAgPIE,E,Max,0.66,2098,2.038804
REMIND-MAgPIE,E,Max,0.66,2099,2.0421
REMIND-MAgPIE,E,Max,0.66,2100,2.045076
REMIND-MAgPIE,E,Max,0.7,1990,0.64206
REMIND-MAgPIE,E,Max,0.7,1991,0.6406
REMIND-MAgPIE,E,Max,0.7,1992,0.54232
REMIND-MAgPIE,E,Max,0.7,1993,0.4666
REMIND-MAgPIE,E,Max,0.7,1994,0.4964
REMIND-MAgPIE,E,Max,0.7,1995,0.5647
REMIND-MAgPIE,E,Max,0.7,1996,0.63322
REMIND-MAgPIE,E,Max,0.7,1997,0.6956199999999998
REMIND-MAgPIE,E,Max,0.7,1998,0.75082
REMIND-MAgPIE,E,Max,0.7,1999,0.8028599999999999
REMIND-MAgPIE,E,Max,0.7,2000,0.85192
REMIND-MAgPIE,E,Max,0.7,2001,0.89294
REMIND-MAgPIE,E,Max,0.7,2002,0.92862
REMIND-MAgPIE,E,Max,0.7,2003,0.95562
REMIND-MAgPIE,E,Max,0.7,2004,0.97522
REMIND-MAgPIE,E,Max,0.7,2005,0.98908
REMIND-MAgPIE,E,Max,0.7,2006,0.99972
REMIND-MAgPIE,E,Max,0.7,2007,1.01312
REMIND-MAgPIE,E,Max,0.7,2008,1.0308
REMIND-MAgPIE,E,Max,0.7,2009,1.05066
REMIND-MAgPIE,E,Max,0.7,2010,1.07414
REMIND-MAgPIE,E,Max,0.7,2011,1.10072
REMIND-MAgPIE,E,Max,0.7,2012,1.13068
REMIND-MAgPIE,E,Max,0.7,2013,1.16182
REMIND-MAgPIE,E,Max,0.7,2014,1.1925199999999998
REMIND-MAgPIE,E,Max,0.7,2015,1.21886
REMIND-MAgPIE,E,Max,0.7,2016,1.24224
REMIND-MAgPIE,E,Max,0.7,2017,1.26814
REMIND-MAgPIE,E,Max,0.7,2018,1.2958
REMIND-MAgPIE,E,Max,0.7,2019,1.32412
REMIND-MAgPIE,E,Max,0.7,2020,1.35234
REMIND-MAgPIE,E,Max,0.7,2021,1.3808
REMIND-MAgPIE,E,Max,0.7,2022,1.40912
REMIND-MAgPIE,E,Max,0.7,2023,1.43498
REMIND-MAgPIE,E,Max,0.7,2024,1.461
REMIND-MAgPIE,E,Max,0.7,2025,1.4863
REMIND-MAgPIE,E,Max,0.7,2026,1.5118
REMIND-MAgPIE,E,Max,0.7,2027,1.5357
REMIND-MAgPIE,E,Max,0.7,2028,1.5592799999999998
REMIND-MAgPIE,E,Max,0.7,2029,1.5842
REMIND-MAgPIE,E,Max,0.7,2030,1.61134
REMIND-MAgPIE,E,Max,0.7,2031,1.63892
REMIND-MAgPIE,E,Max,0.7,2032,1.6665599999999996
REMIND-MAgPIE,E,Max,0.7,2033,1.69498
REMIND-MAgPIE,E,Max,0.7,2034,1.72206
REMIND-MAgPIE,E,Max,0.7,2035,1.7487
REMIND-MAgPIE,E,Max,0.7,2036,1.7745
REMIND-MAgPIE,E,Max,0.7,2037,1.79862
REMIND-MAgPIE,E,Max,0.7,2038,1.8242
REMIND-MAgPIE,E,Max,0.7,2039,1.84804
REMIND-MAgPIE,E,Max,0.7,2040,1.86936
REMIND-MAgPIE,E,Max,0.7,2041,1.8886
REMIND-MAgPIE,E,Max,0.7,2042,1.90642
REMIND-MAgPIE,E,Max,0.7,2043,1.9224399999999997
REMIND-MAgPIE,E,Max,0.7,2044,1.93862
REMIND-MAgPIE,E,Max,0.7,2045,1.94982
REMIND-MAgPIE,E,Max,0.7,2046,1.96096
REMIND-MAgPIE,E,Max,0.7,2047,1.97032
REMIND-MAgPIE,E,Max,0.7,2048,1.98046
REMIND-MAgPIE,E,Max,0.7,2049,1.98972
REMIND-MAgPIE,E,Max,0.7,2050,1.9945999999999997
REMIND-MAgPIE,E,Max,0.7,2051,1.99954
REMIND-MAgPIE,E,Max,0.7,2052,2.0029399999999997
REMIND-MAgPIE,E,Max,0.7,2053,2.00546
REMIND-MAgPIE,E,Max,0.7,2054,2.0068200000000003
REMIND-MAgPIE,E,Max,0.7,2055,2.0075399999999997
REMIND-MAgPIE,E,Max,0.7,2056,2.0078
REMIND-MAgPIE,E,Max,0.7,2057,2.0076
REMIND-MAgPIE,E,Max,0.7,2058,2.0064200000000003
REMIND-MAgPIE,E,Max,0.7,2059,2.00532
REMIND-MAgPIE,E,Max,0.7,2060,2.00478
REMIND-MAgPIE,E,Max,0.7,2061,2.0033
REMIND-MAgPIE,E,Max,0.7,2062,2.0031999999999996
REMIND-MAgPIE,E,Max,0.7,2063,2.00398
REMIND-MAgPIE,E,Max,0.7,2064,2.00572
REMIND-MAgPIE,E,Max,0.7,2065,2.00536
REMIND-MAgPIE,E,Max,0.7,2066,2.0059199999999997
REMIND-MAgPIE,E,Max,0.7,2067,2.00664
REMIND-MAgPIE,E,Max,0.7,2068,2.00698
REMIND-MAgPIE,E,Max,0.7,2069,2.00752
REMIND-MAgPIE,E,Max,0.7,2070,2.0090399999999997
REMIND-MAgPIE,E,Max,0.7,2071,2.0107199999999996
REMIND-MAgPIE,E,Max,0.7,2072,2.01192
REMIND-MAgPIE,E,Max,0.7,2073,2.01234
REMIND-MAgPIE,E,Max,0.7,2074,2.01438
REMIND-MAgPIE,E,Max,0.7,2075,2.0154599999999996
REMIND-MAgPIE,E,Max,0.7,2076,2.0169
REMIND-MAgPIE,E,Max,0.7,2077,2.01852
REMIND-MAgPIE,E,Max,0.7,2078,2.02232
REMIND-MAgPIE,E,Max,0.7,2079,2.0242399999999994
REMIND-MAgPIE,E,Max,0.7,2080,2.02882
REMIND-MAgPIE,E,Max,0.7,2081,2.03262
REMIND-MAgPIE,E,Max,0.7,2082,2.03468
REMIND-MAgPIE,E,Max,0.7,2083,2.0378999999999996
REMIND-MAgPIE,E,Max,0.7,2084,2.04072
REMIND-MAgPIE,E,Max,0.7,2085,2.0439999999999996
REMIND-MAgPIE,E,Max,0.7,2086,2.04544
REMIND-MAgPIE,E,Max,0.7,2087,2.04934
REMIND-MAgPIE,E,Max,0.7,2088,2.05242
REMIND-MAgPIE,E,Max,0.7,2089,2.05506
REMIND-MAgPIE,E,Max,0.7,2090,2.05822
REMIND-MAgPIE,E,Max,0.7,2091,2.06104
REMIND-MAgPIE,E,Max,0.7,2092,2.06332
REMIND-MAgPIE,E,Max,0.7,2093,2.06654
REMIND-MAgPIE,E,Max,0.7,2094,2.07086
REMIND-MAgPIE,E,Max,0.7,2095,2.07302
REMIND-MAgPIE,E,Max,0.7,2096,2.07596
REMIND-MAgPIE,E,Max,0.7,2097,2.07892
REMIND-MAgPIE,E,Max,0.7,2098,2.08094
REMIND-MAgPIE,E,Max,0.7,2099,2.08422
REMIND-MAgPIE,E,Max,0.7,2100,2.0872599999999997
REMIND-MAgPIE,E,Max,0.8,1990,0.6683
REMIND-MAgPIE,E,Max,0.8,1991,0.66708
REMIND-MAgPIE,E,Max,0.8,1992,0.56868
REMIND-MAgPIE,E,Max,0.8,1993,0.4922800000000001
REMIND-MAgPIE,E,Max,0.8,1994,0.5220400000000001
REMIND-MAgPIE,E,Max,0.8,1995,0.59116
REMIND-MAgPIE,E,Max,0.8,1996,0.6607
REMIND-MAgPIE,E,Max,0.8,1997,0.7226400000000001
REMIND-MAgPIE,E,Max,0.8,1998,0.7797
REMIND-MAgPIE,E,Max,0.8,1999,0.8308
REMIND-MAgPIE,E,Max,0.8,2000,0.8785600000000001
REMIND-MAgPIE,E,Max,0.8,2001,0.92036
REMIND-MAgPIE,E,Max,0.8,2002,0.95578
REMIND-MAgPIE,E,Max,0.8,2003,0.98148
REMIND-MAgPIE,E,Max,0.8,2004,1.00218
REMIND-MAgPIE,E,Max,0.8,2005,1.017
REMIND-MAgPIE,E,Max,0.8,2006,1.0299
REMIND-MAgPIE,E,Max,0.8,2007,1.0432
REMIND-MAgPIE,E,Max,0.8,2008,1.06038
REMIND-MAgPIE,E,Max,0.8,2009,1.08076
REMIND-MAgPIE,E,Max,0.8,2010,1.10554
REMIND-MAgPIE,E,Max,0.8,2011,1.13298
REMIND-MAgPIE,E,Max,0.8,2012,1.1633
REMIND-MAgPIE,E,Max,0.8,2013,1.19758
REMIND-MAgPIE,E,Max,0.8,2014,1.231
REMIND-MAgPIE,E,Max,0.8,2015,1.25914
REMIND-MAgPIE,E,Max,0.8,2016,1.28608
REMIND-MAgPIE,E,Max,0.8,2017,1.31386
REMIND-MAgPIE,E,Max,0.8,2018,1.3425
REMIND-MAgPIE,E,Max,0.8,2019,1.37076
REMIND-MAgPIE,E,Max,0.8,2020,1.3995
REMIND-MAgPIE,E,Max,0.8,2021,1.43038
REMIND-MAgPIE,E,Max,0.8,2022,1.46056
REMIND-MAgPIE,E,Max,0.8,2023,1.4895
REMIND-MAgPIE,E,Max,0.8,2024,1.51774
REMIND-MAgPIE,E,Max,0.8,2025,1.54494
REMIND-MAgPIE,E,Max,0.8,2026,1.5732
REMIND-MAgPIE,E,Max,0.8,2027,1.5995
REMIND-MAgPIE,E,Max,0.8,2028,1.62544
REMIND-MAgPIE,E,Max,0.8,2029,1.65206
REMIND-MAgPIE,E,Max,0.8,2030,1.67926
REMIND-MAgPIE,E,Max,0.8,2031,1.7079
REMIND-MAgPIE,E,Max,0.8,2032,1.7362
REMIND-MAgPIE,E,Max,0.8,2033,1.76594
REMIND-MAgPIE,E,Max,0.8,2034,1.79476
REMIND-MAgPIE,E,Max,0.8,2035,1.82248
REMIND-MAgPIE,E,Max,0.8,2036,1.84936
REMIND-MAgPIE,E,Max,0.8,2037,1.87762
REMIND-MAgPIE,E,Max,0.8,2038,1.90498
REMIND-MAgPIE,E,Max,0.8,2039,1.93214
REMIND-MAgPIE,E,Max,0.8,2040,1.95834
REMIND-MAgPIE,E,Max,0.8,2041,1.98068
REMIND-MAgPIE,E,Max,0.8,2042,1.99966
REMIND-MAgPIE,E,Max,0.8,2043,2.0173799999999997
REMIND-MAgPIE,E,Max,0.8,2044,2.0333400000000004
REMIND-MAgPIE,E,Max,0.8,2045,2.04708
REMIND-MAgPIE,E,Max,0.8,2046,2.0603
REMIND-MAgPIE,E,Max,0.8,2047,2.07128
REMIND-MAgPIE,E,Max,0.8,2048,2.0823
REMIND-MAgPIE,E,Max,0.8,2049,2.08908
REMIND-MAgPIE,E,Max,0.8,2050,2.0975200000000003
REMIND-MAgPIE,E,Max,0.8,2051,2.10536
REMIND-MAgPIE,E,Max,0.8,2052,2.1110200000000003
REMIND-MAgPIE,E,Max,0.8,2053,2.11492
REMIND-MAgPIE,E,Max,0.8,2054,2.1180000000000003
REMIND-MAgPIE,E,Max,0.8,2055,2.12026
REMIND-MAgPIE,E,Max,0.8,2056,2.12124
REMIND-MAgPIE,E,Max,0.8,2057,2.12346
REMIND-MAgPIE,E,Max,0.8,2058,2.12518
REMIND-MAgPIE,E,Max,0.8,2059,2.12664
REMIND-MAgPIE,E,Max,0.8,2060,2.12682
REMIND-MAgPIE,E,Max,0.8,2061,2.12744
REMIND-MAgPIE,E,Max,0.8,2062,2.1273000000000004
REMIND-MAgPIE,E,Max,0.8,2063,2.1272
REMIND-MAgPIE,E,Max,0.8,2064,2.1279600000000003
REMIND-MAgPIE,E,Max,0.8,2065,2.1295400000000004
REMIND-MAgPIE,E,Max,0.8,2066,2.1283600000000003
REMIND-MAgPIE,E,Max,0.8,2067,2.12918
REMIND-MAgPIE,E,Max,0.8,2068,2.13008
REMIND-MAgPIE,E,Max,0.8,2069,2.1331000000000007
REMIND-MAgPIE,E,Max,0.8,2070,2.13622
REMIND-MAgPIE,E,Max,0.8,2071,2.13846
REMIND-MAgPIE,E,Max,0.8,2072,2.13966
REMIND-MAgPIE,E,Max,0.8,2073,2.14062
REMIND-MAgPIE,E,Max,0.8,2074,2.14282
REMIND-MAgPIE,E,Max,0.8,2075,2.14496
REMIND-MAgPIE,E,Max,0.8,2076,2.14554
REMIND-MAgPIE,E,Max,0.8,2077,2.1481000000000003
REMIND-MAgPIE,E,Max,0.8,2078,2.1496400000000007
REMIND-MAgPIE,E,Max,0.8,2079,2.1509199999999997
REMIND-MAgPIE,E,Max,0.8,2080,2.1524200000000002
REMIND-MAgPIE,E,Max,0.8,2081,2.15634
REMIND-MAgPIE,E,Max,0.8,2082,2.1579
REMIND-MAgPIE,E,Max,0.8,2083,2.1620600000000003
REMIND-MAgPIE,E,Max,0.8,2084,2.16668
REMIND-MAgPIE,E,Max,0.8,2085,2.17036
REMIND-MAgPIE,E,Max,0.8,2086,2.17154
REMIND-MAgPIE,E,Max,0.8,2087,2.17304
REMIND-MAgPIE,E,Max,0.8,2088,2.1745799999999997
REMIND-MAgPIE,E,Max,0.8,2089,2.17774
REMIND-MAgPIE,E,Max,0.8,2090,2.1809000000000003
REMIND-MAgPIE,E,Max,0.8,2091,2.18542
REMIND-MAgPIE,E,Max,0.8,2092,2.18768
REMIND-MAgPIE,E,Max,0.8,2093,2.1904600000000003
REMIND-MAgPIE,E,Max,0.8,2094,2.19384
REMIND-MAgPIE,E,Max,0.8,2095,2.19766
REMIND-MAgPIE,E,Max,0.8,2096,2.20138
REMIND-MAgPIE,E,Max,0.8,2097,2.2041600000000003
REMIND-MAgPIE,E,Max,0.8,2098,2.20746
REMIND-MAgPIE,E,Max,0.8,2099,2.21102
REMIND-MAgPIE,E,Max,0.8,2100,2.21386
REMIND-MAgPIE,E,Max,0.833,1990,0.6784176
REMIND-MAgPIE,E,Max,0.833,1991,0.6773
REMIND-MAgPIE,E,Max,0.833,1992,0.5793176
REMIND-MAgPIE,E,Max,0.833,1993,0.5037764
REMIND-MAgPIE,E,Max,0.833,1994,0.5337588
REMIND-MAgPIE,E,Max,0.833,1995,0.6032588
REMIND-MAgPIE,E,Max,0.833,1996,0.6715764
REMIND-MAgPIE,E,Max,0.833,1997,0.7324588000000001
REMIND-MAgPIE,E,Max,0.833,1998,0.7890764
REMIND-MAgPIE,E,Max,0.833,1999,0.8422
REMIND-MAgPIE,E,Max,0.833,2000,0.8900764
REMIND-MAgPIE,E,Max,0.833,2001,0.9312176
REMIND-MAgPIE,E,Max,0.833,2002,0.9661352
REMIND-MAgPIE,E,Max,0.833,2003,0.9933588
REMIND-MAgPIE,E,Max,0.833,2004,1.0126176
REMIND-MAgPIE,E,Max,0.833,2005,1.0271
REMIND-MAgPIE,E,Max,0.833,2006,1.0405704
REMIND-MAgPIE,E,Max,0.833,2007,1.0550351999999998
REMIND-MAgPIE,E,Max,0.833,2008,1.0732764
REMIND-MAgPIE,E,Max,0.833,2009,1.0950588
REMIND-MAgPIE,E,Max,0.833,2010,1.1183588
REMIND-MAgPIE,E,Max,0.833,2011,1.1474
REMIND-MAgPIE,E,Max,0.833,2012,1.1779588
REMIND-MAgPIE,E,Max,0.833,2013,1.2099588
REMIND-MAgPIE,E,Max,0.833,2014,1.2469
REMIND-MAgPIE,E,Max,0.833,2015,1.2751352
REMIND-MAgPIE,E,Max,0.833,2016,1.3022588
REMIND-MAgPIE,E,Max,0.833,2017,1.3297588
REMIND-MAgPIE,E,Max,0.833,2018,1.3614292
REMIND-MAgPIE,E,Max,0.833,2019,1.3899764
REMIND-MAgPIE,E,Max,0.833,2020,1.421994
REMIND-MAgPIE,E,Max,0.833,2021,1.4540352
REMIND-MAgPIE,E,Max,0.833,2022,1.4847764
REMIND-MAgPIE,E,Max,0.833,2023,1.5134588
REMIND-MAgPIE,E,Max,0.833,2024,1.5414176
REMIND-MAgPIE,E,Max,0.833,2025,1.5707
REMIND-MAgPIE,E,Max,0.833,2026,1.5973176
REMIND-MAgPIE,E,Max,0.833,2027,1.6241
REMIND-MAgPIE,E,Max,0.833,2028,1.6502528
REMIND-MAgPIE,E,Max,0.833,2029,1.6768176
REMIND-MAgPIE,E,Max,0.833,2030,1.7060704
REMIND-MAgPIE,E,Max,0.833,2031,1.7347587999999998
REMIND-MAgPIE,E,Max,0.833,2032,1.7642528
REMIND-MAgPIE,E,Max,0.833,2033,1.7956176
REMIND-MAgPIE,E,Max,0.833,2034,1.8270528
REMIND-MAgPIE,E,Max,0.833,2035,1.8577
REMIND-MAgPIE,E,Max,0.833,2036,1.8861588
REMIND-MAgPIE,E,Max,0.833,2037,1.9152176
REMIND-MAgPIE,E,Max,0.833,2038,1.9428764
REMIND-MAgPIE,E,Max,0.833,2039,1.9701764
REMIND-MAgPIE,E,Max,0.833,2040,1.996894
REMIND-MAgPIE,E,Max,0.833,2041,2.0208644
REMIND-MAgPIE,E,Max,0.833,2042,2.0413704
REMIND-MAgPIE,E,Max,0.833,2043,2.060388
REMIND-MAgPIE,E,Max,0.833,2044,2.077488
REMIND-MAgPIE,E,Max,0.833,2045,2.0927176
REMIND-MAgPIE,E,Max,0.833,2046,2.1051764
REMIND-MAgPIE,E,Max,0.833,2047,2.1176764
REMIND-MAgPIE,E,Max,0.833,2048,2.1304176
REMIND-MAgPIE,E,Max,0.833,2049,2.142394
REMIND-MAgPIE,E,Max,0.833,2050,2.1535764
REMIND-MAgPIE,E,Max,0.833,2051,2.1619352000000003
REMIND-MAgPIE,E,Max,0.833,2052,2.1679703999999997
REMIND-MAgPIE,E,Max,0.833,2053,2.1725764
REMIND-MAgPIE,E,Max,0.833,2054,2.1761352
REMIND-MAgPIE,E,Max,0.833,2055,2.1806175999999997
REMIND-MAgPIE,E,Max,0.833,2056,2.182
REMIND-MAgPIE,E,Max,0.833,2057,2.1818704
REMIND-MAgPIE,E,Max,0.833,2058,2.1823644
REMIND-MAgPIE,E,Max,0.833,2059,2.1834704
REMIND-MAgPIE,E,Max,0.833,2060,2.1865588
REMIND-MAgPIE,E,Max,0.833,2061,2.187076
REMIND-MAgPIE,E,Max,0.833,2062,2.1885171999999997
REMIND-MAgPIE,E,Max,0.833,2063,2.1911587999999997
REMIND-MAgPIE,E,Max,0.833,2064,2.194076
REMIND-MAgPIE,E,Max,0.833,2065,2.19597
REMIND-MAgPIE,E,Max,0.833,2066,2.1956996
REMIND-MAgPIE,E,Max,0.833,2067,2.194994
REMIND-MAgPIE,E,Max,0.833,2068,2.1947932
REMIND-MAgPIE,E,Max,0.833,2069,2.1982228
REMIND-MAgPIE,E,Max,0.833,2070,2.2005588
REMIND-MAgPIE,E,Max,0.833,2071,2.2007176
REMIND-MAgPIE,E,Max,0.833,2072,2.2012528
REMIND-MAgPIE,E,Max,0.833,2073,2.206082
REMIND-MAgPIE,E,Max,0.833,2074,2.208694
REMIND-MAgPIE,E,Max,0.833,2075,2.2106991999999996
REMIND-MAgPIE,E,Max,0.833,2076,2.2119408
REMIND-MAgPIE,E,Max,0.833,2077,2.2144352
REMIND-MAgPIE,E,Max,0.833,2078,2.2170468
REMIND-MAgPIE,E,Max,0.833,2079,2.2206116
REMIND-MAgPIE,E,Max,0.833,2080,2.2236584
REMIND-MAgPIE,E,Max,0.833,2081,2.2273352
REMIND-MAgPIE,E,Max,0.833,2082,2.2300764
REMIND-MAgPIE,E,Max,0.833,2083,2.2346292
REMIND-MAgPIE,E,Max,0.833,2084,2.2396764
REMIND-MAgPIE,E,Max,0.833,2085,2.2434176
REMIND-MAgPIE,E,Max,0.833,2086,2.2476116
REMIND-MAgPIE,E,Max,0.833,2087,2.2520764
REMIND-MAgPIE,E,Max,0.833,2088,2.2561352
REMIND-MAgPIE,E,Max,0.833,2089,2.2603352
REMIND-MAgPIE,E,Max,0.833,2090,2.2637764
REMIND-MAgPIE,E,Max,0.833,2091,2.2657112
REMIND-MAgPIE,E,Max,0.833,2092,2.268776
REMIND-MAgPIE,E,Max,0.833,2093,2.2717288
REMIND-MAgPIE,E,Max,0.833,2094,2.2741524
REMIND-MAgPIE,E,Max,0.833,2095,2.2769176
REMIND-MAgPIE,E,Max,0.833,2096,2.2798468
REMIND-MAgPIE,E,Max,0.833,2097,2.2840176
REMIND-MAgPIE,E,Max,0.833,2098,2.2867528
REMIND-MAgPIE,E,Max,0.833,2099,2.2895
REMIND-MAgPIE,E,Max,0.833,2100,2.2924528
REMIND-MAgPIE,E,Max,0.9,1990,0.70042
REMIND-MAgPIE,E,Max,0.9,1991,0.6982400000000001
REMIND-MAgPIE,E,Max,0.9,1992,0.605
REMIND-MAgPIE,E,Max,0.9,1993,0.53064
REMIND-MAgPIE,E,Max,0.9,1994,0.55858
REMIND-MAgPIE,E,Max,0.9,1995,0.62682
REMIND-MAgPIE,E,Max,0.9,1996,0.69428
REMIND-MAgPIE,E,Max,0.9,1997,0.7538
REMIND-MAgPIE,E,Max,0.9,1998,0.80842
REMIND-MAgPIE,E,Max,0.9,1999,0.8605400000000001
REMIND-MAgPIE,E,Max,0.9,2000,0.9097
REMIND-MAgPIE,E,Max,0.9,2001,0.95344
REMIND-MAgPIE,E,Max,0.9,2002,0.99034
REMIND-MAgPIE,E,Max,0.9,2003,1.01864
REMIND-MAgPIE,E,Max,0.9,2004,1.03908
REMIND-MAgPIE,E,Max,0.9,2005,1.0545
REMIND-MAgPIE,E,Max,0.9,2006,1.06724
REMIND-MAgPIE,E,Max,0.9,2007,1.08276
REMIND-MAgPIE,E,Max,0.9,2008,1.10304
REMIND-MAgPIE,E,Max,0.9,2009,1.12458
REMIND-MAgPIE,E,Max,0.9,2010,1.14962
REMIND-MAgPIE,E,Max,0.9,2011,1.17936
REMIND-MAgPIE,E,Max,0.9,2012,1.2102
REMIND-MAgPIE,E,Max,0.9,2013,1.24442
REMIND-MAgPIE,E,Max,0.9,2014,1.27984
REMIND-MAgPIE,E,Max,0.9,2015,1.31014
REMIND-MAgPIE,E,Max,0.9,2016,1.33876
REMIND-MAgPIE,E,Max,0.9,2017,1.36966
REMIND-MAgPIE,E,Max,0.9,2018,1.4025200000000002
REMIND-MAgPIE,E,Max,0.9,2019,1.43414
REMIND-MAgPIE,E,Max,0.9,2020,1.4661
REMIND-MAgPIE,E,Max,0.9,2021,1.5012800000000002
REMIND-MAgPIE,E,Max,0.9,2022,1.53464
REMIND-MAgPIE,E,Max,0.9,2023,1.56684
REMIND-MAgPIE,E,Max,0.9,2024,1.59858
REMIND-MAgPIE,E,Max,0.9,2025,1.62948
REMIND-MAgPIE,E,Max,0.9,2026,1.6589
REMIND-MAgPIE,E,Max,0.9,2027,1.6887
REMIND-MAgPIE,E,Max,0.9,2028,1.7194
REMIND-MAgPIE,E,Max,0.9,2029,1.7485
REMIND-MAgPIE,E,Max,0.9,2030,1.7766
REMIND-MAgPIE,E,Max,0.9,2031,1.80958
REMIND-MAgPIE,E,Max,0.9,2032,1.84176
REMIND-MAgPIE,E,Max,0.9,2033,1.8758
REMIND-MAgPIE,E,Max,0.9,2034,1.90924
REMIND-MAgPIE,E,Max,0.9,2035,1.94466
REMIND-MAgPIE,E,Max,0.9,2036,1.97678
REMIND-MAgPIE,E,Max,0.9,2037,2.00828
REMIND-MAgPIE,E,Max,0.9,2038,2.0380200000000004
REMIND-MAgPIE,E,Max,0.9,2039,2.0685
REMIND-MAgPIE,E,Max,0.9,2040,2.09826
REMIND-MAgPIE,E,Max,0.9,2041,2.12576
REMIND-MAgPIE,E,Max,0.9,2042,2.15098
REMIND-MAgPIE,E,Max,0.9,2043,2.17246
REMIND-MAgPIE,E,Max,0.9,2044,2.19218
REMIND-MAgPIE,E,Max,0.9,2045,2.2113
REMIND-MAgPIE,E,Max,0.9,2046,2.2273
REMIND-MAgPIE,E,Max,0.9,2047,2.2426800000000005
REMIND-MAgPIE,E,Max,0.9,2048,2.25576
REMIND-MAgPIE,E,Max,0.9,2049,2.2685600000000004
REMIND-MAgPIE,E,Max,0.9,2050,2.28048
REMIND-MAgPIE,E,Max,0.9,2051,2.29104
REMIND-MAgPIE,E,Max,0.9,2052,2.2990600000000003
REMIND-MAgPIE,E,Max,0.9,2053,2.3056
REMIND-MAgPIE,E,Max,0.9,2054,2.31118
REMIND-MAgPIE,E,Max,0.9,2055,2.3143
REMIND-MAgPIE,E,Max,0.9,2056,2.31714
REMIND-MAgPIE,E,Max,0.9,2057,2.31894
REMIND-MAgPIE,E,Max,0.9,2058,2.3229200000000003
REMIND-MAgPIE,E,Max,0.9,2059,2.3233
REMIND-MAgPIE,E,Max,0.9,2060,2.32548
REMIND-MAgPIE,E,Max,0.9,2061,2.3278600000000003
REMIND-MAgPIE,E,Max,0.9,2062,2.3301200000000004
REMIND-MAgPIE,E,Max,0.9,2063,2.3323400000000003
REMIND-MAgPIE,E,Max,0.9,2064,2.33318
REMIND-MAgPIE,E,Max,0.9,2065,2.33334
REMIND-MAgPIE,E,Max,0.9,2066,2.3327000000000004
REMIND-MAgPIE,E,Max,0.9,2067,2.33286
REMIND-MAgPIE,E,Max,0.9,2068,2.33458
REMIND-MAgPIE,E,Max,0.9,2069,2.3362200000000004
REMIND-MAgPIE,E,Max,0.9,2070,2.34008
REMIND-MAgPIE,E,Max,0.9,2071,2.34104
REMIND-MAgPIE,E,Max,0.9,2072,2.3424199999999997
REMIND-MAgPIE,E,Max,0.9,2073,2.3443
REMIND-MAgPIE,E,Max,0.9,2074,2.34646
REMIND-MAgPIE,E,Max,0.9,2075,2.34824
REMIND-MAgPIE,E,Max,0.9,2076,2.35022
REMIND-MAgPIE,E,Max,0.9,2077,2.35344
REMIND-MAgPIE,E,Max,0.9,2078,2.3564600000000002
REMIND-MAgPIE,E,Max,0.9,2079,2.3605
REMIND-MAgPIE,E,Max,0.9,2080,2.36404
REMIND-MAgPIE,E,Max,0.9,2081,2.36614
REMIND-MAgPIE,E,Max,0.9,2082,2.3688
REMIND-MAgPIE,E,Max,0.9,2083,2.37252
REMIND-MAgPIE,E,Max,0.9,2084,2.3766
REMIND-MAgPIE,E,Max,0.9,2085,2.38174
REMIND-MAgPIE,E,Max,0.9,2086,2.38558
REMIND-MAgPIE,E,Max,0.9,2087,2.39066
REMIND-MAgPIE,E,Max,0.9,2088,2.3974
REMIND-MAgPIE,E,Max,0.9,2089,2.4024200000000002
REMIND-MAgPIE,E,Max,0.9,2090,2.4073
REMIND-MAgPIE,E,Max,0.9,2091,2.41192
REMIND-MAgPIE,E,Max,0.9,2092,2.41718
REMIND-MAgPIE,E,Max,0.9,2093,2.4221
REMIND-MAgPIE,E,Max,0.9,2094,2.42598
REMIND-MAgPIE,E,Max,0.9,2095,2.43134
REMIND-MAgPIE,E,Max,0.9,2096,2.43526
REMIND-MAgPIE,E,Max,0.9,2097,2.44018
REMIND-MAgPIE,E,Max,0.9,2098,2.4418200000000003
REMIND-MAgPIE,E,Max,0.9,2099,2.44608
REMIND-MAgPIE,E,Max,0.9,2100,2.45014
REMIND-MAgPIE,E,Median,0.1,1990,0.49856
REMIND-MAgPIE,E,Median,0.1,1991,0.4953
REMIND-MAgPIE,E,Median,0.1,1992,0.38984
REMIND-MAgPIE,E,Median,0.1,1993,0.3043
REMIND-MAgPIE,E,Median,0.1,1994,0.3383
REMIND-MAgPIE,E,Median,0.1,1995,0.41346
REMIND-MAgPIE,E,Median,0.1,1996,0.48376
REMIND-MAgPIE,E,Median,0.1,1997,0.54462
REMIND-MAgPIE,E,Median,0.1,1998,0.5989
REMIND-MAgPIE,E,Median,0.1,1999,0.6479400000000001
REMIND-MAgPIE,E,Median,0.1,2000,0.69316
REMIND-MAgPIE,E,Median,0.1,2001,0.73178
REMIND-MAgPIE,E,Median,0.1,2002,0.76002
REMIND-MAgPIE,E,Median,0.1,2003,0.77982
REMIND-MAgPIE,E,Median,0.1,2004,0.792
REMIND-MAgPIE,E,Median,0.1,2005,0.80016
REMIND-MAgPIE,E,Median,0.1,2006,0.8069200000000001
REMIND-MAgPIE,E,Median,0.1,2007,0.81512
REMIND-MAgPIE,E,Median,0.1,2008,0.82814
REMIND-MAgPIE,E,Median,0.1,2009,0.8437
REMIND-MAgPIE,E,Median,0.1,2010,0.86408
REMIND-MAgPIE,E,Median,0.1,2011,0.8871
REMIND-MAgPIE,E,Median,0.1,2012,0.91134
REMIND-MAgPIE,E,Median,0.1,2013,0.9374
REMIND-MAgPIE,E,Median,0.1,2014,0.96216
REMIND-MAgPIE,E,Median,0.1,2015,0.9812
REMIND-MAgPIE,E,Median,0.1,2016,0.99776
REMIND-MAgPIE,E,Median,0.1,2017,1.01356
REMIND-MAgPIE,E,Median,0.1,2018,1.03332
REMIND-MAgPIE,E,Median,0.1,2019,1.05258
REMIND-MAgPIE,E,Median,0.1,2020,1.07516
REMIND-MAgPIE,E,Median,0.1,2021,1.09776
REMIND-MAgPIE,E,Median,0.1,2022,1.117
REMIND-MAgPIE,E,Median,0.1,2023,1.1367
REMIND-MAgPIE,E,Median,0.1,2024,1.1538
REMIND-MAgPIE,E,Median,0.1,2025,1.17084
REMIND-MAgPIE,E,Median,0.1,2026,1.18696
REMIND-MAgPIE,E,Median,0.1,2027,1.204
REMIND-MAgPIE,E,Median,0.1,2028,1.2214
REMIND-MAgPIE,E,Median,0.1,2029,1.23656
REMIND-MAgPIE,E,Median,0.1,2030,1.25374
REMIND-MAgPIE,E,Median,0.1,2031,1.2713
REMIND-MAgPIE,E,Median,0.1,2032,1.28908
REMIND-MAgPIE,E,Median,0.1,2033,1.30742
REMIND-MAgPIE,E,Median,0.1,2034,1.32436
REMIND-MAgPIE,E,Median,0.1,2035,1.34062
REMIND-MAgPIE,E,Median,0.1,2036,1.3576
REMIND-MAgPIE,E,Median,0.1,2037,1.37256
REMIND-MAgPIE,E,Median,0.1,2038,1.38348
REMIND-MAgPIE,E,Median,0.1,2039,1.39566
REMIND-MAgPIE,E,Median,0.1,2040,1.40494
REMIND-MAgPIE,E,Median,0.1,2041,1.41292
REMIND-MAgPIE,E,Median,0.1,2042,1.41988
REMIND-MAgPIE,E,Median,0.1,2043,1.4249
REMIND-MAgPIE,E,Median,0.1,2044,1.42766
REMIND-MAgPIE,E,Median,0.1,2045,1.4283
REMIND-MAgPIE,E,Median,0.1,2046,1.42976
REMIND-MAgPIE,E,Median,0.1,2047,1.43188
REMIND-MAgPIE,E,Median,0.1,2048,1.43194
REMIND-MAgPIE,E,Median,0.1,2049,1.43242
REMIND-MAgPIE,E,Median,0.1,2050,1.43138
REMIND-MAgPIE,E,Median,0.1,2051,1.42852
REMIND-MAgPIE,E,Median,0.1,2052,1.4260199999999998
REMIND-MAgPIE,E,Median,0.1,2053,1.42292
REMIND-MAgPIE,E,Median,0.1,2054,1.41942
REMIND-MAgPIE,E,Median,0.1,2055,1.4152
REMIND-MAgPIE,E,Median,0.1,2056,1.41096
REMIND-MAgPIE,E,Median,0.1,2057,1.40908
REMIND-MAgPIE,E,Median,0.1,2058,1.4065
REMIND-MAgPIE,E,Median,0.1,2059,1.40232
REMIND-MAgPIE,E,Median,0.1,2060,1.39926
REMIND-MAgPIE,E,Median,0.1,2061,1.3959400000000002
REMIND-MAgPIE,E,Median,0.1,2062,1.39266
REMIND-MAgPIE,E,Median,0.1,2063,1.38878
REMIND-MAgPIE,E,Median,0.1,2064,1.3854
REMIND-MAgPIE,E,Median,0.1,2065,1.3827
REMIND-MAgPIE,E,Median,0.1,2066,1.3803
REMIND-MAgPIE,E,Median,0.1,2067,1.37828
REMIND-MAgPIE,E,Median,0.1,2068,1.37536
REMIND-MAgPIE,E,Median,0.1,2069,1.37424
REMIND-MAgPIE,E,Median,0.1,2070,1.3736199999999998
REMIND-MAgPIE,E,Median,0.1,2071,1.37136
REMIND-MAgPIE,E,Median,0.1,2072,1.37006
REMIND-MAgPIE,E,Median,0.1,2073,1.36888
REMIND-MAgPIE,E,Median,0.1,2074,1.3669
REMIND-MAgPIE,E,Median,0.1,2075,1.36526
REMIND-MAgPIE,E,Median,0.1,2076,1.36264
REMIND-MAgPIE,E,Median,0.1,2077,1.36132
REMIND-MAgPIE,E,Median,0.1,2078,1.36108
REMIND-MAgPIE,E,Median,0.1,2079,1.3613
REMIND-MAgPIE,E,Median,0.1,2080,1.3603
REMIND-MAgPIE,E,Median,0.1,2081,1.35906
REMIND-MAgPIE,E,Median,0.1,2082,1.3577
REMIND-MAgPIE,E,Median,0.1,2083,1.35638
REMIND-MAgPIE,E,Median,0.1,2084,1.35562
REMIND-MAgPIE,E,Median,0.1,2085,1.35512
REMIND-MAgPIE,E,Median,0.1,2086,1.35472
REMIND-MAgPIE,E,Median,0.1,2087,1.3534199999999998
REMIND-MAgPIE,E,Median,0.1,2088,1.3515199999999998
REMIND-MAgPIE,E,Median,0.1,2089,1.34976
REMIND-MAgPIE,E,Median,0.1,2090,1.34802
REMIND-MAgPIE,E,Median,0.1,2091,1.3465
REMIND-MAgPIE,E,Median,0.1,2092,1.34496
REMIND-MAgPIE,E,Median,0.1,2093,1.3433
REMIND-MAgPIE,E,Median,0.1,2094,1.34176
REMIND-MAgPIE,E,Median,0.1,2095,1.34028
REMIND-MAgPIE,E,Median,0.1,2096,1.33842
REMIND-MAgPIE,E,Median,0.1,2097,1.33634
REMIND-MAgPIE,E,Median,0.1,2098,1.33392
REMIND-MAgPIE,E,Median,0.1,2099,1.33238
REMIND-MAgPIE,E,Median,0.1,2100,1.33176
REMIND-MAgPIE,E,Median,0.167,1990,0.5192412
REMIND-MAgPIE,E,Median,0.167,1991,0.5156412
REMIND-MAgPIE,E,Median,0.167,1992,0.4130412
REMIND-MAgPIE,E,Median,0.167,1993,0.3257412
REMIND-MAgPIE,E,Median,0.167,1994,0.3608412
REMIND-MAgPIE,E,Median,0.167,1995,0.4343884
REMIND-MAgPIE,E,Median,0.167,1996,0.5054
REMIND-MAgPIE,E,Median,0.167,1997,0.5669411999999999
REMIND-MAgPIE,E,Median,0.167,1998,0.6217412
REMIND-MAgPIE,E,Median,0.167,1999,0.6732824000000001
REMIND-MAgPIE,E,Median,0.167,2000,0.7188
REMIND-MAgPIE,E,Median,0.167,2001,0.7553411999999999
REMIND-MAgPIE,E,Median,0.167,2002,0.7840824000000001
REMIND-MAgPIE,E,Median,0.167,2003,0.8051
REMIND-MAgPIE,E,Median,0.167,2004,0.8179236
REMIND-MAgPIE,E,Median,0.167,2005,0.8273236
REMIND-MAgPIE,E,Median,0.167,2006,0.8378
REMIND-MAgPIE,E,Median,0.167,2007,0.8494824000000001
REMIND-MAgPIE,E,Median,0.167,2008,0.8631648
REMIND-MAgPIE,E,Median,0.167,2009,0.8803236
REMIND-MAgPIE,E,Median,0.167,2010,0.9000412
REMIND-MAgPIE,E,Median,0.167,2011,0.9230412
REMIND-MAgPIE,E,Median,0.167,2012,0.9469412
REMIND-MAgPIE,E,Median,0.167,2013,0.9749824
REMIND-MAgPIE,E,Median,0.167,2014,1.0006
REMIND-MAgPIE,E,Median,0.167,2015,1.0199412
REMIND-MAgPIE,E,Median,0.167,2016,1.0378412
REMIND-MAgPIE,E,Median,0.167,2017,1.0566236
REMIND-MAgPIE,E,Median,0.167,2018,1.0775
REMIND-MAgPIE,E,Median,0.167,2019,1.0985236
REMIND-MAgPIE,E,Median,0.167,2020,1.1196236
REMIND-MAgPIE,E,Median,0.167,2021,1.1401884
REMIND-MAgPIE,E,Median,0.167,2022,1.1610296
REMIND-MAgPIE,E,Median,0.167,2023,1.1813412
REMIND-MAgPIE,E,Median,0.167,2024,1.2004412
REMIND-MAgPIE,E,Median,0.167,2025,1.2185648
REMIND-MAgPIE,E,Median,0.167,2026,1.2360648
REMIND-MAgPIE,E,Median,0.167,2027,1.2533824
REMIND-MAgPIE,E,Median,0.167,2028,1.269806
REMIND-MAgPIE,E,Median,0.167,2029,1.2863
REMIND-MAgPIE,E,Median,0.167,2030,1.3033412
REMIND-MAgPIE,E,Median,0.167,2031,1.3209236
REMIND-MAgPIE,E,Median,0.167,2032,1.3390883999999998
REMIND-MAgPIE,E,Median,0.167,2033,1.3579412000000002
REMIND-MAgPIE,E,Median,0.167,2034,1.3759236
REMIND-MAgPIE,E,Median,0.167,2035,1.3926412
REMIND-MAgPIE,E,Median,0.167,2036,1.4094412
REMIND-MAgPIE,E,Median,0.167,2037,1.4251236
REMIND-MAgPIE,E,Median,0.167,2038,1.4402412
REMIND-MAgPIE,E,Median,0.167,2039,1.4530412
REMIND-MAgPIE,E,Median,0.167,2040,1.4659884
REMIND-MAgPIE,E,Median,0.167,2041,1.4757
REMIND-MAgPIE,E,Median,0.167,2042,1.4835648
REMIND-MAgPIE,E,Median,0.167,2043,1.491
REMIND-MAgPIE,E,Median,0.167,2044,1.4964412
REMIND-MAgPIE,E,Median,0.167,2045,1.4987884
REMIND-MAgPIE,E,Median,0.167,2046,1.5018412
REMIND-MAgPIE,E,Median,0.167,2047,1.502606
REMIND-MAgPIE,E,Median,0.167,2048,1.5020824
REMIND-MAgPIE,E,Median,0.167,2049,1.5025824
REMIND-MAgPIE,E,Median,0.167,2050,1.5027532
REMIND-MAgPIE,E,Median,0.167,2051,1.5024236
REMIND-MAgPIE,E,Median,0.167,2052,1.5002824
REMIND-MAgPIE,E,Median,0.167,2053,1.4965532
REMIND-MAgPIE,E,Median,0.167,2054,1.492706
REMIND-MAgPIE,E,Median,0.167,2055,1.4887412
REMIND-MAgPIE,E,Median,0.167,2056,1.4859236
REMIND-MAgPIE,E,Median,0.167,2057,1.482412
REMIND-MAgPIE,E,Median,0.167,2058,1.478406
REMIND-MAgPIE,E,Median,0.167,2059,1.475106
REMIND-MAgPIE,E,Median,0.167,2060,1.4719236
REMIND-MAgPIE,E,Median,0.167,2061,1.4694648
REMIND-MAgPIE,E,Median,0.167,2062,1.4656824
REMIND-MAgPIE,E,Median,0.167,2063,1.4628824
REMIND-MAgPIE,E,Median,0.167,2064,1.4592824
REMIND-MAgPIE,E,Median,0.167,2065,1.4557648
REMIND-MAgPIE,E,Median,0.167,2066,1.4525412
REMIND-MAgPIE,E,Median,0.167,2067,1.4509
REMIND-MAgPIE,E,Median,0.167,2068,1.4482884
REMIND-MAgPIE,E,Median,0.167,2069,1.4455648
REMIND-MAgPIE,E,Median,0.167,2070,1.4434412
REMIND-MAgPIE,E,Median,0.167,2071,1.442106
REMIND-MAgPIE,E,Median,0.167,2072,1.4401824
REMIND-MAgPIE,E,Median,0.167,2073,1.439106
REMIND-MAgPIE,E,Median,0.167,2074,1.438
REMIND-MAgPIE,E,Median,0.167,2075,1.4363472
REMIND-MAgPIE,E,Median,0.167,2076,1.434906
REMIND-MAgPIE,E,Median,0.167,2077,1.4336412
REMIND-MAgPIE,E,Median,0.167,2078,1.4318824000000001
REMIND-MAgPIE,E,Median,0.167,2079,1.4309
REMIND-MAgPIE,E,Median,0.167,2080,1.4298412
REMIND-MAgPIE,E,Median,0.167,2081,1.4287648000000002
REMIND-MAgPIE,E,Median,0.167,2082,1.4279824
REMIND-MAgPIE,E,Median,0.167,2083,1.4264944
REMIND-MAgPIE,E,Median,0.167,2084,1.4259
REMIND-MAgPIE,E,Median,0.167,2085,1.4242472
REMIND-MAgPIE,E,Median,0.167,2086,1.4230236
REMIND-MAgPIE,E,Median,0.167,2087,1.4218824
REMIND-MAgPIE,E,Median,0.167,2088,1.420006
REMIND-MAgPIE,E,Median,0.167,2089,1.4186236
REMIND-MAgPIE,E,Median,0.167,2090,1.4172824
REMIND-MAgPIE,E,Median,0.167,2091,1.4152824
REMIND-MAgPIE,E,Median,0.167,2092,1.4137883999999998
REMIND-MAgPIE,E,Median,0.167,2093,1.4128824
REMIND-MAgPIE,E,Median,0.167,2094,1.4110824
REMIND-MAgPIE,E,Median,0.167,2095,1.409206
REMIND-MAgPIE,E,Median,0.167,2096,1.4080648
REMIND-MAgPIE,E,Median,0.167,2097,1.405706
REMIND-MAgPIE,E,Median,0.167,2098,1.4039472
REMIND-MAgPIE,E,Median,0.167,2099,1.4019472
REMIND-MAgPIE,E,Median,0.167,2100,1.4005412000000002
REMIND-MAgPIE,E,Median,0.2,1990,0.5283
REMIND-MAgPIE,E,Median,0.2,1991,0.52602
REMIND-MAgPIE,E,Median,0.2,1992,0.4232
REMIND-MAgPIE,E,Median,0.2,1993,0.33672
REMIND-MAgPIE,E,Median,0.2,1994,0.36974
REMIND-MAgPIE,E,Median,0.2,1995,0.44412
REMIND-MAgPIE,E,Median,0.2,1996,0.51444
REMIND-MAgPIE,E,Median,0.2,1997,0.57642
REMIND-MAgPIE,E,Median,0.2,1998,0.6328
REMIND-MAgPIE,E,Median,0.2,1999,0.68232
REMIND-MAgPIE,E,Median,0.2,2000,0.72874
REMIND-MAgPIE,E,Median,0.2,2001,0.76514
REMIND-MAgPIE,E,Median,0.2,2002,0.7941
REMIND-MAgPIE,E,Median,0.2,2003,0.81638
REMIND-MAgPIE,E,Median,0.2,2004,0.83104
REMIND-MAgPIE,E,Median,0.2,2005,0.8409800000000001
REMIND-MAgPIE,E,Median,0.2,2006,0.84922
REMIND-MAgPIE,E,Median,0.2,2007,0.8598
REMIND-MAgPIE,E,Median,0.2,2008,0.8746200000000001
REMIND-MAgPIE,E,Median,0.2,2009,0.89052
REMIND-MAgPIE,E,Median,0.2,2010,0.9115
REMIND-MAgPIE,E,Median,0.2,2011,0.93534
REMIND-MAgPIE,E,Median,0.2,2012,0.96018
REMIND-MAgPIE,E,Median,0.2,2013,0.987
REMIND-MAgPIE,E,Median,0.2,2014,1.0130599999999998
REMIND-MAgPIE,E,Median,0.2,2015,1.03434
REMIND-MAgPIE,E,Median,0.2,2016,1.05232
REMIND-MAgPIE,E,Median,0.2,2017,1.07054
REMIND-MAgPIE,E,Median,0.2,2018,1.0929
REMIND-MAgPIE,E,Median,0.2,2019,1.11422
REMIND-MAgPIE,E,Median,0.2,2020,1.13548
REMIND-MAgPIE,E,Median,0.2,2021,1.15688
REMIND-MAgPIE,E,Median,0.2,2022,1.1783
REMIND-MAgPIE,E,Median,0.2,2023,1.19852
REMIND-MAgPIE,E,Median,0.2,2024,1.21844
REMIND-MAgPIE,E,Median,0.2,2025,1.2372
REMIND-MAgPIE,E,Median,0.2,2026,1.2551
REMIND-MAgPIE,E,Median,0.2,2027,1.2726
REMIND-MAgPIE,E,Median,0.2,2028,1.28852
REMIND-MAgPIE,E,Median,0.2,2029,1.305
REMIND-MAgPIE,E,Median,0.2,2030,1.32352
REMIND-MAgPIE,E,Median,0.2,2031,1.34244
REMIND-MAgPIE,E,Median,0.2,2032,1.3618599999999998
REMIND-MAgPIE,E,Median,0.2,2033,1.3801800000000002
REMIND-MAgPIE,E,Median,0.2,2034,1.39904
REMIND-MAgPIE,E,Median,0.2,2035,1.41722
REMIND-MAgPIE,E,Median,0.2,2036,1.4344
REMIND-MAgPIE,E,Median,0.2,2037,1.44942
REMIND-MAgPIE,E,Median,0.2,2038,1.4634
REMIND-MAgPIE,E,Median,0.2,2039,1.47762
REMIND-MAgPIE,E,Median,0.2,2040,1.48944
REMIND-MAgPIE,E,Median,0.2,2041,1.50042
REMIND-MAgPIE,E,Median,0.2,2042,1.5084
REMIND-MAgPIE,E,Median,0.2,2043,1.51414
REMIND-MAgPIE,E,Median,0.2,2044,1.51752
REMIND-MAgPIE,E,Median,0.2,2045,1.5209199999999998
REMIND-MAgPIE,E,Median,0.2,2046,1.52392
REMIND-MAgPIE,E,Median,0.2,2047,1.52652
REMIND-MAgPIE,E,Median,0.2,2048,1.5277200000000002
REMIND-MAgPIE,E,Median,0.2,2049,1.52818
REMIND-MAgPIE,E,Median,0.2,2050,1.52842
REMIND-MAgPIE,E,Median,0.2,2051,1.52822
REMIND-MAgPIE,E,Median,0.2,2052,1.52704
REMIND-MAgPIE,E,Median,0.2,2053,1.52404
REMIND-MAgPIE,E,Median,0.2,2054,1.52174
REMIND-MAgPIE,E,Median,0.2,2055,1.51814
REMIND-MAgPIE,E,Median,0.2,2056,1.5159
REMIND-MAgPIE,E,Median,0.2,2057,1.5133
REMIND-MAgPIE,E,Median,0.2,2058,1.51004
REMIND-MAgPIE,E,Median,0.2,2059,1.5073
REMIND-MAgPIE,E,Median,0.2,2060,1.50458
REMIND-MAgPIE,E,Median,0.2,2061,1.50164
REMIND-MAgPIE,E,Median,0.2,2062,1.4980000000000002
REMIND-MAgPIE,E,Median,0.2,2063,1.49526
REMIND-MAgPIE,E,Median,0.2,2064,1.49286
REMIND-MAgPIE,E,Median,0.2,2065,1.48906
REMIND-MAgPIE,E,Median,0.2,2066,1.4869800000000002
REMIND-MAgPIE,E,Median,0.2,2067,1.4849
REMIND-MAgPIE,E,Median,0.2,2068,1.48268
REMIND-MAgPIE,E,Median,0.2,2069,1.48032
REMIND-MAgPIE,E,Median,0.2,2070,1.47782
REMIND-MAgPIE,E,Median,0.2,2071,1.4762
REMIND-MAgPIE,E,Median,0.2,2072,1.47344
REMIND-MAgPIE,E,Median,0.2,2073,1.47172
REMIND-MAgPIE,E,Median,0.2,2074,1.47002
REMIND-MAgPIE,E,Median,0.2,2075,1.46852
REMIND-MAgPIE,E,Median,0.2,2076,1.4677
REMIND-MAgPIE,E,Median,0.2,2077,1.46624
REMIND-MAgPIE,E,Median,0.2,2078,1.46398
REMIND-MAgPIE,E,Median,0.2,2079,1.46166
REMIND-MAgPIE,E,Median,0.2,2080,1.46016
REMIND-MAgPIE,E,Median,0.2,2081,1.4586599999999998
REMIND-MAgPIE,E,Median,0.2,2082,1.45712
REMIND-MAgPIE,E,Median,0.2,2083,1.45586
REMIND-MAgPIE,E,Median,0.2,2084,1.45434
REMIND-MAgPIE,E,Median,0.2,2085,1.454
REMIND-MAgPIE,E,Median,0.2,2086,1.45272
REMIND-MAgPIE,E,Median,0.2,2087,1.4509800000000002
REMIND-MAgPIE,E,Median,0.2,2088,1.45036
REMIND-MAgPIE,E,Median,0.2,2089,1.44944
REMIND-MAgPIE,E,Median,0.2,2090,1.4484
REMIND-MAgPIE,E,Median,0.2,2091,1.44694
REMIND-MAgPIE,E,Median,0.2,2092,1.4449200000000002
REMIND-MAgPIE,E,Median,0.2,2093,1.44332
REMIND-MAgPIE,E,Median,0.2,2094,1.44062
REMIND-MAgPIE,E,Median,0.2,2095,1.43874
REMIND-MAgPIE,E,Median,0.2,2096,1.4369
REMIND-MAgPIE,E,Median,0.2,2097,1.43508
REMIND-MAgPIE,E,Median,0.2,2098,1.4343
REMIND-MAgPIE,E,Median,0.2,2099,1.4328800000000002
REMIND-MAgPIE,E,Median,0.2,2100,1.43204
REMIND-MAgPIE,E,Median,0.3,1990,0.5538399999999999
REMIND-MAgPIE,E,Median,0.3,1991,0.5508799999999999
REMIND-MAgPIE,E,Median,0.3,1992,0.44708
REMIND-MAgPIE,E,Median,0.3,1993,0.36496
REMIND-MAgPIE,E,Median,0.3,1994,0.39596
REMIND-MAgPIE,E,Median,0.3,1995,0.46988
REMIND-MAgPIE,E,Median,0.3,1996,0.5405399999999999
REMIND-MAgPIE,E,Median,0.3,1997,0.60146
REMIND-MAgPIE,E,Median,0.3,1998,0.6563
REMIND-MAgPIE,E,Median,0.3,1999,0.70718
REMIND-MAgPIE,E,Median,0.3,2000,0.75408
REMIND-MAgPIE,E,Median,0.3,2001,0.79306
REMIND-MAgPIE,E,Median,0.3,2002,0.82518
REMIND-MAgPIE,E,Median,0.3,2003,0.8481
REMIND-MAgPIE,E,Median,0.3,2004,0.86408
REMIND-MAgPIE,E,Median,0.3,2005,0.8746
REMIND-MAgPIE,E,Median,0.3,2006,0.88418
REMIND-MAgPIE,E,Median,0.3,2007,0.8954799999999999
REMIND-MAgPIE,E,Median,0.3,2008,0.90992
REMIND-MAgPIE,E,Median,0.3,2009,0.92628
REMIND-MAgPIE,E,Median,0.3,2010,0.94798
REMIND-MAgPIE,E,Median,0.3,2011,0.97356
REMIND-MAgPIE,E,Median,0.3,2012,1.00008
REMIND-MAgPIE,E,Median,0.3,2013,1.02806
REMIND-MAgPIE,E,Median,0.3,2014,1.05464
REMIND-MAgPIE,E,Median,0.3,2015,1.0746
REMIND-MAgPIE,E,Median,0.3,2016,1.09358
REMIND-MAgPIE,E,Median,0.3,2017,1.11522
REMIND-MAgPIE,E,Median,0.3,2018,1.13818
REMIND-MAgPIE,E,Median,0.3,2019,1.16306
REMIND-MAgPIE,E,Median,0.3,2020,1.18448
REMIND-MAgPIE,E,Median,0.3,2021,1.2076
REMIND-MAgPIE,E,Median,0.3,2022,1.2304
REMIND-MAgPIE,E,Median,0.3,2023,1.25088
REMIND-MAgPIE,E,Median,0.3,2024,1.2706
REMIND-MAgPIE,E,Median,0.3,2025,1.29216
REMIND-MAgPIE,E,Median,0.3,2026,1.3113199999999998
REMIND-MAgPIE,E,Median,0.3,2027,1.32936
REMIND-MAgPIE,E,Median,0.3,2028,1.34728
REMIND-MAgPIE,E,Median,0.3,2029,1.36522
REMIND-MAgPIE,E,Median,0.3,2030,1.3847
REMIND-MAgPIE,E,Median,0.3,2031,1.40522
REMIND-MAgPIE,E,Median,0.3,2032,1.42484
REMIND-MAgPIE,E,Median,0.3,2033,1.44436
REMIND-MAgPIE,E,Median,0.3,2034,1.46276
REMIND-MAgPIE,E,Median,0.3,2035,1.4796
REMIND-MAgPIE,E,Median,0.3,2036,1.49886
REMIND-MAgPIE,E,Median,0.3,2037,1.51568
REMIND-MAgPIE,E,Median,0.3,2038,1.53118
REMIND-MAgPIE,E,Median,0.3,2039,1.5453
REMIND-MAgPIE,E,Median,0.3,2040,1.56024
REMIND-MAgPIE,E,Median,0.3,2041,1.57218
REMIND-MAgPIE,E,Median,0.3,2042,1.58058
REMIND-MAgPIE,E,Median,0.3,2043,1.5883
REMIND-MAgPIE,E,Median,0.3,2044,1.59278
REMIND-MAgPIE,E,Median,0.3,2045,1.59792
REMIND-MAgPIE,E,Median,0.3,2046,1.60178
REMIND-MAgPIE,E,Median,0.3,2047,1.60368
REMIND-MAgPIE,E,Median,0.3,2048,1.60594
REMIND-MAgPIE,E,Median,0.3,2049,1.6063
REMIND-MAgPIE,E,Median,0.3,2050,1.6067
REMIND-MAgPIE,E,Median,0.3,2051,1.60648
REMIND-MAgPIE,E,Median,0.3,2052,1.60456
REMIND-MAgPIE,E,Median,0.3,2053,1.6017199999999998
REMIND-MAgPIE,E,Median,0.3,2054,1.59954
REMIND-MAgPIE,E,Median,0.3,2055,1.5967
REMIND-MAgPIE,E,Median,0.3,2056,1.59328
REMIND-MAgPIE,E,Median,0.3,2057,1.5904
REMIND-MAgPIE,E,Median,0.3,2058,1.5863
REMIND-MAgPIE,E,Median,0.3,2059,1.58338
REMIND-MAgPIE,E,Median,0.3,2060,1.58032
REMIND-MAgPIE,E,Median,0.3,2061,1.57758
REMIND-MAgPIE,E,Median,0.3,2062,1.5738
REMIND-MAgPIE,E,Median,0.3,2063,1.57008
REMIND-MAgPIE,E,Median,0.3,2064,1.56774
REMIND-MAgPIE,E,Median,0.3,2065,1.56434
REMIND-MAgPIE,E,Median,0.3,2066,1.56206
REMIND-MAgPIE,E,Median,0.3,2067,1.5608
REMIND-MAgPIE,E,Median,0.3,2068,1.55794
REMIND-MAgPIE,E,Median,0.3,2069,1.5553
REMIND-MAgPIE,E,Median,0.3,2070,1.5531199999999998
REMIND-MAgPIE,E,Median,0.3,2071,1.55204
REMIND-MAgPIE,E,Median,0.3,2072,1.5518
REMIND-MAgPIE,E,Median,0.3,2073,1.5501
REMIND-MAgPIE,E,Median,0.3,2074,1.54886
REMIND-MAgPIE,E,Median,0.3,2075,1.54716
REMIND-MAgPIE,E,Median,0.3,2076,1.54582
REMIND-MAgPIE,E,Median,0.3,2077,1.544
REMIND-MAgPIE,E,Median,0.3,2078,1.5414
REMIND-MAgPIE,E,Median,0.3,2079,1.54016
REMIND-MAgPIE,E,Median,0.3,2080,1.53876
REMIND-MAgPIE,E,Median,0.3,2081,1.53728
REMIND-MAgPIE,E,Median,0.3,2082,1.53626
REMIND-MAgPIE,E,Median,0.3,2083,1.53488
REMIND-MAgPIE,E,Median,0.3,2084,1.53344
REMIND-MAgPIE,E,Median,0.3,2085,1.53162
REMIND-MAgPIE,E,Median,0.3,2086,1.52984
REMIND-MAgPIE,E,Median,0.3,2087,1.52822
REMIND-MAgPIE,E,Median,0.3,2088,1.52732
REMIND-MAgPIE,E,Median,0.3,2089,1.526
REMIND-MAgPIE,E,Median,0.3,2090,1.5250199999999998
REMIND-MAgPIE,E,Median,0.3,2091,1.5237
REMIND-MAgPIE,E,Median,0.3,2092,1.52216
REMIND-MAgPIE,E,Median,0.3,2093,1.52048
REMIND-MAgPIE,E,Median,0.3,2094,1.51886
REMIND-MAgPIE,E,Median,0.3,2095,1.51782
REMIND-MAgPIE,E,Median,0.3,2096,1.5168
REMIND-MAgPIE,E,Median,0.3,2097,1.51516
REMIND-MAgPIE,E,Median,0.3,2098,1.51408
REMIND-MAgPIE,E,Median,0.3,2099,1.51264
REMIND-MAgPIE,E,Median,0.3,2100,1.51194
REMIND-MAgPIE,E,Median,0.33,1990,0.560588
REMIND-MAgPIE,E,Median,0.33,1991,0.5587
REMIND-MAgPIE,E,Median,0.33,1992,0.454764
REMIND-MAgPIE,E,Median,0.33,1993,0.3729
REMIND-MAgPIE,E,Median,0.33,1994,0.403288
REMIND-MAgPIE,E,Median,0.33,1995,0.476276
REMIND-MAgPIE,E,Median,0.33,1996,0.5468
REMIND-MAgPIE,E,Median,0.33,1997,0.609
REMIND-MAgPIE,E,Median,0.33,1998,0.6651
REMIND-MAgPIE,E,Median,0.33,1999,0.7144
REMIND-MAgPIE,E,Median,0.33,2000,0.761688
REMIND-MAgPIE,E,Median,0.33,2001,0.8007
REMIND-MAgPIE,E,Median,0.33,2002,0.832
REMIND-MAgPIE,E,Median,0.33,2003,0.854988
REMIND-MAgPIE,E,Median,0.33,2004,0.872576
REMIND-MAgPIE,E,Median,0.33,2005,0.883428
REMIND-MAgPIE,E,Median,0.33,2006,0.8926
REMIND-MAgPIE,E,Median,0.33,2007,0.9045
REMIND-MAgPIE,E,Median,0.33,2008,0.919388
REMIND-MAgPIE,E,Median,0.33,2009,0.9377
REMIND-MAgPIE,E,Median,0.33,2010,0.958676
REMIND-MAgPIE,E,Median,0.33,2011,0.983788
REMIND-MAgPIE,E,Median,0.33,2012,1.009088
REMIND-MAgPIE,E,Median,0.33,2013,1.0368
REMIND-MAgPIE,E,Median,0.33,2014,1.064564
REMIND-MAgPIE,E,Median,0.33,2015,1.087288
REMIND-MAgPIE,E,Median,0.33,2016,1.107276
REMIND-MAgPIE,E,Median,0.33,2017,1.127376
REMIND-MAgPIE,E,Median,0.33,2018,1.151476
REMIND-MAgPIE,E,Median,0.33,2019,1.173888
REMIND-MAgPIE,E,Median,0.33,2020,1.1967880000000002
REMIND-MAgPIE,E,Median,0.33,2021,1.2211880000000002
REMIND-MAgPIE,E,Median,0.33,2022,1.2432880000000002
REMIND-MAgPIE,E,Median,0.33,2023,1.2653880000000002
REMIND-MAgPIE,E,Median,0.33,2024,1.28584
REMIND-MAgPIE,E,Median,0.33,2025,1.3057880000000002
REMIND-MAgPIE,E,Median,0.33,2026,1.3244
REMIND-MAgPIE,E,Median,0.33,2027,1.3438
REMIND-MAgPIE,E,Median,0.33,2028,1.361288
REMIND-MAgPIE,E,Median,0.33,2029,1.3805
REMIND-MAgPIE,E,Median,0.33,2030,1.399988
REMIND-MAgPIE,E,Median,0.33,2031,1.420388
REMIND-MAgPIE,E,Median,0.33,2032,1.440852
REMIND-MAgPIE,E,Median,0.33,2033,1.4608
REMIND-MAgPIE,E,Median,0.33,2034,1.480788
REMIND-MAgPIE,E,Median,0.33,2035,1.500364
REMIND-MAgPIE,E,Median,0.33,2036,1.518188
REMIND-MAgPIE,E,Median,0.33,2037,1.53504
REMIND-MAgPIE,E,Median,0.33,2038,1.551088
REMIND-MAgPIE,E,Median,0.33,2039,1.566076
REMIND-MAgPIE,E,Median,0.33,2040,1.578828
REMIND-MAgPIE,E,Median,0.33,2041,1.589788
REMIND-MAgPIE,E,Median,0.33,2042,1.598616
REMIND-MAgPIE,E,Median,0.33,2043,1.604876
REMIND-MAgPIE,E,Median,0.33,2044,1.612116
REMIND-MAgPIE,E,Median,0.33,2045,1.615052
REMIND-MAgPIE,E,Median,0.33,2046,1.619176
REMIND-MAgPIE,E,Median,0.33,2047,1.622764
REMIND-MAgPIE,E,Median,0.33,2048,1.625888
REMIND-MAgPIE,E,Median,0.33,2049,1.628168
REMIND-MAgPIE,E,Median,0.33,2050,1.6285
REMIND-MAgPIE,E,Median,0.33,2051,1.630004
REMIND-MAgPIE,E,Median,0.33,2052,1.62934
REMIND-MAgPIE,E,Median,0.33,2053,1.627776
REMIND-MAgPIE,E,Median,0.33,2054,1.625764
REMIND-MAgPIE,E,Median,0.33,2055,1.622452
REMIND-MAgPIE,E,Median,0.33,2056,1.619176
REMIND-MAgPIE,E,Median,0.33,2057,1.615692
REMIND-MAgPIE,E,Median,0.33,2058,1.611664
REMIND-MAgPIE,E,Median,0.33,2059,1.6083
REMIND-MAgPIE,E,Median,0.33,2060,1.604676
REMIND-MAgPIE,E,Median,0.33,2061,1.600864
REMIND-MAgPIE,E,Median,0.33,2062,1.597664
REMIND-MAgPIE,E,Median,0.33,2063,1.594564
REMIND-MAgPIE,E,Median,0.33,2064,1.592064
REMIND-MAgPIE,E,Median,0.33,2065,1.589288
REMIND-MAgPIE,E,Median,0.33,2066,1.587244
REMIND-MAgPIE,E,Median,0.33,2067,1.583688
REMIND-MAgPIE,E,Median,0.33,2068,1.581164
REMIND-MAgPIE,E,Median,0.33,2069,1.579476
REMIND-MAgPIE,E,Median,0.33,2070,1.576488
REMIND-MAgPIE,E,Median,0.33,2071,1.574064
REMIND-MAgPIE,E,Median,0.33,2072,1.57334
REMIND-MAgPIE,E,Median,0.33,2073,1.5718880000000002
REMIND-MAgPIE,E,Median,0.33,2074,1.570488
REMIND-MAgPIE,E,Median,0.33,2075,1.5696880000000002
REMIND-MAgPIE,E,Median,0.33,2076,1.56858
REMIND-MAgPIE,E,Median,0.33,2077,1.56758
REMIND-MAgPIE,E,Median,0.33,2078,1.56614
REMIND-MAgPIE,E,Median,0.33,2079,1.564364
REMIND-MAgPIE,E,Median,0.33,2080,1.563
REMIND-MAgPIE,E,Median,0.33,2081,1.561964
REMIND-MAgPIE,E,Median,0.33,2082,1.560188
REMIND-MAgPIE,E,Median,0.33,2083,1.558768
REMIND-MAgPIE,E,Median,0.33,2084,1.5575880000000002
REMIND-MAgPIE,E,Median,0.33,2085,1.5559
REMIND-MAgPIE,E,Median,0.33,2086,1.5541
REMIND-MAgPIE,E,Median,0.33,2087,1.552088
REMIND-MAgPIE,E,Median,0.33,2088,1.550664
REMIND-MAgPIE,E,Median,0.33,2089,1.5494400000000002
REMIND-MAgPIE,E,Median,0.33,2090,1.548564
REMIND-MAgPIE,E,Median,0.33,2091,1.546988
REMIND-MAgPIE,E,Median,0.33,2092,1.545376
REMIND-MAgPIE,E,Median,0.33,2093,1.543888
REMIND-MAgPIE,E,Median,0.33,2094,1.543164
REMIND-MAgPIE,E,Median,0.33,2095,1.54204
REMIND-MAgPIE,E,Median,0.33,2096,1.539988
REMIND-MAgPIE,E,Median,0.33,2097,1.53898
REMIND-MAgPIE,E,Median,0.33,2098,1.537828
REMIND-MAgPIE,E,Median,0.33,2099,1.536676
REMIND-MAgPIE,E,Median,0.33,2100,1.5356880000000002
REMIND-MAgPIE,E,Median,0.4,1990,0.5764400000000001
REMIND-MAgPIE,E,Median,0.4,1991,0.5745
REMIND-MAgPIE,E,Median,0.4,1992,0.4683
REMIND-MAgPIE,E,Median,0.4,1993,0.38874
REMIND-MAgPIE,E,Median,0.4,1994,0.4205
REMIND-MAgPIE,E,Median,0.4,1995,0.49174
REMIND-MAgPIE,E,Median,0.4,1996,0.5623
REMIND-MAgPIE,E,Median,0.4,1997,0.62414
REMIND-MAgPIE,E,Median,0.4,1998,0.67938
REMIND-MAgPIE,E,Median,0.4,1999,0.7315
REMIND-MAgPIE,E,Median,0.4,2000,0.7778
REMIND-MAgPIE,E,Median,0.4,2001,0.81784
REMIND-MAgPIE,E,Median,0.4,2002,0.85172
REMIND-MAgPIE,E,Median,0.4,2003,0.8758
REMIND-MAgPIE,E,Median,0.4,2004,0.8927400000000001
REMIND-MAgPIE,E,Median,0.4,2005,0.90484
REMIND-MAgPIE,E,Median,0.4,2006,0.91482
REMIND-MAgPIE,E,Median,0.4,2007,0.92618
REMIND-MAgPIE,E,Median,0.4,2008,0.9418
REMIND-MAgPIE,E,Median,0.4,2009,0.95892
REMIND-MAgPIE,E,Median,0.4,2010,0.98028
REMIND-MAgPIE,E,Median,0.4,2011,1.0057
REMIND-MAgPIE,E,Median,0.4,2012,1.03238
REMIND-MAgPIE,E,Median,0.4,2013,1.06314
REMIND-MAgPIE,E,Median,0.4,2014,1.09088
REMIND-MAgPIE,E,Median,0.4,2015,1.11372
REMIND-MAgPIE,E,Median,0.4,2016,1.1336
REMIND-MAgPIE,E,Median,0.4,2017,1.15644
REMIND-MAgPIE,E,Median,0.4,2018,1.1787800000000002
REMIND-MAgPIE,E,Median,0.4,2019,1.2031
REMIND-MAgPIE,E,Median,0.4,2020,1.22704
REMIND-MAgPIE,E,Median,0.4,2021,1.2512800000000002
REMIND-MAgPIE,E,Median,0.4,2022,1.27496
REMIND-MAgPIE,E,Median,0.4,2023,1.2978200000000002
REMIND-MAgPIE,E,Median,0.4,2024,1.3188
REMIND-MAgPIE,E,Median,0.4,2025,1.33854
REMIND-MAgPIE,E,Median,0.4,2026,1.3582
REMIND-MAgPIE,E,Median,0.4,2027,1.3769
REMIND-MAgPIE,E,Median,0.4,2028,1.39538
REMIND-MAgPIE,E,Median,0.4,2029,1.41522
REMIND-MAgPIE,E,Median,0.4,2030,1.43498
REMIND-MAgPIE,E,Median,0.4,2031,1.45596
REMIND-MAgPIE,E,Median,0.4,2032,1.47638
REMIND-MAgPIE,E,Median,0.4,2033,1.49764
REMIND-MAgPIE,E,Median,0.4,2034,1.5179200000000002
REMIND-MAgPIE,E,Median,0.4,2035,1.53962
REMIND-MAgPIE,E,Median,0.4,2036,1.55794
REMIND-MAgPIE,E,Median,0.4,2037,1.57552
REMIND-MAgPIE,E,Median,0.4,2038,1.59278
REMIND-MAgPIE,E,Median,0.4,2039,1.60984
REMIND-MAgPIE,E,Median,0.4,2040,1.62474
REMIND-MAgPIE,E,Median,0.4,2041,1.6369200000000002
REMIND-MAgPIE,E,Median,0.4,2042,1.6471600000000002
REMIND-MAgPIE,E,Median,0.4,2043,1.65542
REMIND-MAgPIE,E,Median,0.4,2044,1.66284
REMIND-MAgPIE,E,Median,0.4,2045,1.6692
REMIND-MAgPIE,E,Median,0.4,2046,1.67494
REMIND-MAgPIE,E,Median,0.4,2047,1.67778
REMIND-MAgPIE,E,Median,0.4,2048,1.6809
REMIND-MAgPIE,E,Median,0.4,2049,1.68274
REMIND-MAgPIE,E,Median,0.4,2050,1.68484
REMIND-MAgPIE,E,Median,0.4,2051,1.68576
REMIND-MAgPIE,E,Median,0.4,2052,1.68594
REMIND-MAgPIE,E,Median,0.4,2053,1.68444
REMIND-MAgPIE,E,Median,0.4,2054,1.6808200000000002
REMIND-MAgPIE,E,Median,0.4,2055,1.67784
REMIND-MAgPIE,E,Median,0.4,2056,1.67546
REMIND-MAgPIE,E,Median,0.4,2057,1.67172
REMIND-MAgPIE,E,Median,0.4,2058,1.66832
REMIND-MAgPIE,E,Median,0.4,2059,1.66686
REMIND-MAgPIE,E,Median,0.4,2060,1.6629
REMIND-MAgPIE,E,Median,0.4,2061,1.65962
REMIND-MAgPIE,E,Median,0.4,2062,1.65596
REMIND-MAgPIE,E,Median,0.4,2063,1.65334
REMIND-MAgPIE,E,Median,0.4,2064,1.64942
REMIND-MAgPIE,E,Median,0.4,2065,1.646
REMIND-MAgPIE,E,Median,0.4,2066,1.6427600000000002
REMIND-MAgPIE,E,Median,0.4,2067,1.63942
REMIND-MAgPIE,E,Median,0.4,2068,1.6379
REMIND-MAgPIE,E,Median,0.4,2069,1.63558
REMIND-MAgPIE,E,Median,0.4,2070,1.6342800000000002
REMIND-MAgPIE,E,Median,0.4,2071,1.63304
REMIND-MAgPIE,E,Median,0.4,2072,1.63044
REMIND-MAgPIE,E,Median,0.4,2073,1.62814
REMIND-MAgPIE,E,Median,0.4,2074,1.62582
REMIND-MAgPIE,E,Median,0.4,2075,1.62374
REMIND-MAgPIE,E,Median,0.4,2076,1.62196
REMIND-MAgPIE,E,Median,0.4,2077,1.62108
REMIND-MAgPIE,E,Median,0.4,2078,1.6201
REMIND-MAgPIE,E,Median,0.4,2079,1.62002
REMIND-MAgPIE,E,Median,0.4,2080,1.61916
REMIND-MAgPIE,E,Median,0.4,2081,1.61678
REMIND-MAgPIE,E,Median,0.4,2082,1.6164
REMIND-MAgPIE,E,Median,0.4,2083,1.61466
REMIND-MAgPIE,E,Median,0.4,2084,1.6135000000000002
REMIND-MAgPIE,E,Median,0.4,2085,1.61286
REMIND-MAgPIE,E,Median,0.4,2086,1.6120200000000002
REMIND-MAgPIE,E,Median,0.4,2087,1.61128
REMIND-MAgPIE,E,Median,0.4,2088,1.61044
REMIND-MAgPIE,E,Median,0.4,2089,1.60968
REMIND-MAgPIE,E,Median,0.4,2090,1.60848
REMIND-MAgPIE,E,Median,0.4,2091,1.6066200000000002
REMIND-MAgPIE,E,Median,0.4,2092,1.6060800000000002
REMIND-MAgPIE,E,Median,0.4,2093,1.60486
REMIND-MAgPIE,E,Median,0.4,2094,1.60318
REMIND-MAgPIE,E,Median,0.4,2095,1.6018
REMIND-MAgPIE,E,Median,0.4,2096,1.60094
REMIND-MAgPIE,E,Median,0.4,2097,1.59956
REMIND-MAgPIE,E,Median,0.4,2098,1.59864
REMIND-MAgPIE,E,Median,0.4,2099,1.5961
REMIND-MAgPIE,E,Median,0.4,2100,1.59384
REMIND-MAgPIE,E,Median,0.5,1990,0.5963
REMIND-MAgPIE,E,Median,0.5,1991,0.5937
REMIND-MAgPIE,E,Median,0.5,1992,0.49370000000000003
REMIND-MAgPIE,E,Median,0.5,1993,0.4145
REMIND-MAgPIE,E,Median,0.5,1994,0.4442
REMIND-MAgPIE,E,Median,0.5,1995,0.5167
REMIND-MAgPIE,E,Median,0.5,1996,0.5857
REMIND-MAgPIE,E,Median,0.5,1997,0.6475
REMIND-MAgPIE,E,Median,0.5,1998,0.7026
REMIND-MAgPIE,E,Median,0.5,1999,0.7542
REMIND-MAgPIE,E,Median,0.5,2000,0.8017
REMIND-MAgPIE,E,Median,0.5,2001,0.8437
REMIND-MAgPIE,E,Median,0.5,2002,0.8779
REMIND-MAgPIE,E,Median,0.5,2003,0.9044
REMIND-MAgPIE,E,Median,0.5,2004,0.9211
REMIND-MAgPIE,E,Median,0.5,2005,0.9345
REMIND-MAgPIE,E,Median,0.5,2006,0.9449
REMIND-MAgPIE,E,Median,0.5,2007,0.9571
REMIND-MAgPIE,E,Median,0.5,2008,0.9743
REMIND-MAgPIE,E,Median,0.5,2009,0.9919
REMIND-MAgPIE,E,Median,0.5,2010,1.0141
REMIND-MAgPIE,E,Median,0.5,2011,1.0388
REMIND-MAgPIE,E,Median,0.5,2012,1.066
REMIND-MAgPIE,E,Median,0.5,2013,1.0956
REMIND-MAgPIE,E,Median,0.5,2014,1.1246
REMIND-MAgPIE,E,Median,0.5,2015,1.1488
REMIND-MAgPIE,E,Median,0.5,2016,1.1685
REMIND-MAgPIE,E,Median,0.5,2017,1.1911
REMIND-MAgPIE,E,Median,0.5,2018,1.2154
REMIND-MAgPIE,E,Median,0.5,2019,1.2397
REMIND-MAgPIE,E,Median,0.5,2020,1.2661
REMIND-MAgPIE,E,Median,0.5,2021,1.2904
REMIND-MAgPIE,E,Median,0.5,2022,1.3143
REMIND-MAgPIE,E,Median,0.5,2023,1.3396
REMIND-MAgPIE,E,Median,0.5,2024,1.3623
REMIND-MAgPIE,E,Median,0.5,2025,1.3857
REMIND-MAgPIE,E,Median,0.5,2026,1.4088
REMIND-MAgPIE,E,Median,0.5,2027,1.4294
REMIND-MAgPIE,E,Median,0.5,2028,1.4501
REMIND-MAgPIE,E,Median,0.5,2029,1.4698
REMIND-MAgPIE,E,Median,0.5,2030,1.4906
REMIND-MAgPIE,E,Median,0.5,2031,1.5126
REMIND-MAgPIE,E,Median,0.5,2032,1.5358
REMIND-MAgPIE,E,Median,0.5,2033,1.5591
REMIND-MAgPIE,E,Median,0.5,2034,1.5804
REMIND-MAgPIE,E,Median,0.5,2035,1.6017
REMIND-MAgPIE,E,Median,0.5,2036,1.6239
REMIND-MAgPIE,E,Median,0.5,2037,1.6447
REMIND-MAgPIE,E,Median,0.5,2038,1.6636
REMIND-MAgPIE,E,Median,0.5,2039,1.6813
REMIND-MAgPIE,E,Median,0.5,2040,1.6967
REMIND-MAgPIE,E,Median,0.5,2041,1.7116
REMIND-MAgPIE,E,Median,0.5,2042,1.723
REMIND-MAgPIE,E,Median,0.5,2043,1.7329
REMIND-MAgPIE,E,Median,0.5,2044,1.741
REMIND-MAgPIE,E,Median,0.5,2045,1.7488
REMIND-MAgPIE,E,Median,0.5,2046,1.755
REMIND-MAgPIE,E,Median,0.5,2047,1.7609
REMIND-MAgPIE,E,Median,0.5,2048,1.7655
REMIND-MAgPIE,E,Median,0.5,2049,1.768
REMIND-MAgPIE,E,Median,0.5,2050,1.7711
REMIND-MAgPIE,E,Median,0.5,2051,1.7696
REMIND-MAgPIE,E,Median,0.5,2052,1.7688
REMIND-MAgPIE,E,Median,0.5,2053,1.7671
REMIND-MAgPIE,E,Median,0.5,2054,1.7663
REMIND-MAgPIE,E,Median,0.5,2055,1.763
REMIND-MAgPIE,E,Median,0.5,2056,1.7598
REMIND-MAgPIE,E,Median,0.5,2057,1.7578
REMIND-MAgPIE,E,Median,0.5,2058,1.7546
REMIND-MAgPIE,E,Median,0.5,2059,1.7517
REMIND-MAgPIE,E,Median,0.5,2060,1.749
REMIND-MAgPIE,E,Median,0.5,2061,1.7451
REMIND-MAgPIE,E,Median,0.5,2062,1.7418
REMIND-MAgPIE,E,Median,0.5,2063,1.7375
REMIND-MAgPIE,E,Median,0.5,2064,1.7352
REMIND-MAgPIE,E,Median,0.5,2065,1.7321
REMIND-MAgPIE,E,Median,0.5,2066,1.7301
REMIND-MAgPIE,E,Median,0.5,2067,1.7266
REMIND-MAgPIE,E,Median,0.5,2068,1.724
REMIND-MAgPIE,E,Median,0.5,2069,1.7218
REMIND-MAgPIE,E,Median,0.5,2070,1.7187
REMIND-MAgPIE,E,Median,0.5,2071,1.7165
REMIND-MAgPIE,E,Median,0.5,2072,1.7153
REMIND-MAgPIE,E,Median,0.5,2073,1.7148
REMIND-MAgPIE,E,Median,0.5,2074,1.7125
REMIND-MAgPIE,E,Median,0.5,2075,1.7096
REMIND-MAgPIE,E,Median,0.5,2076,1.7088
REMIND-MAgPIE,E,Median,0.5,2077,1.7077
REMIND-MAgPIE,E,Median,0.5,2078,1.7066
REMIND-MAgPIE,E,Median,0.5,2079,1.7046
REMIND-MAgPIE,E,Median,0.5,2080,1.7035
REMIND-MAgPIE,E,Median,0.5,2081,1.7026
REMIND-MAgPIE,E,Median,0.5,2082,1.7017
REMIND-MAgPIE,E,Median,0.5,2083,1.7012
REMIND-MAgPIE,E,Median,0.5,2084,1.7001
REMIND-MAgPIE,E,Median,0.5,2085,1.6996
REMIND-MAgPIE,E,Median,0.5,2086,1.6991
REMIND-MAgPIE,E,Median,0.5,2087,1.6981
REMIND-MAgPIE,E,Median,0.5,2088,1.697
REMIND-MAgPIE,E,Median,0.5,2089,1.6961
REMIND-MAgPIE,E,Median,0.5,2090,1.6947
REMIND-MAgPIE,E,Median,0.5,2091,1.6934
REMIND-MAgPIE,E,Median,0.5,2092,1.6916
REMIND-MAgPIE,E,Median,0.5,2093,1.689
REMIND-MAgPIE,E,Median,0.5,2094,1.6869
REMIND-MAgPIE,E,Median,0.5,2095,1.6852
REMIND-MAgPIE,E,Median,0.5,2096,1.6848
REMIND-MAgPIE,E,Median,0.5,2097,1.6827
REMIND-MAgPIE,E,Median,0.5,2098,1.6817
REMIND-MAgPIE,E,Median,0.5,2099,1.6809
REMIND-MAgPIE,E,Median,0.5,2100,1.6802
REMIND-MAgPIE,E,Median,0.6,1990,0.6191
REMIND-MAgPIE,E,Median,0.6,1991,0.61646
REMIND-MAgPIE,E,Median,0.6,1992,0.5182
REMIND-MAgPIE,E,Median,0.6,1993,0.43818
REMIND-MAgPIE,E,Median,0.6,1994,0.46982
REMIND-MAgPIE,E,Median,0.6,1995,0.5405399999999999
REMIND-MAgPIE,E,Median,0.6,1996,0.6091
REMIND-MAgPIE,E,Median,0.6,1997,0.6696
REMIND-MAgPIE,E,Median,0.6,1998,0.72582
REMIND-MAgPIE,E,Median,0.6,1999,0.77882
REMIND-MAgPIE,E,Median,0.6,2000,0.82702
REMIND-MAgPIE,E,Median,0.6,2001,0.8675
REMIND-MAgPIE,E,Median,0.6,2002,0.90226
REMIND-MAgPIE,E,Median,0.6,2003,0.928
REMIND-MAgPIE,E,Median,0.6,2004,0.94766
REMIND-MAgPIE,E,Median,0.6,2005,0.96114
REMIND-MAgPIE,E,Median,0.6,2006,0.9739
REMIND-MAgPIE,E,Median,0.6,2007,0.98776
REMIND-MAgPIE,E,Median,0.6,2008,1.00436
REMIND-MAgPIE,E,Median,0.6,2009,1.0224
REMIND-MAgPIE,E,Median,0.6,2010,1.0443
REMIND-MAgPIE,E,Median,0.6,2011,1.06846
REMIND-MAgPIE,E,Median,0.6,2012,1.09692
REMIND-MAgPIE,E,Median,0.6,2013,1.12702
REMIND-MAgPIE,E,Median,0.6,2014,1.1576
REMIND-MAgPIE,E,Median,0.6,2015,1.1823
REMIND-MAgPIE,E,Median,0.6,2016,1.20358
REMIND-MAgPIE,E,Median,0.6,2017,1.22876
REMIND-MAgPIE,E,Median,0.6,2018,1.25588
REMIND-MAgPIE,E,Median,0.6,2019,1.2824799999999998
REMIND-MAgPIE,E,Median,0.6,2020,1.30904
REMIND-MAgPIE,E,Median,0.6,2021,1.3357
REMIND-MAgPIE,E,Median,0.6,2022,1.3603
REMIND-MAgPIE,E,Median,0.6,2023,1.38522
REMIND-MAgPIE,E,Median,0.6,2024,1.40922
REMIND-MAgPIE,E,Median,0.6,2025,1.4338
REMIND-MAgPIE,E,Median,0.6,2026,1.45706
REMIND-MAgPIE,E,Median,0.6,2027,1.47938
REMIND-MAgPIE,E,Median,0.6,2028,1.50124
REMIND-MAgPIE,E,Median,0.6,2029,1.52326
REMIND-MAgPIE,E,Median,0.6,2030,1.54548
REMIND-MAgPIE,E,Median,0.6,2031,1.5691799999999998
REMIND-MAgPIE,E,Median,0.6,2032,1.59236
REMIND-MAgPIE,E,Median,0.6,2033,1.6161
REMIND-MAgPIE,E,Median,0.6,2034,1.6396799999999998
REMIND-MAgPIE,E,Median,0.6,2035,1.66386
REMIND-MAgPIE,E,Median,0.6,2036,1.68786
REMIND-MAgPIE,E,Median,0.6,2037,1.70776
REMIND-MAgPIE,E,Median,0.6,2038,1.72762
REMIND-MAgPIE,E,Median,0.6,2039,1.74702
REMIND-MAgPIE,E,Median,0.6,2040,1.7650199999999998
REMIND-MAgPIE,E,Median,0.6,2041,1.78212
REMIND-MAgPIE,E,Median,0.6,2042,1.7958
REMIND-MAgPIE,E,Median,0.6,2043,1.80696
REMIND-MAgPIE,E,Median,0.6,2044,1.81662
REMIND-MAgPIE,E,Median,0.6,2045,1.8248
REMIND-MAgPIE,E,Median,0.6,2046,1.83124
REMIND-MAgPIE,E,Median,0.6,2047,1.83714
REMIND-MAgPIE,E,Median,0.6,2048,1.84212
REMIND-MAgPIE,E,Median,0.6,2049,1.84642
REMIND-MAgPIE,E,Median,0.6,2050,1.84946
REMIND-MAgPIE,E,Median,0.6,2051,1.84984
REMIND-MAgPIE,E,Median,0.6,2052,1.84992
REMIND-MAgPIE,E,Median,0.6,2053,1.84966
REMIND-MAgPIE,E,Median,0.6,2054,1.8471
REMIND-MAgPIE,E,Median,0.6,2055,1.84528
REMIND-MAgPIE,E,Median,0.6,2056,1.84294
REMIND-MAgPIE,E,Median,0.6,2057,1.83972
REMIND-MAgPIE,E,Median,0.6,2058,1.83724
REMIND-MAgPIE,E,Median,0.6,2059,1.83392
REMIND-MAgPIE,E,Median,0.6,2060,1.83066
REMIND-MAgPIE,E,Median,0.6,2061,1.82738
REMIND-MAgPIE,E,Median,0.6,2062,1.82276
REMIND-MAgPIE,E,Median,0.6,2063,1.81926
REMIND-MAgPIE,E,Median,0.6,2064,1.81654
REMIND-MAgPIE,E,Median,0.6,2065,1.81274
REMIND-MAgPIE,E,Median,0.6,2066,1.8105
REMIND-MAgPIE,E,Median,0.6,2067,1.80836
REMIND-MAgPIE,E,Median,0.6,2068,1.8061
REMIND-MAgPIE,E,Median,0.6,2069,1.80182
REMIND-MAgPIE,E,Median,0.6,2070,1.79966
REMIND-MAgPIE,E,Median,0.6,2071,1.79788
REMIND-MAgPIE,E,Median,0.6,2072,1.79602
REMIND-MAgPIE,E,Median,0.6,2073,1.7951799999999998
REMIND-MAgPIE,E,Median,0.6,2074,1.79416
REMIND-MAgPIE,E,Median,0.6,2075,1.7931799999999998
REMIND-MAgPIE,E,Median,0.6,2076,1.79206
REMIND-MAgPIE,E,Median,0.6,2077,1.78996
REMIND-MAgPIE,E,Median,0.6,2078,1.79044
REMIND-MAgPIE,E,Median,0.6,2079,1.78972
REMIND-MAgPIE,E,Median,0.6,2080,1.78794
REMIND-MAgPIE,E,Median,0.6,2081,1.78804
REMIND-MAgPIE,E,Median,0.6,2082,1.7870199999999998
REMIND-MAgPIE,E,Median,0.6,2083,1.78566
REMIND-MAgPIE,E,Median,0.6,2084,1.78454
REMIND-MAgPIE,E,Median,0.6,2085,1.7831
REMIND-MAgPIE,E,Median,0.6,2086,1.7815
REMIND-MAgPIE,E,Median,0.6,2087,1.78056
REMIND-MAgPIE,E,Median,0.6,2088,1.78026
REMIND-MAgPIE,E,Median,0.6,2089,1.7785799999999998
REMIND-MAgPIE,E,Median,0.6,2090,1.77724
REMIND-MAgPIE,E,Median,0.6,2091,1.77616
REMIND-MAgPIE,E,Median,0.6,2092,1.77526
REMIND-MAgPIE,E,Median,0.6,2093,1.77418
REMIND-MAgPIE,E,Median,0.6,2094,1.77268
REMIND-MAgPIE,E,Median,0.6,2095,1.7719399999999996
REMIND-MAgPIE,E,Median,0.6,2096,1.7708
REMIND-MAgPIE,E,Median,0.6,2097,1.7688799999999998
REMIND-MAgPIE,E,Median,0.6,2098,1.76712
REMIND-MAgPIE,E,Median,0.6,2099,1.76642
REMIND-MAgPIE,E,Median,0.6,2100,1.76566
REMIND-MAgPIE,E,Median,0.66,1990,0.632876
REMIND-MAgPIE,E,Median,0.66,1991,0.6296
REMIND-MAgPIE,E,Median,0.66,1992,0.531328
REMIND-MAgPIE,E,Median,0.66,1993,0.4559
REMIND-MAgPIE,E,Median,0.66,1994,0.484976
REMIND-MAgPIE,E,Median,0.66,1995,0.555476
REMIND-MAgPIE,E,Median,0.66,1996,0.623852
REMIND-MAgPIE,E,Median,0.66,1997,0.6845519999999999
REMIND-MAgPIE,E,Median,0.66,1998,0.7402759999999999
REMIND-MAgPIE,E,Median,0.66,1999,0.792976
REMIND-MAgPIE,E,Median,0.66,2000,0.841576
REMIND-MAgPIE,E,Median,0.66,2001,0.884276
REMIND-MAgPIE,E,Median,0.66,2002,0.918976
REMIND-MAgPIE,E,Median,0.66,2003,0.9457
REMIND-MAgPIE,E,Median,0.66,2004,0.963476
REMIND-MAgPIE,E,Median,0.66,2005,0.9786
REMIND-MAgPIE,E,Median,0.66,2006,0.990152
REMIND-MAgPIE,E,Median,0.66,2007,1.0037
REMIND-MAgPIE,E,Median,0.66,2008,1.019376
REMIND-MAgPIE,E,Median,0.66,2009,1.038504
REMIND-MAgPIE,E,Median,0.66,2010,1.062076
REMIND-MAgPIE,E,Median,0.66,2011,1.0881
REMIND-MAgPIE,E,Median,0.66,2012,1.115476
REMIND-MAgPIE,E,Median,0.66,2013,1.145876
REMIND-MAgPIE,E,Median,0.66,2014,1.176652
REMIND-MAgPIE,E,Median,0.66,2015,1.203
REMIND-MAgPIE,E,Median,0.66,2016,1.227076
REMIND-MAgPIE,E,Median,0.66,2017,1.251876
REMIND-MAgPIE,E,Median,0.66,2018,1.278152
REMIND-MAgPIE,E,Median,0.66,2019,1.3052
REMIND-MAgPIE,E,Median,0.66,2020,1.332976
REMIND-MAgPIE,E,Median,0.66,2021,1.361
REMIND-MAgPIE,E,Median,0.66,2022,1.388232
REMIND-MAgPIE,E,Median,0.66,2023,1.414952
REMIND-MAgPIE,E,Median,0.66,2024,1.441828
REMIND-MAgPIE,E,Median,0.66,2025,1.466552
REMIND-MAgPIE,E,Median,0.66,2026,1.489928
REMIND-MAgPIE,E,Median,0.66,2027,1.513776
REMIND-MAgPIE,E,Median,0.66,2028,1.5356
REMIND-MAgPIE,E,Median,0.66,2029,1.559376
REMIND-MAgPIE,E,Median,0.66,2030,1.582176
REMIND-MAgPIE,E,Median,0.66,2031,1.604652
REMIND-MAgPIE,E,Median,0.66,2032,1.6291
REMIND-MAgPIE,E,Median,0.66,2033,1.65358
REMIND-MAgPIE,E,Median,0.66,2034,1.6782
REMIND-MAgPIE,E,Median,0.66,2035,1.703608
REMIND-MAgPIE,E,Median,0.66,2036,1.7271
REMIND-MAgPIE,E,Median,0.66,2037,1.7491
REMIND-MAgPIE,E,Median,0.66,2038,1.7717
REMIND-MAgPIE,E,Median,0.66,2039,1.792256
REMIND-MAgPIE,E,Median,0.66,2040,1.812228
REMIND-MAgPIE,E,Median,0.66,2041,1.828976
REMIND-MAgPIE,E,Median,0.66,2042,1.843304
REMIND-MAgPIE,E,Median,0.66,2043,1.854076
REMIND-MAgPIE,E,Median,0.66,2044,1.863652
REMIND-MAgPIE,E,Median,0.66,2045,1.872228
REMIND-MAgPIE,E,Median,0.66,2046,1.881036
REMIND-MAgPIE,E,Median,0.66,2047,1.888452
REMIND-MAgPIE,E,Median,0.66,2048,1.894328
REMIND-MAgPIE,E,Median,0.66,2049,1.89848
REMIND-MAgPIE,E,Median,0.66,2050,1.901128
REMIND-MAgPIE,E,Median,0.66,2051,1.901576
REMIND-MAgPIE,E,Median,0.66,2052,1.901176
REMIND-MAgPIE,E,Median,0.66,2053,1.900476
REMIND-MAgPIE,E,Median,0.66,2054,1.89878
REMIND-MAgPIE,E,Median,0.66,2055,1.89598
REMIND-MAgPIE,E,Median,0.66,2056,1.893476
REMIND-MAgPIE,E,Median,0.66,2057,1.890828
REMIND-MAgPIE,E,Median,0.66,2058,1.888556
REMIND-MAgPIE,E,Median,0.66,2059,1.884876
REMIND-MAgPIE,E,Median,0.66,2060,1.881804
REMIND-MAgPIE,E,Median,0.66,2061,1.880172
REMIND-MAgPIE,E,Median,0.66,2062,1.876588
REMIND-MAgPIE,E,Median,0.66,2063,1.873
REMIND-MAgPIE,E,Median,0.66,2064,1.870576
REMIND-MAgPIE,E,Median,0.66,2065,1.868352
REMIND-MAgPIE,E,Median,0.66,2066,1.8659
REMIND-MAgPIE,E,Median,0.66,2067,1.863704
REMIND-MAgPIE,E,Median,0.66,2068,1.86068
REMIND-MAgPIE,E,Median,0.66,2069,1.8589
REMIND-MAgPIE,E,Median,0.66,2070,1.8559
REMIND-MAgPIE,E,Median,0.66,2071,1.853676
REMIND-MAgPIE,E,Median,0.66,2072,1.851204
REMIND-MAgPIE,E,Median,0.66,2073,1.849204
REMIND-MAgPIE,E,Median,0.66,2074,1.848152
REMIND-MAgPIE,E,Median,0.66,2075,1.846152
REMIND-MAgPIE,E,Median,0.66,2076,1.844152
REMIND-MAgPIE,E,Median,0.66,2077,1.842104
REMIND-MAgPIE,E,Median,0.66,2078,1.840628
REMIND-MAgPIE,E,Median,0.66,2079,1.839
REMIND-MAgPIE,E,Median,0.66,2080,1.837876
REMIND-MAgPIE,E,Median,0.66,2081,1.836028
REMIND-MAgPIE,E,Median,0.66,2082,1.834952
REMIND-MAgPIE,E,Median,0.66,2083,1.834176
REMIND-MAgPIE,E,Median,0.66,2084,1.832952
REMIND-MAgPIE,E,Median,0.66,2085,1.831652
REMIND-MAgPIE,E,Median,0.66,2086,1.83078
REMIND-MAgPIE,E,Median,0.66,2087,1.828776
REMIND-MAgPIE,E,Median,0.66,2088,1.828528
REMIND-MAgPIE,E,Median,0.66,2089,1.8283
REMIND-MAgPIE,E,Median,0.66,2090,1.827776
REMIND-MAgPIE,E,Median,0.66,2091,1.827332
REMIND-MAgPIE,E,Median,0.66,2092,1.82608
REMIND-MAgPIE,E,Median,0.66,2093,1.824752
REMIND-MAgPIE,E,Median,0.66,2094,1.823376
REMIND-MAgPIE,E,Median,0.66,2095,1.822352
REMIND-MAgPIE,E,Median,0.66,2096,1.8215
REMIND-MAgPIE,E,Median,0.66,2097,1.822084
REMIND-MAgPIE,E,Median,0.66,2098,1.820876
REMIND-MAgPIE,E,Median,0.66,2099,1.820228
REMIND-MAgPIE,E,Median,0.66,2100,1.819652
REMIND-MAgPIE,E,Median,0.7,1990,0.64206
REMIND-MAgPIE,E,Median,0.7,1991,0.6406
REMIND-MAgPIE,E,Median,0.7,1992,0.54232
REMIND-MAgPIE,E,Median,0.7,1993,0.4666
REMIND-MAgPIE,E,Median,0.7,1994,0.4964
REMIND-MAgPIE,E,Median,0.7,1995,0.5647
REMIND-MAgPIE,E,Median,0.7,1996,0.63322
REMIND-MAgPIE,E,Median,0.7,1997,0.6956199999999998
REMIND-MAgPIE,E,Median,0.7,1998,0.75082
REMIND-MAgPIE,E,Median,0.7,1999,0.8028599999999999
REMIND-MAgPIE,E,Median,0.7,2000,0.85192
REMIND-MAgPIE,E,Median,0.7,2001,0.89294
REMIND-MAgPIE,E,Median,0.7,2002,0.92862
REMIND-MAgPIE,E,Median,0.7,2003,0.95562
REMIND-MAgPIE,E,Median,0.7,2004,0.97522
REMIND-MAgPIE,E,Median,0.7,2005,0.98908
REMIND-MAgPIE,E,Median,0.7,2006,0.99972
REMIND-MAgPIE,E,Median,0.7,2007,1.01312
REMIND-MAgPIE,E,Median,0.7,2008,1.0308
REMIND-MAgPIE,E,Median,0.7,2009,1.05066
REMIND-MAgPIE,E,Median,0.7,2010,1.07414
REMIND-MAgPIE,E,Median,0.7,2011,1.10072
REMIND-MAgPIE,E,Median,0.7,2012,1.13068
REMIND-MAgPIE,E,Median,0.7,2013,1.16182
REMIND-MAgPIE,E,Median,0.7,2014,1.1925199999999998
REMIND-MAgPIE,E,Median,0.7,2015,1.21886
REMIND-MAgPIE,E,Median,0.7,2016,1.24224
REMIND-MAgPIE,E,Median,0.7,2017,1.26814
REMIND-MAgPIE,E,Median,0.7,2018,1.2958
REMIND-MAgPIE,E,Median,0.7,2019,1.32412
REMIND-MAgPIE,E,Median,0.7,2020,1.35234
REMIND-MAgPIE,E,Median,0.7,2021,1.3808
REMIND-MAgPIE,E,Median,0.7,2022,1.40912
REMIND-MAgPIE,E,Median,0.7,2023,1.43492
REMIND-MAgPIE,E,Median,0.7,2024,1.46072
REMIND-MAgPIE,E,Median,0.7,2025,1.4855
REMIND-MAgPIE,E,Median,0.7,2026,1.51008
REMIND-MAgPIE,E,Median,0.7,2027,1.53322
REMIND-MAgPIE,E,Median,0.7,2028,1.55572
REMIND-MAgPIE,E,Median,0.7,2029,1.5795
REMIND-MAgPIE,E,Median,0.7,2030,1.60456
REMIND-MAgPIE,E,Median,0.7,2031,1.6301199999999998
REMIND-MAgPIE,E,Median,0.7,2032,1.65676
REMIND-MAgPIE,E,Median,0.7,2033,1.68252
REMIND-MAgPIE,E,Median,0.7,2034,1.70862
REMIND-MAgPIE,E,Median,0.7,2035,1.73266
REMIND-MAgPIE,E,Median,0.7,2036,1.75574
REMIND-MAgPIE,E,Median,0.7,2037,1.77922
REMIND-MAgPIE,E,Median,0.7,2038,1.8017
REMIND-MAgPIE,E,Median,0.7,2039,1.82248
REMIND-MAgPIE,E,Median,0.7,2040,1.84208
REMIND-MAgPIE,E,Median,0.7,2041,1.86094
REMIND-MAgPIE,E,Median,0.7,2042,1.87576
REMIND-MAgPIE,E,Median,0.7,2043,1.88918
REMIND-MAgPIE,E,Median,0.7,2044,1.90062
REMIND-MAgPIE,E,Median,0.7,2045,1.90928
REMIND-MAgPIE,E,Median,0.7,2046,1.91712
REMIND-MAgPIE,E,Median,0.7,2047,1.92426
REMIND-MAgPIE,E,Median,0.7,2048,1.9289
REMIND-MAgPIE,E,Median,0.7,2049,1.93332
REMIND-MAgPIE,E,Median,0.7,2050,1.93514
REMIND-MAgPIE,E,Median,0.7,2051,1.93566
REMIND-MAgPIE,E,Median,0.7,2052,1.93674
REMIND-MAgPIE,E,Median,0.7,2053,1.93626
REMIND-MAgPIE,E,Median,0.7,2054,1.93416
REMIND-MAgPIE,E,Median,0.7,2055,1.931
REMIND-MAgPIE,E,Median,0.7,2056,1.92756
REMIND-MAgPIE,E,Median,0.7,2057,1.9245
REMIND-MAgPIE,E,Median,0.7,2058,1.92148
REMIND-MAgPIE,E,Median,0.7,2059,1.91788
REMIND-MAgPIE,E,Median,0.7,2060,1.91462
REMIND-MAgPIE,E,Median,0.7,2061,1.91152
REMIND-MAgPIE,E,Median,0.7,2062,1.90952
REMIND-MAgPIE,E,Median,0.7,2063,1.90582
REMIND-MAgPIE,E,Median,0.7,2064,1.90472
REMIND-MAgPIE,E,Median,0.7,2065,1.9006399999999992
REMIND-MAgPIE,E,Median,0.7,2066,1.89836
REMIND-MAgPIE,E,Median,0.7,2067,1.89592
REMIND-MAgPIE,E,Median,0.7,2068,1.8925399999999999
REMIND-MAgPIE,E,Median,0.7,2069,1.89104
REMIND-MAgPIE,E,Median,0.7,2070,1.88786
REMIND-MAgPIE,E,Median,0.7,2071,1.88536
REMIND-MAgPIE,E,Median,0.7,2072,1.883
REMIND-MAgPIE,E,Median,0.7,2073,1.8808
REMIND-MAgPIE,E,Median,0.7,2074,1.8796
REMIND-MAgPIE,E,Median,0.7,2075,1.87924
REMIND-MAgPIE,E,Median,0.7,2076,1.8779399999999995
REMIND-MAgPIE,E,Median,0.7,2077,1.87642
REMIND-MAgPIE,E,Median,0.7,2078,1.8759
REMIND-MAgPIE,E,Median,0.7,2079,1.87698
REMIND-MAgPIE,E,Median,0.7,2080,1.87744
REMIND-MAgPIE,E,Median,0.7,2081,1.87628
REMIND-MAgPIE,E,Median,0.7,2082,1.87522
REMIND-MAgPIE,E,Median,0.7,2083,1.87496
REMIND-MAgPIE,E,Median,0.7,2084,1.8734999999999995
REMIND-MAgPIE,E,Median,0.7,2085,1.87254
REMIND-MAgPIE,E,Median,0.7,2086,1.87144
REMIND-MAgPIE,E,Median,0.7,2087,1.87072
REMIND-MAgPIE,E,Median,0.7,2088,1.8701
REMIND-MAgPIE,E,Median,0.7,2089,1.8697
REMIND-MAgPIE,E,Median,0.7,2090,1.86878
REMIND-MAgPIE,E,Median,0.7,2091,1.86782
REMIND-MAgPIE,E,Median,0.7,2092,1.8655
REMIND-MAgPIE,E,Median,0.7,2093,1.86466
REMIND-MAgPIE,E,Median,0.7,2094,1.8646
REMIND-MAgPIE,E,Median,0.7,2095,1.86478
REMIND-MAgPIE,E,Median,0.7,2096,1.86466
REMIND-MAgPIE,E,Median,0.7,2097,1.86414
REMIND-MAgPIE,E,Median,0.7,2098,1.86102
REMIND-MAgPIE,E,Median,0.7,2099,1.86042
REMIND-MAgPIE,E,Median,0.7,2100,1.859
REMIND-MAgPIE,E,Median,0.8,1990,0.6683
REMIND-MAgPIE,E,Median,0.8,1991,0.66708
REMIND-MAgPIE,E,Median,0.8,1992,0.56868
REMIND-MAgPIE,E,Median,0.8,1993,0.4922800000000001
REMIND-MAgPIE,E,Median,0.8,1994,0.5220400000000001
REMIND-MAgPIE,E,Median,0.8,1995,0.59116
REMIND-MAgPIE,E,Median,0.8,1996,0.6607
REMIND-MAgPIE,E,Median,0.8,1997,0.7226400000000001
REMIND-MAgPIE,E,Median,0.8,1998,0.7797
REMIND-MAgPIE,E,Median,0.8,1999,0.8308
REMIND-MAgPIE,E,Median,0.8,2000,0.8785600000000001
REMIND-MAgPIE,E,Median,0.8,2001,0.92036
REMIND-MAgPIE,E,Median,0.8,2002,0.95578
REMIND-MAgPIE,E,Median,0.8,2003,0.98148
REMIND-MAgPIE,E,Median,0.8,2004,1.00218
REMIND-MAgPIE,E,Median,0.8,2005,1.017
REMIND-MAgPIE,E,Median,0.8,2006,1.0299
REMIND-MAgPIE,E,Median,0.8,2007,1.0432
REMIND-MAgPIE,E,Median,0.8,2008,1.06038
REMIND-MAgPIE,E,Median,0.8,2009,1.08076
REMIND-MAgPIE,E,Median,0.8,2010,1.10554
REMIND-MAgPIE,E,Median,0.8,2011,1.13298
REMIND-MAgPIE,E,Median,0.8,2012,1.1633
REMIND-MAgPIE,E,Median,0.8,2013,1.19758
REMIND-MAgPIE,E,Median,0.8,2014,1.231
REMIND-MAgPIE,E,Median,0.8,2015,1.25914
REMIND-MAgPIE,E,Median,0.8,2016,1.28608
REMIND-MAgPIE,E,Median,0.8,2017,1.31386
REMIND-MAgPIE,E,Median,0.8,2018,1.3425
REMIND-MAgPIE,E,Median,0.8,2019,1.37076
REMIND-MAgPIE,E,Median,0.8,2020,1.3995
REMIND-MAgPIE,E,Median,0.8,2021,1.43038
REMIND-MAgPIE,E,Median,0.8,2022,1.4606400000000002
REMIND-MAgPIE,E,Median,0.8,2023,1.4894200000000002
REMIND-MAgPIE,E,Median,0.8,2024,1.51746
REMIND-MAgPIE,E,Median,0.8,2025,1.54426
REMIND-MAgPIE,E,Median,0.8,2026,1.5719200000000002
REMIND-MAgPIE,E,Median,0.8,2027,1.59746
REMIND-MAgPIE,E,Median,0.8,2028,1.6222200000000002
REMIND-MAgPIE,E,Median,0.8,2029,1.64794
REMIND-MAgPIE,E,Median,0.8,2030,1.673
REMIND-MAgPIE,E,Median,0.8,2031,1.6993
REMIND-MAgPIE,E,Median,0.8,2032,1.726
REMIND-MAgPIE,E,Median,0.8,2033,1.75388
REMIND-MAgPIE,E,Median,0.8,2034,1.78006
REMIND-MAgPIE,E,Median,0.8,2035,1.80628
REMIND-MAgPIE,E,Median,0.8,2036,1.8314
REMIND-MAgPIE,E,Median,0.8,2037,1.85788
REMIND-MAgPIE,E,Median,0.8,2038,1.88246
REMIND-MAgPIE,E,Median,0.8,2039,1.90648
REMIND-MAgPIE,E,Median,0.8,2040,1.92922
REMIND-MAgPIE,E,Median,0.8,2041,1.94816
REMIND-MAgPIE,E,Median,0.8,2042,1.9659
REMIND-MAgPIE,E,Median,0.8,2043,1.9812000000000003
REMIND-MAgPIE,E,Median,0.8,2044,1.9946400000000004
REMIND-MAgPIE,E,Median,0.8,2045,2.00658
REMIND-MAgPIE,E,Median,0.8,2046,2.01602
REMIND-MAgPIE,E,Median,0.8,2047,2.021980000000001
REMIND-MAgPIE,E,Median,0.8,2048,2.02868
REMIND-MAgPIE,E,Median,0.8,2049,2.03486
REMIND-MAgPIE,E,Median,0.8,2050,2.0390200000000003
REMIND-MAgPIE,E,Median,0.8,2051,2.04268
REMIND-MAgPIE,E,Median,0.8,2052,2.0445
REMIND-MAgPIE,E,Median,0.8,2053,2.04426
REMIND-MAgPIE,E,Median,0.8,2054,2.0448
REMIND-MAgPIE,E,Median,0.8,2055,2.04308
REMIND-MAgPIE,E,Median,0.8,2056,2.04284
REMIND-MAgPIE,E,Median,0.8,2057,2.04066
REMIND-MAgPIE,E,Median,0.8,2058,2.03878
REMIND-MAgPIE,E,Median,0.8,2059,2.03652
REMIND-MAgPIE,E,Median,0.8,2060,2.0341799999999997
REMIND-MAgPIE,E,Median,0.8,2061,2.0303400000000003
REMIND-MAgPIE,E,Median,0.8,2062,2.02814
REMIND-MAgPIE,E,Median,0.8,2063,2.02584
REMIND-MAgPIE,E,Median,0.8,2064,2.0225600000000004
REMIND-MAgPIE,E,Median,0.8,2065,2.0198799999999997
REMIND-MAgPIE,E,Median,0.8,2066,2.01618
REMIND-MAgPIE,E,Median,0.8,2067,2.01326
REMIND-MAgPIE,E,Median,0.8,2068,2.0120600000000004
REMIND-MAgPIE,E,Median,0.8,2069,2.01088
REMIND-MAgPIE,E,Median,0.8,2070,2.00914
REMIND-MAgPIE,E,Median,0.8,2071,2.00928
REMIND-MAgPIE,E,Median,0.8,2072,2.0071000000000003
REMIND-MAgPIE,E,Median,0.8,2073,2.00666
REMIND-MAgPIE,E,Median,0.8,2074,2.00484
REMIND-MAgPIE,E,Median,0.8,2075,2.00308
REMIND-MAgPIE,E,Median,0.8,2076,2.0019400000000003
REMIND-MAgPIE,E,Median,0.8,2077,1.99982
REMIND-MAgPIE,E,Median,0.8,2078,1.99764
REMIND-MAgPIE,E,Median,0.8,2079,1.99554
REMIND-MAgPIE,E,Median,0.8,2080,1.9941
REMIND-MAgPIE,E,Median,0.8,2081,1.9919
REMIND-MAgPIE,E,Median,0.8,2082,1.9903
REMIND-MAgPIE,E,Median,0.8,2083,1.98852
REMIND-MAgPIE,E,Median,0.8,2084,1.98656
REMIND-MAgPIE,E,Median,0.8,2085,1.9869
REMIND-MAgPIE,E,Median,0.8,2086,1.9867000000000004
REMIND-MAgPIE,E,Median,0.8,2087,1.9858
REMIND-MAgPIE,E,Median,0.8,2088,1.9848
REMIND-MAgPIE,E,Median,0.8,2089,1.98348
REMIND-MAgPIE,E,Median,0.8,2090,1.9826
REMIND-MAgPIE,E,Median,0.8,2091,1.9814
REMIND-MAgPIE,E,Median,0.8,2092,1.98104
REMIND-MAgPIE,E,Median,0.8,2093,1.9797
REMIND-MAgPIE,E,Median,0.8,2094,1.97878
REMIND-MAgPIE,E,Median,0.8,2095,1.978
REMIND-MAgPIE,E,Median,0.8,2096,1.97644
REMIND-MAgPIE,E,Median,0.8,2097,1.9768600000000005
REMIND-MAgPIE,E,Median,0.8,2098,1.9766
REMIND-MAgPIE,E,Median,0.8,2099,1.9764200000000005
REMIND-MAgPIE,E,Median,0.8,2100,1.97484
REMIND-MAgPIE,E,Median,0.833,1990,0.6784176
REMIND-MAgPIE,E,Median,0.833,1991,0.6773
REMIND-MAgPIE,E,Median,0.833,1992,0.5793176
REMIND-MAgPIE,E,Median,0.833,1993,0.5037764
REMIND-MAgPIE,E,Median,0.833,1994,0.5337588
REMIND-MAgPIE,E,Median,0.833,1995,0.6032588
REMIND-MAgPIE,E,Median,0.833,1996,0.6715764
REMIND-MAgPIE,E,Median,0.833,1997,0.7324588000000001
REMIND-MAgPIE,E,Median,0.833,1998,0.7890764
REMIND-MAgPIE,E,Median,0.833,1999,0.8422
REMIND-MAgPIE,E,Median,0.833,2000,0.8900764
REMIND-MAgPIE,E,Median,0.833,2001,0.9312176
REMIND-MAgPIE,E,Median,0.833,2002,0.9661352
REMIND-MAgPIE,E,Median,0.833,2003,0.9933588
REMIND-MAgPIE,E,Median,0.833,2004,1.0126176
REMIND-MAgPIE,E,Median,0.833,2005,1.0271
REMIND-MAgPIE,E,Median,0.833,2006,1.0405704
REMIND-MAgPIE,E,Median,0.833,2007,1.0550351999999998
REMIND-MAgPIE,E,Median,0.833,2008,1.0732764
REMIND-MAgPIE,E,Median,0.833,2009,1.0950588
REMIND-MAgPIE,E,Median,0.833,2010,1.1183588
REMIND-MAgPIE,E,Median,0.833,2011,1.1474
REMIND-MAgPIE,E,Median,0.833,2012,1.1779588
REMIND-MAgPIE,E,Median,0.833,2013,1.2099588
REMIND-MAgPIE,E,Median,0.833,2014,1.2469
REMIND-MAgPIE,E,Median,0.833,2015,1.2751352
REMIND-MAgPIE,E,Median,0.833,2016,1.3022588
REMIND-MAgPIE,E,Median,0.833,2017,1.3297588
REMIND-MAgPIE,E,Median,0.833,2018,1.3614292
REMIND-MAgPIE,E,Median,0.833,2019,1.3899764
REMIND-MAgPIE,E,Median,0.833,2020,1.421994
REMIND-MAgPIE,E,Median,0.833,2021,1.4540764
REMIND-MAgPIE,E,Median,0.833,2022,1.4848764
REMIND-MAgPIE,E,Median,0.833,2023,1.5135176
REMIND-MAgPIE,E,Median,0.833,2024,1.5411
REMIND-MAgPIE,E,Median,0.833,2025,1.5700588
REMIND-MAgPIE,E,Median,0.833,2026,1.5955764
REMIND-MAgPIE,E,Median,0.833,2027,1.6214
REMIND-MAgPIE,E,Median,0.833,2028,1.6468588
REMIND-MAgPIE,E,Median,0.833,2029,1.6724352
REMIND-MAgPIE,E,Median,0.833,2030,1.6995352
REMIND-MAgPIE,E,Median,0.833,2031,1.7262588
REMIND-MAgPIE,E,Median,0.833,2032,1.754082
REMIND-MAgPIE,E,Median,0.833,2033,1.7827352
REMIND-MAgPIE,E,Median,0.833,2034,1.8126176
REMIND-MAgPIE,E,Median,0.833,2035,1.8406176
REMIND-MAgPIE,E,Median,0.833,2036,1.8675588
REMIND-MAgPIE,E,Median,0.833,2037,1.8942176
REMIND-MAgPIE,E,Median,0.833,2038,1.9205232
REMIND-MAgPIE,E,Median,0.833,2039,1.9446176
REMIND-MAgPIE,E,Median,0.833,2040,1.9696588
REMIND-MAgPIE,E,Median,0.833,2041,1.9909528
REMIND-MAgPIE,E,Median,0.833,2042,2.0095588
REMIND-MAgPIE,E,Median,0.833,2043,2.0260172
REMIND-MAgPIE,E,Median,0.833,2044,2.0388468
REMIND-MAgPIE,E,Median,0.833,2045,2.0508
REMIND-MAgPIE,E,Median,0.833,2046,2.0600175999999997
REMIND-MAgPIE,E,Median,0.833,2047,2.0702056
REMIND-MAgPIE,E,Median,0.833,2048,2.079394
REMIND-MAgPIE,E,Median,0.833,2049,2.0877176
REMIND-MAgPIE,E,Median,0.833,2050,2.094588
REMIND-MAgPIE,E,Median,0.833,2051,2.0995
REMIND-MAgPIE,E,Median,0.833,2052,2.1018468
REMIND-MAgPIE,E,Median,0.833,2053,2.1037588
REMIND-MAgPIE,E,Median,0.833,2054,2.1037176
REMIND-MAgPIE,E,Median,0.833,2055,2.1021644
REMIND-MAgPIE,E,Median,0.833,2056,2.0982703999999996
REMIND-MAgPIE,E,Median,0.833,2057,2.0960468
REMIND-MAgPIE,E,Median,0.833,2058,2.0940292
REMIND-MAgPIE,E,Median,0.833,2059,2.0933764
REMIND-MAgPIE,E,Median,0.833,2060,2.0916764
REMIND-MAgPIE,E,Median,0.833,2061,2.090394
REMIND-MAgPIE,E,Median,0.833,2062,2.0880115999999997
REMIND-MAgPIE,E,Median,0.833,2063,2.0880288
REMIND-MAgPIE,E,Median,0.833,2064,2.0858584
REMIND-MAgPIE,E,Median,0.833,2065,2.0807764
REMIND-MAgPIE,E,Median,0.833,2066,2.078464
REMIND-MAgPIE,E,Median,0.833,2067,2.0762292
REMIND-MAgPIE,E,Median,0.833,2068,2.0746176
REMIND-MAgPIE,E,Median,0.833,2069,2.0709176
REMIND-MAgPIE,E,Median,0.833,2070,2.069282
REMIND-MAgPIE,E,Median,0.833,2071,2.0693352000000003
REMIND-MAgPIE,E,Median,0.833,2072,2.068194
REMIND-MAgPIE,E,Median,0.833,2073,2.0657704
REMIND-MAgPIE,E,Median,0.833,2074,2.0654528
REMIND-MAgPIE,E,Median,0.833,2075,2.0642587999999997
REMIND-MAgPIE,E,Median,0.833,2076,2.0622588
REMIND-MAgPIE,E,Median,0.833,2077,2.0628176
REMIND-MAgPIE,E,Median,0.833,2078,2.0602352
REMIND-MAgPIE,E,Median,0.833,2079,2.0599352
REMIND-MAgPIE,E,Median,0.833,2080,2.059394
REMIND-MAgPIE,E,Median,0.833,2081,2.0582528
REMIND-MAgPIE,E,Median,0.833,2082,2.0578588
REMIND-MAgPIE,E,Median,0.833,2083,2.0581056
REMIND-MAgPIE,E,Median,0.833,2084,2.0578468
REMIND-MAgPIE,E,Median,0.833,2085,2.0585464
REMIND-MAgPIE,E,Median,0.833,2086,2.0578643999999997
REMIND-MAgPIE,E,Median,0.833,2087,2.0567644
REMIND-MAgPIE,E,Median,0.833,2088,2.056688
REMIND-MAgPIE,E,Median,0.833,2089,2.0567176
REMIND-MAgPIE,E,Median,0.833,2090,2.0542352
REMIND-MAgPIE,E,Median,0.833,2091,2.0525176
REMIND-MAgPIE,E,Median,0.833,2092,2.0515176
REMIND-MAgPIE,E,Median,0.833,2093,2.0505528
REMIND-MAgPIE,E,Median,0.833,2094,2.048
REMIND-MAgPIE,E,Median,0.833,2095,2.0472175999999997
REMIND-MAgPIE,E,Median,0.833,2096,2.0465
REMIND-MAgPIE,E,Median,0.833,2097,2.0445644
REMIND-MAgPIE,E,Median,0.833,2098,2.0439528
REMIND-MAgPIE,E,Median,0.833,2099,2.0432764
REMIND-MAgPIE,E,Median,0.833,2100,2.0422352
REMIND-MAgPIE,E,Median,0.9,1990,0.70042
REMIND-MAgPIE,E,Median,0.9,1991,0.6982400000000001
REMIND-MAgPIE,E,Median,0.9,1992,0.605
REMIND-MAgPIE,E,Median,0.9,1993,0.53064
REMIND-MAgPIE,E,Median,0.9,1994,0.55858
REMIND-MAgPIE,E,Median,0.9,1995,0.62682
REMIND-MAgPIE,E,Median,0.9,1996,0.69428
REMIND-MAgPIE,E,Median,0.9,1997,0.7538
REMIND-MAgPIE,E,Median,0.9,1998,0.80842
REMIND-MAgPIE,E,Median,0.9,1999,0.8605400000000001
REMIND-MAgPIE,E,Median,0.9,2000,0.9097
REMIND-MAgPIE,E,Median,0.9,2001,0.95344
REMIND-MAgPIE,E,Median,0.9,2002,0.99034
REMIND-MAgPIE,E,Median,0.9,2003,1.01864
REMIND-MAgPIE,E,Median,0.9,2004,1.03908
REMIND-MAgPIE,E,Median,0.9,2005,1.0545
REMIND-MAgPIE,E,Median,0.9,2006,1.06724
REMIND-MAgPIE,E,Median,0.9,2007,1.08276
REMIND-MAgPIE,E,Median,0.9,2008,1.10304
REMIND-MAgPIE,E,Median,0.9,2009,1.12458
REMIND-MAgPIE,E,Median,0.9,2010,1.14962
REMIND-MAgPIE,E,Median,0.9,2011,1.17936
REMIND-MAgPIE,E,Median,0.9,2012,1.2102
REMIND-MAgPIE,E,Median,0.9,2013,1.24442
REMIND-MAgPIE,E,Median,0.9,2014,1.27984
REMIND-MAgPIE,E,Median,0.9,2015,1.31014
REMIND-MAgPIE,E,Median,0.9,2016,1.33876
REMIND-MAgPIE,E,Median,0.9,2017,1.36966
REMIND-MAgPIE,E,Median,0.9,2018,1.4025200000000002
REMIND-MAgPIE,E,Median,0.9,2019,1.43414
REMIND-MAgPIE,E,Median,0.9,2020,1.4661
REMIND-MAgPIE,E,Median,0.9,2021,1.50134
REMIND-MAgPIE,E,Median,0.9,2022,1.53464
REMIND-MAgPIE,E,Median,0.9,2023,1.56684
REMIND-MAgPIE,E,Median,0.9,2024,1.59826
REMIND-MAgPIE,E,Median,0.9,2025,1.62902
REMIND-MAgPIE,E,Median,0.9,2026,1.65808
REMIND-MAgPIE,E,Median,0.9,2027,1.68718
REMIND-MAgPIE,E,Median,0.9,2028,1.7161800000000005
REMIND-MAgPIE,E,Median,0.9,2029,1.74382
REMIND-MAgPIE,E,Median,0.9,2030,1.77136
REMIND-MAgPIE,E,Median,0.9,2031,1.8014
REMIND-MAgPIE,E,Median,0.9,2032,1.83364
REMIND-MAgPIE,E,Median,0.9,2033,1.8643400000000003
REMIND-MAgPIE,E,Median,0.9,2034,1.8958800000000005
REMIND-MAgPIE,E,Median,0.9,2035,1.92856
REMIND-MAgPIE,E,Median,0.9,2036,1.95852
REMIND-MAgPIE,E,Median,0.9,2037,1.9866200000000005
REMIND-MAgPIE,E,Median,0.9,2038,2.0149600000000003
REMIND-MAgPIE,E,Median,0.9,2039,2.04378
REMIND-MAgPIE,E,Median,0.9,2040,2.06942
REMIND-MAgPIE,E,Median,0.9,2041,2.09624
REMIND-MAgPIE,E,Median,0.9,2042,2.11762
REMIND-MAgPIE,E,Median,0.9,2043,2.136880000000001
REMIND-MAgPIE,E,Median,0.9,2044,2.15302
REMIND-MAgPIE,E,Median,0.9,2045,2.16688
REMIND-MAgPIE,E,Median,0.9,2046,2.1807600000000003
REMIND-MAgPIE,E,Median,0.9,2047,2.19226
REMIND-MAgPIE,E,Median,0.9,2048,2.2016000000000004
REMIND-MAgPIE,E,Median,0.9,2049,2.2114
REMIND-MAgPIE,E,Median,0.9,2050,2.21844
REMIND-MAgPIE,E,Median,0.9,2051,2.22358
REMIND-MAgPIE,E,Median,0.9,2052,2.22902
REMIND-MAgPIE,E,Median,0.9,2053,2.23084
REMIND-MAgPIE,E,Median,0.9,2054,2.23082
REMIND-MAgPIE,E,Median,0.9,2055,2.23028
REMIND-MAgPIE,E,Median,0.9,2056,2.23136
REMIND-MAgPIE,E,Median,0.9,2057,2.2313
REMIND-MAgPIE,E,Median,0.9,2058,2.2306600000000003
REMIND-MAgPIE,E,Median,0.9,2059,2.2266600000000003
REMIND-MAgPIE,E,Median,0.9,2060,2.2267
REMIND-MAgPIE,E,Median,0.9,2061,2.22318
REMIND-MAgPIE,E,Median,0.9,2062,2.22188
REMIND-MAgPIE,E,Median,0.9,2063,2.22054
REMIND-MAgPIE,E,Median,0.9,2064,2.21718
REMIND-MAgPIE,E,Median,0.9,2065,2.2123600000000003
REMIND-MAgPIE,E,Median,0.9,2066,2.20784
REMIND-MAgPIE,E,Median,0.9,2067,2.20796
REMIND-MAgPIE,E,Median,0.9,2068,2.20568
REMIND-MAgPIE,E,Median,0.9,2069,2.20344
REMIND-MAgPIE,E,Median,0.9,2070,2.2002400000000004
REMIND-MAgPIE,E,Median,0.9,2071,2.19914
REMIND-MAgPIE,E,Median,0.9,2072,2.19722
REMIND-MAgPIE,E,Median,0.9,2073,2.19662
REMIND-MAgPIE,E,Median,0.9,2074,2.19568
REMIND-MAgPIE,E,Median,0.9,2075,2.19498
REMIND-MAgPIE,E,Median,0.9,2076,2.19382
REMIND-MAgPIE,E,Median,0.9,2077,2.19414
REMIND-MAgPIE,E,Median,0.9,2078,2.19324
REMIND-MAgPIE,E,Median,0.9,2079,2.1915
REMIND-MAgPIE,E,Median,0.9,2080,2.19048
REMIND-MAgPIE,E,Median,0.9,2081,2.18976
REMIND-MAgPIE,E,Median,0.9,2082,2.18948
REMIND-MAgPIE,E,Median,0.9,2083,2.1882400000000004
REMIND-MAgPIE,E,Median,0.9,2084,2.19064
REMIND-MAgPIE,E,Median,0.9,2085,2.19158
REMIND-MAgPIE,E,Median,0.9,2086,2.19162
REMIND-MAgPIE,E,Median,0.9,2087,2.1915400000000003
REMIND-MAgPIE,E,Median,0.9,2088,2.1922400000000004
REMIND-MAgPIE,E,Median,0.9,2089,2.19334
REMIND-MAgPIE,E,Median,0.9,2090,2.19402
REMIND-MAgPIE,E,Median,0.9,2091,2.1923600000000003
REMIND-MAgPIE,E,Median,0.9,2092,2.19162
REMIND-MAgPIE,E,Median,0.9,2093,2.1913
REMIND-MAgPIE,E,Median,0.9,2094,2.19088
REMIND-MAgPIE,E,Median,0.9,2095,2.19034
REMIND-MAgPIE,E,Median,0.9,2096,2.1899
REMIND-MAgPIE,E,Median,0.9,2097,2.18934
REMIND-MAgPIE,E,Median,0.9,2098,2.18962
REMIND-MAgPIE,E,Median,0.9,2099,2.1880400000000004
REMIND-MAgPIE,E,Median,0.9,2100,2.18684
REMIND-MAgPIE,E,Min,0.1,1990,0.49856
REMIND-MAgPIE,E,Min,0.1,1991,0.4953
REMIND-MAgPIE,E,Min,0.1,1992,0.38984
REMIND-MAgPIE,E,Min,0.1,1993,0.3043
REMIND-MAgPIE,E,Min,0.1,1994,0.3383
REMIND-MAgPIE,E,Min,0.1,1995,0.41346
REMIND-MAgPIE,E,Min,0.1,1996,0.48376
REMIND-MAgPIE,E,Min,0.1,1997,0.54462
REMIND-MAgPIE,E,Min,0.1,1998,0.5989
REMIND-MAgPIE,E,Min,0.1,1999,0.6479400000000001
REMIND-MAgPIE,E,Min,0.1,2000,0.69316
REMIND-MAgPIE,E,Min,0.1,2001,0.73178
REMIND-MAgPIE,E,Min,0.1,2002,0.76002
REMIND-MAgPIE,E,Min,0.1,2003,0.77982
REMIND-MAgPIE,E,Min,0.1,2004,0.792
REMIND-MAgPIE,E,Min,0.1,2005,0.80016
REMIND-MAgPIE,E,Min,0.1,2006,0.8069200000000001
REMIND-MAgPIE,E,Min,0.1,2007,0.81512
REMIND-MAgPIE,E,Min,0.1,2008,0.82814
REMIND-MAgPIE,E,Min,0.1,2009,0.8437
REMIND-MAgPIE,E,Min,0.1,2010,0.86408
REMIND-MAgPIE,E,Min,0.1,2011,0.8871
REMIND-MAgPIE,E,Min,0.1,2012,0.91134
REMIND-MAgPIE,E,Min,0.1,2013,0.9374
REMIND-MAgPIE,E,Min,0.1,2014,0.96216
REMIND-MAgPIE,E,Min,0.1,2015,0.9812
REMIND-MAgPIE,E,Min,0.1,2016,0.99776
REMIND-MAgPIE,E,Min,0.1,2017,1.01356
REMIND-MAgPIE,E,Min,0.1,2018,1.03332
REMIND-MAgPIE,E,Min,0.1,2019,1.05258
REMIND-MAgPIE,E,Min,0.1,2020,1.07516
REMIND-MAgPIE,E,Min,0.1,2021,1.09776
REMIND-MAgPIE,E,Min,0.1,2022,1.117
REMIND-MAgPIE,E,Min,0.1,2023,1.1367
REMIND-MAgPIE,E,Min,0.1,2024,1.15356
REMIND-MAgPIE,E,Min,0.1,2025,1.17044
REMIND-MAgPIE,E,Min,0.1,2026,1.18648
REMIND-MAgPIE,E,Min,0.1,2027,1.20338
REMIND-MAgPIE,E,Min,0.1,2028,1.22
REMIND-MAgPIE,E,Min,0.1,2029,1.23494
REMIND-MAgPIE,E,Min,0.1,2030,1.25116
REMIND-MAgPIE,E,Min,0.1,2031,1.2679
REMIND-MAgPIE,E,Min,0.1,2032,1.2853
REMIND-MAgPIE,E,Min,0.1,2033,1.30306
REMIND-MAgPIE,E,Min,0.1,2034,1.3189
REMIND-MAgPIE,E,Min,0.1,2035,1.33484
REMIND-MAgPIE,E,Min,0.1,2036,1.3508
REMIND-MAgPIE,E,Min,0.1,2037,1.3639
REMIND-MAgPIE,E,Min,0.1,2038,1.37476
REMIND-MAgPIE,E,Min,0.1,2039,1.38506
REMIND-MAgPIE,E,Min,0.1,2040,1.3925
REMIND-MAgPIE,E,Min,0.1,2041,1.3994
REMIND-MAgPIE,E,Min,0.1,2042,1.4056400000000002
REMIND-MAgPIE,E,Min,0.1,2043,1.40736
REMIND-MAgPIE,E,Min,0.1,2044,1.40706
REMIND-MAgPIE,E,Min,0.1,2045,1.4079000000000002
REMIND-MAgPIE,E,Min,0.1,2046,1.40754
REMIND-MAgPIE,E,Min,0.1,2047,1.40756
REMIND-MAgPIE,E,Min,0.1,2048,1.40642
REMIND-MAgPIE,E,Min,0.1,2049,1.40436
REMIND-MAgPIE,E,Min,0.1,2050,1.40046
REMIND-MAgPIE,E,Min,0.1,2051,1.3959
REMIND-MAgPIE,E,Min,0.1,2052,1.39282
REMIND-MAgPIE,E,Min,0.1,2053,1.3871000000000002
REMIND-MAgPIE,E,Min,0.1,2054,1.38216
REMIND-MAgPIE,E,Min,0.1,2055,1.37752
REMIND-MAgPIE,E,Min,0.1,2056,1.37314
REMIND-MAgPIE,E,Min,0.1,2057,1.36992
REMIND-MAgPIE,E,Min,0.1,2058,1.3653
REMIND-MAgPIE,E,Min,0.1,2059,1.36012
REMIND-MAgPIE,E,Min,0.1,2060,1.35506
REMIND-MAgPIE,E,Min,0.1,2061,1.35112
REMIND-MAgPIE,E,Min,0.1,2062,1.34654
REMIND-MAgPIE,E,Min,0.1,2063,1.3419
REMIND-MAgPIE,E,Min,0.1,2064,1.33924
REMIND-MAgPIE,E,Min,0.1,2065,1.33516
REMIND-MAgPIE,E,Min,0.1,2066,1.33248
REMIND-MAgPIE,E,Min,0.1,2067,1.3303
REMIND-MAgPIE,E,Min,0.1,2068,1.32666
REMIND-MAgPIE,E,Min,0.1,2069,1.32408
REMIND-MAgPIE,E,Min,0.1,2070,1.32146
REMIND-MAgPIE,E,Min,0.1,2071,1.31922
REMIND-MAgPIE,E,Min,0.1,2072,1.31658
REMIND-MAgPIE,E,Min,0.1,2073,1.31354
REMIND-MAgPIE,E,Min,0.1,2074,1.31118
REMIND-MAgPIE,E,Min,0.1,2075,1.3093
REMIND-MAgPIE,E,Min,0.1,2076,1.3077
REMIND-MAgPIE,E,Min,0.1,2077,1.30586
REMIND-MAgPIE,E,Min,0.1,2078,1.30402
REMIND-MAgPIE,E,Min,0.1,2079,1.30222
REMIND-MAgPIE,E,Min,0.1,2080,1.30018
REMIND-MAgPIE,E,Min,0.1,2081,1.29824
REMIND-MAgPIE,E,Min,0.1,2082,1.29624
REMIND-MAgPIE,E,Min,0.1,2083,1.29448
REMIND-MAgPIE,E,Min,0.1,2084,1.2927
REMIND-MAgPIE,E,Min,0.1,2085,1.29082
REMIND-MAgPIE,E,Min,0.1,2086,1.28822
REMIND-MAgPIE,E,Min,0.1,2087,1.28554
REMIND-MAgPIE,E,Min,0.1,2088,1.28402
REMIND-MAgPIE,E,Min,0.1,2089,1.2825
REMIND-MAgPIE,E,Min,0.1,2090,1.28008
REMIND-MAgPIE,E,Min,0.1,2091,1.2778
REMIND-MAgPIE,E,Min,0.1,2092,1.27522
REMIND-MAgPIE,E,Min,0.1,2093,1.27332
REMIND-MAgPIE,E,Min,0.1,2094,1.27138
REMIND-MAgPIE,E,Min,0.1,2095,1.2707199999999998
REMIND-MAgPIE,E,Min,0.1,2096,1.2684
REMIND-MAgPIE,E,Min,0.1,2097,1.2658
REMIND-MAgPIE,E,Min,0.1,2098,1.26362
REMIND-MAgPIE,E,Min,0.1,2099,1.26204
REMIND-MAgPIE,E,Min,0.1,2100,1.26122
REMIND-MAgPIE,E,Min,0.167,1990,0.5192412
REMIND-MAgPIE,E,Min,0.167,1991,0.5156412
REMIND-MAgPIE,E,Min,0.167,1992,0.4130412
REMIND-MAgPIE,E,Min,0.167,1993,0.3257412
REMIND-MAgPIE,E,Min,0.167,1994,0.3608412
REMIND-MAgPIE,E,Min,0.167,1995,0.4343884
REMIND-MAgPIE,E,Min,0.167,1996,0.5054
REMIND-MAgPIE,E,Min,0.167,1997,0.5669411999999999
REMIND-MAgPIE,E,Min,0.167,1998,0.6217412
REMIND-MAgPIE,E,Min,0.167,1999,0.6732824000000001
REMIND-MAgPIE,E,Min,0.167,2000,0.7188
REMIND-MAgPIE,E,Min,0.167,2001,0.7553411999999999
REMIND-MAgPIE,E,Min,0.167,2002,0.7840824000000001
REMIND-MAgPIE,E,Min,0.167,2003,0.8051
REMIND-MAgPIE,E,Min,0.167,2004,0.8179236
REMIND-MAgPIE,E,Min,0.167,2005,0.8273236
REMIND-MAgPIE,E,Min,0.167,2006,0.8378
REMIND-MAgPIE,E,Min,0.167,2007,0.8494824000000001
REMIND-MAgPIE,E,Min,0.167,2008,0.8631648
REMIND-MAgPIE,E,Min,0.167,2009,0.8803236
REMIND-MAgPIE,E,Min,0.167,2010,0.9000412
REMIND-MAgPIE,E,Min,0.167,2011,0.9230412
REMIND-MAgPIE,E,Min,0.167,2012,0.9469412
REMIND-MAgPIE,E,Min,0.167,2013,0.9749824
REMIND-MAgPIE,E,Min,0.167,2014,1.0006
REMIND-MAgPIE,E,Min,0.167,2015,1.0199412
REMIND-MAgPIE,E,Min,0.167,2016,1.0378412
REMIND-MAgPIE,E,Min,0.167,2017,1.0566236
REMIND-MAgPIE,E,Min,0.167,2018,1.0775
REMIND-MAgPIE,E,Min,0.167,2019,1.0985236
REMIND-MAgPIE,E,Min,0.167,2020,1.1196236
REMIND-MAgPIE,E,Min,0.167,2021,1.1401884
REMIND-MAgPIE,E,Min,0.167,2022,1.1610884
REMIND-MAgPIE,E,Min,0.167,2023,1.1813824
REMIND-MAgPIE,E,Min,0.167,2024,1.2004412
REMIND-MAgPIE,E,Min,0.167,2025,1.2182236
REMIND-MAgPIE,E,Min,0.167,2026,1.2357648
REMIND-MAgPIE,E,Min,0.167,2027,1.2526
REMIND-MAgPIE,E,Min,0.167,2028,1.2688648
REMIND-MAgPIE,E,Min,0.167,2029,1.2843824
REMIND-MAgPIE,E,Min,0.167,2030,1.3005824
REMIND-MAgPIE,E,Min,0.167,2031,1.3177
REMIND-MAgPIE,E,Min,0.167,2032,1.3356
REMIND-MAgPIE,E,Min,0.167,2033,1.3528648
REMIND-MAgPIE,E,Min,0.167,2034,1.3701824
REMIND-MAgPIE,E,Min,0.167,2035,1.3859
REMIND-MAgPIE,E,Min,0.167,2036,1.4021648
REMIND-MAgPIE,E,Min,0.167,2037,1.4173412
REMIND-MAgPIE,E,Min,0.167,2038,1.430406
REMIND-MAgPIE,E,Min,0.167,2039,1.4424648
REMIND-MAgPIE,E,Min,0.167,2040,1.4537236
REMIND-MAgPIE,E,Min,0.167,2041,1.4616
REMIND-MAgPIE,E,Min,0.167,2042,1.4692236
REMIND-MAgPIE,E,Min,0.167,2043,1.4738412
REMIND-MAgPIE,E,Min,0.167,2044,1.4766823999999998
REMIND-MAgPIE,E,Min,0.167,2045,1.4783236
REMIND-MAgPIE,E,Min,0.167,2046,1.4787708
REMIND-MAgPIE,E,Min,0.167,2047,1.477106
REMIND-MAgPIE,E,Min,0.167,2048,1.4751236
REMIND-MAgPIE,E,Min,0.167,2049,1.4735472
REMIND-MAgPIE,E,Min,0.167,2050,1.4717
REMIND-MAgPIE,E,Min,0.167,2051,1.4704824
REMIND-MAgPIE,E,Min,0.167,2052,1.466306
REMIND-MAgPIE,E,Min,0.167,2053,1.4600824
REMIND-MAgPIE,E,Min,0.167,2054,1.4551824
REMIND-MAgPIE,E,Min,0.167,2055,1.4501412
REMIND-MAgPIE,E,Min,0.167,2056,1.4455236
REMIND-MAgPIE,E,Min,0.167,2057,1.4408412000000002
REMIND-MAgPIE,E,Min,0.167,2058,1.4365412000000002
REMIND-MAgPIE,E,Min,0.167,2059,1.4320412
REMIND-MAgPIE,E,Min,0.167,2060,1.4278824
REMIND-MAgPIE,E,Min,0.167,2061,1.4234412
REMIND-MAgPIE,E,Min,0.167,2062,1.4188412
REMIND-MAgPIE,E,Min,0.167,2063,1.4140472
REMIND-MAgPIE,E,Min,0.167,2064,1.4099412
REMIND-MAgPIE,E,Min,0.167,2065,1.406612
REMIND-MAgPIE,E,Min,0.167,2066,1.4026412
REMIND-MAgPIE,E,Min,0.167,2067,1.3992412
REMIND-MAgPIE,E,Min,0.167,2068,1.3964648000000002
REMIND-MAgPIE,E,Min,0.167,2069,1.3932
REMIND-MAgPIE,E,Min,0.167,2070,1.3897
REMIND-MAgPIE,E,Min,0.167,2071,1.3877412
REMIND-MAgPIE,E,Min,0.167,2072,1.3842884
REMIND-MAgPIE,E,Min,0.167,2073,1.3815824
REMIND-MAgPIE,E,Min,0.167,2074,1.3794412
REMIND-MAgPIE,E,Min,0.167,2075,1.3764412
REMIND-MAgPIE,E,Min,0.167,2076,1.3744236
REMIND-MAgPIE,E,Min,0.167,2077,1.3729648
REMIND-MAgPIE,E,Min,0.167,2078,1.371306
REMIND-MAgPIE,E,Min,0.167,2079,1.3691824
REMIND-MAgPIE,E,Min,0.167,2080,1.3669824
REMIND-MAgPIE,E,Min,0.167,2081,1.3647824
REMIND-MAgPIE,E,Min,0.167,2082,1.3630648
REMIND-MAgPIE,E,Min,0.167,2083,1.361406
REMIND-MAgPIE,E,Min,0.167,2084,1.3594824
REMIND-MAgPIE,E,Min,0.167,2085,1.3565
REMIND-MAgPIE,E,Min,0.167,2086,1.3535
REMIND-MAgPIE,E,Min,0.167,2087,1.3505824
REMIND-MAgPIE,E,Min,0.167,2088,1.3480531999999998
REMIND-MAgPIE,E,Min,0.167,2089,1.3468412
REMIND-MAgPIE,E,Min,0.167,2090,1.3449236
REMIND-MAgPIE,E,Min,0.167,2091,1.3430648
REMIND-MAgPIE,E,Min,0.167,2092,1.3407884
REMIND-MAgPIE,E,Min,0.167,2093,1.3390824
REMIND-MAgPIE,E,Min,0.167,2094,1.3369236
REMIND-MAgPIE,E,Min,0.167,2095,1.3351648
REMIND-MAgPIE,E,Min,0.167,2096,1.3329824
REMIND-MAgPIE,E,Min,0.167,2097,1.3308412
REMIND-MAgPIE,E,Min,0.167,2098,1.3287236
REMIND-MAgPIE,E,Min,0.167,2099,1.327612
REMIND-MAgPIE,E,Min,0.167,2100,1.3260236
REMIND-MAgPIE,E,Min,0.2,1990,0.5283
REMIND-MAgPIE,E,Min,0.2,1991,0.52602
REMIND-MAgPIE,E,Min,0.2,1992,0.4232
REMIND-MAgPIE,E,Min,0.2,1993,0.33672
REMIND-MAgPIE,E,Min,0.2,1994,0.36974
REMIND-MAgPIE,E,Min,0.2,1995,0.44412
REMIND-MAgPIE,E,Min,0.2,1996,0.51444
REMIND-MAgPIE,E,Min,0.2,1997,0.57642
REMIND-MAgPIE,E,Min,0.2,1998,0.6328
REMIND-MAgPIE,E,Min,0.2,1999,0.68232
REMIND-MAgPIE,E,Min,0.2,2000,0.72874
REMIND-MAgPIE,E,Min,0.2,2001,0.76514
REMIND-MAgPIE,E,Min,0.2,2002,0.7941
REMIND-MAgPIE,E,Min,0.2,2003,0.81638
REMIND-MAgPIE,E,Min,0.2,2004,0.83104
REMIND-MAgPIE,E,Min,0.2,2005,0.8409800000000001
REMIND-MAgPIE,E,Min,0.2,2006,0.84922
REMIND-MAgPIE,E,Min,0.2,2007,0.8598
REMIND-MAgPIE,E,Min,0.2,2008,0.8746200000000001
REMIND-MAgPIE,E,Min,0.2,2009,0.89052
REMIND-MAgPIE,E,Min,0.2,2010,0.9115
REMIND-MAgPIE,E,Min,0.2,2011,0.93534
REMIND-MAgPIE,E,Min,0.2,2012,0.96018
REMIND-MAgPIE,E,Min,0.2,2013,0.987
REMIND-MAgPIE,E,Min,0.2,2014,1.0130599999999998
REMIND-MAgPIE,E,Min,0.2,2015,1.03434
REMIND-MAgPIE,E,Min,0.2,2016,1.05232
REMIND-MAgPIE,E,Min,0.2,2017,1.07054
REMIND-MAgPIE,E,Min,0.2,2018,1.0929
REMIND-MAgPIE,E,Min,0.2,2019,1.11422
REMIND-MAgPIE,E,Min,0.2,2020,1.13548
REMIND-MAgPIE,E,Min,0.2,2021,1.15696
REMIND-MAgPIE,E,Min,0.2,2022,1.1784
REMIND-MAgPIE,E,Min,0.2,2023,1.1986
REMIND-MAgPIE,E,Min,0.2,2024,1.21834
REMIND-MAgPIE,E,Min,0.2,2025,1.23696
REMIND-MAgPIE,E,Min,0.2,2026,1.2544
REMIND-MAgPIE,E,Min,0.2,2027,1.27136
REMIND-MAgPIE,E,Min,0.2,2028,1.28682
REMIND-MAgPIE,E,Min,0.2,2029,1.30344
REMIND-MAgPIE,E,Min,0.2,2030,1.3212199999999998
REMIND-MAgPIE,E,Min,0.2,2031,1.3396
REMIND-MAgPIE,E,Min,0.2,2032,1.3587
REMIND-MAgPIE,E,Min,0.2,2033,1.3759
REMIND-MAgPIE,E,Min,0.2,2034,1.39352
REMIND-MAgPIE,E,Min,0.2,2035,1.41102
REMIND-MAgPIE,E,Min,0.2,2036,1.42706
REMIND-MAgPIE,E,Min,0.2,2037,1.4411
REMIND-MAgPIE,E,Min,0.2,2038,1.45414
REMIND-MAgPIE,E,Min,0.2,2039,1.46674
REMIND-MAgPIE,E,Min,0.2,2040,1.4773
REMIND-MAgPIE,E,Min,0.2,2041,1.48702
REMIND-MAgPIE,E,Min,0.2,2042,1.49232
REMIND-MAgPIE,E,Min,0.2,2043,1.4959
REMIND-MAgPIE,E,Min,0.2,2044,1.49794
REMIND-MAgPIE,E,Min,0.2,2045,1.49974
REMIND-MAgPIE,E,Min,0.2,2046,1.5017
REMIND-MAgPIE,E,Min,0.2,2047,1.5013
REMIND-MAgPIE,E,Min,0.2,2048,1.50014
REMIND-MAgPIE,E,Min,0.2,2049,1.4988
REMIND-MAgPIE,E,Min,0.2,2050,1.49732
REMIND-MAgPIE,E,Min,0.2,2051,1.49522
REMIND-MAgPIE,E,Min,0.2,2052,1.49174
REMIND-MAgPIE,E,Min,0.2,2053,1.48802
REMIND-MAgPIE,E,Min,0.2,2054,1.48368
REMIND-MAgPIE,E,Min,0.2,2055,1.47994
REMIND-MAgPIE,E,Min,0.2,2056,1.47616
REMIND-MAgPIE,E,Min,0.2,2057,1.4712
REMIND-MAgPIE,E,Min,0.2,2058,1.4678
REMIND-MAgPIE,E,Min,0.2,2059,1.4636
REMIND-MAgPIE,E,Min,0.2,2060,1.4588
REMIND-MAgPIE,E,Min,0.2,2061,1.4550800000000002
REMIND-MAgPIE,E,Min,0.2,2062,1.45292
REMIND-MAgPIE,E,Min,0.2,2063,1.4476400000000005
REMIND-MAgPIE,E,Min,0.2,2064,1.44358
REMIND-MAgPIE,E,Min,0.2,2065,1.4407800000000002
REMIND-MAgPIE,E,Min,0.2,2066,1.4369
REMIND-MAgPIE,E,Min,0.2,2067,1.4319
REMIND-MAgPIE,E,Min,0.2,2068,1.42822
REMIND-MAgPIE,E,Min,0.2,2069,1.42584
REMIND-MAgPIE,E,Min,0.2,2070,1.42252
REMIND-MAgPIE,E,Min,0.2,2071,1.4194600000000002
REMIND-MAgPIE,E,Min,0.2,2072,1.41718
REMIND-MAgPIE,E,Min,0.2,2073,1.4148
REMIND-MAgPIE,E,Min,0.2,2074,1.41216
REMIND-MAgPIE,E,Min,0.2,2075,1.40948
REMIND-MAgPIE,E,Min,0.2,2076,1.4059
REMIND-MAgPIE,E,Min,0.2,2077,1.403
REMIND-MAgPIE,E,Min,0.2,2078,1.40156
REMIND-MAgPIE,E,Min,0.2,2079,1.39904
REMIND-MAgPIE,E,Min,0.2,2080,1.39574
REMIND-MAgPIE,E,Min,0.2,2081,1.39322
REMIND-MAgPIE,E,Min,0.2,2082,1.39124
REMIND-MAgPIE,E,Min,0.2,2083,1.3895
REMIND-MAgPIE,E,Min,0.2,2084,1.3881
REMIND-MAgPIE,E,Min,0.2,2085,1.38672
REMIND-MAgPIE,E,Min,0.2,2086,1.38532
REMIND-MAgPIE,E,Min,0.2,2087,1.38374
REMIND-MAgPIE,E,Min,0.2,2088,1.38156
REMIND-MAgPIE,E,Min,0.2,2089,1.37904
REMIND-MAgPIE,E,Min,0.2,2090,1.37632
REMIND-MAgPIE,E,Min,0.2,2091,1.37316
REMIND-MAgPIE,E,Min,0.2,2092,1.37086
REMIND-MAgPIE,E,Min,0.2,2093,1.36904
REMIND-MAgPIE,E,Min,0.2,2094,1.36748
REMIND-MAgPIE,E,Min,0.2,2095,1.36622
REMIND-MAgPIE,E,Min,0.2,2096,1.3643
REMIND-MAgPIE,E,Min,0.2,2097,1.3634
REMIND-MAgPIE,E,Min,0.2,2098,1.36154
REMIND-MAgPIE,E,Min,0.2,2099,1.3596
REMIND-MAgPIE,E,Min,0.2,2100,1.3581
REMIND-MAgPIE,E,Min,0.3,1990,0.5538399999999999
REMIND-MAgPIE,E,Min,0.3,1991,0.5508799999999999
REMIND-MAgPIE,E,Min,0.3,1992,0.44708
REMIND-MAgPIE,E,Min,0.3,1993,0.36496
REMIND-MAgPIE,E,Min,0.3,1994,0.39596
REMIND-MAgPIE,E,Min,0.3,1995,0.46988
REMIND-MAgPIE,E,Min,0.3,1996,0.5405399999999999
REMIND-MAgPIE,E,Min,0.3,1997,0.60146
REMIND-MAgPIE,E,Min,0.3,1998,0.6563
REMIND-MAgPIE,E,Min,0.3,1999,0.70718
REMIND-MAgPIE,E,Min,0.3,2000,0.75408
REMIND-MAgPIE,E,Min,0.3,2001,0.79306
REMIND-MAgPIE,E,Min,0.3,2002,0.82518
REMIND-MAgPIE,E,Min,0.3,2003,0.8481
REMIND-MAgPIE,E,Min,0.3,2004,0.86408
REMIND-MAgPIE,E,Min,0.3,2005,0.8746
REMIND-MAgPIE,E,Min,0.3,2006,0.88418
REMIND-MAgPIE,E,Min,0.3,2007,0.8954799999999999
REMIND-MAgPIE,E,Min,0.3,2008,0.90992
REMIND-MAgPIE,E,Min,0.3,2009,0.92628
REMIND-MAgPIE,E,Min,0.3,2010,0.94798
REMIND-MAgPIE,E,Min,0.3,2011,0.97356
REMIND-MAgPIE,E,Min,0.3,2012,1.00008
REMIND-MAgPIE,E,Min,0.3,2013,1.02806
REMIND-MAgPIE,E,Min,0.3,2014,1.05464
REMIND-MAgPIE,E,Min,0.3,2015,1.0746
REMIND-MAgPIE,E,Min,0.3,2016,1.09358
REMIND-MAgPIE,E,Min,0.3,2017,1.11522
REMIND-MAgPIE,E,Min,0.3,2018,1.13818
REMIND-MAgPIE,E,Min,0.3,2019,1.16306
REMIND-MAgPIE,E,Min,0.3,2020,1.18448
REMIND-MAgPIE,E,Min,0.3,2021,1.2076
REMIND-MAgPIE,E,Min,0.3,2022,1.2304
REMIND-MAgPIE,E,Min,0.3,2023,1.2510400000000002
REMIND-MAgPIE,E,Min,0.3,2024,1.27058
REMIND-MAgPIE,E,Min,0.3,2025,1.29188
REMIND-MAgPIE,E,Min,0.3,2026,1.31056
REMIND-MAgPIE,E,Min,0.3,2027,1.3283
REMIND-MAgPIE,E,Min,0.3,2028,1.3459
REMIND-MAgPIE,E,Min,0.3,2029,1.3635
REMIND-MAgPIE,E,Min,0.3,2030,1.3824800000000002
REMIND-MAgPIE,E,Min,0.3,2031,1.40242
REMIND-MAgPIE,E,Min,0.3,2032,1.42084
REMIND-MAgPIE,E,Min,0.3,2033,1.439
REMIND-MAgPIE,E,Min,0.3,2034,1.45666
REMIND-MAgPIE,E,Min,0.3,2035,1.47328
REMIND-MAgPIE,E,Min,0.3,2036,1.49148
REMIND-MAgPIE,E,Min,0.3,2037,1.5063799999999998
REMIND-MAgPIE,E,Min,0.3,2038,1.52094
REMIND-MAgPIE,E,Min,0.3,2039,1.53482
REMIND-MAgPIE,E,Min,0.3,2040,1.5478
REMIND-MAgPIE,E,Min,0.3,2041,1.55766
REMIND-MAgPIE,E,Min,0.3,2042,1.565
REMIND-MAgPIE,E,Min,0.3,2043,1.56918
REMIND-MAgPIE,E,Min,0.3,2044,1.57278
REMIND-MAgPIE,E,Min,0.3,2045,1.57608
REMIND-MAgPIE,E,Min,0.3,2046,1.57716
REMIND-MAgPIE,E,Min,0.3,2047,1.57758
REMIND-MAgPIE,E,Min,0.3,2048,1.57728
REMIND-MAgPIE,E,Min,0.3,2049,1.5751
REMIND-MAgPIE,E,Min,0.3,2050,1.57436
REMIND-MAgPIE,E,Min,0.3,2051,1.57218
REMIND-MAgPIE,E,Min,0.3,2052,1.5689
REMIND-MAgPIE,E,Min,0.3,2053,1.56394
REMIND-MAgPIE,E,Min,0.3,2054,1.56058
REMIND-MAgPIE,E,Min,0.3,2055,1.5557800000000002
REMIND-MAgPIE,E,Min,0.3,2056,1.5511
REMIND-MAgPIE,E,Min,0.3,2057,1.54618
REMIND-MAgPIE,E,Min,0.3,2058,1.5417
REMIND-MAgPIE,E,Min,0.3,2059,1.53792
REMIND-MAgPIE,E,Min,0.3,2060,1.53408
REMIND-MAgPIE,E,Min,0.3,2061,1.5295
REMIND-MAgPIE,E,Min,0.3,2062,1.5245
REMIND-MAgPIE,E,Min,0.3,2063,1.52028
REMIND-MAgPIE,E,Min,0.3,2064,1.5159
REMIND-MAgPIE,E,Min,0.3,2065,1.51346
REMIND-MAgPIE,E,Min,0.3,2066,1.51
REMIND-MAgPIE,E,Min,0.3,2067,1.50716
REMIND-MAgPIE,E,Min,0.3,2068,1.5029199999999998
REMIND-MAgPIE,E,Min,0.3,2069,1.49986
REMIND-MAgPIE,E,Min,0.3,2070,1.4974
REMIND-MAgPIE,E,Min,0.3,2071,1.49544
REMIND-MAgPIE,E,Min,0.3,2072,1.49212
REMIND-MAgPIE,E,Min,0.3,2073,1.48946
REMIND-MAgPIE,E,Min,0.3,2074,1.48704
REMIND-MAgPIE,E,Min,0.3,2075,1.48426
REMIND-MAgPIE,E,Min,0.3,2076,1.48168
REMIND-MAgPIE,E,Min,0.3,2077,1.47896
REMIND-MAgPIE,E,Min,0.3,2078,1.47572
REMIND-MAgPIE,E,Min,0.3,2079,1.47356
REMIND-MAgPIE,E,Min,0.3,2080,1.4703
REMIND-MAgPIE,E,Min,0.3,2081,1.46742
REMIND-MAgPIE,E,Min,0.3,2082,1.46444
REMIND-MAgPIE,E,Min,0.3,2083,1.4629800000000002
REMIND-MAgPIE,E,Min,0.3,2084,1.46106
REMIND-MAgPIE,E,Min,0.3,2085,1.45886
REMIND-MAgPIE,E,Min,0.3,2086,1.45668
REMIND-MAgPIE,E,Min,0.3,2087,1.45474
REMIND-MAgPIE,E,Min,0.3,2088,1.4526
REMIND-MAgPIE,E,Min,0.3,2089,1.45124
REMIND-MAgPIE,E,Min,0.3,2090,1.4493
REMIND-MAgPIE,E,Min,0.3,2091,1.44778
REMIND-MAgPIE,E,Min,0.3,2092,1.4459
REMIND-MAgPIE,E,Min,0.3,2093,1.44426
REMIND-MAgPIE,E,Min,0.3,2094,1.44308
REMIND-MAgPIE,E,Min,0.3,2095,1.4412
REMIND-MAgPIE,E,Min,0.3,2096,1.43928
REMIND-MAgPIE,E,Min,0.3,2097,1.43738
REMIND-MAgPIE,E,Min,0.3,2098,1.43582
REMIND-MAgPIE,E,Min,0.3,2099,1.43448
REMIND-MAgPIE,E,Min,0.3,2100,1.4328
REMIND-MAgPIE,E,Min,0.33,1990,0.560588
REMIND-MAgPIE,E,Min,0.33,1991,0.5587
REMIND-MAgPIE,E,Min,0.33,1992,0.454764
REMIND-MAgPIE,E,Min,0.33,1993,0.3729
REMIND-MAgPIE,E,Min,0.33,1994,0.403288
REMIND-MAgPIE,E,Min,0.33,1995,0.476276
REMIND-MAgPIE,E,Min,0.33,1996,0.5468
REMIND-MAgPIE,E,Min,0.33,1997,0.609
REMIND-MAgPIE,E,Min,0.33,1998,0.6651
REMIND-MAgPIE,E,Min,0.33,1999,0.7144
REMIND-MAgPIE,E,Min,0.33,2000,0.761688
REMIND-MAgPIE,E,Min,0.33,2001,0.8007
REMIND-MAgPIE,E,Min,0.33,2002,0.832
REMIND-MAgPIE,E,Min,0.33,2003,0.854988
REMIND-MAgPIE,E,Min,0.33,2004,0.872576
REMIND-MAgPIE,E,Min,0.33,2005,0.883428
REMIND-MAgPIE,E,Min,0.33,2006,0.8926
REMIND-MAgPIE,E,Min,0.33,2007,0.9045
REMIND-MAgPIE,E,Min,0.33,2008,0.919388
REMIND-MAgPIE,E,Min,0.33,2009,0.9377
REMIND-MAgPIE,E,Min,0.33,2010,0.958676
REMIND-MAgPIE,E,Min,0.33,2011,0.983788
REMIND-MAgPIE,E,Min,0.33,2012,1.009088
REMIND-MAgPIE,E,Min,0.33,2013,1.0368
REMIND-MAgPIE,E,Min,0.33,2014,1.064564
REMIND-MAgPIE,E,Min,0.33,2015,1.087288
REMIND-MAgPIE,E,Min,0.33,2016,1.107276
REMIND-MAgPIE,E,Min,0.33,2017,1.127376
REMIND-MAgPIE,E,Min,0.33,2018,1.151476
REMIND-MAgPIE,E,Min,0.33,2019,1.173888
REMIND-MAgPIE,E,Min,0.33,2020,1.1967880000000002
REMIND-MAgPIE,E,Min,0.33,2021,1.2211880000000002
REMIND-MAgPIE,E,Min,0.33,2022,1.2433
REMIND-MAgPIE,E,Min,0.33,2023,1.2652880000000002
REMIND-MAgPIE,E,Min,0.33,2024,1.285716
REMIND-MAgPIE,E,Min,0.33,2025,1.3055880000000002
REMIND-MAgPIE,E,Min,0.33,2026,1.3237880000000002
REMIND-MAgPIE,E,Min,0.33,2027,1.342888
REMIND-MAgPIE,E,Min,0.33,2028,1.3599640000000002
REMIND-MAgPIE,E,Min,0.33,2029,1.378788
REMIND-MAgPIE,E,Min,0.33,2030,1.397288
REMIND-MAgPIE,E,Min,0.33,2031,1.417
REMIND-MAgPIE,E,Min,0.33,2032,1.436852
REMIND-MAgPIE,E,Min,0.33,2033,1.456388
REMIND-MAgPIE,E,Min,0.33,2034,1.4748000000000001
REMIND-MAgPIE,E,Min,0.33,2035,1.4932880000000002
REMIND-MAgPIE,E,Min,0.33,2036,1.5103
REMIND-MAgPIE,E,Min,0.33,2037,1.52598
REMIND-MAgPIE,E,Min,0.33,2038,1.5407
REMIND-MAgPIE,E,Min,0.33,2039,1.5534640000000002
REMIND-MAgPIE,E,Min,0.33,2040,1.567064
REMIND-MAgPIE,E,Min,0.33,2041,1.5752
REMIND-MAgPIE,E,Min,0.33,2042,1.58184
REMIND-MAgPIE,E,Min,0.33,2043,1.5877480000000002
REMIND-MAgPIE,E,Min,0.33,2044,1.59044
REMIND-MAgPIE,E,Min,0.33,2045,1.592888
REMIND-MAgPIE,E,Min,0.33,2046,1.595552
REMIND-MAgPIE,E,Min,0.33,2047,1.59714
REMIND-MAgPIE,E,Min,0.33,2048,1.597216
REMIND-MAgPIE,E,Min,0.33,2049,1.596792
REMIND-MAgPIE,E,Min,0.33,2050,1.596664
REMIND-MAgPIE,E,Min,0.33,2051,1.595752
REMIND-MAgPIE,E,Min,0.33,2052,1.592588
REMIND-MAgPIE,E,Min,0.33,2053,1.590576
REMIND-MAgPIE,E,Min,0.33,2054,1.5859
REMIND-MAgPIE,E,Min,0.33,2055,1.5807
REMIND-MAgPIE,E,Min,0.33,2056,1.575876
REMIND-MAgPIE,E,Min,0.33,2057,1.570688
REMIND-MAgPIE,E,Min,0.33,2058,1.566364
REMIND-MAgPIE,E,Min,0.33,2059,1.5618880000000002
REMIND-MAgPIE,E,Min,0.33,2060,1.557052
REMIND-MAgPIE,E,Min,0.33,2061,1.551864
REMIND-MAgPIE,E,Min,0.33,2062,1.5478880000000002
REMIND-MAgPIE,E,Min,0.33,2063,1.543876
REMIND-MAgPIE,E,Min,0.33,2064,1.540764
REMIND-MAgPIE,E,Min,0.33,2065,1.536652
REMIND-MAgPIE,E,Min,0.33,2066,1.53304
REMIND-MAgPIE,E,Min,0.33,2067,1.5289279999999998
REMIND-MAgPIE,E,Min,0.33,2068,1.525592
REMIND-MAgPIE,E,Min,0.33,2069,1.520676
REMIND-MAgPIE,E,Min,0.33,2070,1.518188
REMIND-MAgPIE,E,Min,0.33,2071,1.515688
REMIND-MAgPIE,E,Min,0.33,2072,1.513376
REMIND-MAgPIE,E,Min,0.33,2073,1.511464
REMIND-MAgPIE,E,Min,0.33,2074,1.508764
REMIND-MAgPIE,E,Min,0.33,2075,1.505676
REMIND-MAgPIE,E,Min,0.33,2076,1.50378
REMIND-MAgPIE,E,Min,0.33,2077,1.50144
REMIND-MAgPIE,E,Min,0.33,2078,1.498276
REMIND-MAgPIE,E,Min,0.33,2079,1.495928
REMIND-MAgPIE,E,Min,0.33,2080,1.493564
REMIND-MAgPIE,E,Min,0.33,2081,1.490976
REMIND-MAgPIE,E,Min,0.33,2082,1.487864
REMIND-MAgPIE,E,Min,0.33,2083,1.4858
REMIND-MAgPIE,E,Min,0.33,2084,1.483688
REMIND-MAgPIE,E,Min,0.33,2085,1.4815
REMIND-MAgPIE,E,Min,0.33,2086,1.478676
REMIND-MAgPIE,E,Min,0.33,2087,1.47664
REMIND-MAgPIE,E,Min,0.33,2088,1.475208
REMIND-MAgPIE,E,Min,0.33,2089,1.473808
REMIND-MAgPIE,E,Min,0.33,2090,1.471764
REMIND-MAgPIE,E,Min,0.33,2091,1.469876
REMIND-MAgPIE,E,Min,0.33,2092,1.468668
REMIND-MAgPIE,E,Min,0.33,2093,1.467528
REMIND-MAgPIE,E,Min,0.33,2094,1.464492
REMIND-MAgPIE,E,Min,0.33,2095,1.462376
REMIND-MAgPIE,E,Min,0.33,2096,1.460176
REMIND-MAgPIE,E,Min,0.33,2097,1.458164
REMIND-MAgPIE,E,Min,0.33,2098,1.4568
REMIND-MAgPIE,E,Min,0.33,2099,1.45584
REMIND-MAgPIE,E,Min,0.33,2100,1.453276
REMIND-MAgPIE,E,Min,0.4,1990,0.5764400000000001
REMIND-MAgPIE,E,Min,0.4,1991,0.5745
REMIND-MAgPIE,E,Min,0.4,1992,0.4683
REMIND-MAgPIE,E,Min,0.4,1993,0.38874
REMIND-MAgPIE,E,Min,0.4,1994,0.4205
REMIND-MAgPIE,E,Min,0.4,1995,0.49174
REMIND-MAgPIE,E,Min,0.4,1996,0.5623
REMIND-MAgPIE,E,Min,0.4,1997,0.62414
REMIND-MAgPIE,E,Min,0.4,1998,0.67938
REMIND-MAgPIE,E,Min,0.4,1999,0.7315
REMIND-MAgPIE,E,Min,0.4,2000,0.7778
REMIND-MAgPIE,E,Min,0.4,2001,0.81784
REMIND-MAgPIE,E,Min,0.4,2002,0.85172
REMIND-MAgPIE,E,Min,0.4,2003,0.8758
REMIND-MAgPIE,E,Min,0.4,2004,0.8927400000000001
REMIND-MAgPIE,E,Min,0.4,2005,0.90484
REMIND-MAgPIE,E,Min,0.4,2006,0.91482
REMIND-MAgPIE,E,Min,0.4,2007,0.92618
REMIND-MAgPIE,E,Min,0.4,2008,0.9418
REMIND-MAgPIE,E,Min,0.4,2009,0.95892
REMIND-MAgPIE,E,Min,0.4,2010,0.98028
REMIND-MAgPIE,E,Min,0.4,2011,1.0057
REMIND-MAgPIE,E,Min,0.4,2012,1.03238
REMIND-MAgPIE,E,Min,0.4,2013,1.06314
REMIND-MAgPIE,E,Min,0.4,2014,1.09088
REMIND-MAgPIE,E,Min,0.4,2015,1.11372
REMIND-MAgPIE,E,Min,0.4,2016,1.1336
REMIND-MAgPIE,E,Min,0.4,2017,1.15644
REMIND-MAgPIE,E,Min,0.4,2018,1.1787800000000002
REMIND-MAgPIE,E,Min,0.4,2019,1.2031
REMIND-MAgPIE,E,Min,0.4,2020,1.22704
REMIND-MAgPIE,E,Min,0.4,2021,1.25134
REMIND-MAgPIE,E,Min,0.4,2022,1.275
REMIND-MAgPIE,E,Min,0.4,2023,1.2978
REMIND-MAgPIE,E,Min,0.4,2024,1.31864
REMIND-MAgPIE,E,Min,0.4,2025,1.33828
REMIND-MAgPIE,E,Min,0.4,2026,1.3579
REMIND-MAgPIE,E,Min,0.4,2027,1.3763
REMIND-MAgPIE,E,Min,0.4,2028,1.3946
REMIND-MAgPIE,E,Min,0.4,2029,1.41314
REMIND-MAgPIE,E,Min,0.4,2030,1.43254
REMIND-MAgPIE,E,Min,0.4,2031,1.45258
REMIND-MAgPIE,E,Min,0.4,2032,1.47248
REMIND-MAgPIE,E,Min,0.4,2033,1.49308
REMIND-MAgPIE,E,Min,0.4,2034,1.51324
REMIND-MAgPIE,E,Min,0.4,2035,1.53284
REMIND-MAgPIE,E,Min,0.4,2036,1.5495800000000002
REMIND-MAgPIE,E,Min,0.4,2037,1.56764
REMIND-MAgPIE,E,Min,0.4,2038,1.58338
REMIND-MAgPIE,E,Min,0.4,2039,1.59892
REMIND-MAgPIE,E,Min,0.4,2040,1.6121
REMIND-MAgPIE,E,Min,0.4,2041,1.62374
REMIND-MAgPIE,E,Min,0.4,2042,1.63224
REMIND-MAgPIE,E,Min,0.4,2043,1.63814
REMIND-MAgPIE,E,Min,0.4,2044,1.64444
REMIND-MAgPIE,E,Min,0.4,2045,1.64868
REMIND-MAgPIE,E,Min,0.4,2046,1.65022
REMIND-MAgPIE,E,Min,0.4,2047,1.6513
REMIND-MAgPIE,E,Min,0.4,2048,1.65158
REMIND-MAgPIE,E,Min,0.4,2049,1.65306
REMIND-MAgPIE,E,Min,0.4,2050,1.6529
REMIND-MAgPIE,E,Min,0.4,2051,1.6504800000000002
REMIND-MAgPIE,E,Min,0.4,2052,1.649
REMIND-MAgPIE,E,Min,0.4,2053,1.64398
REMIND-MAgPIE,E,Min,0.4,2054,1.63964
REMIND-MAgPIE,E,Min,0.4,2055,1.63626
REMIND-MAgPIE,E,Min,0.4,2056,1.6322
REMIND-MAgPIE,E,Min,0.4,2057,1.6267200000000002
REMIND-MAgPIE,E,Min,0.4,2058,1.62284
REMIND-MAgPIE,E,Min,0.4,2059,1.61888
REMIND-MAgPIE,E,Min,0.4,2060,1.61374
REMIND-MAgPIE,E,Min,0.4,2061,1.60972
REMIND-MAgPIE,E,Min,0.4,2062,1.60474
REMIND-MAgPIE,E,Min,0.4,2063,1.59912
REMIND-MAgPIE,E,Min,0.4,2064,1.59494
REMIND-MAgPIE,E,Min,0.4,2065,1.59064
REMIND-MAgPIE,E,Min,0.4,2066,1.5859800000000002
REMIND-MAgPIE,E,Min,0.4,2067,1.58256
REMIND-MAgPIE,E,Min,0.4,2068,1.57968
REMIND-MAgPIE,E,Min,0.4,2069,1.57694
REMIND-MAgPIE,E,Min,0.4,2070,1.57434
REMIND-MAgPIE,E,Min,0.4,2071,1.57184
REMIND-MAgPIE,E,Min,0.4,2072,1.56794
REMIND-MAgPIE,E,Min,0.4,2073,1.5649
REMIND-MAgPIE,E,Min,0.4,2074,1.5617800000000002
REMIND-MAgPIE,E,Min,0.4,2075,1.56052
REMIND-MAgPIE,E,Min,0.4,2076,1.5586600000000002
REMIND-MAgPIE,E,Min,0.4,2077,1.55584
REMIND-MAgPIE,E,Min,0.4,2078,1.5536800000000002
REMIND-MAgPIE,E,Min,0.4,2079,1.5517
REMIND-MAgPIE,E,Min,0.4,2080,1.54788
REMIND-MAgPIE,E,Min,0.4,2081,1.5469
REMIND-MAgPIE,E,Min,0.4,2082,1.54494
REMIND-MAgPIE,E,Min,0.4,2083,1.54274
REMIND-MAgPIE,E,Min,0.4,2084,1.5411
REMIND-MAgPIE,E,Min,0.4,2085,1.5384
REMIND-MAgPIE,E,Min,0.4,2086,1.53624
REMIND-MAgPIE,E,Min,0.4,2087,1.53496
REMIND-MAgPIE,E,Min,0.4,2088,1.53374
REMIND-MAgPIE,E,Min,0.4,2089,1.53178
REMIND-MAgPIE,E,Min,0.4,2090,1.53054
REMIND-MAgPIE,E,Min,0.4,2091,1.52824
REMIND-MAgPIE,E,Min,0.4,2092,1.52508
REMIND-MAgPIE,E,Min,0.4,2093,1.52384
REMIND-MAgPIE,E,Min,0.4,2094,1.52284
REMIND-MAgPIE,E,Min,0.4,2095,1.52002
REMIND-MAgPIE,E,Min,0.4,2096,1.51764
REMIND-MAgPIE,E,Min,0.4,2097,1.5148
REMIND-MAgPIE,E,Min,0.4,2098,1.51364
REMIND-MAgPIE,E,Min,0.4,2099,1.51224
REMIND-MAgPIE,E,Min,0.4,2100,1.50984
REMIND-MAgPIE,E,Min,0.5,1990,0.5963
REMIND-MAgPIE,E,Min,0.5,1991,0.5937
REMIND-MAgPIE,E,Min,0.5,1992,0.49370000000000003
REMIND-MAgPIE,E,Min,0.5,1993,0.4145
REMIND-MAgPIE,E,Min,0.5,1994,0.4442
REMIND-MAgPIE,E,Min,0.5,1995,0.5167
REMIND-MAgPIE,E,Min,0.5,1996,0.5857
REMIND-MAgPIE,E,Min,0.5,1997,0.6475
REMIND-MAgPIE,E,Min,0.5,1998,0.7026
REMIND-MAgPIE,E,Min,0.5,1999,0.7542
REMIND-MAgPIE,E,Min,0.5,2000,0.8017
REMIND-MAgPIE,E,Min,0.5,2001,0.8437
REMIND-MAgPIE,E,Min,0.5,2002,0.8779
REMIND-MAgPIE,E,Min,0.5,2003,0.9044
REMIND-MAgPIE,E,Min,0.5,2004,0.9211
REMIND-MAgPIE,E,Min,0.5,2005,0.9345
REMIND-MAgPIE,E,Min,0.5,2006,0.9449
REMIND-MAgPIE,E,Min,0.5,2007,0.9571
REMIND-MAgPIE,E,Min,0.5,2008,0.9743
REMIND-MAgPIE,E,Min,0.5,2009,0.9919
REMIND-MAgPIE,E,Min,0.5,2010,1.0141
REMIND-MAgPIE,E,Min,0.5,2011,1.0388
REMIND-MAgPIE,E,Min,0.5,2012,1.066
REMIND-MAgPIE,E,Min,0.5,2013,1.0956
REMIND-MAgPIE,E,Min,0.5,2014,1.1246
REMIND-MAgPIE,E,Min,0.5,2015,1.1488
REMIND-MAgPIE,E,Min,0.5,2016,1.1685
REMIND-MAgPIE,E,Min,0.5,2017,1.1911
REMIND-MAgPIE,E,Min,0.5,2018,1.2154
REMIND-MAgPIE,E,Min,0.5,2019,1.2397
REMIND-MAgPIE,E,Min,0.5,2020,1.2661
REMIND-MAgPIE,E,Min,0.5,2021,1.2904
REMIND-MAgPIE,E,Min,0.5,2022,1.3144
REMIND-MAgPIE,E,Min,0.5,2023,1.3395
REMIND-MAgPIE,E,Min,0.5,2024,1.3623
REMIND-MAgPIE,E,Min,0.5,2025,1.3857
REMIND-MAgPIE,E,Min,0.5,2026,1.4082
REMIND-MAgPIE,E,Min,0.5,2027,1.4286
REMIND-MAgPIE,E,Min,0.5,2028,1.4486
REMIND-MAgPIE,E,Min,0.5,2029,1.4678
REMIND-MAgPIE,E,Min,0.5,2030,1.4881
REMIND-MAgPIE,E,Min,0.5,2031,1.5091
REMIND-MAgPIE,E,Min,0.5,2032,1.5313
REMIND-MAgPIE,E,Min,0.5,2033,1.5539
REMIND-MAgPIE,E,Min,0.5,2034,1.5748
REMIND-MAgPIE,E,Min,0.5,2035,1.5954
REMIND-MAgPIE,E,Min,0.5,2036,1.6169
REMIND-MAgPIE,E,Min,0.5,2037,1.6368
REMIND-MAgPIE,E,Min,0.5,2038,1.6537
REMIND-MAgPIE,E,Min,0.5,2039,1.6708
REMIND-MAgPIE,E,Min,0.5,2040,1.684
REMIND-MAgPIE,E,Min,0.5,2041,1.6967
REMIND-MAgPIE,E,Min,0.5,2042,1.7071
REMIND-MAgPIE,E,Min,0.5,2043,1.7146
REMIND-MAgPIE,E,Min,0.5,2044,1.7218
REMIND-MAgPIE,E,Min,0.5,2045,1.7275
REMIND-MAgPIE,E,Min,0.5,2046,1.7312
REMIND-MAgPIE,E,Min,0.5,2047,1.7343
REMIND-MAgPIE,E,Min,0.5,2048,1.7363
REMIND-MAgPIE,E,Min,0.5,2049,1.7368
REMIND-MAgPIE,E,Min,0.5,2050,1.736
REMIND-MAgPIE,E,Min,0.5,2051,1.7335
REMIND-MAgPIE,E,Min,0.5,2052,1.7314
REMIND-MAgPIE,E,Min,0.5,2053,1.729
REMIND-MAgPIE,E,Min,0.5,2054,1.7238
REMIND-MAgPIE,E,Min,0.5,2055,1.7198
REMIND-MAgPIE,E,Min,0.5,2056,1.7161
REMIND-MAgPIE,E,Min,0.5,2057,1.7118
REMIND-MAgPIE,E,Min,0.5,2058,1.7064
REMIND-MAgPIE,E,Min,0.5,2059,1.7024
REMIND-MAgPIE,E,Min,0.5,2060,1.6972
REMIND-MAgPIE,E,Min,0.5,2061,1.6924
REMIND-MAgPIE,E,Min,0.5,2062,1.6878
REMIND-MAgPIE,E,Min,0.5,2063,1.6846
REMIND-MAgPIE,E,Min,0.5,2064,1.6801
REMIND-MAgPIE,E,Min,0.5,2065,1.6758
REMIND-MAgPIE,E,Min,0.5,2066,1.6722
REMIND-MAgPIE,E,Min,0.5,2067,1.6675
REMIND-MAgPIE,E,Min,0.5,2068,1.6628
REMIND-MAgPIE,E,Min,0.5,2069,1.6591
REMIND-MAgPIE,E,Min,0.5,2070,1.6562
REMIND-MAgPIE,E,Min,0.5,2071,1.6539
REMIND-MAgPIE,E,Min,0.5,2072,1.6512
REMIND-MAgPIE,E,Min,0.5,2073,1.6477
REMIND-MAgPIE,E,Min,0.5,2074,1.6451
REMIND-MAgPIE,E,Min,0.5,2075,1.6427
REMIND-MAgPIE,E,Min,0.5,2076,1.64
REMIND-MAgPIE,E,Min,0.5,2077,1.6367
REMIND-MAgPIE,E,Min,0.5,2078,1.634
REMIND-MAgPIE,E,Min,0.5,2079,1.6325
REMIND-MAgPIE,E,Min,0.5,2080,1.6294
REMIND-MAgPIE,E,Min,0.5,2081,1.6275
REMIND-MAgPIE,E,Min,0.5,2082,1.626
REMIND-MAgPIE,E,Min,0.5,2083,1.6245
REMIND-MAgPIE,E,Min,0.5,2084,1.6229
REMIND-MAgPIE,E,Min,0.5,2085,1.6213
REMIND-MAgPIE,E,Min,0.5,2086,1.6197
REMIND-MAgPIE,E,Min,0.5,2087,1.6177
REMIND-MAgPIE,E,Min,0.5,2088,1.6163
REMIND-MAgPIE,E,Min,0.5,2089,1.6134
REMIND-MAgPIE,E,Min,0.5,2090,1.6097
REMIND-MAgPIE,E,Min,0.5,2091,1.6073
REMIND-MAgPIE,E,Min,0.5,2092,1.6057
REMIND-MAgPIE,E,Min,0.5,2093,1.6041
REMIND-MAgPIE,E,Min,0.5,2094,1.6022
REMIND-MAgPIE,E,Min,0.5,2095,1.6008
REMIND-MAgPIE,E,Min,0.5,2096,1.5993
REMIND-MAgPIE,E,Min,0.5,2097,1.5973
REMIND-MAgPIE,E,Min,0.5,2098,1.5953
REMIND-MAgPIE,E,Min,0.5,2099,1.5944
REMIND-MAgPIE,E,Min,0.5,2100,1.5939
REMIND-MAgPIE,E,Min,0.6,1990,0.6191
REMIND-MAgPIE,E,Min,0.6,1991,0.61646
REMIND-MAgPIE,E,Min,0.6,1992,0.5182
REMIND-MAgPIE,E,Min,0.6,1993,0.43818
REMIND-MAgPIE,E,Min,0.6,1994,0.46982
REMIND-MAgPIE,E,Min,0.6,1995,0.5405399999999999
REMIND-MAgPIE,E,Min,0.6,1996,0.6091
REMIND-MAgPIE,E,Min,0.6,1997,0.6696
REMIND-MAgPIE,E,Min,0.6,1998,0.72582
REMIND-MAgPIE,E,Min,0.6,1999,0.77882
REMIND-MAgPIE,E,Min,0.6,2000,0.82702
REMIND-MAgPIE,E,Min,0.6,2001,0.8675
REMIND-MAgPIE,E,Min,0.6,2002,0.90226
REMIND-MAgPIE,E,Min,0.6,2003,0.928
REMIND-MAgPIE,E,Min,0.6,2004,0.94766
REMIND-MAgPIE,E,Min,0.6,2005,0.96114
REMIND-MAgPIE,E,Min,0.6,2006,0.9739
REMIND-MAgPIE,E,Min,0.6,2007,0.98776
REMIND-MAgPIE,E,Min,0.6,2008,1.00436
REMIND-MAgPIE,E,Min,0.6,2009,1.0224
REMIND-MAgPIE,E,Min,0.6,2010,1.0443
REMIND-MAgPIE,E,Min,0.6,2011,1.06846
REMIND-MAgPIE,E,Min,0.6,2012,1.09692
REMIND-MAgPIE,E,Min,0.6,2013,1.12702
REMIND-MAgPIE,E,Min,0.6,2014,1.1576
REMIND-MAgPIE,E,Min,0.6,2015,1.1823
REMIND-MAgPIE,E,Min,0.6,2016,1.20358
REMIND-MAgPIE,E,Min,0.6,2017,1.22876
REMIND-MAgPIE,E,Min,0.6,2018,1.25588
REMIND-MAgPIE,E,Min,0.6,2019,1.2824799999999998
REMIND-MAgPIE,E,Min,0.6,2020,1.30904
REMIND-MAgPIE,E,Min,0.6,2021,1.3357
REMIND-MAgPIE,E,Min,0.6,2022,1.36036
REMIND-MAgPIE,E,Min,0.6,2023,1.38526
REMIND-MAgPIE,E,Min,0.6,2024,1.4092
REMIND-MAgPIE,E,Min,0.6,2025,1.43386
REMIND-MAgPIE,E,Min,0.6,2026,1.4565
REMIND-MAgPIE,E,Min,0.6,2027,1.47814
REMIND-MAgPIE,E,Min,0.6,2028,1.49994
REMIND-MAgPIE,E,Min,0.6,2029,1.52182
REMIND-MAgPIE,E,Min,0.6,2030,1.54338
REMIND-MAgPIE,E,Min,0.6,2031,1.5659
REMIND-MAgPIE,E,Min,0.6,2032,1.58856
REMIND-MAgPIE,E,Min,0.6,2033,1.61126
REMIND-MAgPIE,E,Min,0.6,2034,1.634
REMIND-MAgPIE,E,Min,0.6,2035,1.6584
REMIND-MAgPIE,E,Min,0.6,2036,1.6797799999999998
REMIND-MAgPIE,E,Min,0.6,2037,1.6986
REMIND-MAgPIE,E,Min,0.6,2038,1.71834
REMIND-MAgPIE,E,Min,0.6,2039,1.7365
REMIND-MAgPIE,E,Min,0.6,2040,1.75366
REMIND-MAgPIE,E,Min,0.6,2041,1.76874
REMIND-MAgPIE,E,Min,0.6,2042,1.77996
REMIND-MAgPIE,E,Min,0.6,2043,1.78882
REMIND-MAgPIE,E,Min,0.6,2044,1.79646
REMIND-MAgPIE,E,Min,0.6,2045,1.80178
REMIND-MAgPIE,E,Min,0.6,2046,1.80616
REMIND-MAgPIE,E,Min,0.6,2047,1.81
REMIND-MAgPIE,E,Min,0.6,2048,1.81212
REMIND-MAgPIE,E,Min,0.6,2049,1.81424
REMIND-MAgPIE,E,Min,0.6,2050,1.81332
REMIND-MAgPIE,E,Min,0.6,2051,1.81288
REMIND-MAgPIE,E,Min,0.6,2052,1.81044
REMIND-MAgPIE,E,Min,0.6,2053,1.80708
REMIND-MAgPIE,E,Min,0.6,2054,1.80366
REMIND-MAgPIE,E,Min,0.6,2055,1.7986799999999998
REMIND-MAgPIE,E,Min,0.6,2056,1.7947799999999998
REMIND-MAgPIE,E,Min,0.6,2057,1.79062
REMIND-MAgPIE,E,Min,0.6,2058,1.78642
REMIND-MAgPIE,E,Min,0.6,2059,1.78202
REMIND-MAgPIE,E,Min,0.6,2060,1.777
REMIND-MAgPIE,E,Min,0.6,2061,1.77178
REMIND-MAgPIE,E,Min,0.6,2062,1.76724
REMIND-MAgPIE,E,Min,0.6,2063,1.76236
REMIND-MAgPIE,E,Min,0.6,2064,1.7583399999999998
REMIND-MAgPIE,E,Min,0.6,2065,1.75354
REMIND-MAgPIE,E,Min,0.6,2066,1.74996
REMIND-MAgPIE,E,Min,0.6,2067,1.74542
REMIND-MAgPIE,E,Min,0.6,2068,1.74178
REMIND-MAgPIE,E,Min,0.6,2069,1.7380799999999998
REMIND-MAgPIE,E,Min,0.6,2070,1.73576
REMIND-MAgPIE,E,Min,0.6,2071,1.73292
REMIND-MAgPIE,E,Min,0.6,2072,1.73026
REMIND-MAgPIE,E,Min,0.6,2073,1.7274
REMIND-MAgPIE,E,Min,0.6,2074,1.72464
REMIND-MAgPIE,E,Min,0.6,2075,1.72184
REMIND-MAgPIE,E,Min,0.6,2076,1.72012
REMIND-MAgPIE,E,Min,0.6,2077,1.71768
REMIND-MAgPIE,E,Min,0.6,2078,1.7151
REMIND-MAgPIE,E,Min,0.6,2079,1.71336
REMIND-MAgPIE,E,Min,0.6,2080,1.7116
REMIND-MAgPIE,E,Min,0.6,2081,1.70846
REMIND-MAgPIE,E,Min,0.6,2082,1.7055
REMIND-MAgPIE,E,Min,0.6,2083,1.70396
REMIND-MAgPIE,E,Min,0.6,2084,1.70136
REMIND-MAgPIE,E,Min,0.6,2085,1.69924
REMIND-MAgPIE,E,Min,0.6,2086,1.69846
REMIND-MAgPIE,E,Min,0.6,2087,1.69656
REMIND-MAgPIE,E,Min,0.6,2088,1.6942199999999998
REMIND-MAgPIE,E,Min,0.6,2089,1.69146
REMIND-MAgPIE,E,Min,0.6,2090,1.69036
REMIND-MAgPIE,E,Min,0.6,2091,1.68896
REMIND-MAgPIE,E,Min,0.6,2092,1.6856799999999998
REMIND-MAgPIE,E,Min,0.6,2093,1.68424
REMIND-MAgPIE,E,Min,0.6,2094,1.68274
REMIND-MAgPIE,E,Min,0.6,2095,1.68068
REMIND-MAgPIE,E,Min,0.6,2096,1.67854
REMIND-MAgPIE,E,Min,0.6,2097,1.6777799999999998
REMIND-MAgPIE,E,Min,0.6,2098,1.6768
REMIND-MAgPIE,E,Min,0.6,2099,1.67564
REMIND-MAgPIE,E,Min,0.6,2100,1.67478
REMIND-MAgPIE,E,Min,0.66,1990,0.632876
REMIND-MAgPIE,E,Min,0.66,1991,0.6296
REMIND-MAgPIE,E,Min,0.66,1992,0.531328
REMIND-MAgPIE,E,Min,0.66,1993,0.4559
REMIND-MAgPIE,E,Min,0.66,1994,0.484976
REMIND-MAgPIE,E,Min,0.66,1995,0.555476
REMIND-MAgPIE,E,Min,0.66,1996,0.623852
REMIND-MAgPIE,E,Min,0.66,1997,0.6845519999999999
REMIND-MAgPIE,E,Min,0.66,1998,0.7402759999999999
REMIND-MAgPIE,E,Min,0.66,1999,0.792976
REMIND-MAgPIE,E,Min,0.66,2000,0.841576
REMIND-MAgPIE,E,Min,0.66,2001,0.884276
REMIND-MAgPIE,E,Min,0.66,2002,0.918976
REMIND-MAgPIE,E,Min,0.66,2003,0.9457
REMIND-MAgPIE,E,Min,0.66,2004,0.963476
REMIND-MAgPIE,E,Min,0.66,2005,0.9786
REMIND-MAgPIE,E,Min,0.66,2006,0.990152
REMIND-MAgPIE,E,Min,0.66,2007,1.0037
REMIND-MAgPIE,E,Min,0.66,2008,1.019376
REMIND-MAgPIE,E,Min,0.66,2009,1.038504
REMIND-MAgPIE,E,Min,0.66,2010,1.062076
REMIND-MAgPIE,E,Min,0.66,2011,1.0881
REMIND-MAgPIE,E,Min,0.66,2012,1.115476
REMIND-MAgPIE,E,Min,0.66,2013,1.145876
REMIND-MAgPIE,E,Min,0.66,2014,1.176652
REMIND-MAgPIE,E,Min,0.66,2015,1.203
REMIND-MAgPIE,E,Min,0.66,2016,1.227076
REMIND-MAgPIE,E,Min,0.66,2017,1.251876
REMIND-MAgPIE,E,Min,0.66,2018,1.278152
REMIND-MAgPIE,E,Min,0.66,2019,1.3052
REMIND-MAgPIE,E,Min,0.66,2020,1.332976
REMIND-MAgPIE,E,Min,0.66,2021,1.361076
REMIND-MAgPIE,E,Min,0.66,2022,1.388232
REMIND-MAgPIE,E,Min,0.66,2023,1.415028
REMIND-MAgPIE,E,Min,0.66,2024,1.441752
REMIND-MAgPIE,E,Min,0.66,2025,1.466452
REMIND-MAgPIE,E,Min,0.66,2026,1.489476
REMIND-MAgPIE,E,Min,0.66,2027,1.512876
REMIND-MAgPIE,E,Min,0.66,2028,1.534604
REMIND-MAgPIE,E,Min,0.66,2029,1.5577
REMIND-MAgPIE,E,Min,0.66,2030,1.580176
REMIND-MAgPIE,E,Min,0.66,2031,1.6016
REMIND-MAgPIE,E,Min,0.66,2032,1.625004
REMIND-MAgPIE,E,Min,0.66,2033,1.648252
REMIND-MAgPIE,E,Min,0.66,2034,1.6732
REMIND-MAgPIE,E,Min,0.66,2035,1.696708
REMIND-MAgPIE,E,Min,0.66,2036,1.719228
REMIND-MAgPIE,E,Min,0.66,2037,1.740976
REMIND-MAgPIE,E,Min,0.66,2038,1.761304
REMIND-MAgPIE,E,Min,0.66,2039,1.781776
REMIND-MAgPIE,E,Min,0.66,2040,1.799676
REMIND-MAgPIE,E,Min,0.66,2041,1.814928
REMIND-MAgPIE,E,Min,0.66,2042,1.82656
REMIND-MAgPIE,E,Min,0.66,2043,1.835984
REMIND-MAgPIE,E,Min,0.66,2044,1.84258
REMIND-MAgPIE,E,Min,0.66,2045,1.850392
REMIND-MAgPIE,E,Min,0.66,2046,1.855808
REMIND-MAgPIE,E,Min,0.66,2047,1.860052
REMIND-MAgPIE,E,Min,0.66,2048,1.863152
REMIND-MAgPIE,E,Min,0.66,2049,1.864904
REMIND-MAgPIE,E,Min,0.66,2050,1.864152
REMIND-MAgPIE,E,Min,0.66,2051,1.862876
REMIND-MAgPIE,E,Min,0.66,2052,1.86108
REMIND-MAgPIE,E,Min,0.66,2053,1.85848
REMIND-MAgPIE,E,Min,0.66,2054,1.8548
REMIND-MAgPIE,E,Min,0.66,2055,1.850428
REMIND-MAgPIE,E,Min,0.66,2056,1.845228
REMIND-MAgPIE,E,Min,0.66,2057,1.841528
REMIND-MAgPIE,E,Min,0.66,2058,1.836776
REMIND-MAgPIE,E,Min,0.66,2059,1.831584
REMIND-MAgPIE,E,Min,0.66,2060,1.827804
REMIND-MAgPIE,E,Min,0.66,2061,1.82356
REMIND-MAgPIE,E,Min,0.66,2062,1.819436
REMIND-MAgPIE,E,Min,0.66,2063,1.815028
REMIND-MAgPIE,E,Min,0.66,2064,1.811776
REMIND-MAgPIE,E,Min,0.66,2065,1.807308
REMIND-MAgPIE,E,Min,0.66,2066,1.80318
REMIND-MAgPIE,E,Min,0.66,2067,1.7988
REMIND-MAgPIE,E,Min,0.66,2068,1.795428
REMIND-MAgPIE,E,Min,0.66,2069,1.791828
REMIND-MAgPIE,E,Min,0.66,2070,1.788156
REMIND-MAgPIE,E,Min,0.66,2071,1.783952
REMIND-MAgPIE,E,Min,0.66,2072,1.780776
REMIND-MAgPIE,E,Min,0.66,2073,1.7775
REMIND-MAgPIE,E,Min,0.66,2074,1.774204
REMIND-MAgPIE,E,Min,0.66,2075,1.771
REMIND-MAgPIE,E,Min,0.66,2076,1.768028
REMIND-MAgPIE,E,Min,0.66,2077,1.764852
REMIND-MAgPIE,E,Min,0.66,2078,1.7627
REMIND-MAgPIE,E,Min,0.66,2079,1.7598800000000001
REMIND-MAgPIE,E,Min,0.66,2080,1.757776
REMIND-MAgPIE,E,Min,0.66,2081,1.7549519999999998
REMIND-MAgPIE,E,Min,0.66,2082,1.752128
REMIND-MAgPIE,E,Min,0.66,2083,1.75028
REMIND-MAgPIE,E,Min,0.66,2084,1.747952
REMIND-MAgPIE,E,Min,0.66,2085,1.745876
REMIND-MAgPIE,E,Min,0.66,2086,1.7439
REMIND-MAgPIE,E,Min,0.66,2087,1.742
REMIND-MAgPIE,E,Min,0.66,2088,1.74086
REMIND-MAgPIE,E,Min,0.66,2089,1.740244
REMIND-MAgPIE,E,Min,0.66,2090,1.73868
REMIND-MAgPIE,E,Min,0.66,2091,1.7371
REMIND-MAgPIE,E,Min,0.66,2092,1.735076
REMIND-MAgPIE,E,Min,0.66,2093,1.733732
REMIND-MAgPIE,E,Min,0.66,2094,1.733752
REMIND-MAgPIE,E,Min,0.66,2095,1.7314
REMIND-MAgPIE,E,Min,0.66,2096,1.7305039999999998
REMIND-MAgPIE,E,Min,0.66,2097,1.730084
REMIND-MAgPIE,E,Min,0.66,2098,1.72968
REMIND-MAgPIE,E,Min,0.66,2099,1.728328
REMIND-MAgPIE,E,Min,0.66,2100,1.7257
REMIND-MAgPIE,E,Min,0.7,1990,0.64206
REMIND-MAgPIE,E,Min,0.7,1991,0.6406
REMIND-MAgPIE,E,Min,0.7,1992,0.54232
REMIND-MAgPIE,E,Min,0.7,1993,0.4666
REMIND-MAgPIE,E,Min,0.7,1994,0.4964
REMIND-MAgPIE,E,Min,0.7,1995,0.5647
REMIND-MAgPIE,E,Min,0.7,1996,0.63322
REMIND-MAgPIE,E,Min,0.7,1997,0.6956199999999998
REMIND-MAgPIE,E,Min,0.7,1998,0.75082
REMIND-MAgPIE,E,Min,0.7,1999,0.8028599999999999
REMIND-MAgPIE,E,Min,0.7,2000,0.85192
REMIND-MAgPIE,E,Min,0.7,2001,0.89294
REMIND-MAgPIE,E,Min,0.7,2002,0.92862
REMIND-MAgPIE,E,Min,0.7,2003,0.95562
REMIND-MAgPIE,E,Min,0.7,2004,0.97522
REMIND-MAgPIE,E,Min,0.7,2005,0.98908
REMIND-MAgPIE,E,Min,0.7,2006,0.99972
REMIND-MAgPIE,E,Min,0.7,2007,1.01312
REMIND-MAgPIE,E,Min,0.7,2008,1.0308
REMIND-MAgPIE,E,Min,0.7,2009,1.05066
REMIND-MAgPIE,E,Min,0.7,2010,1.07414
REMIND-MAgPIE,E,Min,0.7,2011,1.10072
REMIND-MAgPIE,E,Min,0.7,2012,1.13068
REMIND-MAgPIE,E,Min,0.7,2013,1.16182
REMIND-MAgPIE,E,Min,0.7,2014,1.1925199999999998
REMIND-MAgPIE,E,Min,0.7,2015,1.21886
REMIND-MAgPIE,E,Min,0.7,2016,1.24224
REMIND-MAgPIE,E,Min,0.7,2017,1.26814
REMIND-MAgPIE,E,Min,0.7,2018,1.2958
REMIND-MAgPIE,E,Min,0.7,2019,1.32412
REMIND-MAgPIE,E,Min,0.7,2020,1.35234
REMIND-MAgPIE,E,Min,0.7,2021,1.3809
REMIND-MAgPIE,E,Min,0.7,2022,1.4092
REMIND-MAgPIE,E,Min,0.7,2023,1.4349
REMIND-MAgPIE,E,Min,0.7,2024,1.4607
REMIND-MAgPIE,E,Min,0.7,2025,1.4853
REMIND-MAgPIE,E,Min,0.7,2026,1.5099
REMIND-MAgPIE,E,Min,0.7,2027,1.53242
REMIND-MAgPIE,E,Min,0.7,2028,1.5547
REMIND-MAgPIE,E,Min,0.7,2029,1.57776
REMIND-MAgPIE,E,Min,0.7,2030,1.6018199999999998
REMIND-MAgPIE,E,Min,0.7,2031,1.62702
REMIND-MAgPIE,E,Min,0.7,2032,1.65222
REMIND-MAgPIE,E,Min,0.7,2033,1.6778799999999998
REMIND-MAgPIE,E,Min,0.7,2034,1.70244
REMIND-MAgPIE,E,Min,0.7,2035,1.72632
REMIND-MAgPIE,E,Min,0.7,2036,1.74798
REMIND-MAgPIE,E,Min,0.7,2037,1.77062
REMIND-MAgPIE,E,Min,0.7,2038,1.7910799999999998
REMIND-MAgPIE,E,Min,0.7,2039,1.81044
REMIND-MAgPIE,E,Min,0.7,2040,1.8313
REMIND-MAgPIE,E,Min,0.7,2041,1.84654
REMIND-MAgPIE,E,Min,0.7,2042,1.86054
REMIND-MAgPIE,E,Min,0.7,2043,1.87134
REMIND-MAgPIE,E,Min,0.7,2044,1.88004
REMIND-MAgPIE,E,Min,0.7,2045,1.8858
REMIND-MAgPIE,E,Min,0.7,2046,1.89246
REMIND-MAgPIE,E,Min,0.7,2047,1.89662
REMIND-MAgPIE,E,Min,0.7,2048,1.89846
REMIND-MAgPIE,E,Min,0.7,2049,1.89822
REMIND-MAgPIE,E,Min,0.7,2050,1.89862
REMIND-MAgPIE,E,Min,0.7,2051,1.89684
REMIND-MAgPIE,E,Min,0.7,2052,1.89514
REMIND-MAgPIE,E,Min,0.7,2053,1.89158
REMIND-MAgPIE,E,Min,0.7,2054,1.88784
REMIND-MAgPIE,E,Min,0.7,2055,1.8829599999999995
REMIND-MAgPIE,E,Min,0.7,2056,1.87916
REMIND-MAgPIE,E,Min,0.7,2057,1.87446
REMIND-MAgPIE,E,Min,0.7,2058,1.8688199999999997
REMIND-MAgPIE,E,Min,0.7,2059,1.86474
REMIND-MAgPIE,E,Min,0.7,2060,1.85976
REMIND-MAgPIE,E,Min,0.7,2061,1.85434
REMIND-MAgPIE,E,Min,0.7,2062,1.85112
REMIND-MAgPIE,E,Min,0.7,2063,1.8473999999999997
REMIND-MAgPIE,E,Min,0.7,2064,1.8428599999999995
REMIND-MAgPIE,E,Min,0.7,2065,1.83934
REMIND-MAgPIE,E,Min,0.7,2066,1.83494
REMIND-MAgPIE,E,Min,0.7,2067,1.83054
REMIND-MAgPIE,E,Min,0.7,2068,1.82676
REMIND-MAgPIE,E,Min,0.7,2069,1.82264
REMIND-MAgPIE,E,Min,0.7,2070,1.81942
REMIND-MAgPIE,E,Min,0.7,2071,1.8166
REMIND-MAgPIE,E,Min,0.7,2072,1.81196
REMIND-MAgPIE,E,Min,0.7,2073,1.80938
REMIND-MAgPIE,E,Min,0.7,2074,1.80732
REMIND-MAgPIE,E,Min,0.7,2075,1.80352
REMIND-MAgPIE,E,Min,0.7,2076,1.8025
REMIND-MAgPIE,E,Min,0.7,2077,1.80234
REMIND-MAgPIE,E,Min,0.7,2078,1.80188
REMIND-MAgPIE,E,Min,0.7,2079,1.80046
REMIND-MAgPIE,E,Min,0.7,2080,1.7976
REMIND-MAgPIE,E,Min,0.7,2081,1.79574
REMIND-MAgPIE,E,Min,0.7,2082,1.7932199999999998
REMIND-MAgPIE,E,Min,0.7,2083,1.7909799999999998
REMIND-MAgPIE,E,Min,0.7,2084,1.7887
REMIND-MAgPIE,E,Min,0.7,2085,1.78672
REMIND-MAgPIE,E,Min,0.7,2086,1.7851399999999995
REMIND-MAgPIE,E,Min,0.7,2087,1.7826
REMIND-MAgPIE,E,Min,0.7,2088,1.7812
REMIND-MAgPIE,E,Min,0.7,2089,1.77854
REMIND-MAgPIE,E,Min,0.7,2090,1.77722
REMIND-MAgPIE,E,Min,0.7,2091,1.77596
REMIND-MAgPIE,E,Min,0.7,2092,1.77398
REMIND-MAgPIE,E,Min,0.7,2093,1.77358
REMIND-MAgPIE,E,Min,0.7,2094,1.7726
REMIND-MAgPIE,E,Min,0.7,2095,1.7711599999999998
REMIND-MAgPIE,E,Min,0.7,2096,1.7690199999999998
REMIND-MAgPIE,E,Min,0.7,2097,1.7674
REMIND-MAgPIE,E,Min,0.7,2098,1.76582
REMIND-MAgPIE,E,Min,0.7,2099,1.7646399999999998
REMIND-MAgPIE,E,Min,0.7,2100,1.76132
REMIND-MAgPIE,E,Min,0.8,1990,0.6683
REMIND-MAgPIE,E,Min,0.8,1991,0.66708
REMIND-MAgPIE,E,Min,0.8,1992,0.56868
REMIND-MAgPIE,E,Min,0.8,1993,0.4922800000000001
REMIND-MAgPIE,E,Min,0.8,1994,0.5220400000000001
REMIND-MAgPIE,E,Min,0.8,1995,0.59116
REMIND-MAgPIE,E,Min,0.8,1996,0.6607
REMIND-MAgPIE,E,Min,0.8,1997,0.7226400000000001
REMIND-MAgPIE,E,Min,0.8,1998,0.7797
REMIND-MAgPIE,E,Min,0.8,1999,0.8308
REMIND-MAgPIE,E,Min,0.8,2000,0.8785600000000001
REMIND-MAgPIE,E,Min,0.8,2001,0.92036
REMIND-MAgPIE,E,Min,0.8,2002,0.95578
REMIND-MAgPIE,E,Min,0.8,2003,0.98148
REMIND-MAgPIE,E,Min,0.8,2004,1.00218
REMIND-MAgPIE,E,Min,0.8,2005,1.017
REMIND-MAgPIE,E,Min,0.8,2006,1.0299
REMIND-MAgPIE,E,Min,0.8,2007,1.0432
REMIND-MAgPIE,E,Min,0.8,2008,1.06038
REMIND-MAgPIE,E,Min,0.8,2009,1.08076
REMIND-MAgPIE,E,Min,0.8,2010,1.10554
REMIND-MAgPIE,E,Min,0.8,2011,1.13298
REMIND-MAgPIE,E,Min,0.8,2012,1.1633
REMIND-MAgPIE,E,Min,0.8,2013,1.19758
REMIND-MAgPIE,E,Min,0.8,2014,1.231
REMIND-MAgPIE,E,Min,0.8,2015,1.25914
REMIND-MAgPIE,E,Min,0.8,2016,1.28608
REMIND-MAgPIE,E,Min,0.8,2017,1.31386
REMIND-MAgPIE,E,Min,0.8,2018,1.3425
REMIND-MAgPIE,E,Min,0.8,2019,1.37076
REMIND-MAgPIE,E,Min,0.8,2020,1.3995
REMIND-MAgPIE,E,Min,0.8,2021,1.43038
REMIND-MAgPIE,E,Min,0.8,2022,1.4607200000000002
REMIND-MAgPIE,E,Min,0.8,2023,1.4895200000000002
REMIND-MAgPIE,E,Min,0.8,2024,1.5175399999999999
REMIND-MAgPIE,E,Min,0.8,2025,1.54422
REMIND-MAgPIE,E,Min,0.8,2026,1.5716200000000002
REMIND-MAgPIE,E,Min,0.8,2027,1.5967
REMIND-MAgPIE,E,Min,0.8,2028,1.6211600000000002
REMIND-MAgPIE,E,Min,0.8,2029,1.6457
REMIND-MAgPIE,E,Min,0.8,2030,1.67108
REMIND-MAgPIE,E,Min,0.8,2031,1.69624
REMIND-MAgPIE,E,Min,0.8,2032,1.72216
REMIND-MAgPIE,E,Min,0.8,2033,1.7491200000000002
REMIND-MAgPIE,E,Min,0.8,2034,1.77438
REMIND-MAgPIE,E,Min,0.8,2035,1.7994800000000002
REMIND-MAgPIE,E,Min,0.8,2036,1.82498
REMIND-MAgPIE,E,Min,0.8,2037,1.84912
REMIND-MAgPIE,E,Min,0.8,2038,1.87326
REMIND-MAgPIE,E,Min,0.8,2039,1.89524
REMIND-MAgPIE,E,Min,0.8,2040,1.91628
REMIND-MAgPIE,E,Min,0.8,2041,1.9336
REMIND-MAgPIE,E,Min,0.8,2042,1.95048
REMIND-MAgPIE,E,Min,0.8,2043,1.9644000000000008
REMIND-MAgPIE,E,Min,0.8,2044,1.97484
REMIND-MAgPIE,E,Min,0.8,2045,1.98328
REMIND-MAgPIE,E,Min,0.8,2046,1.98894
REMIND-MAgPIE,E,Min,0.8,2047,1.99262
REMIND-MAgPIE,E,Min,0.8,2048,1.99562
REMIND-MAgPIE,E,Min,0.8,2049,1.99948
REMIND-MAgPIE,E,Min,0.8,2050,2.0024800000000003
REMIND-MAgPIE,E,Min,0.8,2051,2.0021800000000005
REMIND-MAgPIE,E,Min,0.8,2052,2.00208
REMIND-MAgPIE,E,Min,0.8,2053,2.00174
REMIND-MAgPIE,E,Min,0.8,2054,1.9981
REMIND-MAgPIE,E,Min,0.8,2055,1.99624
REMIND-MAgPIE,E,Min,0.8,2056,1.99152
REMIND-MAgPIE,E,Min,0.8,2057,1.98822
REMIND-MAgPIE,E,Min,0.8,2058,1.98546
REMIND-MAgPIE,E,Min,0.8,2059,1.98058
REMIND-MAgPIE,E,Min,0.8,2060,1.9769600000000005
REMIND-MAgPIE,E,Min,0.8,2061,1.9719800000000005
REMIND-MAgPIE,E,Min,0.8,2062,1.9681200000000003
REMIND-MAgPIE,E,Min,0.8,2063,1.96404
REMIND-MAgPIE,E,Min,0.8,2064,1.95988
REMIND-MAgPIE,E,Min,0.8,2065,1.95502
REMIND-MAgPIE,E,Min,0.8,2066,1.9502600000000003
REMIND-MAgPIE,E,Min,0.8,2067,1.94618
REMIND-MAgPIE,E,Min,0.8,2068,1.94452
REMIND-MAgPIE,E,Min,0.8,2069,1.94366
REMIND-MAgPIE,E,Min,0.8,2070,1.9409000000000003
REMIND-MAgPIE,E,Min,0.8,2071,1.93658
REMIND-MAgPIE,E,Min,0.8,2072,1.93356
REMIND-MAgPIE,E,Min,0.8,2073,1.93086
REMIND-MAgPIE,E,Min,0.8,2074,1.92694
REMIND-MAgPIE,E,Min,0.8,2075,1.9252200000000004
REMIND-MAgPIE,E,Min,0.8,2076,1.92048
REMIND-MAgPIE,E,Min,0.8,2077,1.91724
REMIND-MAgPIE,E,Min,0.8,2078,1.91428
REMIND-MAgPIE,E,Min,0.8,2079,1.9107000000000005
REMIND-MAgPIE,E,Min,0.8,2080,1.9081200000000005
REMIND-MAgPIE,E,Min,0.8,2081,1.90468
REMIND-MAgPIE,E,Min,0.8,2082,1.90356
REMIND-MAgPIE,E,Min,0.8,2083,1.90168
REMIND-MAgPIE,E,Min,0.8,2084,1.89968
REMIND-MAgPIE,E,Min,0.8,2085,1.89872
REMIND-MAgPIE,E,Min,0.8,2086,1.8960600000000003
REMIND-MAgPIE,E,Min,0.8,2087,1.8941000000000008
REMIND-MAgPIE,E,Min,0.8,2088,1.89066
REMIND-MAgPIE,E,Min,0.8,2089,1.89082
REMIND-MAgPIE,E,Min,0.8,2090,1.8894
REMIND-MAgPIE,E,Min,0.8,2091,1.8887200000000004
REMIND-MAgPIE,E,Min,0.8,2092,1.88648
REMIND-MAgPIE,E,Min,0.8,2093,1.8860200000000005
REMIND-MAgPIE,E,Min,0.8,2094,1.88452
REMIND-MAgPIE,E,Min,0.8,2095,1.88284
REMIND-MAgPIE,E,Min,0.8,2096,1.88184
REMIND-MAgPIE,E,Min,0.8,2097,1.8800600000000005
REMIND-MAgPIE,E,Min,0.8,2098,1.87774
REMIND-MAgPIE,E,Min,0.8,2099,1.8768400000000005
REMIND-MAgPIE,E,Min,0.8,2100,1.87442
REMIND-MAgPIE,E,Min,0.833,1990,0.6784176
REMIND-MAgPIE,E,Min,0.833,1991,0.6773
REMIND-MAgPIE,E,Min,0.833,1992,0.5793176
REMIND-MAgPIE,E,Min,0.833,1993,0.5037764
REMIND-MAgPIE,E,Min,0.833,1994,0.5337588
REMIND-MAgPIE,E,Min,0.833,1995,0.6032588
REMIND-MAgPIE,E,Min,0.833,1996,0.6715764
REMIND-MAgPIE,E,Min,0.833,1997,0.7324588000000001
REMIND-MAgPIE,E,Min,0.833,1998,0.7890764
REMIND-MAgPIE,E,Min,0.833,1999,0.8422
REMIND-MAgPIE,E,Min,0.833,2000,0.8900764
REMIND-MAgPIE,E,Min,0.833,2001,0.9312176
REMIND-MAgPIE,E,Min,0.833,2002,0.9661352
REMIND-MAgPIE,E,Min,0.833,2003,0.9933588
REMIND-MAgPIE,E,Min,0.833,2004,1.0126176
REMIND-MAgPIE,E,Min,0.833,2005,1.0271
REMIND-MAgPIE,E,Min,0.833,2006,1.0405704
REMIND-MAgPIE,E,Min,0.833,2007,1.0550351999999998
REMIND-MAgPIE,E,Min,0.833,2008,1.0732764
REMIND-MAgPIE,E,Min,0.833,2009,1.0950588
REMIND-MAgPIE,E,Min,0.833,2010,1.1183588
REMIND-MAgPIE,E,Min,0.833,2011,1.1474
REMIND-MAgPIE,E,Min,0.833,2012,1.1779588
REMIND-MAgPIE,E,Min,0.833,2013,1.2099588
REMIND-MAgPIE,E,Min,0.833,2014,1.2469
REMIND-MAgPIE,E,Min,0.833,2015,1.2751352
REMIND-MAgPIE,E,Min,0.833,2016,1.3022588
REMIND-MAgPIE,E,Min,0.833,2017,1.3297588
REMIND-MAgPIE,E,Min,0.833,2018,1.3614292
REMIND-MAgPIE,E,Min,0.833,2019,1.3899764
REMIND-MAgPIE,E,Min,0.833,2020,1.421994
REMIND-MAgPIE,E,Min,0.833,2021,1.4540764
REMIND-MAgPIE,E,Min,0.833,2022,1.4849176
REMIND-MAgPIE,E,Min,0.833,2023,1.5136352
REMIND-MAgPIE,E,Min,0.833,2024,1.5412176
REMIND-MAgPIE,E,Min,0.833,2025,1.5700588
REMIND-MAgPIE,E,Min,0.833,2026,1.5952176
REMIND-MAgPIE,E,Min,0.833,2027,1.6205764
REMIND-MAgPIE,E,Min,0.833,2028,1.6457351999999998
REMIND-MAgPIE,E,Min,0.833,2029,1.6705588
REMIND-MAgPIE,E,Min,0.833,2030,1.6965588
REMIND-MAgPIE,E,Min,0.833,2031,1.7229176000000002
REMIND-MAgPIE,E,Min,0.833,2032,1.7501704
REMIND-MAgPIE,E,Min,0.833,2033,1.778494
REMIND-MAgPIE,E,Min,0.833,2034,1.806894
REMIND-MAgPIE,E,Min,0.833,2035,1.8337764
REMIND-MAgPIE,E,Min,0.833,2036,1.8604588
REMIND-MAgPIE,E,Min,0.833,2037,1.8862352
REMIND-MAgPIE,E,Min,0.833,2038,1.9110764
REMIND-MAgPIE,E,Min,0.833,2039,1.9345292
REMIND-MAgPIE,E,Min,0.833,2040,1.9575
REMIND-MAgPIE,E,Min,0.833,2041,1.9774588
REMIND-MAgPIE,E,Min,0.833,2042,1.9936588
REMIND-MAgPIE,E,Min,0.833,2043,2.0068
REMIND-MAgPIE,E,Min,0.833,2044,2.0188176
REMIND-MAgPIE,E,Min,0.833,2045,2.0282588
REMIND-MAgPIE,E,Min,0.833,2046,2.0347996
REMIND-MAgPIE,E,Min,0.833,2047,2.0424644
REMIND-MAgPIE,E,Min,0.833,2048,2.049394
REMIND-MAgPIE,E,Min,0.833,2049,2.0532703999999997
REMIND-MAgPIE,E,Min,0.833,2050,2.0584588
REMIND-MAgPIE,E,Min,0.833,2051,2.0590352000000003
REMIND-MAgPIE,E,Min,0.833,2052,2.0598175999999997
REMIND-MAgPIE,E,Min,0.833,2053,2.0589176
REMIND-MAgPIE,E,Min,0.833,2054,2.0562528
REMIND-MAgPIE,E,Min,0.833,2055,2.0517703999999997
REMIND-MAgPIE,E,Min,0.833,2056,2.0460176
REMIND-MAgPIE,E,Min,0.833,2057,2.0423704
REMIND-MAgPIE,E,Min,0.833,2058,2.0395
REMIND-MAgPIE,E,Min,0.833,2059,2.0360116
REMIND-MAgPIE,E,Min,0.833,2060,2.0328764
REMIND-MAgPIE,E,Min,0.833,2061,2.0305232
REMIND-MAgPIE,E,Min,0.833,2062,2.0275703999999997
REMIND-MAgPIE,E,Min,0.833,2063,2.0232
REMIND-MAgPIE,E,Min,0.833,2064,2.0193408
REMIND-MAgPIE,E,Min,0.833,2065,2.0130176
REMIND-MAgPIE,E,Min,0.833,2066,2.0105644
REMIND-MAgPIE,E,Min,0.833,2067,2.0074704
REMIND-MAgPIE,E,Min,0.833,2068,2.0039588
REMIND-MAgPIE,E,Min,0.833,2069,2.0004588
REMIND-MAgPIE,E,Min,0.833,2070,1.9973116
REMIND-MAgPIE,E,Min,0.833,2071,1.9953528
REMIND-MAgPIE,E,Min,0.833,2072,1.9917232
REMIND-MAgPIE,E,Min,0.833,2073,1.990094
REMIND-MAgPIE,E,Min,0.833,2074,1.9869352
REMIND-MAgPIE,E,Min,0.833,2075,1.9843704
REMIND-MAgPIE,E,Min,0.833,2076,1.9818176
REMIND-MAgPIE,E,Min,0.833,2077,1.9778
REMIND-MAgPIE,E,Min,0.833,2078,1.9745116
REMIND-MAgPIE,E,Min,0.833,2079,1.97347
REMIND-MAgPIE,E,Min,0.833,2080,1.97047
REMIND-MAgPIE,E,Min,0.833,2081,1.9699172
REMIND-MAgPIE,E,Min,0.833,2082,1.9686764
REMIND-MAgPIE,E,Min,0.833,2083,1.9683352
REMIND-MAgPIE,E,Min,0.833,2084,1.968094
REMIND-MAgPIE,E,Min,0.833,2085,1.9657116
REMIND-MAgPIE,E,Min,0.833,2086,1.9633588
REMIND-MAgPIE,E,Min,0.833,2087,1.9612116
REMIND-MAgPIE,E,Min,0.833,2088,1.9585468
REMIND-MAgPIE,E,Min,0.833,2089,1.9566352
REMIND-MAgPIE,E,Min,0.833,2090,1.9543764
REMIND-MAgPIE,E,Min,0.833,2091,1.9503764
REMIND-MAgPIE,E,Min,0.833,2092,1.9482116
REMIND-MAgPIE,E,Min,0.833,2093,1.9461644
REMIND-MAgPIE,E,Min,0.833,2094,1.9443408
REMIND-MAgPIE,E,Min,0.833,2095,1.943588
REMIND-MAgPIE,E,Min,0.833,2096,1.943188
REMIND-MAgPIE,E,Min,0.833,2097,1.9399176
REMIND-MAgPIE,E,Min,0.833,2098,1.9361
REMIND-MAgPIE,E,Min,0.833,2099,1.9342232
REMIND-MAgPIE,E,Min,0.833,2100,1.9320116
REMIND-MAgPIE,E,Min,0.9,1990,0.70042
REMIND-MAgPIE,E,Min,0.9,1991,0.6982400000000001
REMIND-MAgPIE,E,Min,0.9,1992,0.605
REMIND-MAgPIE,E,Min,0.9,1993,0.53064
REMIND-MAgPIE,E,Min,0.9,1994,0.55858
REMIND-MAgPIE,E,Min,0.9,1995,0.62682
REMIND-MAgPIE,E,Min,0.9,1996,0.69428
REMIND-MAgPIE,E,Min,0.9,1997,0.7538
REMIND-MAgPIE,E,Min,0.9,1998,0.80842
REMIND-MAgPIE,E,Min,0.9,1999,0.8605400000000001
REMIND-MAgPIE,E,Min,0.9,2000,0.9097
REMIND-MAgPIE,E,Min,0.9,2001,0.95344
REMIND-MAgPIE,E,Min,0.9,2002,0.99034
REMIND-MAgPIE,E,Min,0.9,2003,1.01864
REMIND-MAgPIE,E,Min,0.9,2004,1.03908
REMIND-MAgPIE,E,Min,0.9,2005,1.0545
REMIND-MAgPIE,E,Min,0.9,2006,1.06724
REMIND-MAgPIE,E,Min,0.9,2007,1.08276
REMIND-MAgPIE,E,Min,0.9,2008,1.10304
REMIND-MAgPIE,E,Min,0.9,2009,1.12458
REMIND-MAgPIE,E,Min,0.9,2010,1.14962
REMIND-MAgPIE,E,Min,0.9,2011,1.17936
REMIND-MAgPIE,E,Min,0.9,2012,1.2102
REMIND-MAgPIE,E,Min,0.9,2013,1.24442
REMIND-MAgPIE,E,Min,0.9,2014,1.27984
REMIND-MAgPIE,E,Min,0.9,2015,1.31014
REMIND-MAgPIE,E,Min,0.9,2016,1.33876
REMIND-MAgPIE,E,Min,0.9,2017,1.36966
REMIND-MAgPIE,E,Min,0.9,2018,1.4025200000000002
REMIND-MAgPIE,E,Min,0.9,2019,1.43414
REMIND-MAgPIE,E,Min,0.9,2020,1.4661
REMIND-MAgPIE,E,Min,0.9,2021,1.5013800000000002
REMIND-MAgPIE,E,Min,0.9,2022,1.53464
REMIND-MAgPIE,E,Min,0.9,2023,1.56684
REMIND-MAgPIE,E,Min,0.9,2024,1.5985
REMIND-MAgPIE,E,Min,0.9,2025,1.62908
REMIND-MAgPIE,E,Min,0.9,2026,1.65788
REMIND-MAgPIE,E,Min,0.9,2027,1.6870600000000002
REMIND-MAgPIE,E,Min,0.9,2028,1.71588
REMIND-MAgPIE,E,Min,0.9,2029,1.74278
REMIND-MAgPIE,E,Min,0.9,2030,1.76906
REMIND-MAgPIE,E,Min,0.9,2031,1.7985800000000003
REMIND-MAgPIE,E,Min,0.9,2032,1.8308
REMIND-MAgPIE,E,Min,0.9,2033,1.8598000000000003
REMIND-MAgPIE,E,Min,0.9,2034,1.8901800000000004
REMIND-MAgPIE,E,Min,0.9,2035,1.9224
REMIND-MAgPIE,E,Min,0.9,2036,1.95058
REMIND-MAgPIE,E,Min,0.9,2037,1.9781200000000003
REMIND-MAgPIE,E,Min,0.9,2038,2.00548
REMIND-MAgPIE,E,Min,0.9,2039,2.0329
REMIND-MAgPIE,E,Min,0.9,2040,2.05656
REMIND-MAgPIE,E,Min,0.9,2041,2.0817
REMIND-MAgPIE,E,Min,0.9,2042,2.10036
REMIND-MAgPIE,E,Min,0.9,2043,2.11694
REMIND-MAgPIE,E,Min,0.9,2044,2.13094
REMIND-MAgPIE,E,Min,0.9,2045,2.14316
REMIND-MAgPIE,E,Min,0.9,2046,2.1544600000000003
REMIND-MAgPIE,E,Min,0.9,2047,2.16022
REMIND-MAgPIE,E,Min,0.9,2048,2.16838
REMIND-MAgPIE,E,Min,0.9,2049,2.17408
REMIND-MAgPIE,E,Min,0.9,2050,2.17824
REMIND-MAgPIE,E,Min,0.9,2051,2.18184
REMIND-MAgPIE,E,Min,0.9,2052,2.1831
REMIND-MAgPIE,E,Min,0.9,2053,2.18148
REMIND-MAgPIE,E,Min,0.9,2054,2.18058
REMIND-MAgPIE,E,Min,0.9,2055,2.18152
REMIND-MAgPIE,E,Min,0.9,2056,2.17818
REMIND-MAgPIE,E,Min,0.9,2057,2.17544
REMIND-MAgPIE,E,Min,0.9,2058,2.1703400000000004
REMIND-MAgPIE,E,Min,0.9,2059,2.16814
REMIND-MAgPIE,E,Min,0.9,2060,2.16486
REMIND-MAgPIE,E,Min,0.9,2061,2.1603600000000003
REMIND-MAgPIE,E,Min,0.9,2062,2.15592
REMIND-MAgPIE,E,Min,0.9,2063,2.15106
REMIND-MAgPIE,E,Min,0.9,2064,2.1467400000000003
REMIND-MAgPIE,E,Min,0.9,2065,2.1418600000000003
REMIND-MAgPIE,E,Min,0.9,2066,2.1382600000000003
REMIND-MAgPIE,E,Min,0.9,2067,2.13364
REMIND-MAgPIE,E,Min,0.9,2068,2.1301
REMIND-MAgPIE,E,Min,0.9,2069,2.12638
REMIND-MAgPIE,E,Min,0.9,2070,2.12208
REMIND-MAgPIE,E,Min,0.9,2071,2.12164
REMIND-MAgPIE,E,Min,0.9,2072,2.1182600000000003
REMIND-MAgPIE,E,Min,0.9,2073,2.1162400000000003
REMIND-MAgPIE,E,Min,0.9,2074,2.11312
REMIND-MAgPIE,E,Min,0.9,2075,2.1111
REMIND-MAgPIE,E,Min,0.9,2076,2.1079600000000003
REMIND-MAgPIE,E,Min,0.9,2077,2.10804
REMIND-MAgPIE,E,Min,0.9,2078,2.10476
REMIND-MAgPIE,E,Min,0.9,2079,2.10198
REMIND-MAgPIE,E,Min,0.9,2080,2.0988800000000003
REMIND-MAgPIE,E,Min,0.9,2081,2.0968400000000003
REMIND-MAgPIE,E,Min,0.9,2082,2.09538
REMIND-MAgPIE,E,Min,0.9,2083,2.0952400000000004
REMIND-MAgPIE,E,Min,0.9,2084,2.0966000000000005
REMIND-MAgPIE,E,Min,0.9,2085,2.09494
REMIND-MAgPIE,E,Min,0.9,2086,2.0944800000000003
REMIND-MAgPIE,E,Min,0.9,2087,2.09384
REMIND-MAgPIE,E,Min,0.9,2088,2.09248
REMIND-MAgPIE,E,Min,0.9,2089,2.09062
REMIND-MAgPIE,E,Min,0.9,2090,2.08892
REMIND-MAgPIE,E,Min,0.9,2091,2.08726
REMIND-MAgPIE,E,Min,0.9,2092,2.0847
REMIND-MAgPIE,E,Min,0.9,2093,2.08204
REMIND-MAgPIE,E,Min,0.9,2094,2.0815
REMIND-MAgPIE,E,Min,0.9,2095,2.07972
REMIND-MAgPIE,E,Min,0.9,2096,2.0781199999999997
REMIND-MAgPIE,E,Min,0.9,2097,2.07694
REMIND-MAgPIE,E,Min,0.9,2098,2.07704
REMIND-MAgPIE,E,Min,0.9,2099,2.07498
REMIND-MAgPIE,E,Min,0.9,2100,2.07414
REMIND-MAgPIE,IMP-REN,Median,0.1,1990,0.496353944
REMIND-MAgPIE,IMP-REN,Median,0.1,1991,0.489071302
REMIND-MAgPIE,IMP-REN,Median,0.1,1992,0.381489955
REMIND-MAgPIE,IMP-REN,Median,0.1,1993,0.298330255
REMIND-MAgPIE,IMP-REN,Median,0.1,1994,0.331407703
REMIND-MAgPIE,IMP-REN,Median,0.1,1995,0.404171564
REMIND-MAgPIE,IMP-REN,Median,0.1,1996,0.477823027
REMIND-MAgPIE,IMP-REN,Median,0.1,1997,0.535176653
REMIND-MAgPIE,IMP-REN,Median,0.1,1998,0.580412513
REMIND-MAgPIE,IMP-REN,Median,0.1,1999,0.632121962
REMIND-MAgPIE,IMP-REN,Median,0.1,2000,0.685662284
REMIND-MAgPIE,IMP-REN,Median,0.1,2001,0.730090577
REMIND-MAgPIE,IMP-REN,Median,0.1,2002,0.7621496
REMIND-MAgPIE,IMP-REN,Median,0.1,2003,0.7803447
REMIND-MAgPIE,IMP-REN,Median,0.1,2004,0.791858363
REMIND-MAgPIE,IMP-REN,Median,0.1,2005,0.800741783
REMIND-MAgPIE,IMP-REN,Median,0.1,2006,0.805125627
REMIND-MAgPIE,IMP-REN,Median,0.1,2007,0.811548893
REMIND-MAgPIE,IMP-REN,Median,0.1,2008,0.824110296
REMIND-MAgPIE,IMP-REN,Median,0.1,2009,0.841713358
REMIND-MAgPIE,IMP-REN,Median,0.1,2010,0.8607092
REMIND-MAgPIE,IMP-REN,Median,0.1,2011,0.880939891
REMIND-MAgPIE,IMP-REN,Median,0.1,2012,0.903332783
REMIND-MAgPIE,IMP-REN,Median,0.1,2013,0.928858039
REMIND-MAgPIE,IMP-REN,Median,0.1,2014,0.953713269
REMIND-MAgPIE,IMP-REN,Median,0.1,2015,0.976128517
REMIND-MAgPIE,IMP-REN,Median,0.1,2016,1.000405368
REMIND-MAgPIE,IMP-REN,Median,0.1,2017,1.025190233
REMIND-MAgPIE,IMP-REN,Median,0.1,2018,1.049720044
REMIND-MAgPIE,IMP-REN,Median,0.1,2019,1.070866521
REMIND-MAgPIE,IMP-REN,Median,0.1,2020,1.091914386
REMIND-MAgPIE,IMP-REN,Median,0.1,2021,1.112171696
REMIND-MAgPIE,IMP-REN,Median,0.1,2022,1.132363858
REMIND-MAgPIE,IMP-REN,Median,0.1,2023,1.152846859
REMIND-MAgPIE,IMP-REN,Median,0.1,2024,1.170495977
REMIND-MAgPIE,IMP-REN,Median,0.1,2025,1.186351571
REMIND-MAgPIE,IMP-REN,Median,0.1,2026,1.199354982
REMIND-MAgPIE,IMP-REN,Median,0.1,2027,1.213096011
REMIND-MAgPIE,IMP-REN,Median,0.1,2028,1.221424226
REMIND-MAgPIE,IMP-REN,Median,0.1,2029,1.229164064
REMIND-MAgPIE,IMP-REN,Median,0.1,2030,1.237643001
REMIND-MAgPIE,IMP-REN,Median,0.1,2031,1.243760266
REMIND-MAgPIE,IMP-REN,Median,0.1,2032,1.248243132
REMIND-MAgPIE,IMP-REN,Median,0.1,2033,1.250642569
REMIND-MAgPIE,IMP-REN,Median,0.1,2034,1.251578034
REMIND-MAgPIE,IMP-REN,Median,0.1,2035,1.253456425
REMIND-MAgPIE,IMP-REN,Median,0.1,2036,1.252536572
REMIND-MAgPIE,IMP-REN,Median,0.1,2037,1.252255158
REMIND-MAgPIE,IMP-REN,Median,0.1,2038,1.248660459
REMIND-MAgPIE,IMP-REN,Median,0.1,2039,1.247501405
REMIND-MAgPIE,IMP-REN,Median,0.1,2040,1.245197544
REMIND-MAgPIE,IMP-REN,Median,0.1,2041,1.242265838
REMIND-MAgPIE,IMP-REN,Median,0.1,2042,1.240227476
REMIND-MAgPIE,IMP-REN,Median,0.1,2043,1.237516011
REMIND-MAgPIE,IMP-REN,Median,0.1,2044,1.234452793
REMIND-MAgPIE,IMP-REN,Median,0.1,2045,1.230159931
REMIND-MAgPIE,IMP-REN,Median,0.1,2046,1.225462604
REMIND-MAgPIE,IMP-REN,Median,0.1,2047,1.221316304
REMIND-MAgPIE,IMP-REN,Median,0.1,2048,1.216986543
REMIND-MAgPIE,IMP-REN,Median,0.1,2049,1.213139415
REMIND-MAgPIE,IMP-REN,Median,0.1,2050,1.210220424
REMIND-MAgPIE,IMP-REN,Median,0.1,2051,1.207489527
REMIND-MAgPIE,IMP-REN,Median,0.1,2052,1.204555517
REMIND-MAgPIE,IMP-REN,Median,0.1,2053,1.20094397
REMIND-MAgPIE,IMP-REN,Median,0.1,2054,1.198016375
REMIND-MAgPIE,IMP-REN,Median,0.1,2055,1.195017132
REMIND-MAgPIE,IMP-REN,Median,0.1,2056,1.191844677
REMIND-MAgPIE,IMP-REN,Median,0.1,2057,1.188810105
REMIND-MAgPIE,IMP-REN,Median,0.1,2058,1.186266821
REMIND-MAgPIE,IMP-REN,Median,0.1,2059,1.184516187
REMIND-MAgPIE,IMP-REN,Median,0.1,2060,1.182576013
REMIND-MAgPIE,IMP-REN,Median,0.1,2061,1.1797991860000001
REMIND-MAgPIE,IMP-REN,Median,0.1,2062,1.177512854
REMIND-MAgPIE,IMP-REN,Median,0.1,2063,1.175121025
REMIND-MAgPIE,IMP-REN,Median,0.1,2064,1.172632678
REMIND-MAgPIE,IMP-REN,Median,0.1,2065,1.170672981
REMIND-MAgPIE,IMP-REN,Median,0.1,2066,1.169273355
REMIND-MAgPIE,IMP-REN,Median,0.1,2067,1.167377412
REMIND-MAgPIE,IMP-REN,Median,0.1,2068,1.165222228
REMIND-MAgPIE,IMP-REN,Median,0.1,2069,1.163846042
REMIND-MAgPIE,IMP-REN,Median,0.1,2070,1.163521259
REMIND-MAgPIE,IMP-REN,Median,0.1,2071,1.162334984
REMIND-MAgPIE,IMP-REN,Median,0.1,2072,1.161011459
REMIND-MAgPIE,IMP-REN,Median,0.1,2073,1.159910072
REMIND-MAgPIE,IMP-REN,Median,0.1,2074,1.159096772
REMIND-MAgPIE,IMP-REN,Median,0.1,2075,1.157708136
REMIND-MAgPIE,IMP-REN,Median,0.1,2076,1.156545215
REMIND-MAgPIE,IMP-REN,Median,0.1,2077,1.155596638
REMIND-MAgPIE,IMP-REN,Median,0.1,2078,1.155051009
REMIND-MAgPIE,IMP-REN,Median,0.1,2079,1.154020349
REMIND-MAgPIE,IMP-REN,Median,0.1,2080,1.153295102
REMIND-MAgPIE,IMP-REN,Median,0.1,2081,1.152884052
REMIND-MAgPIE,IMP-REN,Median,0.1,2082,1.152193939
REMIND-MAgPIE,IMP-REN,Median,0.1,2083,1.151601264
REMIND-MAgPIE,IMP-REN,Median,0.1,2084,1.151080401
REMIND-MAgPIE,IMP-REN,Median,0.1,2085,1.150495342
REMIND-MAgPIE,IMP-REN,Median,0.1,2086,1.149048187
REMIND-MAgPIE,IMP-REN,Median,0.1,2087,1.148050789
REMIND-MAgPIE,IMP-REN,Median,0.1,2088,1.147064715
REMIND-MAgPIE,IMP-REN,Median,0.1,2089,1.146138394
REMIND-MAgPIE,IMP-REN,Median,0.1,2090,1.145256107
REMIND-MAgPIE,IMP-REN,Median,0.1,2091,1.144167982
REMIND-MAgPIE,IMP-REN,Median,0.1,2092,1.142794083
REMIND-MAgPIE,IMP-REN,Median,0.1,2093,1.141429249
REMIND-MAgPIE,IMP-REN,Median,0.1,2094,1.140041454
REMIND-MAgPIE,IMP-REN,Median,0.1,2095,1.139438899
REMIND-MAgPIE,IMP-REN,Median,0.1,2096,1.138896937
REMIND-MAgPIE,IMP-REN,Median,0.1,2097,1.137813866
REMIND-MAgPIE,IMP-REN,Median,0.1,2098,1.13641355
REMIND-MAgPIE,IMP-REN,Median,0.1,2099,1.135266985
REMIND-MAgPIE,IMP-REN,Median,0.1,2100,1.133964666
REMIND-MAgPIE,IMP-REN,Median,0.167,1990,0.51486904
REMIND-MAgPIE,IMP-REN,Median,0.167,1991,0.507643192
REMIND-MAgPIE,IMP-REN,Median,0.167,1992,0.403526553
REMIND-MAgPIE,IMP-REN,Median,0.167,1993,0.320331177
REMIND-MAgPIE,IMP-REN,Median,0.167,1994,0.353303192
REMIND-MAgPIE,IMP-REN,Median,0.167,1995,0.427438196
REMIND-MAgPIE,IMP-REN,Median,0.167,1996,0.500354579
REMIND-MAgPIE,IMP-REN,Median,0.167,1997,0.558874724
REMIND-MAgPIE,IMP-REN,Median,0.167,1998,0.603176444
REMIND-MAgPIE,IMP-REN,Median,0.167,1999,0.653962306
REMIND-MAgPIE,IMP-REN,Median,0.167,2000,0.709024226
REMIND-MAgPIE,IMP-REN,Median,0.167,2001,0.755083582
REMIND-MAgPIE,IMP-REN,Median,0.167,2002,0.788138829
REMIND-MAgPIE,IMP-REN,Median,0.167,2003,0.805749059
REMIND-MAgPIE,IMP-REN,Median,0.167,2004,0.820160929
REMIND-MAgPIE,IMP-REN,Median,0.167,2005,0.82968494
REMIND-MAgPIE,IMP-REN,Median,0.167,2006,0.835867802
REMIND-MAgPIE,IMP-REN,Median,0.167,2007,0.843579401
REMIND-MAgPIE,IMP-REN,Median,0.167,2008,0.858212437
REMIND-MAgPIE,IMP-REN,Median,0.167,2009,0.876014318
REMIND-MAgPIE,IMP-REN,Median,0.167,2010,0.89662789
REMIND-MAgPIE,IMP-REN,Median,0.167,2011,0.918613222
REMIND-MAgPIE,IMP-REN,Median,0.167,2012,0.941198805
REMIND-MAgPIE,IMP-REN,Median,0.167,2013,0.96659312
REMIND-MAgPIE,IMP-REN,Median,0.167,2014,0.991469128
REMIND-MAgPIE,IMP-REN,Median,0.167,2015,1.015483838
REMIND-MAgPIE,IMP-REN,Median,0.167,2016,1.041684908
REMIND-MAgPIE,IMP-REN,Median,0.167,2017,1.067209715
REMIND-MAgPIE,IMP-REN,Median,0.167,2018,1.092416782
REMIND-MAgPIE,IMP-REN,Median,0.167,2019,1.115737874
REMIND-MAgPIE,IMP-REN,Median,0.167,2020,1.137052472
REMIND-MAgPIE,IMP-REN,Median,0.167,2021,1.157590406
REMIND-MAgPIE,IMP-REN,Median,0.167,2022,1.179038598
REMIND-MAgPIE,IMP-REN,Median,0.167,2023,1.198766841
REMIND-MAgPIE,IMP-REN,Median,0.167,2024,1.218178942
REMIND-MAgPIE,IMP-REN,Median,0.167,2025,1.235342131
REMIND-MAgPIE,IMP-REN,Median,0.167,2026,1.250403875
REMIND-MAgPIE,IMP-REN,Median,0.167,2027,1.263383481
REMIND-MAgPIE,IMP-REN,Median,0.167,2028,1.273159497
REMIND-MAgPIE,IMP-REN,Median,0.167,2029,1.284591775
REMIND-MAgPIE,IMP-REN,Median,0.167,2030,1.293898477
REMIND-MAgPIE,IMP-REN,Median,0.167,2031,1.300834806
REMIND-MAgPIE,IMP-REN,Median,0.167,2032,1.306025212
REMIND-MAgPIE,IMP-REN,Median,0.167,2033,1.310416517
REMIND-MAgPIE,IMP-REN,Median,0.167,2034,1.311954827
REMIND-MAgPIE,IMP-REN,Median,0.167,2035,1.314181561
REMIND-MAgPIE,IMP-REN,Median,0.167,2036,1.314676647
REMIND-MAgPIE,IMP-REN,Median,0.167,2037,1.313286356
REMIND-MAgPIE,IMP-REN,Median,0.167,2038,1.311275494
REMIND-MAgPIE,IMP-REN,Median,0.167,2039,1.309245443
REMIND-MAgPIE,IMP-REN,Median,0.167,2040,1.306438231
REMIND-MAgPIE,IMP-REN,Median,0.167,2041,1.302787135
REMIND-MAgPIE,IMP-REN,Median,0.167,2042,1.298009815
REMIND-MAgPIE,IMP-REN,Median,0.167,2043,1.29347664
REMIND-MAgPIE,IMP-REN,Median,0.167,2044,1.289027325
REMIND-MAgPIE,IMP-REN,Median,0.167,2045,1.286120351
REMIND-MAgPIE,IMP-REN,Median,0.167,2046,1.281883142
REMIND-MAgPIE,IMP-REN,Median,0.167,2047,1.277495555
REMIND-MAgPIE,IMP-REN,Median,0.167,2048,1.273403349
REMIND-MAgPIE,IMP-REN,Median,0.167,2049,1.269903351
REMIND-MAgPIE,IMP-REN,Median,0.167,2050,1.266916863
REMIND-MAgPIE,IMP-REN,Median,0.167,2051,1.263608689
REMIND-MAgPIE,IMP-REN,Median,0.167,2052,1.260694402
REMIND-MAgPIE,IMP-REN,Median,0.167,2053,1.257869599
REMIND-MAgPIE,IMP-REN,Median,0.167,2054,1.254107853
REMIND-MAgPIE,IMP-REN,Median,0.167,2055,1.250681267
REMIND-MAgPIE,IMP-REN,Median,0.167,2056,1.247198763
REMIND-MAgPIE,IMP-REN,Median,0.167,2057,1.243989929
REMIND-MAgPIE,IMP-REN,Median,0.167,2058,1.241022624
REMIND-MAgPIE,IMP-REN,Median,0.167,2059,1.238700289
REMIND-MAgPIE,IMP-REN,Median,0.167,2060,1.236447639
REMIND-MAgPIE,IMP-REN,Median,0.167,2061,1.234327653
REMIND-MAgPIE,IMP-REN,Median,0.167,2062,1.231827266
REMIND-MAgPIE,IMP-REN,Median,0.167,2063,1.23029455
REMIND-MAgPIE,IMP-REN,Median,0.167,2064,1.22756993
REMIND-MAgPIE,IMP-REN,Median,0.167,2065,1.225407728
REMIND-MAgPIE,IMP-REN,Median,0.167,2066,1.224144403
REMIND-MAgPIE,IMP-REN,Median,0.167,2067,1.222304075
REMIND-MAgPIE,IMP-REN,Median,0.167,2068,1.220715764
REMIND-MAgPIE,IMP-REN,Median,0.167,2069,1.219950022
REMIND-MAgPIE,IMP-REN,Median,0.167,2070,1.219019888
REMIND-MAgPIE,IMP-REN,Median,0.167,2071,1.218136964
REMIND-MAgPIE,IMP-REN,Median,0.167,2072,1.217432167
REMIND-MAgPIE,IMP-REN,Median,0.167,2073,1.215944081
REMIND-MAgPIE,IMP-REN,Median,0.167,2074,1.214794061
REMIND-MAgPIE,IMP-REN,Median,0.167,2075,1.213516796
REMIND-MAgPIE,IMP-REN,Median,0.167,2076,1.212087559
REMIND-MAgPIE,IMP-REN,Median,0.167,2077,1.211640107
REMIND-MAgPIE,IMP-REN,Median,0.167,2078,1.210572352
REMIND-MAgPIE,IMP-REN,Median,0.167,2079,1.209049771
REMIND-MAgPIE,IMP-REN,Median,0.167,2080,1.207611996
REMIND-MAgPIE,IMP-REN,Median,0.167,2081,1.206718118
REMIND-MAgPIE,IMP-REN,Median,0.167,2082,1.205138129
REMIND-MAgPIE,IMP-REN,Median,0.167,2083,1.203696655
REMIND-MAgPIE,IMP-REN,Median,0.167,2084,1.202493033
REMIND-MAgPIE,IMP-REN,Median,0.167,2085,1.200863923
REMIND-MAgPIE,IMP-REN,Median,0.167,2086,1.200709145
REMIND-MAgPIE,IMP-REN,Median,0.167,2087,1.200082678
REMIND-MAgPIE,IMP-REN,Median,0.167,2088,1.198366566
REMIND-MAgPIE,IMP-REN,Median,0.167,2089,1.197649689
REMIND-MAgPIE,IMP-REN,Median,0.167,2090,1.196803055
REMIND-MAgPIE,IMP-REN,Median,0.167,2091,1.195511344
REMIND-MAgPIE,IMP-REN,Median,0.167,2092,1.19463674
REMIND-MAgPIE,IMP-REN,Median,0.167,2093,1.193586946
REMIND-MAgPIE,IMP-REN,Median,0.167,2094,1.192669102
REMIND-MAgPIE,IMP-REN,Median,0.167,2095,1.191768583
REMIND-MAgPIE,IMP-REN,Median,0.167,2096,1.190561234
REMIND-MAgPIE,IMP-REN,Median,0.167,2097,1.190121802
REMIND-MAgPIE,IMP-REN,Median,0.167,2098,1.189864857
REMIND-MAgPIE,IMP-REN,Median,0.167,2099,1.189233561
REMIND-MAgPIE,IMP-REN,Median,0.167,2100,1.188360721
REMIND-MAgPIE,IMP-REN,Median,0.2,1990,0.524377409
REMIND-MAgPIE,IMP-REN,Median,0.2,1991,0.515535133
REMIND-MAgPIE,IMP-REN,Median,0.2,1992,0.413032968
REMIND-MAgPIE,IMP-REN,Median,0.2,1993,0.330382998
REMIND-MAgPIE,IMP-REN,Median,0.2,1994,0.361740578
REMIND-MAgPIE,IMP-REN,Median,0.2,1995,0.435937511
REMIND-MAgPIE,IMP-REN,Median,0.2,1996,0.509977282
REMIND-MAgPIE,IMP-REN,Median,0.2,1997,0.565810717
REMIND-MAgPIE,IMP-REN,Median,0.2,1998,0.612208797
REMIND-MAgPIE,IMP-REN,Median,0.2,1999,0.664418307
REMIND-MAgPIE,IMP-REN,Median,0.2,2000,0.719586003
REMIND-MAgPIE,IMP-REN,Median,0.2,2001,0.765967461
REMIND-MAgPIE,IMP-REN,Median,0.2,2002,0.798774174
REMIND-MAgPIE,IMP-REN,Median,0.2,2003,0.818386043
REMIND-MAgPIE,IMP-REN,Median,0.2,2004,0.831007681
REMIND-MAgPIE,IMP-REN,Median,0.2,2005,0.84303445
REMIND-MAgPIE,IMP-REN,Median,0.2,2006,0.84954395
REMIND-MAgPIE,IMP-REN,Median,0.2,2007,0.857296374
REMIND-MAgPIE,IMP-REN,Median,0.2,2008,0.872604349
REMIND-MAgPIE,IMP-REN,Median,0.2,2009,0.890765628
REMIND-MAgPIE,IMP-REN,Median,0.2,2010,0.910365877
REMIND-MAgPIE,IMP-REN,Median,0.2,2011,0.931428386
REMIND-MAgPIE,IMP-REN,Median,0.2,2012,0.954348809
REMIND-MAgPIE,IMP-REN,Median,0.2,2013,0.980893841
REMIND-MAgPIE,IMP-REN,Median,0.2,2014,1.006630463
REMIND-MAgPIE,IMP-REN,Median,0.2,2015,1.031173833
REMIND-MAgPIE,IMP-REN,Median,0.2,2016,1.056753803
REMIND-MAgPIE,IMP-REN,Median,0.2,2017,1.082781341
REMIND-MAgPIE,IMP-REN,Median,0.2,2018,1.107586544
REMIND-MAgPIE,IMP-REN,Median,0.2,2019,1.130854759
REMIND-MAgPIE,IMP-REN,Median,0.2,2020,1.153825788
REMIND-MAgPIE,IMP-REN,Median,0.2,2021,1.174368821
REMIND-MAgPIE,IMP-REN,Median,0.2,2022,1.194668986
REMIND-MAgPIE,IMP-REN,Median,0.2,2023,1.215413811
REMIND-MAgPIE,IMP-REN,Median,0.2,2024,1.235490459
REMIND-MAgPIE,IMP-REN,Median,0.2,2025,1.252136416
REMIND-MAgPIE,IMP-REN,Median,0.2,2026,1.268508167
REMIND-MAgPIE,IMP-REN,Median,0.2,2027,1.282184469
REMIND-MAgPIE,IMP-REN,Median,0.2,2028,1.293551019
REMIND-MAgPIE,IMP-REN,Median,0.2,2029,1.303098557
REMIND-MAgPIE,IMP-REN,Median,0.2,2030,1.31382174
REMIND-MAgPIE,IMP-REN,Median,0.2,2031,1.321025616
REMIND-MAgPIE,IMP-REN,Median,0.2,2032,1.327104652
REMIND-MAgPIE,IMP-REN,Median,0.2,2033,1.330281612
REMIND-MAgPIE,IMP-REN,Median,0.2,2034,1.332729341
REMIND-MAgPIE,IMP-REN,Median,0.2,2035,1.335351288
REMIND-MAgPIE,IMP-REN,Median,0.2,2036,1.335964844
REMIND-MAgPIE,IMP-REN,Median,0.2,2037,1.335623605
REMIND-MAgPIE,IMP-REN,Median,0.2,2038,1.332748635
REMIND-MAgPIE,IMP-REN,Median,0.2,2039,1.329777744
REMIND-MAgPIE,IMP-REN,Median,0.2,2040,1.327989171
REMIND-MAgPIE,IMP-REN,Median,0.2,2041,1.325522879
REMIND-MAgPIE,IMP-REN,Median,0.2,2042,1.321333476
REMIND-MAgPIE,IMP-REN,Median,0.2,2043,1.317395433
REMIND-MAgPIE,IMP-REN,Median,0.2,2044,1.313328983
REMIND-MAgPIE,IMP-REN,Median,0.2,2045,1.307850936
REMIND-MAgPIE,IMP-REN,Median,0.2,2046,1.305095206
REMIND-MAgPIE,IMP-REN,Median,0.2,2047,1.300761145
REMIND-MAgPIE,IMP-REN,Median,0.2,2048,1.296246182
REMIND-MAgPIE,IMP-REN,Median,0.2,2049,1.293133947
REMIND-MAgPIE,IMP-REN,Median,0.2,2050,1.290815493
REMIND-MAgPIE,IMP-REN,Median,0.2,2051,1.287525671
REMIND-MAgPIE,IMP-REN,Median,0.2,2052,1.283746538
REMIND-MAgPIE,IMP-REN,Median,0.2,2053,1.280094849
REMIND-MAgPIE,IMP-REN,Median,0.2,2054,1.27661483
REMIND-MAgPIE,IMP-REN,Median,0.2,2055,1.274080694
REMIND-MAgPIE,IMP-REN,Median,0.2,2056,1.271667722
REMIND-MAgPIE,IMP-REN,Median,0.2,2057,1.269653023
REMIND-MAgPIE,IMP-REN,Median,0.2,2058,1.266098006
REMIND-MAgPIE,IMP-REN,Median,0.2,2059,1.263427248
REMIND-MAgPIE,IMP-REN,Median,0.2,2060,1.260980281
REMIND-MAgPIE,IMP-REN,Median,0.2,2061,1.258831999
REMIND-MAgPIE,IMP-REN,Median,0.2,2062,1.256869553
REMIND-MAgPIE,IMP-REN,Median,0.2,2063,1.255272468
REMIND-MAgPIE,IMP-REN,Median,0.2,2064,1.253818971
REMIND-MAgPIE,IMP-REN,Median,0.2,2065,1.252429434
REMIND-MAgPIE,IMP-REN,Median,0.2,2066,1.251249918
REMIND-MAgPIE,IMP-REN,Median,0.2,2067,1.249530466
REMIND-MAgPIE,IMP-REN,Median,0.2,2068,1.248828528
REMIND-MAgPIE,IMP-REN,Median,0.2,2069,1.247885529
REMIND-MAgPIE,IMP-REN,Median,0.2,2070,1.24666391
REMIND-MAgPIE,IMP-REN,Median,0.2,2071,1.245246225
REMIND-MAgPIE,IMP-REN,Median,0.2,2072,1.244651455
REMIND-MAgPIE,IMP-REN,Median,0.2,2073,1.243184
REMIND-MAgPIE,IMP-REN,Median,0.2,2074,1.243061132
REMIND-MAgPIE,IMP-REN,Median,0.2,2075,1.242194013
REMIND-MAgPIE,IMP-REN,Median,0.2,2076,1.241415787
REMIND-MAgPIE,IMP-REN,Median,0.2,2077,1.240295369
REMIND-MAgPIE,IMP-REN,Median,0.2,2078,1.239223336
REMIND-MAgPIE,IMP-REN,Median,0.2,2079,1.23799528
REMIND-MAgPIE,IMP-REN,Median,0.2,2080,1.235893591
REMIND-MAgPIE,IMP-REN,Median,0.2,2081,1.233660763
REMIND-MAgPIE,IMP-REN,Median,0.2,2082,1.232510594
REMIND-MAgPIE,IMP-REN,Median,0.2,2083,1.232309045
REMIND-MAgPIE,IMP-REN,Median,0.2,2084,1.230804861
REMIND-MAgPIE,IMP-REN,Median,0.2,2085,1.229387938
REMIND-MAgPIE,IMP-REN,Median,0.2,2086,1.22813251
REMIND-MAgPIE,IMP-REN,Median,0.2,2087,1.226647516
REMIND-MAgPIE,IMP-REN,Median,0.2,2088,1.225695657
REMIND-MAgPIE,IMP-REN,Median,0.2,2089,1.224886156
REMIND-MAgPIE,IMP-REN,Median,0.2,2090,1.223506733
REMIND-MAgPIE,IMP-REN,Median,0.2,2091,1.223154894
REMIND-MAgPIE,IMP-REN,Median,0.2,2092,1.223008884
REMIND-MAgPIE,IMP-REN,Median,0.2,2093,1.222725
REMIND-MAgPIE,IMP-REN,Median,0.2,2094,1.222141971
REMIND-MAgPIE,IMP-REN,Median,0.2,2095,1.222156516
REMIND-MAgPIE,IMP-REN,Median,0.2,2096,1.22185501
REMIND-MAgPIE,IMP-REN,Median,0.2,2097,1.220127387
REMIND-MAgPIE,IMP-REN,Median,0.2,2098,1.218976623
REMIND-MAgPIE,IMP-REN,Median,0.2,2099,1.218448991
REMIND-MAgPIE,IMP-REN,Median,0.2,2100,1.217830304
REMIND-MAgPIE,IMP-REN,Median,0.3,1990,0.550412334
REMIND-MAgPIE,IMP-REN,Median,0.3,1991,0.543677779
REMIND-MAgPIE,IMP-REN,Median,0.3,1992,0.438253901
REMIND-MAgPIE,IMP-REN,Median,0.3,1993,0.358138672
REMIND-MAgPIE,IMP-REN,Median,0.3,1994,0.389403238
REMIND-MAgPIE,IMP-REN,Median,0.3,1995,0.460555187
REMIND-MAgPIE,IMP-REN,Median,0.3,1996,0.535081512
REMIND-MAgPIE,IMP-REN,Median,0.3,1997,0.593567794
REMIND-MAgPIE,IMP-REN,Median,0.3,1998,0.640313315
REMIND-MAgPIE,IMP-REN,Median,0.3,1999,0.692072232
REMIND-MAgPIE,IMP-REN,Median,0.3,2000,0.74617846
REMIND-MAgPIE,IMP-REN,Median,0.3,2001,0.793523364
REMIND-MAgPIE,IMP-REN,Median,0.3,2002,0.828759961
REMIND-MAgPIE,IMP-REN,Median,0.3,2003,0.84827819
REMIND-MAgPIE,IMP-REN,Median,0.3,2004,0.86351014
REMIND-MAgPIE,IMP-REN,Median,0.3,2005,0.874799942
REMIND-MAgPIE,IMP-REN,Median,0.3,2006,0.880867595
REMIND-MAgPIE,IMP-REN,Median,0.3,2007,0.889990366
REMIND-MAgPIE,IMP-REN,Median,0.3,2008,0.905540701
REMIND-MAgPIE,IMP-REN,Median,0.3,2009,0.923873677
REMIND-MAgPIE,IMP-REN,Median,0.3,2010,0.944229764
REMIND-MAgPIE,IMP-REN,Median,0.3,2011,0.967975895
REMIND-MAgPIE,IMP-REN,Median,0.3,2012,0.992020073
REMIND-MAgPIE,IMP-REN,Median,0.3,2013,1.020138454
REMIND-MAgPIE,IMP-REN,Median,0.3,2014,1.046902669
REMIND-MAgPIE,IMP-REN,Median,0.3,2015,1.072603527
REMIND-MAgPIE,IMP-REN,Median,0.3,2016,1.098579883
REMIND-MAgPIE,IMP-REN,Median,0.3,2017,1.123848455
REMIND-MAgPIE,IMP-REN,Median,0.3,2018,1.150906611
REMIND-MAgPIE,IMP-REN,Median,0.3,2019,1.175580478
REMIND-MAgPIE,IMP-REN,Median,0.3,2020,1.198923002
REMIND-MAgPIE,IMP-REN,Median,0.3,2021,1.222531611
REMIND-MAgPIE,IMP-REN,Median,0.3,2022,1.245016047
REMIND-MAgPIE,IMP-REN,Median,0.3,2023,1.266704437
REMIND-MAgPIE,IMP-REN,Median,0.3,2024,1.285563357
REMIND-MAgPIE,IMP-REN,Median,0.3,2025,1.304542489
REMIND-MAgPIE,IMP-REN,Median,0.3,2026,1.32044181
REMIND-MAgPIE,IMP-REN,Median,0.3,2027,1.335557291
REMIND-MAgPIE,IMP-REN,Median,0.3,2028,1.347204817
REMIND-MAgPIE,IMP-REN,Median,0.3,2029,1.357490778
REMIND-MAgPIE,IMP-REN,Median,0.3,2030,1.368022674
REMIND-MAgPIE,IMP-REN,Median,0.3,2031,1.377011881
REMIND-MAgPIE,IMP-REN,Median,0.3,2032,1.384319462
REMIND-MAgPIE,IMP-REN,Median,0.3,2033,1.389538967
REMIND-MAgPIE,IMP-REN,Median,0.3,2034,1.393547718
REMIND-MAgPIE,IMP-REN,Median,0.3,2035,1.397061541
REMIND-MAgPIE,IMP-REN,Median,0.3,2036,1.397350484
REMIND-MAgPIE,IMP-REN,Median,0.3,2037,1.397181995
REMIND-MAgPIE,IMP-REN,Median,0.3,2038,1.396520796
REMIND-MAgPIE,IMP-REN,Median,0.3,2039,1.395100046
REMIND-MAgPIE,IMP-REN,Median,0.3,2040,1.392767681
REMIND-MAgPIE,IMP-REN,Median,0.3,2041,1.390505666
REMIND-MAgPIE,IMP-REN,Median,0.3,2042,1.387079991
REMIND-MAgPIE,IMP-REN,Median,0.3,2043,1.383053564
REMIND-MAgPIE,IMP-REN,Median,0.3,2044,1.379822804
REMIND-MAgPIE,IMP-REN,Median,0.3,2045,1.376543668
REMIND-MAgPIE,IMP-REN,Median,0.3,2046,1.372198756
REMIND-MAgPIE,IMP-REN,Median,0.3,2047,1.368026194
REMIND-MAgPIE,IMP-REN,Median,0.3,2048,1.365324983
REMIND-MAgPIE,IMP-REN,Median,0.3,2049,1.360801279
REMIND-MAgPIE,IMP-REN,Median,0.3,2050,1.35782192
REMIND-MAgPIE,IMP-REN,Median,0.3,2051,1.355380456
REMIND-MAgPIE,IMP-REN,Median,0.3,2052,1.352428615
REMIND-MAgPIE,IMP-REN,Median,0.3,2053,1.349679933
REMIND-MAgPIE,IMP-REN,Median,0.3,2054,1.345815002
REMIND-MAgPIE,IMP-REN,Median,0.3,2055,1.342089434
REMIND-MAgPIE,IMP-REN,Median,0.3,2056,1.340173881
REMIND-MAgPIE,IMP-REN,Median,0.3,2057,1.336626832
REMIND-MAgPIE,IMP-REN,Median,0.3,2058,1.333080927
REMIND-MAgPIE,IMP-REN,Median,0.3,2059,1.330360606
REMIND-MAgPIE,IMP-REN,Median,0.3,2060,1.328467905
REMIND-MAgPIE,IMP-REN,Median,0.3,2061,1.326241623
REMIND-MAgPIE,IMP-REN,Median,0.3,2062,1.324466717
REMIND-MAgPIE,IMP-REN,Median,0.3,2063,1.322546027
REMIND-MAgPIE,IMP-REN,Median,0.3,2064,1.320997185
REMIND-MAgPIE,IMP-REN,Median,0.3,2065,1.319941409
REMIND-MAgPIE,IMP-REN,Median,0.3,2066,1.318040317
REMIND-MAgPIE,IMP-REN,Median,0.3,2067,1.315221925
REMIND-MAgPIE,IMP-REN,Median,0.3,2068,1.314057813
REMIND-MAgPIE,IMP-REN,Median,0.3,2069,1.312482794
REMIND-MAgPIE,IMP-REN,Median,0.3,2070,1.31110328
REMIND-MAgPIE,IMP-REN,Median,0.3,2071,1.309932677
REMIND-MAgPIE,IMP-REN,Median,0.3,2072,1.309109487
REMIND-MAgPIE,IMP-REN,Median,0.3,2073,1.307236933
REMIND-MAgPIE,IMP-REN,Median,0.3,2074,1.306236259
REMIND-MAgPIE,IMP-REN,Median,0.3,2075,1.304922809
REMIND-MAgPIE,IMP-REN,Median,0.3,2076,1.304049398
REMIND-MAgPIE,IMP-REN,Median,0.3,2077,1.302734302
REMIND-MAgPIE,IMP-REN,Median,0.3,2078,1.301782685
REMIND-MAgPIE,IMP-REN,Median,0.3,2079,1.300555339
REMIND-MAgPIE,IMP-REN,Median,0.3,2080,1.300017863
REMIND-MAgPIE,IMP-REN,Median,0.3,2081,1.29921842
REMIND-MAgPIE,IMP-REN,Median,0.3,2082,1.297992515
REMIND-MAgPIE,IMP-REN,Median,0.3,2083,1.296645359
REMIND-MAgPIE,IMP-REN,Median,0.3,2084,1.295476107
REMIND-MAgPIE,IMP-REN,Median,0.3,2085,1.295359854
REMIND-MAgPIE,IMP-REN,Median,0.3,2086,1.294726275
REMIND-MAgPIE,IMP-REN,Median,0.3,2087,1.293886499
REMIND-MAgPIE,IMP-REN,Median,0.3,2088,1.292963918
REMIND-MAgPIE,IMP-REN,Median,0.3,2089,1.291034257
REMIND-MAgPIE,IMP-REN,Median,0.3,2090,1.289249494
REMIND-MAgPIE,IMP-REN,Median,0.3,2091,1.288231616
REMIND-MAgPIE,IMP-REN,Median,0.3,2092,1.287248342
REMIND-MAgPIE,IMP-REN,Median,0.3,2093,1.286339947
REMIND-MAgPIE,IMP-REN,Median,0.3,2094,1.28546545
REMIND-MAgPIE,IMP-REN,Median,0.3,2095,1.284150737
REMIND-MAgPIE,IMP-REN,Median,0.3,2096,1.283315651
REMIND-MAgPIE,IMP-REN,Median,0.3,2097,1.282885565
REMIND-MAgPIE,IMP-REN,Median,0.3,2098,1.282071208
REMIND-MAgPIE,IMP-REN,Median,0.3,2099,1.282636135
REMIND-MAgPIE,IMP-REN,Median,0.3,2100,1.281822028
REMIND-MAgPIE,IMP-REN,Median,0.33,1990,0.55764932
REMIND-MAgPIE,IMP-REN,Median,0.33,1991,0.551015205
REMIND-MAgPIE,IMP-REN,Median,0.33,1992,0.444488883
REMIND-MAgPIE,IMP-REN,Median,0.33,1993,0.365093053
REMIND-MAgPIE,IMP-REN,Median,0.33,1994,0.394992554
REMIND-MAgPIE,IMP-REN,Median,0.33,1995,0.466802627
REMIND-MAgPIE,IMP-REN,Median,0.33,1996,0.541173832
REMIND-MAgPIE,IMP-REN,Median,0.33,1997,0.599330586
REMIND-MAgPIE,IMP-REN,Median,0.33,1998,0.646880535
REMIND-MAgPIE,IMP-REN,Median,0.33,1999,0.699257603
REMIND-MAgPIE,IMP-REN,Median,0.33,2000,0.753301222
REMIND-MAgPIE,IMP-REN,Median,0.33,2001,0.800339581
REMIND-MAgPIE,IMP-REN,Median,0.33,2002,0.835959117
REMIND-MAgPIE,IMP-REN,Median,0.33,2003,0.856707814
REMIND-MAgPIE,IMP-REN,Median,0.33,2004,0.871597621
REMIND-MAgPIE,IMP-REN,Median,0.33,2005,0.883518739
REMIND-MAgPIE,IMP-REN,Median,0.33,2006,0.891417491
REMIND-MAgPIE,IMP-REN,Median,0.33,2007,0.900011543
REMIND-MAgPIE,IMP-REN,Median,0.33,2008,0.915786764
REMIND-MAgPIE,IMP-REN,Median,0.33,2009,0.934256679
REMIND-MAgPIE,IMP-REN,Median,0.33,2010,0.955777142
REMIND-MAgPIE,IMP-REN,Median,0.33,2011,0.978775976
REMIND-MAgPIE,IMP-REN,Median,0.33,2012,1.003185589
REMIND-MAgPIE,IMP-REN,Median,0.33,2013,1.030833336
REMIND-MAgPIE,IMP-REN,Median,0.33,2014,1.058793149
REMIND-MAgPIE,IMP-REN,Median,0.33,2015,1.083767881
REMIND-MAgPIE,IMP-REN,Median,0.33,2016,1.110935793
REMIND-MAgPIE,IMP-REN,Median,0.33,2017,1.137679928
REMIND-MAgPIE,IMP-REN,Median,0.33,2018,1.163551623
REMIND-MAgPIE,IMP-REN,Median,0.33,2019,1.189259625
REMIND-MAgPIE,IMP-REN,Median,0.33,2020,1.211373242
REMIND-MAgPIE,IMP-REN,Median,0.33,2021,1.234979348
REMIND-MAgPIE,IMP-REN,Median,0.33,2022,1.257220141
REMIND-MAgPIE,IMP-REN,Median,0.33,2023,1.278708386
REMIND-MAgPIE,IMP-REN,Median,0.33,2024,1.301138763
REMIND-MAgPIE,IMP-REN,Median,0.33,2025,1.319127962
REMIND-MAgPIE,IMP-REN,Median,0.33,2026,1.335797982
REMIND-MAgPIE,IMP-REN,Median,0.33,2027,1.350897107
REMIND-MAgPIE,IMP-REN,Median,0.33,2028,1.363162018
REMIND-MAgPIE,IMP-REN,Median,0.33,2029,1.373952374
REMIND-MAgPIE,IMP-REN,Median,0.33,2030,1.385390379
REMIND-MAgPIE,IMP-REN,Median,0.33,2031,1.394895163
REMIND-MAgPIE,IMP-REN,Median,0.33,2032,1.402796159
REMIND-MAgPIE,IMP-REN,Median,0.33,2033,1.407724717
REMIND-MAgPIE,IMP-REN,Median,0.33,2034,1.41135295
REMIND-MAgPIE,IMP-REN,Median,0.33,2035,1.414020859
REMIND-MAgPIE,IMP-REN,Median,0.33,2036,1.415868354
REMIND-MAgPIE,IMP-REN,Median,0.33,2037,1.41570984
REMIND-MAgPIE,IMP-REN,Median,0.33,2038,1.415347061
REMIND-MAgPIE,IMP-REN,Median,0.33,2039,1.413079395
REMIND-MAgPIE,IMP-REN,Median,0.33,2040,1.409852763
REMIND-MAgPIE,IMP-REN,Median,0.33,2041,1.405702936
REMIND-MAgPIE,IMP-REN,Median,0.33,2042,1.402081694
REMIND-MAgPIE,IMP-REN,Median,0.33,2043,1.398599147
REMIND-MAgPIE,IMP-REN,Median,0.33,2044,1.395848102
REMIND-MAgPIE,IMP-REN,Median,0.33,2045,1.392078327
REMIND-MAgPIE,IMP-REN,Median,0.33,2046,1.388403433
REMIND-MAgPIE,IMP-REN,Median,0.33,2047,1.385973193
REMIND-MAgPIE,IMP-REN,Median,0.33,2048,1.382841477
REMIND-MAgPIE,IMP-REN,Median,0.33,2049,1.379268188
REMIND-MAgPIE,IMP-REN,Median,0.33,2050,1.376000392
REMIND-MAgPIE,IMP-REN,Median,0.33,2051,1.372613526
REMIND-MAgPIE,IMP-REN,Median,0.33,2052,1.369980542
REMIND-MAgPIE,IMP-REN,Median,0.33,2053,1.366647281
REMIND-MAgPIE,IMP-REN,Median,0.33,2054,1.363982581
REMIND-MAgPIE,IMP-REN,Median,0.33,2055,1.360857726
REMIND-MAgPIE,IMP-REN,Median,0.33,2056,1.357726841
REMIND-MAgPIE,IMP-REN,Median,0.33,2057,1.354964336
REMIND-MAgPIE,IMP-REN,Median,0.33,2058,1.352520799
REMIND-MAgPIE,IMP-REN,Median,0.33,2059,1.350031962
REMIND-MAgPIE,IMP-REN,Median,0.33,2060,1.347600371
REMIND-MAgPIE,IMP-REN,Median,0.33,2061,1.344708061
REMIND-MAgPIE,IMP-REN,Median,0.33,2062,1.342849172
REMIND-MAgPIE,IMP-REN,Median,0.33,2063,1.341624196
REMIND-MAgPIE,IMP-REN,Median,0.33,2064,1.339048957
REMIND-MAgPIE,IMP-REN,Median,0.33,2065,1.337671944
REMIND-MAgPIE,IMP-REN,Median,0.33,2066,1.336513022
REMIND-MAgPIE,IMP-REN,Median,0.33,2067,1.33438058
REMIND-MAgPIE,IMP-REN,Median,0.33,2068,1.333194331
REMIND-MAgPIE,IMP-REN,Median,0.33,2069,1.332211848
REMIND-MAgPIE,IMP-REN,Median,0.33,2070,1.330558608
REMIND-MAgPIE,IMP-REN,Median,0.33,2071,1.329047464
REMIND-MAgPIE,IMP-REN,Median,0.33,2072,1.327712296
REMIND-MAgPIE,IMP-REN,Median,0.33,2073,1.326744077
REMIND-MAgPIE,IMP-REN,Median,0.33,2074,1.325602011
REMIND-MAgPIE,IMP-REN,Median,0.33,2075,1.323831529
REMIND-MAgPIE,IMP-REN,Median,0.33,2076,1.322875577
REMIND-MAgPIE,IMP-REN,Median,0.33,2077,1.321761591
REMIND-MAgPIE,IMP-REN,Median,0.33,2078,1.321237202
REMIND-MAgPIE,IMP-REN,Median,0.33,2079,1.320738943
REMIND-MAgPIE,IMP-REN,Median,0.33,2080,1.319932772
REMIND-MAgPIE,IMP-REN,Median,0.33,2081,1.318223009
REMIND-MAgPIE,IMP-REN,Median,0.33,2082,1.317171089
REMIND-MAgPIE,IMP-REN,Median,0.33,2083,1.316021094
REMIND-MAgPIE,IMP-REN,Median,0.33,2084,1.315220264
REMIND-MAgPIE,IMP-REN,Median,0.33,2085,1.314412843
REMIND-MAgPIE,IMP-REN,Median,0.33,2086,1.313397252
REMIND-MAgPIE,IMP-REN,Median,0.33,2087,1.312837024
REMIND-MAgPIE,IMP-REN,Median,0.33,2088,1.310976945
REMIND-MAgPIE,IMP-REN,Median,0.33,2089,1.310545213
REMIND-MAgPIE,IMP-REN,Median,0.33,2090,1.309728878
REMIND-MAgPIE,IMP-REN,Median,0.33,2091,1.309677521
REMIND-MAgPIE,IMP-REN,Median,0.33,2092,1.308111893
REMIND-MAgPIE,IMP-REN,Median,0.33,2093,1.306510097
REMIND-MAgPIE,IMP-REN,Median,0.33,2094,1.30524422
REMIND-MAgPIE,IMP-REN,Median,0.33,2095,1.304421978
REMIND-MAgPIE,IMP-REN,Median,0.33,2096,1.303520369
REMIND-MAgPIE,IMP-REN,Median,0.33,2097,1.302663417
REMIND-MAgPIE,IMP-REN,Median,0.33,2098,1.302077162
REMIND-MAgPIE,IMP-REN,Median,0.33,2099,1.301486592
REMIND-MAgPIE,IMP-REN,Median,0.33,2100,1.300793292
REMIND-MAgPIE,IMP-REN,Median,0.4,1990,0.572374436
REMIND-MAgPIE,IMP-REN,Median,0.4,1991,0.565407226
REMIND-MAgPIE,IMP-REN,Median,0.4,1992,0.460678314
REMIND-MAgPIE,IMP-REN,Median,0.4,1993,0.382948253
REMIND-MAgPIE,IMP-REN,Median,0.4,1994,0.413173558
REMIND-MAgPIE,IMP-REN,Median,0.4,1995,0.482659217
REMIND-MAgPIE,IMP-REN,Median,0.4,1996,0.555638837
REMIND-MAgPIE,IMP-REN,Median,0.4,1997,0.614805833
REMIND-MAgPIE,IMP-REN,Median,0.4,1998,0.662340812
REMIND-MAgPIE,IMP-REN,Median,0.4,1999,0.714660486
REMIND-MAgPIE,IMP-REN,Median,0.4,2000,0.771325663
REMIND-MAgPIE,IMP-REN,Median,0.4,2001,0.818568176
REMIND-MAgPIE,IMP-REN,Median,0.4,2002,0.853863395
REMIND-MAgPIE,IMP-REN,Median,0.4,2003,0.875731561
REMIND-MAgPIE,IMP-REN,Median,0.4,2004,0.892599918
REMIND-MAgPIE,IMP-REN,Median,0.4,2005,0.906042666
REMIND-MAgPIE,IMP-REN,Median,0.4,2006,0.914676789
REMIND-MAgPIE,IMP-REN,Median,0.4,2007,0.923544603
REMIND-MAgPIE,IMP-REN,Median,0.4,2008,0.938797723
REMIND-MAgPIE,IMP-REN,Median,0.4,2009,0.957465007
REMIND-MAgPIE,IMP-REN,Median,0.4,2010,0.978998879
REMIND-MAgPIE,IMP-REN,Median,0.4,2011,1.003907258
REMIND-MAgPIE,IMP-REN,Median,0.4,2012,1.027345281
REMIND-MAgPIE,IMP-REN,Median,0.4,2013,1.055030331
REMIND-MAgPIE,IMP-REN,Median,0.4,2014,1.082892953
REMIND-MAgPIE,IMP-REN,Median,0.4,2015,1.108778046
REMIND-MAgPIE,IMP-REN,Median,0.4,2016,1.135861415
REMIND-MAgPIE,IMP-REN,Median,0.4,2017,1.1635537
REMIND-MAgPIE,IMP-REN,Median,0.4,2018,1.191729175
REMIND-MAgPIE,IMP-REN,Median,0.4,2019,1.218023014
REMIND-MAgPIE,IMP-REN,Median,0.4,2020,1.242024538
REMIND-MAgPIE,IMP-REN,Median,0.4,2021,1.265673849
REMIND-MAgPIE,IMP-REN,Median,0.4,2022,1.28871752
REMIND-MAgPIE,IMP-REN,Median,0.4,2023,1.311904135
REMIND-MAgPIE,IMP-REN,Median,0.4,2024,1.333222441
REMIND-MAgPIE,IMP-REN,Median,0.4,2025,1.352264943
REMIND-MAgPIE,IMP-REN,Median,0.4,2026,1.370494697
REMIND-MAgPIE,IMP-REN,Median,0.4,2027,1.385940052
REMIND-MAgPIE,IMP-REN,Median,0.4,2028,1.398303288
REMIND-MAgPIE,IMP-REN,Median,0.4,2029,1.410906199
REMIND-MAgPIE,IMP-REN,Median,0.4,2030,1.420115507
REMIND-MAgPIE,IMP-REN,Median,0.4,2031,1.430248829
REMIND-MAgPIE,IMP-REN,Median,0.4,2032,1.437554427
REMIND-MAgPIE,IMP-REN,Median,0.4,2033,1.445105371
REMIND-MAgPIE,IMP-REN,Median,0.4,2034,1.449670798
REMIND-MAgPIE,IMP-REN,Median,0.4,2035,1.452510343
REMIND-MAgPIE,IMP-REN,Median,0.4,2036,1.454442645
REMIND-MAgPIE,IMP-REN,Median,0.4,2037,1.454624316
REMIND-MAgPIE,IMP-REN,Median,0.4,2038,1.453823117
REMIND-MAgPIE,IMP-REN,Median,0.4,2039,1.453618835
REMIND-MAgPIE,IMP-REN,Median,0.4,2040,1.452440761
REMIND-MAgPIE,IMP-REN,Median,0.4,2041,1.450808409
REMIND-MAgPIE,IMP-REN,Median,0.4,2042,1.449798368
REMIND-MAgPIE,IMP-REN,Median,0.4,2043,1.446468324
REMIND-MAgPIE,IMP-REN,Median,0.4,2044,1.442790996
REMIND-MAgPIE,IMP-REN,Median,0.4,2045,1.439082135
REMIND-MAgPIE,IMP-REN,Median,0.4,2046,1.43714799
REMIND-MAgPIE,IMP-REN,Median,0.4,2047,1.433760024
REMIND-MAgPIE,IMP-REN,Median,0.4,2048,1.430538651
REMIND-MAgPIE,IMP-REN,Median,0.4,2049,1.427219867
REMIND-MAgPIE,IMP-REN,Median,0.4,2050,1.42433863
REMIND-MAgPIE,IMP-REN,Median,0.4,2051,1.419860816
REMIND-MAgPIE,IMP-REN,Median,0.4,2052,1.41572731
REMIND-MAgPIE,IMP-REN,Median,0.4,2053,1.412174848
REMIND-MAgPIE,IMP-REN,Median,0.4,2054,1.409865836
REMIND-MAgPIE,IMP-REN,Median,0.4,2055,1.406973135
REMIND-MAgPIE,IMP-REN,Median,0.4,2056,1.402929287
REMIND-MAgPIE,IMP-REN,Median,0.4,2057,1.399998858
REMIND-MAgPIE,IMP-REN,Median,0.4,2058,1.397685967
REMIND-MAgPIE,IMP-REN,Median,0.4,2059,1.395815835
REMIND-MAgPIE,IMP-REN,Median,0.4,2060,1.393350612
REMIND-MAgPIE,IMP-REN,Median,0.4,2061,1.390314167
REMIND-MAgPIE,IMP-REN,Median,0.4,2062,1.387425922
REMIND-MAgPIE,IMP-REN,Median,0.4,2063,1.385113419
REMIND-MAgPIE,IMP-REN,Median,0.4,2064,1.384182502
REMIND-MAgPIE,IMP-REN,Median,0.4,2065,1.382644121
REMIND-MAgPIE,IMP-REN,Median,0.4,2066,1.380806183
REMIND-MAgPIE,IMP-REN,Median,0.4,2067,1.378399189
REMIND-MAgPIE,IMP-REN,Median,0.4,2068,1.377464739
REMIND-MAgPIE,IMP-REN,Median,0.4,2069,1.375959422
REMIND-MAgPIE,IMP-REN,Median,0.4,2070,1.375158926
REMIND-MAgPIE,IMP-REN,Median,0.4,2071,1.373860167
REMIND-MAgPIE,IMP-REN,Median,0.4,2072,1.372112663
REMIND-MAgPIE,IMP-REN,Median,0.4,2073,1.370192703
REMIND-MAgPIE,IMP-REN,Median,0.4,2074,1.369038956
REMIND-MAgPIE,IMP-REN,Median,0.4,2075,1.368016632
REMIND-MAgPIE,IMP-REN,Median,0.4,2076,1.366505678
REMIND-MAgPIE,IMP-REN,Median,0.4,2077,1.365542766
REMIND-MAgPIE,IMP-REN,Median,0.4,2078,1.363846345
REMIND-MAgPIE,IMP-REN,Median,0.4,2079,1.362442275
REMIND-MAgPIE,IMP-REN,Median,0.4,2080,1.361486438
REMIND-MAgPIE,IMP-REN,Median,0.4,2081,1.361051483
REMIND-MAgPIE,IMP-REN,Median,0.4,2082,1.360808519
REMIND-MAgPIE,IMP-REN,Median,0.4,2083,1.360463627
REMIND-MAgPIE,IMP-REN,Median,0.4,2084,1.359336913
REMIND-MAgPIE,IMP-REN,Median,0.4,2085,1.357754745
REMIND-MAgPIE,IMP-REN,Median,0.4,2086,1.357370456
REMIND-MAgPIE,IMP-REN,Median,0.4,2087,1.356325651
REMIND-MAgPIE,IMP-REN,Median,0.4,2088,1.355467052
REMIND-MAgPIE,IMP-REN,Median,0.4,2089,1.354593179
REMIND-MAgPIE,IMP-REN,Median,0.4,2090,1.352666948
REMIND-MAgPIE,IMP-REN,Median,0.4,2091,1.351992604
REMIND-MAgPIE,IMP-REN,Median,0.4,2092,1.351178883
REMIND-MAgPIE,IMP-REN,Median,0.4,2093,1.350489527
REMIND-MAgPIE,IMP-REN,Median,0.4,2094,1.350376318
REMIND-MAgPIE,IMP-REN,Median,0.4,2095,1.34976215
REMIND-MAgPIE,IMP-REN,Median,0.4,2096,1.349314423
REMIND-MAgPIE,IMP-REN,Median,0.4,2097,1.349137812
REMIND-MAgPIE,IMP-REN,Median,0.4,2098,1.348383684
REMIND-MAgPIE,IMP-REN,Median,0.4,2099,1.347315727
REMIND-MAgPIE,IMP-REN,Median,0.4,2100,1.346761843
REMIND-MAgPIE,IMP-REN,Median,0.5,1990,0.593633339
REMIND-MAgPIE,IMP-REN,Median,0.5,1991,0.586612144
REMIND-MAgPIE,IMP-REN,Median,0.5,1992,0.482451329
REMIND-MAgPIE,IMP-REN,Median,0.5,1993,0.406596238
REMIND-MAgPIE,IMP-REN,Median,0.5,1994,0.435392476
REMIND-MAgPIE,IMP-REN,Median,0.5,1995,0.507403478
REMIND-MAgPIE,IMP-REN,Median,0.5,1996,0.579723049
REMIND-MAgPIE,IMP-REN,Median,0.5,1997,0.6379568
REMIND-MAgPIE,IMP-REN,Median,0.5,1998,0.686863174
REMIND-MAgPIE,IMP-REN,Median,0.5,1999,0.738867351
REMIND-MAgPIE,IMP-REN,Median,0.5,2000,0.793493418
REMIND-MAgPIE,IMP-REN,Median,0.5,2001,0.843047473
REMIND-MAgPIE,IMP-REN,Median,0.5,2002,0.87996015
REMIND-MAgPIE,IMP-REN,Median,0.5,2003,0.90389711
REMIND-MAgPIE,IMP-REN,Median,0.5,2004,0.920919167
REMIND-MAgPIE,IMP-REN,Median,0.5,2005,0.934791382
REMIND-MAgPIE,IMP-REN,Median,0.5,2006,0.942810837
REMIND-MAgPIE,IMP-REN,Median,0.5,2007,0.953609106
REMIND-MAgPIE,IMP-REN,Median,0.5,2008,0.96970264
REMIND-MAgPIE,IMP-REN,Median,0.5,2009,0.989509789
REMIND-MAgPIE,IMP-REN,Median,0.5,2010,1.011274151
REMIND-MAgPIE,IMP-REN,Median,0.5,2011,1.035149814
REMIND-MAgPIE,IMP-REN,Median,0.5,2012,1.059652584
REMIND-MAgPIE,IMP-REN,Median,0.5,2013,1.088057867
REMIND-MAgPIE,IMP-REN,Median,0.5,2014,1.115349675
REMIND-MAgPIE,IMP-REN,Median,0.5,2015,1.14306842
REMIND-MAgPIE,IMP-REN,Median,0.5,2016,1.171683104
REMIND-MAgPIE,IMP-REN,Median,0.5,2017,1.200885193
REMIND-MAgPIE,IMP-REN,Median,0.5,2018,1.230101162
REMIND-MAgPIE,IMP-REN,Median,0.5,2019,1.256657811
REMIND-MAgPIE,IMP-REN,Median,0.5,2020,1.281110676
REMIND-MAgPIE,IMP-REN,Median,0.5,2021,1.304867891
REMIND-MAgPIE,IMP-REN,Median,0.5,2022,1.330128325
REMIND-MAgPIE,IMP-REN,Median,0.5,2023,1.353943825
REMIND-MAgPIE,IMP-REN,Median,0.5,2024,1.378308364
REMIND-MAgPIE,IMP-REN,Median,0.5,2025,1.398805297
REMIND-MAgPIE,IMP-REN,Median,0.5,2026,1.417747981
REMIND-MAgPIE,IMP-REN,Median,0.5,2027,1.432933754
REMIND-MAgPIE,IMP-REN,Median,0.5,2028,1.446017504
REMIND-MAgPIE,IMP-REN,Median,0.5,2029,1.458919037
REMIND-MAgPIE,IMP-REN,Median,0.5,2030,1.470567368
REMIND-MAgPIE,IMP-REN,Median,0.5,2031,1.481791723
REMIND-MAgPIE,IMP-REN,Median,0.5,2032,1.491115809
REMIND-MAgPIE,IMP-REN,Median,0.5,2033,1.497779686
REMIND-MAgPIE,IMP-REN,Median,0.5,2034,1.504292962
REMIND-MAgPIE,IMP-REN,Median,0.5,2035,1.509529327
REMIND-MAgPIE,IMP-REN,Median,0.5,2036,1.512061356
REMIND-MAgPIE,IMP-REN,Median,0.5,2037,1.514246574
REMIND-MAgPIE,IMP-REN,Median,0.5,2038,1.514879229
REMIND-MAgPIE,IMP-REN,Median,0.5,2039,1.514264384
REMIND-MAgPIE,IMP-REN,Median,0.5,2040,1.514713861
REMIND-MAgPIE,IMP-REN,Median,0.5,2041,1.512380011
REMIND-MAgPIE,IMP-REN,Median,0.5,2042,1.510447796
REMIND-MAgPIE,IMP-REN,Median,0.5,2043,1.507071589
REMIND-MAgPIE,IMP-REN,Median,0.5,2044,1.503915833
REMIND-MAgPIE,IMP-REN,Median,0.5,2045,1.501200438
REMIND-MAgPIE,IMP-REN,Median,0.5,2046,1.497482972
REMIND-MAgPIE,IMP-REN,Median,0.5,2047,1.495543003
REMIND-MAgPIE,IMP-REN,Median,0.5,2048,1.49173948
REMIND-MAgPIE,IMP-REN,Median,0.5,2049,1.489516402
REMIND-MAgPIE,IMP-REN,Median,0.5,2050,1.487347905
REMIND-MAgPIE,IMP-REN,Median,0.5,2051,1.48430629
REMIND-MAgPIE,IMP-REN,Median,0.5,2052,1.481477353
REMIND-MAgPIE,IMP-REN,Median,0.5,2053,1.477343467
REMIND-MAgPIE,IMP-REN,Median,0.5,2054,1.474770468
REMIND-MAgPIE,IMP-REN,Median,0.5,2055,1.471416938
REMIND-MAgPIE,IMP-REN,Median,0.5,2056,1.469057773
REMIND-MAgPIE,IMP-REN,Median,0.5,2057,1.465088929
REMIND-MAgPIE,IMP-REN,Median,0.5,2058,1.462552484
REMIND-MAgPIE,IMP-REN,Median,0.5,2059,1.459820818
REMIND-MAgPIE,IMP-REN,Median,0.5,2060,1.4573346680000001
REMIND-MAgPIE,IMP-REN,Median,0.5,2061,1.455282499
REMIND-MAgPIE,IMP-REN,Median,0.5,2062,1.453030423
REMIND-MAgPIE,IMP-REN,Median,0.5,2063,1.451356093
REMIND-MAgPIE,IMP-REN,Median,0.5,2064,1.449419392
REMIND-MAgPIE,IMP-REN,Median,0.5,2065,1.447435718
REMIND-MAgPIE,IMP-REN,Median,0.5,2066,1.4459931
REMIND-MAgPIE,IMP-REN,Median,0.5,2067,1.444440523
REMIND-MAgPIE,IMP-REN,Median,0.5,2068,1.442650443
REMIND-MAgPIE,IMP-REN,Median,0.5,2069,1.441885135
REMIND-MAgPIE,IMP-REN,Median,0.5,2070,1.440185262
REMIND-MAgPIE,IMP-REN,Median,0.5,2071,1.437880543
REMIND-MAgPIE,IMP-REN,Median,0.5,2072,1.436356678
REMIND-MAgPIE,IMP-REN,Median,0.5,2073,1.43512713
REMIND-MAgPIE,IMP-REN,Median,0.5,2074,1.433650082
REMIND-MAgPIE,IMP-REN,Median,0.5,2075,1.432868868
REMIND-MAgPIE,IMP-REN,Median,0.5,2076,1.432479606
REMIND-MAgPIE,IMP-REN,Median,0.5,2077,1.432001206
REMIND-MAgPIE,IMP-REN,Median,0.5,2078,1.431966973
REMIND-MAgPIE,IMP-REN,Median,0.5,2079,1.431288119
REMIND-MAgPIE,IMP-REN,Median,0.5,2080,1.430642354
REMIND-MAgPIE,IMP-REN,Median,0.5,2081,1.429079375
REMIND-MAgPIE,IMP-REN,Median,0.5,2082,1.428422411
REMIND-MAgPIE,IMP-REN,Median,0.5,2083,1.428618358
REMIND-MAgPIE,IMP-REN,Median,0.5,2084,1.427752687
REMIND-MAgPIE,IMP-REN,Median,0.5,2085,1.426799206
REMIND-MAgPIE,IMP-REN,Median,0.5,2086,1.425670027
REMIND-MAgPIE,IMP-REN,Median,0.5,2087,1.424779972
REMIND-MAgPIE,IMP-REN,Median,0.5,2088,1.424029576
REMIND-MAgPIE,IMP-REN,Median,0.5,2089,1.422567857
REMIND-MAgPIE,IMP-REN,Median,0.5,2090,1.421516017
REMIND-MAgPIE,IMP-REN,Median,0.5,2091,1.420450147
REMIND-MAgPIE,IMP-REN,Median,0.5,2092,1.420181695
REMIND-MAgPIE,IMP-REN,Median,0.5,2093,1.41908557
REMIND-MAgPIE,IMP-REN,Median,0.5,2094,1.418559543
REMIND-MAgPIE,IMP-REN,Median,0.5,2095,1.417427974
REMIND-MAgPIE,IMP-REN,Median,0.5,2096,1.416084788
REMIND-MAgPIE,IMP-REN,Median,0.5,2097,1.414769096
REMIND-MAgPIE,IMP-REN,Median,0.5,2098,1.413513544
REMIND-MAgPIE,IMP-REN,Median,0.5,2099,1.412559512
REMIND-MAgPIE,IMP-REN,Median,0.5,2100,1.411436884
REMIND-MAgPIE,IMP-REN,Median,0.6,1990,0.61560026
REMIND-MAgPIE,IMP-REN,Median,0.6,1991,0.60851919
REMIND-MAgPIE,IMP-REN,Median,0.6,1992,0.507345166
REMIND-MAgPIE,IMP-REN,Median,0.6,1993,0.431781819
REMIND-MAgPIE,IMP-REN,Median,0.6,1994,0.461038712
REMIND-MAgPIE,IMP-REN,Median,0.6,1995,0.532601668
REMIND-MAgPIE,IMP-REN,Median,0.6,1996,0.603103201
REMIND-MAgPIE,IMP-REN,Median,0.6,1997,0.661375938
REMIND-MAgPIE,IMP-REN,Median,0.6,1998,0.709241952
REMIND-MAgPIE,IMP-REN,Median,0.6,1999,0.76309316
REMIND-MAgPIE,IMP-REN,Median,0.6,2000,0.818447702
REMIND-MAgPIE,IMP-REN,Median,0.6,2001,0.868931787
REMIND-MAgPIE,IMP-REN,Median,0.6,2002,0.904775481
REMIND-MAgPIE,IMP-REN,Median,0.6,2003,0.92829102
REMIND-MAgPIE,IMP-REN,Median,0.6,2004,0.9463225
REMIND-MAgPIE,IMP-REN,Median,0.6,2005,0.960687501
REMIND-MAgPIE,IMP-REN,Median,0.6,2006,0.971501205
REMIND-MAgPIE,IMP-REN,Median,0.6,2007,0.981965543
REMIND-MAgPIE,IMP-REN,Median,0.6,2008,0.999753593
REMIND-MAgPIE,IMP-REN,Median,0.6,2009,1.018561408
REMIND-MAgPIE,IMP-REN,Median,0.6,2010,1.041843352
REMIND-MAgPIE,IMP-REN,Median,0.6,2011,1.06618754
REMIND-MAgPIE,IMP-REN,Median,0.6,2012,1.09193076
REMIND-MAgPIE,IMP-REN,Median,0.6,2013,1.120981527
REMIND-MAgPIE,IMP-REN,Median,0.6,2014,1.150135699
REMIND-MAgPIE,IMP-REN,Median,0.6,2015,1.178496024
REMIND-MAgPIE,IMP-REN,Median,0.6,2016,1.206127698
REMIND-MAgPIE,IMP-REN,Median,0.6,2017,1.235371983
REMIND-MAgPIE,IMP-REN,Median,0.6,2018,1.265688829
REMIND-MAgPIE,IMP-REN,Median,0.6,2019,1.292850749
REMIND-MAgPIE,IMP-REN,Median,0.6,2020,1.319188511
REMIND-MAgPIE,IMP-REN,Median,0.6,2021,1.343535909
REMIND-MAgPIE,IMP-REN,Median,0.6,2022,1.368274005
REMIND-MAgPIE,IMP-REN,Median,0.6,2023,1.393856399
REMIND-MAgPIE,IMP-REN,Median,0.6,2024,1.416740804
REMIND-MAgPIE,IMP-REN,Median,0.6,2025,1.439873833
REMIND-MAgPIE,IMP-REN,Median,0.6,2026,1.460904246
REMIND-MAgPIE,IMP-REN,Median,0.6,2027,1.480066898
REMIND-MAgPIE,IMP-REN,Median,0.6,2028,1.496624222
REMIND-MAgPIE,IMP-REN,Median,0.6,2029,1.51204822
REMIND-MAgPIE,IMP-REN,Median,0.6,2030,1.526562394
REMIND-MAgPIE,IMP-REN,Median,0.6,2031,1.539049956
REMIND-MAgPIE,IMP-REN,Median,0.6,2032,1.549490145
REMIND-MAgPIE,IMP-REN,Median,0.6,2033,1.55731498
REMIND-MAgPIE,IMP-REN,Median,0.6,2034,1.565463184
REMIND-MAgPIE,IMP-REN,Median,0.6,2035,1.570878934
REMIND-MAgPIE,IMP-REN,Median,0.6,2036,1.576066058
REMIND-MAgPIE,IMP-REN,Median,0.6,2037,1.578078492
REMIND-MAgPIE,IMP-REN,Median,0.6,2038,1.578258138
REMIND-MAgPIE,IMP-REN,Median,0.6,2039,1.578268776
REMIND-MAgPIE,IMP-REN,Median,0.6,2040,1.578325074
REMIND-MAgPIE,IMP-REN,Median,0.6,2041,1.577370108
REMIND-MAgPIE,IMP-REN,Median,0.6,2042,1.57623365
REMIND-MAgPIE,IMP-REN,Median,0.6,2043,1.572595496
REMIND-MAgPIE,IMP-REN,Median,0.6,2044,1.570941014
REMIND-MAgPIE,IMP-REN,Median,0.6,2045,1.568543443
REMIND-MAgPIE,IMP-REN,Median,0.6,2046,1.565384191
REMIND-MAgPIE,IMP-REN,Median,0.6,2047,1.562880069
REMIND-MAgPIE,IMP-REN,Median,0.6,2048,1.559621667
REMIND-MAgPIE,IMP-REN,Median,0.6,2049,1.556595884
REMIND-MAgPIE,IMP-REN,Median,0.6,2050,1.554053557
REMIND-MAgPIE,IMP-REN,Median,0.6,2051,1.550726666
REMIND-MAgPIE,IMP-REN,Median,0.6,2052,1.546904191
REMIND-MAgPIE,IMP-REN,Median,0.6,2053,1.543411288
REMIND-MAgPIE,IMP-REN,Median,0.6,2054,1.539741653
REMIND-MAgPIE,IMP-REN,Median,0.6,2055,1.537327696
REMIND-MAgPIE,IMP-REN,Median,0.6,2056,1.535269802
REMIND-MAgPIE,IMP-REN,Median,0.6,2057,1.533319077
REMIND-MAgPIE,IMP-REN,Median,0.6,2058,1.529669155
REMIND-MAgPIE,IMP-REN,Median,0.6,2059,1.526857167
REMIND-MAgPIE,IMP-REN,Median,0.6,2060,1.524610118
REMIND-MAgPIE,IMP-REN,Median,0.6,2061,1.522482243
REMIND-MAgPIE,IMP-REN,Median,0.6,2062,1.521476087
REMIND-MAgPIE,IMP-REN,Median,0.6,2063,1.519634731
REMIND-MAgPIE,IMP-REN,Median,0.6,2064,1.516691643
REMIND-MAgPIE,IMP-REN,Median,0.6,2065,1.514587804
REMIND-MAgPIE,IMP-REN,Median,0.6,2066,1.51282172
REMIND-MAgPIE,IMP-REN,Median,0.6,2067,1.51190948
REMIND-MAgPIE,IMP-REN,Median,0.6,2068,1.510063974
REMIND-MAgPIE,IMP-REN,Median,0.6,2069,1.508840308
REMIND-MAgPIE,IMP-REN,Median,0.6,2070,1.508856497
REMIND-MAgPIE,IMP-REN,Median,0.6,2071,1.507988209
REMIND-MAgPIE,IMP-REN,Median,0.6,2072,1.507517431
REMIND-MAgPIE,IMP-REN,Median,0.6,2073,1.506367255
REMIND-MAgPIE,IMP-REN,Median,0.6,2074,1.505291627
REMIND-MAgPIE,IMP-REN,Median,0.6,2075,1.50412342
REMIND-MAgPIE,IMP-REN,Median,0.6,2076,1.502351826
REMIND-MAgPIE,IMP-REN,Median,0.6,2077,1.501678765
REMIND-MAgPIE,IMP-REN,Median,0.6,2078,1.500306904
REMIND-MAgPIE,IMP-REN,Median,0.6,2079,1.49987116
REMIND-MAgPIE,IMP-REN,Median,0.6,2080,1.498704102
REMIND-MAgPIE,IMP-REN,Median,0.6,2081,1.497939944
REMIND-MAgPIE,IMP-REN,Median,0.6,2082,1.497016166
REMIND-MAgPIE,IMP-REN,Median,0.6,2083,1.496408908
REMIND-MAgPIE,IMP-REN,Median,0.6,2084,1.495558574
REMIND-MAgPIE,IMP-REN,Median,0.6,2085,1.495512695
REMIND-MAgPIE,IMP-REN,Median,0.6,2086,1.49445192
REMIND-MAgPIE,IMP-REN,Median,0.6,2087,1.493540668
REMIND-MAgPIE,IMP-REN,Median,0.6,2088,1.492942906
REMIND-MAgPIE,IMP-REN,Median,0.6,2089,1.493147718
REMIND-MAgPIE,IMP-REN,Median,0.6,2090,1.4928226
REMIND-MAgPIE,IMP-REN,Median,0.6,2091,1.491671646
REMIND-MAgPIE,IMP-REN,Median,0.6,2092,1.490723973
REMIND-MAgPIE,IMP-REN,Median,0.6,2093,1.490470717
REMIND-MAgPIE,IMP-REN,Median,0.6,2094,1.490731821
REMIND-MAgPIE,IMP-REN,Median,0.6,2095,1.490338895
REMIND-MAgPIE,IMP-REN,Median,0.6,2096,1.489858828
REMIND-MAgPIE,IMP-REN,Median,0.6,2097,1.489925462
REMIND-MAgPIE,IMP-REN,Median,0.6,2098,1.489818567
REMIND-MAgPIE,IMP-REN,Median,0.6,2099,1.489340281
REMIND-MAgPIE,IMP-REN,Median,0.6,2100,1.488541839
REMIND-MAgPIE,IMP-REN,Median,0.66,1990,0.630333401
REMIND-MAgPIE,IMP-REN,Median,0.66,1991,0.622600175
REMIND-MAgPIE,IMP-REN,Median,0.66,1992,0.522519438
REMIND-MAgPIE,IMP-REN,Median,0.66,1993,0.448205012
REMIND-MAgPIE,IMP-REN,Median,0.66,1994,0.476798269
REMIND-MAgPIE,IMP-REN,Median,0.66,1995,0.5454245
REMIND-MAgPIE,IMP-REN,Median,0.66,1996,0.617154345
REMIND-MAgPIE,IMP-REN,Median,0.66,1997,0.67561327
REMIND-MAgPIE,IMP-REN,Median,0.66,1998,0.72465139
REMIND-MAgPIE,IMP-REN,Median,0.66,1999,0.779255737
REMIND-MAgPIE,IMP-REN,Median,0.66,2000,0.83493858
REMIND-MAgPIE,IMP-REN,Median,0.66,2001,0.883363071
REMIND-MAgPIE,IMP-REN,Median,0.66,2002,0.921178287
REMIND-MAgPIE,IMP-REN,Median,0.66,2003,0.945891426
REMIND-MAgPIE,IMP-REN,Median,0.66,2004,0.964482582
REMIND-MAgPIE,IMP-REN,Median,0.66,2005,0.978560758
REMIND-MAgPIE,IMP-REN,Median,0.66,2006,0.988600652
REMIND-MAgPIE,IMP-REN,Median,0.66,2007,0.999896805
REMIND-MAgPIE,IMP-REN,Median,0.66,2008,1.016323108
REMIND-MAgPIE,IMP-REN,Median,0.66,2009,1.036697433
REMIND-MAgPIE,IMP-REN,Median,0.66,2010,1.059122884
REMIND-MAgPIE,IMP-REN,Median,0.66,2011,1.084575587
REMIND-MAgPIE,IMP-REN,Median,0.66,2012,1.111288823
REMIND-MAgPIE,IMP-REN,Median,0.66,2013,1.140055604
REMIND-MAgPIE,IMP-REN,Median,0.66,2014,1.169936431
REMIND-MAgPIE,IMP-REN,Median,0.66,2015,1.198842657
REMIND-MAgPIE,IMP-REN,Median,0.66,2016,1.228258722
REMIND-MAgPIE,IMP-REN,Median,0.66,2017,1.258150279
REMIND-MAgPIE,IMP-REN,Median,0.66,2018,1.288038991
REMIND-MAgPIE,IMP-REN,Median,0.66,2019,1.315358511
REMIND-MAgPIE,IMP-REN,Median,0.66,2020,1.342989716
REMIND-MAgPIE,IMP-REN,Median,0.66,2021,1.368969303
REMIND-MAgPIE,IMP-REN,Median,0.66,2022,1.396100579
REMIND-MAgPIE,IMP-REN,Median,0.66,2023,1.422537237
REMIND-MAgPIE,IMP-REN,Median,0.66,2024,1.446829327
REMIND-MAgPIE,IMP-REN,Median,0.66,2025,1.472512859
REMIND-MAgPIE,IMP-REN,Median,0.66,2026,1.493184827
REMIND-MAgPIE,IMP-REN,Median,0.66,2027,1.51027491
REMIND-MAgPIE,IMP-REN,Median,0.66,2028,1.527240683
REMIND-MAgPIE,IMP-REN,Median,0.66,2029,1.543160951
REMIND-MAgPIE,IMP-REN,Median,0.66,2030,1.5577865
REMIND-MAgPIE,IMP-REN,Median,0.66,2031,1.571547773
REMIND-MAgPIE,IMP-REN,Median,0.66,2032,1.582425452
REMIND-MAgPIE,IMP-REN,Median,0.66,2033,1.592030768
REMIND-MAgPIE,IMP-REN,Median,0.66,2034,1.599114165
REMIND-MAgPIE,IMP-REN,Median,0.66,2035,1.604892205
REMIND-MAgPIE,IMP-REN,Median,0.66,2036,1.610194123
REMIND-MAgPIE,IMP-REN,Median,0.66,2037,1.613016552
REMIND-MAgPIE,IMP-REN,Median,0.66,2038,1.615048369
REMIND-MAgPIE,IMP-REN,Median,0.66,2039,1.618058754
REMIND-MAgPIE,IMP-REN,Median,0.66,2040,1.618694208
REMIND-MAgPIE,IMP-REN,Median,0.66,2041,1.617073736
REMIND-MAgPIE,IMP-REN,Median,0.66,2042,1.612694969
REMIND-MAgPIE,IMP-REN,Median,0.66,2043,1.611353515
REMIND-MAgPIE,IMP-REN,Median,0.66,2044,1.609859196
REMIND-MAgPIE,IMP-REN,Median,0.66,2045,1.608529435
REMIND-MAgPIE,IMP-REN,Median,0.66,2046,1.606277137
REMIND-MAgPIE,IMP-REN,Median,0.66,2047,1.604148506
REMIND-MAgPIE,IMP-REN,Median,0.66,2048,1.601273851
REMIND-MAgPIE,IMP-REN,Median,0.66,2049,1.59954732
REMIND-MAgPIE,IMP-REN,Median,0.66,2050,1.598169899
REMIND-MAgPIE,IMP-REN,Median,0.66,2051,1.595907614
REMIND-MAgPIE,IMP-REN,Median,0.66,2052,1.593468266
REMIND-MAgPIE,IMP-REN,Median,0.66,2053,1.59055322
REMIND-MAgPIE,IMP-REN,Median,0.66,2054,1.587184654
REMIND-MAgPIE,IMP-REN,Median,0.66,2055,1.583677822
REMIND-MAgPIE,IMP-REN,Median,0.66,2056,1.579980762
REMIND-MAgPIE,IMP-REN,Median,0.66,2057,1.577365479
REMIND-MAgPIE,IMP-REN,Median,0.66,2058,1.574790127
REMIND-MAgPIE,IMP-REN,Median,0.66,2059,1.572541429
REMIND-MAgPIE,IMP-REN,Median,0.66,2060,1.569587232
REMIND-MAgPIE,IMP-REN,Median,0.66,2061,1.566653919
REMIND-MAgPIE,IMP-REN,Median,0.66,2062,1.563650038
REMIND-MAgPIE,IMP-REN,Median,0.66,2063,1.561577795
REMIND-MAgPIE,IMP-REN,Median,0.66,2064,1.560204322
REMIND-MAgPIE,IMP-REN,Median,0.66,2065,1.557984562
REMIND-MAgPIE,IMP-REN,Median,0.66,2066,1.555994882
REMIND-MAgPIE,IMP-REN,Median,0.66,2067,1.554692067
REMIND-MAgPIE,IMP-REN,Median,0.66,2068,1.553101132
REMIND-MAgPIE,IMP-REN,Median,0.66,2069,1.55279362
REMIND-MAgPIE,IMP-REN,Median,0.66,2070,1.550671997
REMIND-MAgPIE,IMP-REN,Median,0.66,2071,1.548563528
REMIND-MAgPIE,IMP-REN,Median,0.66,2072,1.546482229
REMIND-MAgPIE,IMP-REN,Median,0.66,2073,1.544610847
REMIND-MAgPIE,IMP-REN,Median,0.66,2074,1.542129219
REMIND-MAgPIE,IMP-REN,Median,0.66,2075,1.542156258
REMIND-MAgPIE,IMP-REN,Median,0.66,2076,1.541062096
REMIND-MAgPIE,IMP-REN,Median,0.66,2077,1.540424335
REMIND-MAgPIE,IMP-REN,Median,0.66,2078,1.540856459
REMIND-MAgPIE,IMP-REN,Median,0.66,2079,1.539462976
REMIND-MAgPIE,IMP-REN,Median,0.66,2080,1.539229274
REMIND-MAgPIE,IMP-REN,Median,0.66,2081,1.538944714
REMIND-MAgPIE,IMP-REN,Median,0.66,2082,1.538646444
REMIND-MAgPIE,IMP-REN,Median,0.66,2083,1.537734199
REMIND-MAgPIE,IMP-REN,Median,0.66,2084,1.537191656
REMIND-MAgPIE,IMP-REN,Median,0.66,2085,1.536653349
REMIND-MAgPIE,IMP-REN,Median,0.66,2086,1.536796955
REMIND-MAgPIE,IMP-REN,Median,0.66,2087,1.53534297
REMIND-MAgPIE,IMP-REN,Median,0.66,2088,1.534605348
REMIND-MAgPIE,IMP-REN,Median,0.66,2089,1.534299318
REMIND-MAgPIE,IMP-REN,Median,0.66,2090,1.533452331
REMIND-MAgPIE,IMP-REN,Median,0.66,2091,1.532839726
REMIND-MAgPIE,IMP-REN,Median,0.66,2092,1.531757626
REMIND-MAgPIE,IMP-REN,Median,0.66,2093,1.531396745
REMIND-MAgPIE,IMP-REN,Median,0.66,2094,1.531374459
REMIND-MAgPIE,IMP-REN,Median,0.66,2095,1.530048099
REMIND-MAgPIE,IMP-REN,Median,0.66,2096,1.529816
REMIND-MAgPIE,IMP-REN,Median,0.66,2097,1.52981035
REMIND-MAgPIE,IMP-REN,Median,0.66,2098,1.529331363
REMIND-MAgPIE,IMP-REN,Median,0.66,2099,1.52880105
REMIND-MAgPIE,IMP-REN,Median,0.66,2100,1.528137301
REMIND-MAgPIE,IMP-REN,Median,0.7,1990,0.638547709
REMIND-MAgPIE,IMP-REN,Median,0.7,1991,0.633489511
REMIND-MAgPIE,IMP-REN,Median,0.7,1992,0.532721678
REMIND-MAgPIE,IMP-REN,Median,0.7,1993,0.457792291
REMIND-MAgPIE,IMP-REN,Median,0.7,1994,0.485966185
REMIND-MAgPIE,IMP-REN,Median,0.7,1995,0.555705834
REMIND-MAgPIE,IMP-REN,Median,0.7,1996,0.627047981
REMIND-MAgPIE,IMP-REN,Median,0.7,1997,0.685521347
REMIND-MAgPIE,IMP-REN,Median,0.7,1998,0.73575562
REMIND-MAgPIE,IMP-REN,Median,0.7,1999,0.788326389
REMIND-MAgPIE,IMP-REN,Median,0.7,2000,0.844411067
REMIND-MAgPIE,IMP-REN,Median,0.7,2001,0.893046341
REMIND-MAgPIE,IMP-REN,Median,0.7,2002,0.931142445
REMIND-MAgPIE,IMP-REN,Median,0.7,2003,0.955971129
REMIND-MAgPIE,IMP-REN,Median,0.7,2004,0.974451559
REMIND-MAgPIE,IMP-REN,Median,0.7,2005,0.989578319
REMIND-MAgPIE,IMP-REN,Median,0.7,2006,0.999654807
REMIND-MAgPIE,IMP-REN,Median,0.7,2007,1.012225841
REMIND-MAgPIE,IMP-REN,Median,0.7,2008,1.029286948
REMIND-MAgPIE,IMP-REN,Median,0.7,2009,1.049494742
REMIND-MAgPIE,IMP-REN,Median,0.7,2010,1.072475902
REMIND-MAgPIE,IMP-REN,Median,0.7,2011,1.098762562
REMIND-MAgPIE,IMP-REN,Median,0.7,2012,1.12466898
REMIND-MAgPIE,IMP-REN,Median,0.7,2013,1.154387937
REMIND-MAgPIE,IMP-REN,Median,0.7,2014,1.183717937
REMIND-MAgPIE,IMP-REN,Median,0.7,2015,1.213035731
REMIND-MAgPIE,IMP-REN,Median,0.7,2016,1.243022271
REMIND-MAgPIE,IMP-REN,Median,0.7,2017,1.273558727
REMIND-MAgPIE,IMP-REN,Median,0.7,2018,1.304571625
REMIND-MAgPIE,IMP-REN,Median,0.7,2019,1.332954818
REMIND-MAgPIE,IMP-REN,Median,0.7,2020,1.36168786
REMIND-MAgPIE,IMP-REN,Median,0.7,2021,1.387764458
REMIND-MAgPIE,IMP-REN,Median,0.7,2022,1.415907957
REMIND-MAgPIE,IMP-REN,Median,0.7,2023,1.442413118
REMIND-MAgPIE,IMP-REN,Median,0.7,2024,1.46626
REMIND-MAgPIE,IMP-REN,Median,0.7,2025,1.492086642
REMIND-MAgPIE,IMP-REN,Median,0.7,2026,1.514538487
REMIND-MAgPIE,IMP-REN,Median,0.7,2027,1.533816151
REMIND-MAgPIE,IMP-REN,Median,0.7,2028,1.552000931
REMIND-MAgPIE,IMP-REN,Median,0.7,2029,1.567142896
REMIND-MAgPIE,IMP-REN,Median,0.7,2030,1.581339855
REMIND-MAgPIE,IMP-REN,Median,0.7,2031,1.595610917
REMIND-MAgPIE,IMP-REN,Median,0.7,2032,1.608757229
REMIND-MAgPIE,IMP-REN,Median,0.7,2033,1.618004109
REMIND-MAgPIE,IMP-REN,Median,0.7,2034,1.626071644
REMIND-MAgPIE,IMP-REN,Median,0.7,2035,1.632590644
REMIND-MAgPIE,IMP-REN,Median,0.7,2036,1.63812537
REMIND-MAgPIE,IMP-REN,Median,0.7,2037,1.641581213
REMIND-MAgPIE,IMP-REN,Median,0.7,2038,1.643644214
REMIND-MAgPIE,IMP-REN,Median,0.7,2039,1.643646671
REMIND-MAgPIE,IMP-REN,Median,0.7,2040,1.645404269
REMIND-MAgPIE,IMP-REN,Median,0.7,2041,1.645257721
REMIND-MAgPIE,IMP-REN,Median,0.7,2042,1.642598298
REMIND-MAgPIE,IMP-REN,Median,0.7,2043,1.640737707
REMIND-MAgPIE,IMP-REN,Median,0.7,2044,1.640009941
REMIND-MAgPIE,IMP-REN,Median,0.7,2045,1.636902357
REMIND-MAgPIE,IMP-REN,Median,0.7,2046,1.634316095
REMIND-MAgPIE,IMP-REN,Median,0.7,2047,1.632471753
REMIND-MAgPIE,IMP-REN,Median,0.7,2048,1.630558918
REMIND-MAgPIE,IMP-REN,Median,0.7,2049,1.629251384
REMIND-MAgPIE,IMP-REN,Median,0.7,2050,1.627728542
REMIND-MAgPIE,IMP-REN,Median,0.7,2051,1.625623304
REMIND-MAgPIE,IMP-REN,Median,0.7,2052,1.623239605
REMIND-MAgPIE,IMP-REN,Median,0.7,2053,1.620004158
REMIND-MAgPIE,IMP-REN,Median,0.7,2054,1.61726979
REMIND-MAgPIE,IMP-REN,Median,0.7,2055,1.613423035
REMIND-MAgPIE,IMP-REN,Median,0.7,2056,1.609998848
REMIND-MAgPIE,IMP-REN,Median,0.7,2057,1.608007235
REMIND-MAgPIE,IMP-REN,Median,0.7,2058,1.605851431
REMIND-MAgPIE,IMP-REN,Median,0.7,2059,1.603451436
REMIND-MAgPIE,IMP-REN,Median,0.7,2060,1.59915338
REMIND-MAgPIE,IMP-REN,Median,0.7,2061,1.597194569
REMIND-MAgPIE,IMP-REN,Median,0.7,2062,1.595077888
REMIND-MAgPIE,IMP-REN,Median,0.7,2063,1.592390515
REMIND-MAgPIE,IMP-REN,Median,0.7,2064,1.590183324
REMIND-MAgPIE,IMP-REN,Median,0.7,2065,1.588578347
REMIND-MAgPIE,IMP-REN,Median,0.7,2066,1.586490725
REMIND-MAgPIE,IMP-REN,Median,0.7,2067,1.584629317
REMIND-MAgPIE,IMP-REN,Median,0.7,2068,1.583341093
REMIND-MAgPIE,IMP-REN,Median,0.7,2069,1.581288423
REMIND-MAgPIE,IMP-REN,Median,0.7,2070,1.580215262
REMIND-MAgPIE,IMP-REN,Median,0.7,2071,1.579072123
REMIND-MAgPIE,IMP-REN,Median,0.7,2072,1.57790106
REMIND-MAgPIE,IMP-REN,Median,0.7,2073,1.57580333
REMIND-MAgPIE,IMP-REN,Median,0.7,2074,1.574323227
REMIND-MAgPIE,IMP-REN,Median,0.7,2075,1.572884941
REMIND-MAgPIE,IMP-REN,Median,0.7,2076,1.571967544
REMIND-MAgPIE,IMP-REN,Median,0.7,2077,1.57108773
REMIND-MAgPIE,IMP-REN,Median,0.7,2078,1.569901461
REMIND-MAgPIE,IMP-REN,Median,0.7,2079,1.568415483
REMIND-MAgPIE,IMP-REN,Median,0.7,2080,1.568065496
REMIND-MAgPIE,IMP-REN,Median,0.7,2081,1.568394965
REMIND-MAgPIE,IMP-REN,Median,0.7,2082,1.568216056
REMIND-MAgPIE,IMP-REN,Median,0.7,2083,1.567493172
REMIND-MAgPIE,IMP-REN,Median,0.7,2084,1.566031606
REMIND-MAgPIE,IMP-REN,Median,0.7,2085,1.563957034
REMIND-MAgPIE,IMP-REN,Median,0.7,2086,1.563561261
REMIND-MAgPIE,IMP-REN,Median,0.7,2087,1.564387898
REMIND-MAgPIE,IMP-REN,Median,0.7,2088,1.564355709
REMIND-MAgPIE,IMP-REN,Median,0.7,2089,1.564783658
REMIND-MAgPIE,IMP-REN,Median,0.7,2090,1.564531621
REMIND-MAgPIE,IMP-REN,Median,0.7,2091,1.563220372
REMIND-MAgPIE,IMP-REN,Median,0.7,2092,1.562502864
REMIND-MAgPIE,IMP-REN,Median,0.7,2093,1.562043332
REMIND-MAgPIE,IMP-REN,Median,0.7,2094,1.562283097
REMIND-MAgPIE,IMP-REN,Median,0.7,2095,1.562198531
REMIND-MAgPIE,IMP-REN,Median,0.7,2096,1.560587218
REMIND-MAgPIE,IMP-REN,Median,0.7,2097,1.560233663
REMIND-MAgPIE,IMP-REN,Median,0.7,2098,1.559434071
REMIND-MAgPIE,IMP-REN,Median,0.7,2099,1.559295676
REMIND-MAgPIE,IMP-REN,Median,0.7,2100,1.559024517
REMIND-MAgPIE,IMP-REN,Median,0.8,1990,0.664531561
REMIND-MAgPIE,IMP-REN,Median,0.8,1991,0.658160236
REMIND-MAgPIE,IMP-REN,Median,0.8,1992,0.558984572
REMIND-MAgPIE,IMP-REN,Median,0.8,1993,0.486641734
REMIND-MAgPIE,IMP-REN,Median,0.8,1994,0.514961183
REMIND-MAgPIE,IMP-REN,Median,0.8,1995,0.583556943
REMIND-MAgPIE,IMP-REN,Median,0.8,1996,0.654655103
REMIND-MAgPIE,IMP-REN,Median,0.8,1997,0.713538232
REMIND-MAgPIE,IMP-REN,Median,0.8,1998,0.763721033
REMIND-MAgPIE,IMP-REN,Median,0.8,1999,0.816189097
REMIND-MAgPIE,IMP-REN,Median,0.8,2000,0.872543369
REMIND-MAgPIE,IMP-REN,Median,0.8,2001,0.920654214
REMIND-MAgPIE,IMP-REN,Median,0.8,2002,0.958199207
REMIND-MAgPIE,IMP-REN,Median,0.8,2003,0.984242562
REMIND-MAgPIE,IMP-REN,Median,0.8,2004,1.002744823
REMIND-MAgPIE,IMP-REN,Median,0.8,2005,1.019068794
REMIND-MAgPIE,IMP-REN,Median,0.8,2006,1.029596306
REMIND-MAgPIE,IMP-REN,Median,0.8,2007,1.041837997
REMIND-MAgPIE,IMP-REN,Median,0.8,2008,1.059051848
REMIND-MAgPIE,IMP-REN,Median,0.8,2009,1.080176538
REMIND-MAgPIE,IMP-REN,Median,0.8,2010,1.104425449
REMIND-MAgPIE,IMP-REN,Median,0.8,2011,1.129912755
REMIND-MAgPIE,IMP-REN,Median,0.8,2012,1.157351725
REMIND-MAgPIE,IMP-REN,Median,0.8,2013,1.187489849
REMIND-MAgPIE,IMP-REN,Median,0.8,2014,1.218611143
REMIND-MAgPIE,IMP-REN,Median,0.8,2015,1.250153699
REMIND-MAgPIE,IMP-REN,Median,0.8,2016,1.282386033
REMIND-MAgPIE,IMP-REN,Median,0.8,2017,1.313698541
REMIND-MAgPIE,IMP-REN,Median,0.8,2018,1.346762203
REMIND-MAgPIE,IMP-REN,Median,0.8,2019,1.376946675
REMIND-MAgPIE,IMP-REN,Median,0.8,2020,1.406192143
REMIND-MAgPIE,IMP-REN,Median,0.8,2021,1.434378108
REMIND-MAgPIE,IMP-REN,Median,0.8,2022,1.463955294
REMIND-MAgPIE,IMP-REN,Median,0.8,2023,1.493567844
REMIND-MAgPIE,IMP-REN,Median,0.8,2024,1.520127679
REMIND-MAgPIE,IMP-REN,Median,0.8,2025,1.547496229
REMIND-MAgPIE,IMP-REN,Median,0.8,2026,1.571120306
REMIND-MAgPIE,IMP-REN,Median,0.8,2027,1.592903227
REMIND-MAgPIE,IMP-REN,Median,0.8,2028,1.614065098
REMIND-MAgPIE,IMP-REN,Median,0.8,2029,1.634751337
REMIND-MAgPIE,IMP-REN,Median,0.8,2030,1.65220323
REMIND-MAgPIE,IMP-REN,Median,0.8,2031,1.670484937
REMIND-MAgPIE,IMP-REN,Median,0.8,2032,1.684980689
REMIND-MAgPIE,IMP-REN,Median,0.8,2033,1.695889792
REMIND-MAgPIE,IMP-REN,Median,0.8,2034,1.706845138
REMIND-MAgPIE,IMP-REN,Median,0.8,2035,1.715182258
REMIND-MAgPIE,IMP-REN,Median,0.8,2036,1.722820461
REMIND-MAgPIE,IMP-REN,Median,0.8,2037,1.726306227
REMIND-MAgPIE,IMP-REN,Median,0.8,2038,1.729573657
REMIND-MAgPIE,IMP-REN,Median,0.8,2039,1.732950774
REMIND-MAgPIE,IMP-REN,Median,0.8,2040,1.733466887
REMIND-MAgPIE,IMP-REN,Median,0.8,2041,1.734025537
REMIND-MAgPIE,IMP-REN,Median,0.8,2042,1.735201548
REMIND-MAgPIE,IMP-REN,Median,0.8,2043,1.734556461
REMIND-MAgPIE,IMP-REN,Median,0.8,2044,1.7311145
REMIND-MAgPIE,IMP-REN,Median,0.8,2045,1.730771815
REMIND-MAgPIE,IMP-REN,Median,0.8,2046,1.729268464
REMIND-MAgPIE,IMP-REN,Median,0.8,2047,1.725866235
REMIND-MAgPIE,IMP-REN,Median,0.8,2048,1.723208066
REMIND-MAgPIE,IMP-REN,Median,0.8,2049,1.720316927
REMIND-MAgPIE,IMP-REN,Median,0.8,2050,1.718409771
REMIND-MAgPIE,IMP-REN,Median,0.8,2051,1.716817854
REMIND-MAgPIE,IMP-REN,Median,0.8,2052,1.71349115
REMIND-MAgPIE,IMP-REN,Median,0.8,2053,1.709256182
REMIND-MAgPIE,IMP-REN,Median,0.8,2054,1.707082196
REMIND-MAgPIE,IMP-REN,Median,0.8,2055,1.703777829
REMIND-MAgPIE,IMP-REN,Median,0.8,2056,1.700483892
REMIND-MAgPIE,IMP-REN,Median,0.8,2057,1.697235274
REMIND-MAgPIE,IMP-REN,Median,0.8,2058,1.693502453
REMIND-MAgPIE,IMP-REN,Median,0.8,2059,1.691042068
REMIND-MAgPIE,IMP-REN,Median,0.8,2060,1.68903168
REMIND-MAgPIE,IMP-REN,Median,0.8,2061,1.68747044
REMIND-MAgPIE,IMP-REN,Median,0.8,2062,1.684992864
REMIND-MAgPIE,IMP-REN,Median,0.8,2063,1.682174151
REMIND-MAgPIE,IMP-REN,Median,0.8,2064,1.681516461
REMIND-MAgPIE,IMP-REN,Median,0.8,2065,1.680549262
REMIND-MAgPIE,IMP-REN,Median,0.8,2066,1.67948365
REMIND-MAgPIE,IMP-REN,Median,0.8,2067,1.679036776
REMIND-MAgPIE,IMP-REN,Median,0.8,2068,1.678198748
REMIND-MAgPIE,IMP-REN,Median,0.8,2069,1.676682846
REMIND-MAgPIE,IMP-REN,Median,0.8,2070,1.676265963
REMIND-MAgPIE,IMP-REN,Median,0.8,2071,1.675750798
REMIND-MAgPIE,IMP-REN,Median,0.8,2072,1.677907484
REMIND-MAgPIE,IMP-REN,Median,0.8,2073,1.676459108
REMIND-MAgPIE,IMP-REN,Median,0.8,2074,1.673922673
REMIND-MAgPIE,IMP-REN,Median,0.8,2075,1.672998925
REMIND-MAgPIE,IMP-REN,Median,0.8,2076,1.671404167
REMIND-MAgPIE,IMP-REN,Median,0.8,2077,1.669048488
REMIND-MAgPIE,IMP-REN,Median,0.8,2078,1.667851313
REMIND-MAgPIE,IMP-REN,Median,0.8,2079,1.665549601
REMIND-MAgPIE,IMP-REN,Median,0.8,2080,1.664341602
REMIND-MAgPIE,IMP-REN,Median,0.8,2081,1.662937896
REMIND-MAgPIE,IMP-REN,Median,0.8,2082,1.661280721
REMIND-MAgPIE,IMP-REN,Median,0.8,2083,1.659827374
REMIND-MAgPIE,IMP-REN,Median,0.8,2084,1.659529282
REMIND-MAgPIE,IMP-REN,Median,0.8,2085,1.660050038
REMIND-MAgPIE,IMP-REN,Median,0.8,2086,1.658553584
REMIND-MAgPIE,IMP-REN,Median,0.8,2087,1.656865082
REMIND-MAgPIE,IMP-REN,Median,0.8,2088,1.657200573
REMIND-MAgPIE,IMP-REN,Median,0.8,2089,1.657136678
REMIND-MAgPIE,IMP-REN,Median,0.8,2090,1.656630462
REMIND-MAgPIE,IMP-REN,Median,0.8,2091,1.655375093
REMIND-MAgPIE,IMP-REN,Median,0.8,2092,1.655611415
REMIND-MAgPIE,IMP-REN,Median,0.8,2093,1.654609953
REMIND-MAgPIE,IMP-REN,Median,0.8,2094,1.654073665
REMIND-MAgPIE,IMP-REN,Median,0.8,2095,1.654446452
REMIND-MAgPIE,IMP-REN,Median,0.8,2096,1.654783433
REMIND-MAgPIE,IMP-REN,Median,0.8,2097,1.65509329
REMIND-MAgPIE,IMP-REN,Median,0.8,2098,1.654494773
REMIND-MAgPIE,IMP-REN,Median,0.8,2099,1.654932877
REMIND-MAgPIE,IMP-REN,Median,0.8,2100,1.654324226
REMIND-MAgPIE,IMP-REN,Median,0.833,1990,0.674902525
REMIND-MAgPIE,IMP-REN,Median,0.833,1991,0.669647894
REMIND-MAgPIE,IMP-REN,Median,0.833,1992,0.570405211
REMIND-MAgPIE,IMP-REN,Median,0.833,1993,0.496740685
REMIND-MAgPIE,IMP-REN,Median,0.833,1994,0.524295411
REMIND-MAgPIE,IMP-REN,Median,0.833,1995,0.594051928
REMIND-MAgPIE,IMP-REN,Median,0.833,1996,0.665510693
REMIND-MAgPIE,IMP-REN,Median,0.833,1997,0.723352228
REMIND-MAgPIE,IMP-REN,Median,0.833,1998,0.772344429
REMIND-MAgPIE,IMP-REN,Median,0.833,1999,0.828725152
REMIND-MAgPIE,IMP-REN,Median,0.833,2000,0.883263435
REMIND-MAgPIE,IMP-REN,Median,0.833,2001,0.930601114
REMIND-MAgPIE,IMP-REN,Median,0.833,2002,0.9678853
REMIND-MAgPIE,IMP-REN,Median,0.833,2003,0.993919307
REMIND-MAgPIE,IMP-REN,Median,0.833,2004,1.012611277
REMIND-MAgPIE,IMP-REN,Median,0.833,2005,1.029448182
REMIND-MAgPIE,IMP-REN,Median,0.833,2006,1.040412185
REMIND-MAgPIE,IMP-REN,Median,0.833,2007,1.053106309
REMIND-MAgPIE,IMP-REN,Median,0.833,2008,1.071993482
REMIND-MAgPIE,IMP-REN,Median,0.833,2009,1.092911607
REMIND-MAgPIE,IMP-REN,Median,0.833,2010,1.11685817
REMIND-MAgPIE,IMP-REN,Median,0.833,2011,1.143569578
REMIND-MAgPIE,IMP-REN,Median,0.833,2012,1.172513877
REMIND-MAgPIE,IMP-REN,Median,0.833,2013,1.202719317
REMIND-MAgPIE,IMP-REN,Median,0.833,2014,1.233114395
REMIND-MAgPIE,IMP-REN,Median,0.833,2015,1.262402398
REMIND-MAgPIE,IMP-REN,Median,0.833,2016,1.295883504
REMIND-MAgPIE,IMP-REN,Median,0.833,2017,1.329560565
REMIND-MAgPIE,IMP-REN,Median,0.833,2018,1.362211137
REMIND-MAgPIE,IMP-REN,Median,0.833,2019,1.394201143
REMIND-MAgPIE,IMP-REN,Median,0.833,2020,1.423994912
REMIND-MAgPIE,IMP-REN,Median,0.833,2021,1.454354512
REMIND-MAgPIE,IMP-REN,Median,0.833,2022,1.484375345
REMIND-MAgPIE,IMP-REN,Median,0.833,2023,1.513194176
REMIND-MAgPIE,IMP-REN,Median,0.833,2024,1.543042061
REMIND-MAgPIE,IMP-REN,Median,0.833,2025,1.569733767
REMIND-MAgPIE,IMP-REN,Median,0.833,2026,1.596191476
REMIND-MAgPIE,IMP-REN,Median,0.833,2027,1.620448733
REMIND-MAgPIE,IMP-REN,Median,0.833,2028,1.639899294
REMIND-MAgPIE,IMP-REN,Median,0.833,2029,1.660724384
REMIND-MAgPIE,IMP-REN,Median,0.833,2030,1.679523471
REMIND-MAgPIE,IMP-REN,Median,0.833,2031,1.696990216
REMIND-MAgPIE,IMP-REN,Median,0.833,2032,1.712545031
REMIND-MAgPIE,IMP-REN,Median,0.833,2033,1.724074491
REMIND-MAgPIE,IMP-REN,Median,0.833,2034,1.734736789
REMIND-MAgPIE,IMP-REN,Median,0.833,2035,1.746862898
REMIND-MAgPIE,IMP-REN,Median,0.833,2036,1.753494285
REMIND-MAgPIE,IMP-REN,Median,0.833,2037,1.75688888
REMIND-MAgPIE,IMP-REN,Median,0.833,2038,1.759499569
REMIND-MAgPIE,IMP-REN,Median,0.833,2039,1.762354311
REMIND-MAgPIE,IMP-REN,Median,0.833,2040,1.763508914
REMIND-MAgPIE,IMP-REN,Median,0.833,2041,1.764765055
REMIND-MAgPIE,IMP-REN,Median,0.833,2042,1.765754377
REMIND-MAgPIE,IMP-REN,Median,0.833,2043,1.767698791
REMIND-MAgPIE,IMP-REN,Median,0.833,2044,1.766307063
REMIND-MAgPIE,IMP-REN,Median,0.833,2045,1.766777928
REMIND-MAgPIE,IMP-REN,Median,0.833,2046,1.766716714
REMIND-MAgPIE,IMP-REN,Median,0.833,2047,1.765476311
REMIND-MAgPIE,IMP-REN,Median,0.833,2048,1.763356195
REMIND-MAgPIE,IMP-REN,Median,0.833,2049,1.761412137
REMIND-MAgPIE,IMP-REN,Median,0.833,2050,1.761246844
REMIND-MAgPIE,IMP-REN,Median,0.833,2051,1.758920994
REMIND-MAgPIE,IMP-REN,Median,0.833,2052,1.756542051
REMIND-MAgPIE,IMP-REN,Median,0.833,2053,1.755061708
REMIND-MAgPIE,IMP-REN,Median,0.833,2054,1.754249134
REMIND-MAgPIE,IMP-REN,Median,0.833,2055,1.752767776
REMIND-MAgPIE,IMP-REN,Median,0.833,2056,1.74972769
REMIND-MAgPIE,IMP-REN,Median,0.833,2057,1.748355964
REMIND-MAgPIE,IMP-REN,Median,0.833,2058,1.745388669
REMIND-MAgPIE,IMP-REN,Median,0.833,2059,1.742688528
REMIND-MAgPIE,IMP-REN,Median,0.833,2060,1.73902148
REMIND-MAgPIE,IMP-REN,Median,0.833,2061,1.737876942
REMIND-MAgPIE,IMP-REN,Median,0.833,2062,1.7372285
REMIND-MAgPIE,IMP-REN,Median,0.833,2063,1.734834755
REMIND-MAgPIE,IMP-REN,Median,0.833,2064,1.73475497
REMIND-MAgPIE,IMP-REN,Median,0.833,2065,1.734318853
REMIND-MAgPIE,IMP-REN,Median,0.833,2066,1.732740952
REMIND-MAgPIE,IMP-REN,Median,0.833,2067,1.730340843
REMIND-MAgPIE,IMP-REN,Median,0.833,2068,1.729482376
REMIND-MAgPIE,IMP-REN,Median,0.833,2069,1.728895214
REMIND-MAgPIE,IMP-REN,Median,0.833,2070,1.727695655
REMIND-MAgPIE,IMP-REN,Median,0.833,2071,1.728330663
REMIND-MAgPIE,IMP-REN,Median,0.833,2072,1.727416842
REMIND-MAgPIE,IMP-REN,Median,0.833,2073,1.726925297
REMIND-MAgPIE,IMP-REN,Median,0.833,2074,1.726315362
REMIND-MAgPIE,IMP-REN,Median,0.833,2075,1.724191197
REMIND-MAgPIE,IMP-REN,Median,0.833,2076,1.724260105
REMIND-MAgPIE,IMP-REN,Median,0.833,2077,1.723504068
REMIND-MAgPIE,IMP-REN,Median,0.833,2078,1.722443165
REMIND-MAgPIE,IMP-REN,Median,0.833,2079,1.721090551
REMIND-MAgPIE,IMP-REN,Median,0.833,2080,1.719882195
REMIND-MAgPIE,IMP-REN,Median,0.833,2081,1.720566716
REMIND-MAgPIE,IMP-REN,Median,0.833,2082,1.720197325
REMIND-MAgPIE,IMP-REN,Median,0.833,2083,1.719581861
REMIND-MAgPIE,IMP-REN,Median,0.833,2084,1.719051222
REMIND-MAgPIE,IMP-REN,Median,0.833,2085,1.718729843
REMIND-MAgPIE,IMP-REN,Median,0.833,2086,1.718498595
REMIND-MAgPIE,IMP-REN,Median,0.833,2087,1.717890135
REMIND-MAgPIE,IMP-REN,Median,0.833,2088,1.718075195
REMIND-MAgPIE,IMP-REN,Median,0.833,2089,1.717604171
REMIND-MAgPIE,IMP-REN,Median,0.833,2090,1.717795517
REMIND-MAgPIE,IMP-REN,Median,0.833,2091,1.716932378
REMIND-MAgPIE,IMP-REN,Median,0.833,2092,1.715618009
REMIND-MAgPIE,IMP-REN,Median,0.833,2093,1.713452573
REMIND-MAgPIE,IMP-REN,Median,0.833,2094,1.713125494
REMIND-MAgPIE,IMP-REN,Median,0.833,2095,1.712261786
REMIND-MAgPIE,IMP-REN,Median,0.833,2096,1.71146603
REMIND-MAgPIE,IMP-REN,Median,0.833,2097,1.71092297
REMIND-MAgPIE,IMP-REN,Median,0.833,2098,1.7114765
REMIND-MAgPIE,IMP-REN,Median,0.833,2099,1.710719113
REMIND-MAgPIE,IMP-REN,Median,0.833,2100,1.710862275
REMIND-MAgPIE,IMP-REN,Median,0.9,1990,0.697166963
REMIND-MAgPIE,IMP-REN,Median,0.9,1991,0.691370416
REMIND-MAgPIE,IMP-REN,Median,0.9,1992,0.593489014
REMIND-MAgPIE,IMP-REN,Median,0.9,1993,0.522097375
REMIND-MAgPIE,IMP-REN,Median,0.9,1994,0.548987706
REMIND-MAgPIE,IMP-REN,Median,0.9,1995,0.616607736
REMIND-MAgPIE,IMP-REN,Median,0.9,1996,0.686013454
REMIND-MAgPIE,IMP-REN,Median,0.9,1997,0.747112699
REMIND-MAgPIE,IMP-REN,Median,0.9,1998,0.797266417
REMIND-MAgPIE,IMP-REN,Median,0.9,1999,0.849571418
REMIND-MAgPIE,IMP-REN,Median,0.9,2000,0.903001904
REMIND-MAgPIE,IMP-REN,Median,0.9,2001,0.951844456
REMIND-MAgPIE,IMP-REN,Median,0.9,2002,0.991146811
REMIND-MAgPIE,IMP-REN,Median,0.9,2003,1.018071711
REMIND-MAgPIE,IMP-REN,Median,0.9,2004,1.036950521
REMIND-MAgPIE,IMP-REN,Median,0.9,2005,1.053411321
REMIND-MAgPIE,IMP-REN,Median,0.9,2006,1.064574753
REMIND-MAgPIE,IMP-REN,Median,0.9,2007,1.078010391
REMIND-MAgPIE,IMP-REN,Median,0.9,2008,1.096968593
REMIND-MAgPIE,IMP-REN,Median,0.9,2009,1.119436346
REMIND-MAgPIE,IMP-REN,Median,0.9,2010,1.143673512
REMIND-MAgPIE,IMP-REN,Median,0.9,2011,1.170785804
REMIND-MAgPIE,IMP-REN,Median,0.9,2012,1.199783172
REMIND-MAgPIE,IMP-REN,Median,0.9,2013,1.2324987
REMIND-MAgPIE,IMP-REN,Median,0.9,2014,1.266081673
REMIND-MAgPIE,IMP-REN,Median,0.9,2015,1.298007318
REMIND-MAgPIE,IMP-REN,Median,0.9,2016,1.333861153
REMIND-MAgPIE,IMP-REN,Median,0.9,2017,1.368211591
REMIND-MAgPIE,IMP-REN,Median,0.9,2018,1.402349375
REMIND-MAgPIE,IMP-REN,Median,0.9,2019,1.435471534
REMIND-MAgPIE,IMP-REN,Median,0.9,2020,1.466494708
REMIND-MAgPIE,IMP-REN,Median,0.9,2021,1.498598931
REMIND-MAgPIE,IMP-REN,Median,0.9,2022,1.52815925
REMIND-MAgPIE,IMP-REN,Median,0.9,2023,1.559900304
REMIND-MAgPIE,IMP-REN,Median,0.9,2024,1.590541607
REMIND-MAgPIE,IMP-REN,Median,0.9,2025,1.620883966
REMIND-MAgPIE,IMP-REN,Median,0.9,2026,1.649190739
REMIND-MAgPIE,IMP-REN,Median,0.9,2027,1.67533347
REMIND-MAgPIE,IMP-REN,Median,0.9,2028,1.698496183
REMIND-MAgPIE,IMP-REN,Median,0.9,2029,1.716818678
REMIND-MAgPIE,IMP-REN,Median,0.9,2030,1.737155244
REMIND-MAgPIE,IMP-REN,Median,0.9,2031,1.753553883
REMIND-MAgPIE,IMP-REN,Median,0.9,2032,1.770597886
REMIND-MAgPIE,IMP-REN,Median,0.9,2033,1.785618853
REMIND-MAgPIE,IMP-REN,Median,0.9,2034,1.803407336
REMIND-MAgPIE,IMP-REN,Median,0.9,2035,1.815493906
REMIND-MAgPIE,IMP-REN,Median,0.9,2036,1.825034226
REMIND-MAgPIE,IMP-REN,Median,0.9,2037,1.83416462
REMIND-MAgPIE,IMP-REN,Median,0.9,2038,1.841184501
REMIND-MAgPIE,IMP-REN,Median,0.9,2039,1.844788438
REMIND-MAgPIE,IMP-REN,Median,0.9,2040,1.847520866
REMIND-MAgPIE,IMP-REN,Median,0.9,2041,1.849408782
REMIND-MAgPIE,IMP-REN,Median,0.9,2042,1.850308812
REMIND-MAgPIE,IMP-REN,Median,0.9,2043,1.850964788
REMIND-MAgPIE,IMP-REN,Median,0.9,2044,1.85481842
REMIND-MAgPIE,IMP-REN,Median,0.9,2045,1.858049925
REMIND-MAgPIE,IMP-REN,Median,0.9,2046,1.855899998
REMIND-MAgPIE,IMP-REN,Median,0.9,2047,1.856116605
REMIND-MAgPIE,IMP-REN,Median,0.9,2048,1.85518716
REMIND-MAgPIE,IMP-REN,Median,0.9,2049,1.854316947
REMIND-MAgPIE,IMP-REN,Median,0.9,2050,1.854555256
REMIND-MAgPIE,IMP-REN,Median,0.9,2051,1.854666579
REMIND-MAgPIE,IMP-REN,Median,0.9,2052,1.852285559
REMIND-MAgPIE,IMP-REN,Median,0.9,2053,1.850970557
REMIND-MAgPIE,IMP-REN,Median,0.9,2054,1.850932284
REMIND-MAgPIE,IMP-REN,Median,0.9,2055,1.847504035
REMIND-MAgPIE,IMP-REN,Median,0.9,2056,1.845853175
REMIND-MAgPIE,IMP-REN,Median,0.9,2057,1.843680455
REMIND-MAgPIE,IMP-REN,Median,0.9,2058,1.842946519
REMIND-MAgPIE,IMP-REN,Median,0.9,2059,1.841046693
REMIND-MAgPIE,IMP-REN,Median,0.9,2060,1.838905041
REMIND-MAgPIE,IMP-REN,Median,0.9,2061,1.83695215
REMIND-MAgPIE,IMP-REN,Median,0.9,2062,1.834245733
REMIND-MAgPIE,IMP-REN,Median,0.9,2063,1.832401819
REMIND-MAgPIE,IMP-REN,Median,0.9,2064,1.830681816
REMIND-MAgPIE,IMP-REN,Median,0.9,2065,1.829873417
REMIND-MAgPIE,IMP-REN,Median,0.9,2066,1.828249077
REMIND-MAgPIE,IMP-REN,Median,0.9,2067,1.827365833
REMIND-MAgPIE,IMP-REN,Median,0.9,2068,1.827452549
REMIND-MAgPIE,IMP-REN,Median,0.9,2069,1.826243209
REMIND-MAgPIE,IMP-REN,Median,0.9,2070,1.826331888
REMIND-MAgPIE,IMP-REN,Median,0.9,2071,1.825723079
REMIND-MAgPIE,IMP-REN,Median,0.9,2072,1.823060298
REMIND-MAgPIE,IMP-REN,Median,0.9,2073,1.821127666
REMIND-MAgPIE,IMP-REN,Median,0.9,2074,1.821673607
REMIND-MAgPIE,IMP-REN,Median,0.9,2075,1.821958347
REMIND-MAgPIE,IMP-REN,Median,0.9,2076,1.820507788
REMIND-MAgPIE,IMP-REN,Median,0.9,2077,1.819692683
REMIND-MAgPIE,IMP-REN,Median,0.9,2078,1.819551687
REMIND-MAgPIE,IMP-REN,Median,0.9,2079,1.820223907
REMIND-MAgPIE,IMP-REN,Median,0.9,2080,1.821010967
REMIND-MAgPIE,IMP-REN,Median,0.9,2081,1.818756076
REMIND-MAgPIE,IMP-REN,Median,0.9,2082,1.816702454
REMIND-MAgPIE,IMP-REN,Median,0.9,2083,1.815789198
REMIND-MAgPIE,IMP-REN,Median,0.9,2084,1.81624648
REMIND-MAgPIE,IMP-REN,Median,0.9,2085,1.818174927
REMIND-MAgPIE,IMP-REN,Median,0.9,2086,1.820377539
REMIND-MAgPIE,IMP-REN,Median,0.9,2087,1.82134237
REMIND-MAgPIE,IMP-REN,Median,0.9,2088,1.822233989
REMIND-MAgPIE,IMP-REN,Median,0.9,2089,1.822889478
REMIND-MAgPIE,IMP-REN,Median,0.9,2090,1.82325002
REMIND-MAgPIE,IMP-REN,Median,0.9,2091,1.822043939
REMIND-MAgPIE,IMP-REN,Median,0.9,2092,1.821794939
REMIND-MAgPIE,IMP-REN,Median,0.9,2093,1.821035288
REMIND-MAgPIE,IMP-REN,Median,0.9,2094,1.820955646
REMIND-MAgPIE,IMP-REN,Median,0.9,2095,1.821218325
REMIND-MAgPIE,IMP-REN,Median,0.9,2096,1.820775373
REMIND-MAgPIE,IMP-REN,Median,0.9,2097,1.820635168
REMIND-MAgPIE,IMP-REN,Median,0.9,2098,1.821559226
REMIND-MAgPIE,IMP-REN,Median,0.9,2099,1.822044173
REMIND-MAgPIE,IMP-REN,Median,0.9,2100,1.82202051
